IP,dataset,method,sequence,QP,window_1based,start_frame0,end_frame0_exclusive,I_frames,P_frames,transition_count,transition_rule,LPIPS,DISTS,PSNR,SSIM,MS_SSIM,FloLPIPS,real_bits,payload_bits,rate_axis,full64_bpp
31,ulong,original,fee5d9ad-e77d-44cd-b576-d588d7a0ce9d,0,1-1,0,1,1,0,0,"destination frame within window, includes cross-refresh",0.24506929516792297,0.07140505313873291,19.61530258801889,0.9588194489479065,0.7824254035949707,,32888,32808,full64 actual bpp,0.00346703800154321
31,ulong,original,fee5d9ad-e77d-44cd-b576-d588d7a0ce9d,0,2-8,1,8,0,7,7,"destination frame within window, includes cross-refresh",0.19763059701238359,0.07007080316543579,20.82047555601755,0.9618941119738987,0.8362872515405927,0.18853017687797546,83288,83064,full64 actual bpp,0.00346703800154321
31,ulong,original,fee5d9ad-e77d-44cd-b576-d588d7a0ce9d,0,9-16,8,16,0,8,8,"destination frame within window, includes cross-refresh",0.2522529624402523,0.09415344893932343,20.399905384140006,0.9265013858675957,0.7955023050308228,0.23640024662017822,36352,36096,full64 actual bpp,0.00346703800154321
31,ulong,original,fee5d9ad-e77d-44cd-b576-d588d7a0ce9d,0,17-32,16,32,1,15,16,"destination frame within window, includes cross-refresh",0.20857223588973284,0.09721411392092705,23.36206689040503,0.9648235067725182,0.836897399276495,0.21981240226887167,146544,146032,full64 actual bpp,0.00346703800154321
31,ulong,original,fee5d9ad-e77d-44cd-b576-d588d7a0ce9d,0,33-48,32,48,0,16,16,"destination frame within window, includes cross-refresh",0.11868078308179975,0.09433988109230995,23.550588752076926,0.9801466837525368,0.8939765430986881,0.12115330481901765,66048,65568,full64 actual bpp,0.00346703800154321
31,ulong,original,fee5d9ad-e77d-44cd-b576-d588d7a0ce9d,0,49-64,48,64,1,15,16,"destination frame within window, includes cross-refresh",0.12104291189461946,0.09484929218888283,23.667757802889152,0.9802725464105606,0.8905970603227615,0.11040463834069669,94992,94536,full64 actual bpp,0.00346703800154321
31,ulong,original,fee5d9ad-e77d-44cd-b576-d588d7a0ce9d,1,1-1,0,1,1,0,0,"destination frame within window, includes cross-refresh",0.22525426745414734,0.06786501407623291,20.089609640871675,0.9629897475242615,0.8028600215911865,,40840,40760,full64 actual bpp,0.0042242356288580245
31,ulong,original,fee5d9ad-e77d-44cd-b576-d588d7a0ce9d,1,2-8,1,8,0,7,7,"destination frame within window, includes cross-refresh",0.17811703043324606,0.06588005168097359,21.350194766572486,0.9660685913903373,0.8554176006998334,0.17324031250817434,103440,103216,full64 actual bpp,0.0042242356288580245
31,ulong,original,fee5d9ad-e77d-44cd-b576-d588d7a0ce9d,1,9-16,8,16,0,8,8,"destination frame within window, includes cross-refresh",0.2290149051696062,0.08771643042564392,21.113731900184415,0.9370950758457184,0.8170895650982857,0.2165072076022625,50320,50064,full64 actual bpp,0.0042242356288580245
31,ulong,original,fee5d9ad-e77d-44cd-b576-d588d7a0ce9d,1,17-32,16,32,1,15,16,"destination frame within window, includes cross-refresh",0.19084559474140406,0.09163852408528328,23.867322206487202,0.9685023725032806,0.852311797440052,0.19276674406137317,172032,171520,full64 actual bpp,0.0042242356288580245
31,ulong,original,fee5d9ad-e77d-44cd-b576-d588d7a0ce9d,1,33-48,32,48,0,16,16,"destination frame within window, includes cross-refresh",0.10696741379797459,0.08834840729832649,24.057276959521367,0.9823135174810886,0.9044737108051777,0.10706239845603704,79008,78512,full64 actual bpp,0.0042242356288580245
31,ulong,original,fee5d9ad-e77d-44cd-b576-d588d7a0ce9d,1,49-64,48,64,1,15,16,"destination frame within window, includes cross-refresh",0.11150252586230636,0.08825617283582687,23.988964502095914,0.9817019291222095,0.8964051567018032,0.1001446747686714,114960,114464,full64 actual bpp,0.0042242356288580245
31,ulong,original,fee5d9ad-e77d-44cd-b576-d588d7a0ce9d,2,1-1,0,1,1,0,0,"destination frame within window, includes cross-refresh",0.1972222477197647,0.06032264232635498,20.651052889194208,0.9674174785614014,0.8256464004516602,,50704,50624,full64 actual bpp,0.005535481770833333
31,ulong,original,fee5d9ad-e77d-44cd-b576-d588d7a0ce9d,2,2-8,1,8,0,7,7,"destination frame within window, includes cross-refresh",0.16103757066386087,0.06036431448800223,21.81107671864645,0.9694546801703317,0.8709861891610282,0.1531084797212056,127504,127280,full64 actual bpp,0.005535481770833333
31,ulong,original,fee5d9ad-e77d-44cd-b576-d588d7a0ce9d,2,9-16,8,16,0,8,8,"destination frame within window, includes cross-refresh",0.19923698157072067,0.0788281112909317,22.030595725086382,0.9481529667973518,0.845507986843586,0.18453622236847878,66624,66368,full64 actual bpp,0.005535481770833333
31,ulong,original,fee5d9ad-e77d-44cd-b576-d588d7a0ce9d,2,17-32,16,32,1,15,16,"destination frame within window, includes cross-refresh",0.15795501926913857,0.08177545666694641,24.830374169394023,0.9749012142419815,0.8793655149638653,0.152754474314861,233120,232608,full64 actual bpp,0.005535481770833333
31,ulong,original,fee5d9ad-e77d-44cd-b576-d588d7a0ce9d,2,33-48,32,48,0,16,16,"destination frame within window, includes cross-refresh",0.09384790901094675,0.08087673038244247,24.745391110499714,0.9848925583064556,0.9182976484298706,0.09179864125326276,107144,106648,full64 actual bpp,0.005535481770833333
31,ulong,original,fee5d9ad-e77d-44cd-b576-d588d7a0ce9d,2,49-64,48,64,1,15,16,"destination frame within window, includes cross-refresh",0.09533573500812054,0.07857537269592285,24.810053601475417,0.9848232865333557,0.915175125002861,0.07708004105370492,149520,149064,full64 actual bpp,0.005535481770833333
31,ulong,original,fee5d9ad-e77d-44cd-b576-d588d7a0ce9d,3,1-1,0,1,1,0,0,"destination frame within window, includes cross-refresh",0.17396625876426697,0.055852651596069336,21.238581929977727,0.9715068340301514,0.8481267690658569,,63848,63768,full64 actual bpp,0.006883318865740741
31,ulong,original,fee5d9ad-e77d-44cd-b576-d588d7a0ce9d,3,2-8,1,8,0,7,7,"destination frame within window, includes cross-refresh",0.14566082188061305,0.056788742542266846,22.21434899062891,0.9721154144832066,0.8839383721351624,0.13662208723170416,153336,153112,full64 actual bpp,0.006883318865740741
31,ulong,original,fee5d9ad-e77d-44cd-b576-d588d7a0ce9d,3,9-16,8,16,0,8,8,"destination frame within window, includes cross-refresh",0.17598438635468483,0.06989964097738266,22.808984854694042,0.9561378210783005,0.8653199151158333,0.1617498565465212,89960,89704,full64 actual bpp,0.006883318865740741
31,ulong,original,fee5d9ad-e77d-44cd-b576-d588d7a0ce9d,3,17-32,16,32,1,15,16,"destination frame within window, includes cross-refresh",0.13919450342655182,0.07219963893294334,25.46828711632315,0.9783935584127903,0.8955050371587276,0.13803567364811897,289864,289352,full64 actual bpp,0.006883318865740741
31,ulong,original,fee5d9ad-e77d-44cd-b576-d588d7a0ce9d,3,33-48,32,48,0,16,16,"destination frame within window, includes cross-refresh",0.08438802463933825,0.07108207792043686,25.22768339072556,0.9864612706005573,0.926944013684988,0.08299561124294996,131624,131120,full64 actual bpp,0.006883318865740741
31,ulong,original,fee5d9ad-e77d-44cd-b576-d588d7a0ce9d,3,49-64,48,64,1,15,16,"destination frame within window, includes cross-refresh",0.08517376007512212,0.06941190361976624,25.25423619776707,0.9863175041973591,0.9248328767716885,0.07524580112658441,184856,184376,full64 actual bpp,0.006883318865740741
31,ulong,original,fee5d9ad-e77d-44cd-b576-d588d7a0ce9d,4,1-1,0,1,1,0,0,"destination frame within window, includes cross-refresh",0.15278956294059753,0.04743838310241699,21.840332970719697,0.9751346111297607,0.8705509901046753,,81424,81344,full64 actual bpp,0.008396146797839506
31,ulong,original,fee5d9ad-e77d-44cd-b576-d588d7a0ce9d,4,2-8,1,8,0,7,7,"destination frame within window, includes cross-refresh",0.1314957801784788,0.05127778223582676,22.605094639026277,0.9744677799088615,0.8955396413803101,0.12129575652735573,179168,178944,full64 actual bpp,0.008396146797839506
31,ulong,original,fee5d9ad-e77d-44cd-b576-d588d7a0ce9d,4,9-16,8,16,0,8,8,"destination frame within window, includes cross-refresh",0.1577676422894001,0.06303007900714874,23.425633127022913,0.9616068825125694,0.8809525445103645,0.143721136264503,116712,116456,full64 actual bpp,0.008396146797839506
31,ulong,original,fee5d9ad-e77d-44cd-b576-d588d7a0ce9d,4,17-32,16,32,1,15,16,"destination frame within window, includes cross-refresh",0.12444237293675542,0.06681961193680763,25.977222896530268,0.9807970970869064,0.907210823148489,0.1216154748108238,352168,351656,full64 actual bpp,0.008396146797839506
31,ulong,original,fee5d9ad-e77d-44cd-b576-d588d7a0ce9d,4,33-48,32,48,0,16,16,"destination frame within window, includes cross-refresh",0.07678835187107325,0.06570978835225105,25.666549479491817,0.9877515658736229,0.9342795759439468,0.07454163301736116,161408,160896,full64 actual bpp,0.008396146797839506
31,ulong,original,fee5d9ad-e77d-44cd-b576-d588d7a0ce9d,4,49-64,48,64,1,15,16,"destination frame within window, includes cross-refresh",0.07883184775710106,0.06496746465563774,25.659202179815335,0.9875137060880661,0.931688129901886,0.06846900109667331,223376,222864,full64 actual bpp,0.008396146797839506
31,ulong,original,fee5d9ad-e77d-44cd-b576-d588d7a0ce9d,5,1-1,0,1,1,0,0,"destination frame within window, includes cross-refresh",0.12963977456092834,0.04054975509643555,22.409292433343065,0.9782123565673828,0.8896465301513672,,101384,101304,full64 actual bpp,0.010147268036265433
31,ulong,original,fee5d9ad-e77d-44cd-b576-d588d7a0ce9d,5,2-8,1,8,0,7,7,"destination frame within window, includes cross-refresh",0.12046100092785698,0.0472800476210458,22.919588091312008,0.9762070604733059,0.9045142616544452,0.10909772770745414,206016,205792,full64 actual bpp,0.010147268036265433
31,ulong,original,fee5d9ad-e77d-44cd-b576-d588d7a0ce9d,5,9-16,8,16,0,8,8,"destination frame within window, includes cross-refresh",0.14244984835386276,0.05695529282093048,23.92309523979949,0.9656185582280159,0.8932293504476547,0.12864320073276758,148936,148680,full64 actual bpp,0.010147268036265433
31,ulong,original,fee5d9ad-e77d-44cd-b576-d588d7a0ce9d,5,17-32,16,32,1,15,16,"destination frame within window, includes cross-refresh",0.11406061751767993,0.062431588768959045,26.375552137255227,0.9824962988495827,0.9167809635400772,0.1110860671615228,425376,424864,full64 actual bpp,0.010147268036265433
31,ulong,original,fee5d9ad-e77d-44cd-b576-d588d7a0ce9d,5,33-48,32,48,0,16,16,"destination frame within window, includes cross-refresh",0.07076352695003152,0.06113583222031593,26.03867968702643,0.9887568093836308,0.9407067038118839,0.07008461118675768,196960,196448,full64 actual bpp,0.010147268036265433
31,ulong,original,fee5d9ad-e77d-44cd-b576-d588d7a0ce9d,5,49-64,48,64,1,15,16,"destination frame within window, includes cross-refresh",0.07192815467715263,0.058974750339984894,26.019538268676452,0.988504845649004,0.9387026652693748,0.06384686380624771,267976,267464,full64 actual bpp,0.010147268036265433
31,ulong,original,fee5d9ad-e77d-44cd-b576-d588d7a0ce9d,6,1-1,0,1,1,0,0,"destination frame within window, includes cross-refresh",0.11535556614398956,0.036197543144226074,22.793195978388503,0.9800654649734497,0.9031879901885986,,121512,121432,full64 actual bpp,0.012131679205246914
31,ulong,original,fee5d9ad-e77d-44cd-b576-d588d7a0ce9d,6,2-8,1,8,0,7,7,"destination frame within window, includes cross-refresh",0.11258449618305479,0.044249500547136576,23.200670795608758,0.977653443813324,0.9118640848568508,0.10021295504910606,238984,238760,full64 actual bpp,0.012131679205246914
31,ulong,original,fee5d9ad-e77d-44cd-b576-d588d7a0ce9d,6,9-16,8,16,0,8,8,"destination frame within window, includes cross-refresh",0.13092525955289602,0.05261825770139694,24.332304738243955,0.9686220958828926,0.9029589369893074,0.11680356319993734,186016,185760,full64 actual bpp,0.012131679205246914
31,ulong,original,fee5d9ad-e77d-44cd-b576-d588d7a0ce9d,6,17-32,16,32,1,15,16,"destination frame within window, includes cross-refresh",0.10498626995831728,0.05767154321074486,26.757606789880146,0.9839581660926342,0.9244685620069504,0.10012671165168285,506992,506480,full64 actual bpp,0.012131679205246914
31,ulong,original,fee5d9ad-e77d-44cd-b576-d588d7a0ce9d,6,33-48,32,48,0,16,16,"destination frame within window, includes cross-refresh",0.06571883987635374,0.05649958550930023,26.370822885631206,0.9895706698298454,0.9454598240554333,0.0704540922306478,238944,238432,full64 actual bpp,0.012131679205246914
31,ulong,original,fee5d9ad-e77d-44cd-b576-d588d7a0ce9d,6,49-64,48,64,1,15,16,"destination frame within window, includes cross-refresh",0.06736105913296342,0.05421832203865051,26.34128042900887,0.9893051534891129,0.9434636868536472,0.06677527609281242,317552,317040,full64 actual bpp,0.012131679205246914
31,ulong,original,fee5d9ad-e77d-44cd-b576-d588d7a0ce9d,7,1-1,0,1,1,0,0,"destination frame within window, includes cross-refresh",0.1056859940290451,0.030452370643615723,23.1824301427538,0.9817969799041748,0.913120448589325,,143608,143512,full64 actual bpp,0.014391758294753086
31,ulong,original,fee5d9ad-e77d-44cd-b576-d588d7a0ce9d,7,2-8,1,8,0,7,7,"destination frame within window, includes cross-refresh",0.10564898805958885,0.040844150951930454,23.45916310280405,0.9789049795695713,0.9179355076381138,0.09286060503550939,272504,272280,full64 actual bpp,0.014391758294753086
31,ulong,original,fee5d9ad-e77d-44cd-b576-d588d7a0ce9d,7,9-16,8,16,0,8,8,"destination frame within window, includes cross-refresh",0.1219378849491477,0.04980064928531647,24.717334473390363,0.9711510539054871,0.9108853712677956,0.10858380608260632,229392,229136,full64 actual bpp,0.014391758294753086
31,ulong,original,fee5d9ad-e77d-44cd-b576-d588d7a0ce9d,7,17-32,16,32,1,15,16,"destination frame within window, includes cross-refresh",0.09791888180188835,0.054185669869184494,27.04634556082415,0.9850208200514317,0.9306576400995255,0.09247093985322863,603472,602960,full64 actual bpp,0.014391758294753086
31,ulong,original,fee5d9ad-e77d-44cd-b576-d588d7a0ce9d,7,33-48,32,48,0,16,16,"destination frame within window, includes cross-refresh",0.06248977081850171,0.052125971764326096,26.605414850478063,0.9901113919913769,0.948756143450737,0.06664365530014038,285168,284656,full64 actual bpp,0.014391758294753086
31,ulong,original,fee5d9ad-e77d-44cd-b576-d588d7a0ce9d,7,49-64,48,64,1,15,16,"destination frame within window, includes cross-refresh",0.06413328624330461,0.050786495208740234,26.58490824078288,0.9898784123361111,0.9472777768969536,0.06298565026372671,375792,375280,full64 actual bpp,0.014391758294753086
31,ulong,original,fee5d9ad-e77d-44cd-b576-d588d7a0ce9d,8,1-1,0,1,1,0,0,"destination frame within window, includes cross-refresh",0.09650032222270966,0.030669689178466797,23.514348145532917,0.9831228852272034,0.9207131862640381,,165840,165744,full64 actual bpp,0.01691966869212963
31,ulong,original,fee5d9ad-e77d-44cd-b576-d588d7a0ce9d,8,2-8,1,8,0,7,7,"destination frame within window, includes cross-refresh",0.10065686596291405,0.03989302260535104,23.670173717028085,0.9798679947853088,0.9223644137382507,0.08828873932361603,310328,310104,full64 actual bpp,0.01691966869212963
31,ulong,original,fee5d9ad-e77d-44cd-b576-d588d7a0ce9d,8,9-16,8,16,0,8,8,"destination frame within window, includes cross-refresh",0.11456506513059139,0.04670288413763046,25.002151930542926,0.9729360938072205,0.9170113503932953,0.10265424381941557,280624,280368,full64 actual bpp,0.01691966869212963
31,ulong,original,fee5d9ad-e77d-44cd-b576-d588d7a0ce9d,8,17-32,16,32,1,15,16,"destination frame within window, includes cross-refresh",0.09223024058155715,0.05079661309719086,27.2976009930533,0.9858506210148335,0.9354367926716805,0.08607975009363145,709544,709016,full64 actual bpp,0.01691966869212963
31,ulong,original,fee5d9ad-e77d-44cd-b576-d588d7a0ce9d,8,33-48,32,48,0,16,16,"destination frame within window, includes cross-refresh",0.0597490849904716,0.05027760565280914,26.812054886589305,0.9905642978847027,0.9515713527798653,0.06475214310921729,338984,338472,full64 actual bpp,0.01691966869212963
31,ulong,original,fee5d9ad-e77d-44cd-b576-d588d7a0ce9d,8,49-64,48,64,1,15,16,"destination frame within window, includes cross-refresh",0.06110722781158984,0.04817609861493111,26.806686547200876,0.9903700836002827,0.9503901787102222,0.06377013144083321,440096,439568,full64 actual bpp,0.01691966869212963
31,ulong,original,fee5d9ad-e77d-44cd-b576-d588d7a0ce9d,9,1-1,0,1,1,0,0,"destination frame within window, includes cross-refresh",0.0908970758318901,0.027614712715148926,23.761473791882167,0.9840580821037292,0.9269200563430786,,187632,187536,full64 actual bpp,0.01975802951388889
31,ulong,original,fee5d9ad-e77d-44cd-b576-d588d7a0ce9d,9,2-8,1,8,0,7,7,"destination frame within window, includes cross-refresh",0.09722911460059029,0.037366466862814765,23.83959396892542,0.9806034905569894,0.9258351411138263,0.08306951927287239,349880,349656,full64 actual bpp,0.01975802951388889
31,ulong,original,fee5d9ad-e77d-44cd-b576-d588d7a0ce9d,9,9-16,8,16,0,8,8,"destination frame within window, includes cross-refresh",0.10905240010470152,0.04434739053249359,25.253518188238516,0.9743723720312119,0.9214868620038033,0.09685845207422972,334712,334456,full64 actual bpp,0.01975802951388889
31,ulong,original,fee5d9ad-e77d-44cd-b576-d588d7a0ce9d,9,17-32,16,32,1,15,16,"destination frame within window, includes cross-refresh",0.08774482691660523,0.04895786941051483,27.50054878710977,0.986504141241312,0.9393346048891544,0.08167317067272961,831160,830632,full64 actual bpp,0.01975802951388889
31,ulong,original,fee5d9ad-e77d-44cd-b576-d588d7a0ce9d,9,33-48,32,48,0,16,16,"destination frame within window, includes cross-refresh",0.05726034240797162,0.047614578157663345,26.987840215673167,0.9909301474690437,0.9539672844111919,0.060636353213340044,400392,399880,full64 actual bpp,0.01975802951388889
31,ulong,original,fee5d9ad-e77d-44cd-b576-d588d7a0ce9d,9,49-64,48,64,1,15,16,"destination frame within window, includes cross-refresh",0.05907529289834201,0.046277835965156555,26.96813687852593,0.9907196052372456,0.952732790261507,0.062451385776512325,518320,517792,full64 actual bpp,0.01975802951388889
31,ulong,original,0834e99f-94bc-4568-a7c2-f7022dade8e1,0,1-1,0,1,1,0,0,"destination frame within window, includes cross-refresh",0.20564241707324982,0.09660845994949341,27.181977935393324,0.9678977727890015,0.8541306853294373,,32824,32744,full64 actual bpp,0.0034069372106481483
31,ulong,original,0834e99f-94bc-4568-a7c2-f7022dade8e1,0,2-8,1,8,0,7,7,"destination frame within window, includes cross-refresh",0.1398434511252812,0.08754919256482806,28.45336554051499,0.9770564011165074,0.9073680213519505,0.15613222335066115,76960,76736,full64 actual bpp,0.0034069372106481483
31,ulong,original,0834e99f-94bc-4568-a7c2-f7022dade8e1,0,9-16,8,16,0,8,8,"destination frame within window, includes cross-refresh",0.14867239817976952,0.09788177162408829,27.879319792516064,0.974242702126503,0.9005933776497841,0.15755397640168667,16592,16336,full64 actual bpp,0.0034069372106481483
31,ulong,original,0834e99f-94bc-4568-a7c2-f7022dade8e1,0,17-32,16,32,1,15,16,"destination frame within window, includes cross-refresh",0.15981820970773697,0.10745611786842346,27.579801406681973,0.9718017093837261,0.8907580375671387,0.16819279827177525,102776,102264,full64 actual bpp,0.0034069372106481483
31,ulong,original,0834e99f-94bc-4568-a7c2-f7022dade8e1,0,33-48,32,48,0,16,16,"destination frame within window, includes cross-refresh",0.14803896006196737,0.09549194574356079,28.013256510544064,0.9744825512170792,0.9021142981946468,0.16445927694439888,90776,90264,full64 actual bpp,0.0034069372106481483
31,ulong,original,0834e99f-94bc-4568-a7c2-f7022dade8e1,0,49-64,48,64,1,15,16,"destination frame within window, includes cross-refresh",0.15816054958850145,0.10218961536884308,27.925152963766976,0.972419373691082,0.8959305845201015,0.1733773611485958,132208,131696,full64 actual bpp,0.0034069372106481483
31,ulong,original,0834e99f-94bc-4568-a7c2-f7022dade8e1,1,1-1,0,1,1,0,0,"destination frame within window, includes cross-refresh",0.17991314828395844,0.08329963684082031,27.965102550998356,0.9731723666191101,0.8740176558494568,,40656,40576,full64 actual bpp,0.004119707272376543
31,ulong,original,0834e99f-94bc-4568-a7c2-f7022dade8e1,1,2-8,1,8,0,7,7,"destination frame within window, includes cross-refresh",0.12296720487730843,0.07716431788035802,29.102664799227057,0.9801633613450187,0.9192610042435783,0.13729146548679896,92688,92464,full64 actual bpp,0.004119707272376543
31,ulong,original,0834e99f-94bc-4568-a7c2-f7022dade8e1,1,9-16,8,16,0,8,8,"destination frame within window, includes cross-refresh",0.1295807622373104,0.085072822868824,28.619044239171224,0.9781330972909927,0.9144002571702003,0.1387340221554041,20336,20080,full64 actual bpp,0.004119707272376543
31,ulong,original,0834e99f-94bc-4568-a7c2-f7022dade8e1,1,17-32,16,32,1,15,16,"destination frame within window, includes cross-refresh",0.1377039235085249,0.09324194118380547,28.336412637246976,0.9761626124382019,0.9061431884765625,0.14350602589547634,128056,127544,full64 actual bpp,0.004119707272376543
31,ulong,original,0834e99f-94bc-4568-a7c2-f7022dade8e1,1,33-48,32,48,0,16,16,"destination frame within window, includes cross-refresh",0.12972593447193503,0.0870373547077179,28.79876571561034,0.9785903915762901,0.9144888110458851,0.14345020707696676,108248,107736,full64 actual bpp,0.004119707272376543
31,ulong,original,0834e99f-94bc-4568-a7c2-f7022dade8e1,1,49-64,48,64,1,15,16,"destination frame within window, includes cross-refresh",0.1426060339435935,0.09409157559275627,28.543436138800228,0.9759987592697144,0.9069255478680134,0.15743842720985413,156744,156232,full64 actual bpp,0.004119707272376543
31,ulong,original,0834e99f-94bc-4568-a7c2-f7022dade8e1,2,1-1,0,1,1,0,0,"destination frame within window, includes cross-refresh",0.15636824071407318,0.0771249532699585,28.621623974733048,0.9771232008934021,0.8924331068992615,,50096,50016,full64 actual bpp,0.005108506944444444
31,ulong,original,0834e99f-94bc-4568-a7c2-f7022dade8e1,2,2-8,1,8,0,7,7,"destination frame within window, includes cross-refresh",0.10864480691296714,0.07238432339259557,29.678852227057103,0.9826083523886544,0.9295197554997036,0.12165366645370211,110480,110256,full64 actual bpp,0.005108506944444444
31,ulong,original,0834e99f-94bc-4568-a7c2-f7022dade8e1,2,9-16,8,16,0,8,8,"destination frame within window, includes cross-refresh",0.11065301857888699,0.078994981944561,29.435664633073767,0.981798030436039,0.9271957874298096,0.11790173035115004,32240,31984,full64 actual bpp,0.005108506944444444
31,ulong,original,0834e99f-94bc-4568-a7c2-f7022dade8e1,2,17-32,16,32,1,15,16,"destination frame within window, includes cross-refresh",0.12146663712337613,0.08688831329345703,28.975584656306825,0.9793785400688648,0.9167938865721226,0.12728999787941575,152592,152080,full64 actual bpp,0.005108506944444444
31,ulong,original,0834e99f-94bc-4568-a7c2-f7022dade8e1,2,33-48,32,48,0,16,16,"destination frame within window, includes cross-refresh",0.11133102048188448,0.07609202712774277,29.49086016232192,0.9816942885518074,0.9257345050573349,0.12406720407307148,139248,138736,full64 actual bpp,0.005108506944444444
31,ulong,original,0834e99f-94bc-4568-a7c2-f7022dade8e1,2,49-64,48,64,1,15,16,"destination frame within window, includes cross-refresh",0.12117024650797248,0.08351847901940346,29.33488829356952,0.9799506776034832,0.9203538708388805,0.13198525924235582,193296,192784,full64 actual bpp,0.005108506944444444
31,ulong,original,0834e99f-94bc-4568-a7c2-f7022dade8e1,3,1-1,0,1,1,0,0,"destination frame within window, includes cross-refresh",0.12986987829208374,0.06217062473297119,29.617656284353462,0.981641948223114,0.9108903408050537,,62744,62664,full64 actual bpp,0.006208043981481481
31,ulong,original,0834e99f-94bc-4568-a7c2-f7022dade8e1,3,2-8,1,8,0,7,7,"destination frame within window, includes cross-refresh",0.09468208679131099,0.0643501707485744,30.255132016608986,0.9847488488469806,0.9378934758050101,0.10477250495127269,129288,129064,full64 actual bpp,0.006208043981481481
31,ulong,original,0834e99f-94bc-4568-a7c2-f7022dade8e1,3,9-16,8,16,0,8,8,"destination frame within window, includes cross-refresh",0.09729318041354418,0.07001953572034836,30.012377229576554,0.9840683937072754,0.9363137632608414,0.10452739428728819,42832,42576,full64 actual bpp,0.006208043981481481
31,ulong,original,0834e99f-94bc-4568-a7c2-f7022dade8e1,3,17-32,16,32,1,15,16,"destination frame within window, includes cross-refresh",0.10784735577180982,0.07867786288261414,29.72219414933688,0.9825601279735565,0.9277365319430828,0.1141273733228445,185472,184960,full64 actual bpp,0.006208043981481481
31,ulong,original,0834e99f-94bc-4568-a7c2-f7022dade8e1,3,33-48,32,48,0,16,16,"destination frame within window, includes cross-refresh",0.09788256650790572,0.068387720733881,30.061399017603488,0.9839109964668751,0.9350519515573978,0.10877281194552779,167312,166800,full64 actual bpp,0.006208043981481481
31,ulong,original,0834e99f-94bc-4568-a7c2-f7022dade8e1,3,49-64,48,64,1,15,16,"destination frame within window, includes cross-refresh",0.10489109624177217,0.07165567949414253,30.041747562545375,0.9829071089625359,0.9312985651195049,0.1132917171344161,236224,235712,full64 actual bpp,0.006208043981481481
31,ulong,original,0834e99f-94bc-4568-a7c2-f7022dade8e1,4,1-1,0,1,1,0,0,"destination frame within window, includes cross-refresh",0.1085376963019371,0.061589598655700684,30.4023452889342,0.9846904873847961,0.924486517906189,,78184,78104,full64 actual bpp,0.007568178530092592
31,ulong,original,0834e99f-94bc-4568-a7c2-f7022dade8e1,4,2-8,1,8,0,7,7,"destination frame within window, includes cross-refresh",0.08537202647754125,0.060012332030705044,30.744710705931062,0.9863473687853131,0.9444859283311027,0.09243149416787284,148040,147816,full64 actual bpp,0.007568178530092592
31,ulong,original,0834e99f-94bc-4568-a7c2-f7022dade8e1,4,9-16,8,16,0,8,8,"destination frame within window, includes cross-refresh",0.0867435410618782,0.06457211077213287,30.56144258278355,0.9859151393175125,0.9433612674474716,0.09354058280587196,58472,58216,full64 actual bpp,0.007568178530092592
31,ulong,original,0834e99f-94bc-4568-a7c2-f7022dade8e1,4,17-32,16,32,1,15,16,"destination frame within window, includes cross-refresh",0.09498852118849754,0.069246094673872,30.256475348181354,0.9845495671033859,0.9362609945237637,0.10032048216089606,230096,229584,full64 actual bpp,0.007568178530092592
31,ulong,original,0834e99f-94bc-4568-a7c2-f7022dade8e1,4,33-48,32,48,0,16,16,"destination frame within window, includes cross-refresh",0.08769524144008756,0.06048978492617607,30.543450701664202,0.9855800308287144,0.9419679939746857,0.0967512265779078,206264,205752,full64 actual bpp,0.007568178530092592
31,ulong,original,0834e99f-94bc-4568-a7c2-f7022dade8e1,4,49-64,48,64,1,15,16,"destination frame within window, includes cross-refresh",0.09239892568439245,0.0645977258682251,30.6214667497876,0.9850224629044533,0.9392392411828041,0.09919314831495285,283320,282808,full64 actual bpp,0.007568178530092592
31,ulong,original,0834e99f-94bc-4568-a7c2-f7022dade8e1,5,1-1,0,1,1,0,0,"destination frame within window, includes cross-refresh",0.09188951551914215,0.051359713077545166,31.13207252316023,0.9870885014533997,0.9371651411056519,,97016,96936,full64 actual bpp,0.009241415895061729
31,ulong,original,0834e99f-94bc-4568-a7c2-f7022dade8e1,5,2-8,1,8,0,7,7,"destination frame within window, includes cross-refresh",0.07821073808840343,0.055449094091142924,31.09507520923495,0.987387844494411,0.9494471890585763,0.08538109064102173,168392,168168,full64 actual bpp,0.009241415895061729
31,ulong,original,0834e99f-94bc-4568-a7c2-f7022dade8e1,5,9-16,8,16,0,8,8,"destination frame within window, includes cross-refresh",0.07919697090983391,0.05942276120185852,30.99998243465877,0.9872527122497559,0.948616661131382,0.08517361804842949,73736,73480,full64 actual bpp,0.009241415895061729
31,ulong,original,0834e99f-94bc-4568-a7c2-f7022dade8e1,5,17-32,16,32,1,15,16,"destination frame within window, includes cross-refresh",0.08491999423131347,0.06307666376233101,30.793060279880386,0.9863117672502995,0.9433549642562866,0.08968690177425742,292976,292464,full64 actual bpp,0.009241415895061729
31,ulong,original,0834e99f-94bc-4568-a7c2-f7022dade8e1,5,33-48,32,48,0,16,16,"destination frame within window, includes cross-refresh",0.07903444208204746,0.055126793682575226,31.031162997112954,0.9870915934443474,0.9476216584444046,0.08753744978457689,249976,249464,full64 actual bpp,0.009241415895061729
31,ulong,original,0834e99f-94bc-4568-a7c2-f7022dade8e1,5,49-64,48,64,1,15,16,"destination frame within window, includes cross-refresh",0.08196668792515993,0.05841118097305298,31.1793665451031,0.9868007861077785,0.9462623596191406,0.0871372721157968,344336,343824,full64 actual bpp,0.009241415895061729
31,ulong,original,0834e99f-94bc-4568-a7c2-f7022dade8e1,6,1-1,0,1,1,0,0,"destination frame within window, includes cross-refresh",0.07799429446458817,0.04677635431289673,31.82902146476172,0.9889702796936035,0.9468494653701782,,117520,117440,full64 actual bpp,0.011151921778549383
31,ulong,original,0834e99f-94bc-4568-a7c2-f7022dade8e1,6,2-8,1,8,0,7,7,"destination frame within window, includes cross-refresh",0.07114079168864659,0.051811465195247104,31.454280101191042,0.9883825693811689,0.9538149663380214,0.07683552588735308,189440,189216,full64 actual bpp,0.011151921778549383
31,ulong,original,0834e99f-94bc-4568-a7c2-f7022dade8e1,6,9-16,8,16,0,8,8,"destination frame within window, includes cross-refresh",0.07257266156375408,0.05395285040140152,31.376373469526147,0.9882945120334625,0.9532930478453636,0.07655996456742287,94136,93880,full64 actual bpp,0.011151921778549383
31,ulong,original,0834e99f-94bc-4568-a7c2-f7022dade8e1,6,17-32,16,32,1,15,16,"destination frame within window, includes cross-refresh",0.07637027185410261,0.056619662791490555,31.262098774690333,0.987698819488287,0.9492787085473537,0.08099569519981742,367176,366664,full64 actual bpp,0.011151921778549383
31,ulong,original,0834e99f-94bc-4568-a7c2-f7022dade8e1,6,33-48,32,48,0,16,16,"destination frame within window, includes cross-refresh",0.07262876676395535,0.04872289299964905,31.374899187963127,0.988067489117384,0.9522575028240681,0.07919853646308184,300648,300136,full64 actual bpp,0.011151921778549383
31,ulong,original,0834e99f-94bc-4568-a7c2-f7022dade8e1,6,49-64,48,64,1,15,16,"destination frame within window, includes cross-refresh",0.07492257421836257,0.05217798799276352,31.61883191325028,0.9880594350397587,0.9515737779438496,0.07992577785626054,411056,410544,full64 actual bpp,0.011151921778549383
31,ulong,original,0834e99f-94bc-4568-a7c2-f7022dade8e1,7,1-1,0,1,1,0,0,"destination frame within window, includes cross-refresh",0.06839268654584885,0.041354358196258545,32.26412229746544,0.9900679588317871,0.9536886215209961,,141256,141160,full64 actual bpp,0.013396870177469137
31,ulong,original,0834e99f-94bc-4568-a7c2-f7022dade8e1,7,2-8,1,8,0,7,7,"destination frame within window, includes cross-refresh",0.06644488285694804,0.047266628061022074,31.686250342818813,0.988984363419669,0.957001268863678,0.07114441905702863,212824,212600,full64 actual bpp,0.013396870177469137
31,ulong,original,0834e99f-94bc-4568-a7c2-f7022dade8e1,7,9-16,8,16,0,8,8,"destination frame within window, includes cross-refresh",0.06737333629280329,0.04952539503574371,31.68469942380721,0.9890910908579826,0.9565027207136154,0.07147626578807831,117856,117600,full64 actual bpp,0.013396870177469137
31,ulong,original,0834e99f-94bc-4568-a7c2-f7022dade8e1,7,17-32,16,32,1,15,16,"destination frame within window, includes cross-refresh",0.0704520083963871,0.05060387775301933,31.648349873655107,0.9887399189174175,0.953815869987011,0.07559157209470868,459200,458672,full64 actual bpp,0.013396870177469137
31,ulong,original,0834e99f-94bc-4568-a7c2-f7022dade8e1,7,33-48,32,48,0,16,16,"destination frame within window, includes cross-refresh",0.06708908407017589,0.04638849198818207,31.752421687628075,0.9890504144132137,0.9560887217521667,0.07255591405555606,360080,359568,full64 actual bpp,0.013396870177469137
31,ulong,original,0834e99f-94bc-4568-a7c2-f7022dade8e1,7,49-64,48,64,1,15,16,"destination frame within window, includes cross-refresh",0.06907968875020742,0.04884136840701103,31.95568265567042,0.988947656005621,0.9556915163993835,0.07305684918537736,486688,486160,full64 actual bpp,0.013396870177469137
31,ulong,original,0834e99f-94bc-4568-a7c2-f7022dade8e1,8,1-1,0,1,1,0,0,"destination frame within window, includes cross-refresh",0.06160995364189148,0.03718268871307373,32.738749436860665,0.9910858869552612,0.9582698345184326,,163968,163872,full64 actual bpp,0.015958899980709877
31,ulong,original,0834e99f-94bc-4568-a7c2-f7022dade8e1,8,2-8,1,8,0,7,7,"destination frame within window, includes cross-refresh",0.062431072550160546,0.045302510261535645,31.994756055382737,0.9897250362804958,0.9594455701964242,0.06762188726237842,238360,238136,full64 actual bpp,0.015958899980709877
31,ulong,original,0834e99f-94bc-4568-a7c2-f7022dade8e1,8,9-16,8,16,0,8,8,"destination frame within window, includes cross-refresh",0.0633630440570414,0.04800834506750107,32.007463287750795,0.9898627549409866,0.959352158010006,0.06928794551640749,150904,150648,full64 actual bpp,0.015958899980709877
31,ulong,original,0834e99f-94bc-4568-a7c2-f7022dade8e1,8,17-32,16,32,1,15,16,"destination frame within window, includes cross-refresh",0.06546849268488586,0.04811779037117958,31.954087000543268,0.9895014092326164,0.9573537521064281,0.07008647033944726,557496,556968,full64 actual bpp,0.015958899980709877
31,ulong,original,0834e99f-94bc-4568-a7c2-f7022dade8e1,8,33-48,32,48,0,16,16,"destination frame within window, includes cross-refresh",0.06332403188571334,0.04295942932367325,32.04422303498332,0.9897507093846798,0.9588311649858952,0.06848201435059309,430464,429952,full64 actual bpp,0.015958899980709877
31,ulong,original,0834e99f-94bc-4568-a7c2-f7022dade8e1,8,49-64,48,64,1,15,16,"destination frame within window, includes cross-refresh",0.06483175395987928,0.045356299728155136,32.2795975868759,0.9897312559187412,0.9587661996483803,0.06859728181734681,576720,576192,full64 actual bpp,0.015958899980709877
31,ulong,original,0834e99f-94bc-4568-a7c2-f7022dade8e1,9,1-1,0,1,1,0,0,"destination frame within window, includes cross-refresh",0.05619480460882187,0.03618389368057251,32.98464542463528,0.991597592830658,0.962239682674408,,187040,186944,full64 actual bpp,0.018976056134259258
31,ulong,original,0834e99f-94bc-4568-a7c2-f7022dade8e1,9,2-8,1,8,0,7,7,"destination frame within window, includes cross-refresh",0.05977310559579304,0.04238544191632952,32.22250608661904,0.9902381386075702,0.9615429895264762,0.06373490765690804,273120,272896,full64 actual bpp,0.018976056134259258
31,ulong,original,0834e99f-94bc-4568-a7c2-f7022dade8e1,9,9-16,8,16,0,8,8,"destination frame within window, includes cross-refresh",0.060195273254066706,0.044529207050800323,32.21599908353409,0.99033173173666,0.9613541066646576,0.06538621475920081,188184,187928,full64 actual bpp,0.018976056134259258
31,ulong,original,0834e99f-94bc-4568-a7c2-f7022dade8e1,9,17-32,16,32,1,15,16,"destination frame within window, includes cross-refresh",0.06171192112378776,0.04513072967529297,32.268735166322614,0.9902257062494755,0.9602534398436546,0.0664156274870038,674488,673960,full64 actual bpp,0.018976056134259258
31,ulong,original,0834e99f-94bc-4568-a7c2-f7022dade8e1,9,33-48,32,48,0,16,16,"destination frame within window, includes cross-refresh",0.060243164421990514,0.04090694338083267,32.25305100668737,0.9902343973517418,0.9610851109027863,0.06402607634663582,513400,512888,full64 actual bpp,0.018976056134259258
31,ulong,original,0834e99f-94bc-4568-a7c2-f7022dade8e1,9,49-64,48,64,1,15,16,"destination frame within window, includes cross-refresh",0.06115894974209368,0.04264580085873604,32.53887246436915,0.9903159625828266,0.9613389708101749,0.06469483836553991,682088,681560,full64 actual bpp,0.018976056134259258
31,ulong,original,98881c99-ebda-4469-bbe4-0ee789ff217d,0,1-1,0,1,1,0,0,"destination frame within window, includes cross-refresh",0.08742834627628326,0.09017771482467651,29.292918422840252,0.9686650633811951,0.954896867275238,,20696,20616,full64 actual bpp,0.0021457851080246915
31,ulong,original,98881c99-ebda-4469-bbe4-0ee789ff217d,0,2-8,1,8,0,7,7,"destination frame within window, includes cross-refresh",0.07592256580080305,0.07833307129996163,28.29714582921576,0.967575694833483,0.956889944417136,0.06743059520210538,40056,39832,full64 actual bpp,0.0021457851080246915
31,ulong,original,98881c99-ebda-4469-bbe4-0ee789ff217d,0,9-16,8,16,0,8,8,"destination frame within window, includes cross-refresh",0.08737719245254993,0.08304879814386368,27.7644040731706,0.9716422483325005,0.9481320157647133,0.06030647410079837,23584,23328,full64 actual bpp,0.0021457851080246915
31,ulong,original,98881c99-ebda-4469-bbe4-0ee789ff217d,0,17-32,16,32,1,15,16,"destination frame within window, includes cross-refresh",0.09516384406015277,0.08530502393841743,27.428188797250716,0.9768803119659424,0.9489310868084431,0.0742800876032561,70624,70120,full64 actual bpp,0.0021457851080246915
31,ulong,original,98881c99-ebda-4469-bbe4-0ee789ff217d,0,33-48,32,48,0,16,16,"destination frame within window, includes cross-refresh",0.0845411098562181,0.0820171944797039,27.701495842431676,0.978438351303339,0.9545068219304085,0.06137104448862374,64232,63720,full64 actual bpp,0.0021457851080246915
31,ulong,original,98881c99-ebda-4469-bbe4-0ee789ff217d,0,49-64,48,64,1,15,16,"destination frame within window, includes cross-refresh",0.0834442749619484,0.09114956483244896,28.697043827359913,0.9770410731434822,0.9593714959919453,0.06870409706607461,65576,65120,full64 actual bpp,0.0021457851080246915
31,ulong,original,98881c99-ebda-4469-bbe4-0ee789ff217d,1,1-1,0,1,1,0,0,"destination frame within window, includes cross-refresh",0.07658291608095169,0.0741230845451355,29.83385914267521,0.9722980856895447,0.9598900079727173,,26152,26072,full64 actual bpp,0.002695674189814815
31,ulong,original,98881c99-ebda-4469-bbe4-0ee789ff217d,1,2-8,1,8,0,7,7,"destination frame within window, includes cross-refresh",0.06863231850521904,0.07177609205245972,28.87786054531092,0.9714296545301165,0.9615872076579502,0.06113005323069436,49104,48880,full64 actual bpp,0.002695674189814815
31,ulong,original,98881c99-ebda-4469-bbe4-0ee789ff217d,1,9-16,8,16,0,8,8,"destination frame within window, includes cross-refresh",0.07860377337783575,0.07063184678554535,28.328833162131026,0.9750797301530838,0.9544884338974953,0.05393582675606012,29080,28824,full64 actual bpp,0.002695674189814815
31,ulong,original,98881c99-ebda-4469-bbe4-0ee789ff217d,1,17-32,16,32,1,15,16,"destination frame within window, includes cross-refresh",0.08220777148380876,0.07573602348566055,28.071310890798948,0.9800698831677437,0.9566776975989342,0.06149547197856009,90992,90480,full64 actual bpp,0.002695674189814815
31,ulong,original,98881c99-ebda-4469-bbe4-0ee789ff217d,1,33-48,32,48,0,16,16,"destination frame within window, includes cross-refresh",0.07668938161805272,0.0783901959657669,28.223827815026414,0.980880219489336,0.9587346240878105,0.055602074367925525,80824,80312,full64 actual bpp,0.002695674189814815
31,ulong,original,98881c99-ebda-4469-bbe4-0ee789ff217d,1,49-64,48,64,1,15,16,"destination frame within window, includes cross-refresh",0.07596826739609241,0.08385052904486656,29.12395131603104,0.9791864715516567,0.9631835892796516,0.06454554689116776,81592,81120,full64 actual bpp,0.002695674189814815
31,ulong,original,98881c99-ebda-4469-bbe4-0ee789ff217d,2,1-1,0,1,1,0,0,"destination frame within window, includes cross-refresh",0.06492312252521515,0.06500977277755737,30.438585482144397,0.9760744571685791,0.9663928747177124,,31776,31696,full64 actual bpp,0.003459382233796296
31,ulong,original,98881c99-ebda-4469-bbe4-0ee789ff217d,2,2-8,1,8,0,7,7,"destination frame within window, includes cross-refresh",0.062470827783857076,0.06503884281430926,29.172654569500946,0.9733043738773891,0.9648522053446088,0.05635806119867733,61472,61248,full64 actual bpp,0.003459382233796296
31,ulong,original,98881c99-ebda-4469-bbe4-0ee789ff217d,2,9-16,8,16,0,8,8,"destination frame within window, includes cross-refresh",0.07000394677743316,0.06731858849525452,28.876103514890392,0.9779979214072227,0.959960088133812,0.049379048869013786,42264,42008,full64 actual bpp,0.003459382233796296
31,ulong,original,98881c99-ebda-4469-bbe4-0ee789ff217d,2,17-32,16,32,1,15,16,"destination frame within window, includes cross-refresh",0.07472441764548421,0.06932513415813446,28.563052308636863,0.9821566641330719,0.9606053456664085,0.053509792778640985,113416,112904,full64 actual bpp,0.003459382233796296
31,ulong,original,98881c99-ebda-4469-bbe4-0ee789ff217d,2,33-48,32,48,0,16,16,"destination frame within window, includes cross-refresh",0.06947164610028267,0.07318815216422081,28.61897892106842,0.9824742525815964,0.9629504755139351,0.049770210636779666,105664,105152,full64 actual bpp,0.003459382233796296
31,ulong,original,98881c99-ebda-4469-bbe4-0ee789ff217d,2,49-64,48,64,1,15,16,"destination frame within window, includes cross-refresh",0.06841521244496107,0.07990645617246628,29.45972055176118,0.980737179517746,0.9664818793535233,0.05719580268487334,104504,104008,full64 actual bpp,0.003459382233796296
31,ulong,original,98881c99-ebda-4469-bbe4-0ee789ff217d,3,1-1,0,1,1,0,0,"destination frame within window, includes cross-refresh",0.054721735417842865,0.05555009841918945,31.40850458998277,0.9807142019271851,0.9720069169998169,,39176,39096,full64 actual bpp,0.0044140625
31,ulong,original,98881c99-ebda-4469-bbe4-0ee789ff217d,3,2-8,1,8,0,7,7,"destination frame within window, includes cross-refresh",0.05797841932092394,0.05950152022497995,29.512486483531326,0.9752950753484454,0.9672702550888062,0.050939857959747314,73288,73064,full64 actual bpp,0.0044140625
31,ulong,original,98881c99-ebda-4469-bbe4-0ee789ff217d,3,9-16,8,16,0,8,8,"destination frame within window, includes cross-refresh",0.06288759503513575,0.06130063533782959,29.35498846121387,0.980244405567646,0.964315302670002,0.0440280269831419,56208,55952,full64 actual bpp,0.0044140625
31,ulong,original,98881c99-ebda-4469-bbe4-0ee789ff217d,3,17-32,16,32,1,15,16,"destination frame within window, includes cross-refresh",0.06562293507158756,0.06369978934526443,28.990468212503394,0.9838083386421204,0.9653476849198341,0.04755253857001662,149304,148792,full64 actual bpp,0.0044140625
31,ulong,original,98881c99-ebda-4469-bbe4-0ee789ff217d,3,33-48,32,48,0,16,16,"destination frame within window, includes cross-refresh",0.06359396618790925,0.0665045902132988,28.976812349942033,0.983826931566,0.9659522250294685,0.0445794677361846,135520,135008,full64 actual bpp,0.0044140625
31,ulong,original,98881c99-ebda-4469-bbe4-0ee789ff217d,3,49-64,48,64,1,15,16,"destination frame within window, includes cross-refresh",0.06197602651081979,0.07273795083165169,29.877327656998425,0.9824059270322323,0.9692433290183544,0.05109277623705566,132296,131784,full64 actual bpp,0.0044140625
31,ulong,original,98881c99-ebda-4469-bbe4-0ee789ff217d,4,1-1,0,1,1,0,0,"destination frame within window, includes cross-refresh",0.049478236585855484,0.048325419425964355,31.704054331933833,0.9820535778999329,0.9748017191886902,,48184,48104,full64 actual bpp,0.005572434413580247
31,ulong,original,98881c99-ebda-4469-bbe4-0ee789ff217d,4,2-8,1,8,0,7,7,"destination frame within window, includes cross-refresh",0.05399173977119582,0.05618327856063843,29.784396458635552,0.9768096549170358,0.969017139502934,0.04758317821792194,90776,90552,full64 actual bpp,0.005572434413580247
31,ulong,original,98881c99-ebda-4469-bbe4-0ee789ff217d,4,9-16,8,16,0,8,8,"destination frame within window, includes cross-refresh",0.05783296609297395,0.056722164154052734,29.723857533682978,0.9818122014403343,0.967494785785675,0.04044009931385517,74472,74216,full64 actual bpp,0.005572434413580247
31,ulong,original,98881c99-ebda-4469-bbe4-0ee789ff217d,4,17-32,16,32,1,15,16,"destination frame within window, includes cross-refresh",0.05833933688700199,0.05892057344317436,29.391755192570134,0.9852076508104801,0.9686068408191204,0.0418461908120662,190816,190304,full64 actual bpp,0.005572434413580247
31,ulong,original,98881c99-ebda-4469-bbe4-0ee789ff217d,4,33-48,32,48,0,16,16,"destination frame within window, includes cross-refresh",0.05881197447888553,0.062425900250673294,29.279945928818485,0.9848725199699402,0.968303669244051,0.04071356472559273,170360,169848,full64 actual bpp,0.005572434413580247
31,ulong,original,98881c99-ebda-4469-bbe4-0ee789ff217d,4,49-64,48,64,1,15,16,"destination frame within window, includes cross-refresh",0.056077711284160614,0.06803738325834274,30.211642577908105,0.9836364760994911,0.9716437570750713,0.04552681208588183,164912,164400,full64 actual bpp,0.005572434413580247
31,ulong,original,98881c99-ebda-4469-bbe4-0ee789ff217d,5,1-1,0,1,1,0,0,"destination frame within window, includes cross-refresh",0.04492025449872017,0.04608786106109619,32.140788340980706,0.9837926626205444,0.9770986437797546,,57360,57280,full64 actual bpp,0.006986099054783951
31,ulong,original,98881c99-ebda-4469-bbe4-0ee789ff217d,5,2-8,1,8,0,7,7,"destination frame within window, includes cross-refresh",0.05068008069481168,0.05272226674216134,30.074049289135775,0.9782902257783073,0.9708555511065892,0.044194640325648446,110424,110200,full64 actual bpp,0.006986099054783951
31,ulong,original,98881c99-ebda-4469-bbe4-0ee789ff217d,5,9-16,8,16,0,8,8,"destination frame within window, includes cross-refresh",0.05332432268187404,0.05267864465713501,30.061053409210462,0.9831409752368927,0.9698686748743057,0.035964787704870105,97904,97648,full64 actual bpp,0.006986099054783951
31,ulong,original,98881c99-ebda-4469-bbe4-0ee789ff217d,5,17-32,16,32,1,15,16,"destination frame within window, includes cross-refresh",0.05373067082837224,0.05493367463350296,29.673997290464126,0.9861026257276535,0.9709579534828663,0.03953508147969842,238264,237752,full64 actual bpp,0.006986099054783951
31,ulong,original,98881c99-ebda-4469-bbe4-0ee789ff217d,5,33-48,32,48,0,16,16,"destination frame within window, includes cross-refresh",0.055597887141630054,0.059938691556453705,29.508527041224962,0.985629741102457,0.9702938608825207,0.03819198824930936,213696,213184,full64 actual bpp,0.006986099054783951
31,ulong,original,98881c99-ebda-4469-bbe4-0ee789ff217d,5,49-64,48,64,1,15,16,"destination frame within window, includes cross-refresh",0.052115828497335315,0.06362992152571678,30.502988460850474,0.9846647381782532,0.9733043983578682,0.042385410401038826,209480,208968,full64 actual bpp,0.006986099054783951
31,ulong,original,98881c99-ebda-4469-bbe4-0ee789ff217d,6,1-1,0,1,1,0,0,"destination frame within window, includes cross-refresh",0.04109667241573334,0.03990375995635986,32.54735712844848,0.9852036833763123,0.9791707992553711,,67992,67912,full64 actual bpp,0.00867796344521605
31,ulong,original,98881c99-ebda-4469-bbe4-0ee789ff217d,6,2-8,1,8,0,7,7,"destination frame within window, includes cross-refresh",0.048582100442477634,0.04874627079282488,30.21204672346323,0.979010283946991,0.9721177050045559,0.041875052132776806,134352,134128,full64 actual bpp,0.00867796344521605
31,ulong,original,98881c99-ebda-4469-bbe4-0ee789ff217d,6,9-16,8,16,0,8,8,"destination frame within window, includes cross-refresh",0.05061891349032521,0.04959455132484436,30.22800312706034,0.9837797656655312,0.971656084060669,0.0332422093488276,126976,126720,full64 actual bpp,0.00867796344521605
31,ulong,original,98881c99-ebda-4469-bbe4-0ee789ff217d,6,17-32,16,32,1,15,16,"destination frame within window, includes cross-refresh",0.049896300537511706,0.0508619099855423,29.940415001193262,0.986900620162487,0.9727492406964302,0.03534042160026729,294608,294096,full64 actual bpp,0.00867796344521605
31,ulong,original,98881c99-ebda-4469-bbe4-0ee789ff217d,6,33-48,32,48,0,16,16,"destination frame within window, includes cross-refresh",0.05256777419708669,0.056509584188461304,29.661397475223175,0.9861127883195877,0.9716236144304276,0.03470191091764718,267024,266512,full64 actual bpp,0.00867796344521605
31,ulong,original,98881c99-ebda-4469-bbe4-0ee789ff217d,6,49-64,48,64,1,15,16,"destination frame within window, includes cross-refresh",0.048841494135558605,0.0592455118894577,30.65007847613053,0.9851401038467884,0.9744594879448414,0.038733542431145906,260704,260192,full64 actual bpp,0.00867796344521605
31,ulong,original,98881c99-ebda-4469-bbe4-0ee789ff217d,7,1-1,0,1,1,0,0,"destination frame within window, includes cross-refresh",0.03771945834159851,0.039716124534606934,32.79185871122597,0.9860885739326477,0.9806174635887146,,81648,81568,full64 actual bpp,0.01090042679398148
31,ulong,original,98881c99-ebda-4469-bbe4-0ee789ff217d,7,2-8,1,8,0,7,7,"destination frame within window, includes cross-refresh",0.04637328694973673,0.04675703389304025,30.36002174001539,0.9797481213297162,0.9731578656605312,0.03991017836545195,164600,164376,full64 actual bpp,0.01090042679398148
31,ulong,original,98881c99-ebda-4469-bbe4-0ee789ff217d,7,9-16,8,16,0,8,8,"destination frame within window, includes cross-refresh",0.04745178343728185,0.04770093411207199,30.367328074414036,0.984295442700386,0.9728557392954826,0.03030298207886517,163200,162944,full64 actual bpp,0.01090042679398148
31,ulong,original,98881c99-ebda-4469-bbe4-0ee789ff217d,7,17-32,16,32,1,15,16,"destination frame within window, includes cross-refresh",0.04700591624714434,0.04725910350680351,30.120506377828683,0.9874003268778324,0.9740844443440437,0.03315460646990687,370024,369512,full64 actual bpp,0.01090042679398148
31,ulong,original,98881c99-ebda-4469-bbe4-0ee789ff217d,7,33-48,32,48,0,16,16,"destination frame within window, includes cross-refresh",0.049362356308847666,0.05351124331355095,29.88791335938265,0.9867875687777996,0.9730813838541508,0.03261877258773893,334608,334096,full64 actual bpp,0.01090042679398148
31,ulong,original,98881c99-ebda-4469-bbe4-0ee789ff217d,7,49-64,48,64,1,15,16,"destination frame within window, includes cross-refresh",0.04601502604782581,0.055631812661886215,30.763381632003703,0.9854942634701729,0.975478034466505,0.03635458234930411,332520,332008,full64 actual bpp,0.01090042679398148
31,ulong,original,98881c99-ebda-4469-bbe4-0ee789ff217d,8,1-1,0,1,1,0,0,"destination frame within window, includes cross-refresh",0.03435548394918442,0.03506600856781006,33.005343293599516,0.9867678284645081,0.9821970462799072,,96488,96408,full64 actual bpp,0.013508873456790124
31,ulong,original,98881c99-ebda-4469-bbe4-0ee789ff217d,8,2-8,1,8,0,7,7,"destination frame within window, includes cross-refresh",0.0447744040616921,0.04572547333581107,30.494247935508227,0.9804105928965977,0.974346935749054,0.03810363741857665,198224,198000,full64 actual bpp,0.013508873456790124
31,ulong,original,98881c99-ebda-4469-bbe4-0ee789ff217d,8,9-16,8,16,0,8,8,"destination frame within window, includes cross-refresh",0.04504850460216403,0.04520316421985626,30.57030256649512,0.984994649887085,0.974325068295002,0.02902193716727197,209320,209064,full64 actual bpp,0.013508873456790124
31,ulong,original,98881c99-ebda-4469-bbe4-0ee789ff217d,8,17-32,16,32,1,15,16,"destination frame within window, includes cross-refresh",0.044393894262611866,0.04616246372461319,30.265704701063125,0.9878027066588402,0.9752976819872856,0.03018607187550515,457992,457480,full64 actual bpp,0.013508873456790124
31,ulong,original,98881c99-ebda-4469-bbe4-0ee789ff217d,8,33-48,32,48,0,16,16,"destination frame within window, includes cross-refresh",0.04694778914563358,0.05220624431967735,30.015367635304322,0.9871645793318748,0.9740842543542385,0.03096388326957822,413320,412808,full64 actual bpp,0.013508873456790124
31,ulong,original,98881c99-ebda-4469-bbe4-0ee789ff217d,8,49-64,48,64,1,15,16,"destination frame within window, includes cross-refresh",0.04364829696714878,0.053459007292985916,30.919430052477328,0.9859976246953011,0.9765957891941071,0.03412895603105426,417424,416912,full64 actual bpp,0.013508873456790124
31,ulong,original,98881c99-ebda-4469-bbe4-0ee789ff217d,9,1-1,0,1,1,0,0,"destination frame within window, includes cross-refresh",0.03249771147966385,0.032726287841796875,33.19550235065398,0.987362265586853,0.9829710721969604,,113552,113472,full64 actual bpp,0.01675395447530864
31,ulong,original,98881c99-ebda-4469-bbe4-0ee789ff217d,9,2-8,1,8,0,7,7,"destination frame within window, includes cross-refresh",0.0428104895566191,0.04438011986868722,30.684991307922743,0.9811911412647792,0.9753027047429766,0.03587332208241735,242208,241984,full64 actual bpp,0.01675395447530864
31,ulong,original,98881c99-ebda-4469-bbe4-0ee789ff217d,9,9-16,8,16,0,8,8,"destination frame within window, includes cross-refresh",0.042844105046242476,0.04400527477264404,30.715881059299125,0.985464945435524,0.9751771986484528,0.027255298802629113,262600,262344,full64 actual bpp,0.01675395447530864
31,ulong,original,98881c99-ebda-4469-bbe4-0ee789ff217d,9,17-32,16,32,1,15,16,"destination frame within window, includes cross-refresh",0.04224439524114132,0.04414194077253342,30.422283722960064,0.9882178641855717,0.9763975366950035,0.028675095411017537,567368,566856,full64 actual bpp,0.01675395447530864
31,ulong,original,98881c99-ebda-4469-bbe4-0ee789ff217d,9,33-48,32,48,0,16,16,"destination frame within window, includes cross-refresh",0.04490020219236612,0.04993800073862076,30.12377946906347,0.9874675646424294,0.9750634953379631,0.028242139029316604,515384,514872,full64 actual bpp,0.01675395447530864
31,ulong,original,98881c99-ebda-4469-bbe4-0ee789ff217d,9,49-64,48,64,1,15,16,"destination frame within window, includes cross-refresh",0.04177047614939511,0.05336296185851097,30.97668010714453,0.9861842542886734,0.9771031700074673,0.0319452402764,522312,521800,full64 actual bpp,0.01675395447530864
31,ulong,original,3ed03b37-46cd-442c-a790-29fd5ed72122,0,1-1,0,1,1,0,0,"destination frame within window, includes cross-refresh",0.3426004648208618,0.24811434745788574,24.638626759570535,0.9537195563316345,0.7519130110740662,,25712,25632,full64 actual bpp,0.0019312427662037037
31,ulong,original,3ed03b37-46cd-442c-a790-29fd5ed72122,0,2-8,1,8,0,7,7,"destination frame within window, includes cross-refresh",0.29569932392665316,0.14992363963808333,20.980361882735426,0.90910085609981,0.6948093857084002,0.3019966738564627,47272,47056,full64 actual bpp,0.0019312427662037037
31,ulong,original,3ed03b37-46cd-442c-a790-29fd5ed72122,0,9-16,8,16,0,8,8,"destination frame within window, includes cross-refresh",0.28846389800310135,0.14500701427459717,21.04249342800783,0.9085417985916138,0.6990634649991989,0.3103114329278469,4960,4760,full64 actual bpp,0.0019312427662037037
31,ulong,original,3ed03b37-46cd-442c-a790-29fd5ed72122,0,17-32,16,32,1,15,16,"destination frame within window, includes cross-refresh",0.2881087753921747,0.1561286635696888,20.931657146012668,0.9058003649115562,0.6947340480983257,0.3009137334302068,53648,53208,full64 actual bpp,0.0019312427662037037
31,ulong,original,3ed03b37-46cd-442c-a790-29fd5ed72122,0,33-48,32,48,0,16,16,"destination frame within window, includes cross-refresh",0.2863724362105131,0.16531223058700562,20.59986302872762,0.9041354954242706,0.7171770483255386,0.316362826153636,48976,48536,full64 actual bpp,0.0019312427662037037
31,ulong,original,3ed03b37-46cd-442c-a790-29fd5ed72122,0,49-64,48,64,1,15,16,"destination frame within window, includes cross-refresh",0.2893414534628391,0.16669797897338867,20.678440744653262,0.9038611724972725,0.7073700912296772,0.31496753823012114,75728,75296,full64 actual bpp,0.0019312427662037037
31,ulong,original,3ed03b37-46cd-442c-a790-29fd5ed72122,1,1-1,0,1,1,0,0,"destination frame within window, includes cross-refresh",0.31577539443969727,0.23601901531219482,24.963453763405738,0.9579461216926575,0.7794737815856934,,33536,33456,full64 actual bpp,0.0024647352430555557
31,ulong,original,3ed03b37-46cd-442c-a790-29fd5ed72122,1,2-8,1,8,0,7,7,"destination frame within window, includes cross-refresh",0.2723247494016375,0.13912277562277658,21.33834623344822,0.9160069993564061,0.7282645361764091,0.23587880283594131,63928,63712,full64 actual bpp,0.0024647352430555557
31,ulong,original,3ed03b37-46cd-442c-a790-29fd5ed72122,1,9-16,8,16,0,8,8,"destination frame within window, includes cross-refresh",0.26688534766435623,0.13395560532808304,21.41331334470069,0.915770411491394,0.7343185693025589,0.26274042949080467,4384,4192,full64 actual bpp,0.0024647352430555557
31,ulong,original,3ed03b37-46cd-442c-a790-29fd5ed72122,1,17-32,16,32,1,15,16,"destination frame within window, includes cross-refresh",0.27346351370215416,0.14184794202446938,21.246886550819088,0.9123829640448093,0.7243560664355755,0.26012904988601804,67456,67008,full64 actual bpp,0.0024647352430555557
31,ulong,original,3ed03b37-46cd-442c-a790-29fd5ed72122,1,33-48,32,48,0,16,16,"destination frame within window, includes cross-refresh",0.270060358569026,0.13773568347096443,20.901312751292238,0.9100713320076466,0.7394724227488041,0.2747957333922386,59760,59320,full64 actual bpp,0.0024647352430555557
31,ulong,original,3ed03b37-46cd-442c-a790-29fd5ed72122,1,49-64,48,64,1,15,16,"destination frame within window, includes cross-refresh",0.27115673199296,0.14294550567865372,21.07537777527319,0.9117532707750797,0.7356995232403278,0.28214612044394016,98032,97576,full64 actual bpp,0.0024647352430555557
31,ulong,original,3ed03b37-46cd-442c-a790-29fd5ed72122,2,1-1,0,1,1,0,0,"destination frame within window, includes cross-refresh",0.2887663245201111,0.20746773481369019,25.587648183176228,0.9636865854263306,0.8085920214653015,,43472,43392,full64 actual bpp,0.0031530912422839505
31,ulong,original,3ed03b37-46cd-442c-a790-29fd5ed72122,2,2-8,1,8,0,7,7,"destination frame within window, includes cross-refresh",0.2528084303651537,0.12380093336105347,21.60774435259222,0.9210148879459926,0.7553218943732125,0.22591183174933707,82400,82176,full64 actual bpp,0.0031530912422839505
31,ulong,original,3ed03b37-46cd-442c-a790-29fd5ed72122,2,9-16,8,16,0,8,8,"destination frame within window, includes cross-refresh",0.24840844981372356,0.1253182590007782,21.680129759419806,0.9210184887051582,0.7616235986351967,0.22008774988353252,6768,6552,full64 actual bpp,0.0031530912422839505
31,ulong,original,3ed03b37-46cd-442c-a790-29fd5ed72122,2,17-32,16,32,1,15,16,"destination frame within window, includes cross-refresh",0.2521037571132183,0.13311192020773888,21.56773777989223,0.9190638959407806,0.7561539262533188,0.22680436307564378,89488,89032,full64 actual bpp,0.0031530912422839505
31,ulong,original,3ed03b37-46cd-442c-a790-29fd5ed72122,2,33-48,32,48,0,16,16,"destination frame within window, includes cross-refresh",0.2556358613073826,0.12407035008072853,21.230541473938903,0.9159891456365585,0.7612191922962666,0.2540040910243988,75384,74920,full64 actual bpp,0.0031530912422839505
31,ulong,original,3ed03b37-46cd-442c-a790-29fd5ed72122,2,49-64,48,64,1,15,16,"destination frame within window, includes cross-refresh",0.256598312407732,0.13314980268478394,21.363683087104185,0.917380403727293,0.7565668225288391,0.25503803603351116,120936,120480,full64 actual bpp,0.0031530912422839505
31,ulong,original,3ed03b37-46cd-442c-a790-29fd5ed72122,3,1-1,0,1,1,0,0,"destination frame within window, includes cross-refresh",0.25181519985198975,0.20006728172302246,26.28479934425623,0.9691455364227295,0.8435356020927429,,59432,59352,full64 actual bpp,0.004035674672067901
31,ulong,original,3ed03b37-46cd-442c-a790-29fd5ed72122,3,2-8,1,8,0,7,7,"destination frame within window, includes cross-refresh",0.23759589876447404,0.11825892754963466,22.00599670362629,0.927834119115557,0.7865367191178458,0.19922177413744585,101976,101752,full64 actual bpp,0.004035674672067901
31,ulong,original,3ed03b37-46cd-442c-a790-29fd5ed72122,3,9-16,8,16,0,8,8,"destination frame within window, includes cross-refresh",0.23643015883862972,0.11598051339387894,21.980406769861858,0.9261598512530327,0.7867168113589287,0.2143552266061306,8320,8104,full64 actual bpp,0.004035674672067901
31,ulong,original,3ed03b37-46cd-442c-a790-29fd5ed72122,3,17-32,16,32,1,15,16,"destination frame within window, includes cross-refresh",0.24095134623348713,0.12251158058643341,21.879730170633966,0.9246153719723225,0.7818389572203159,0.21350278705358505,119896,119440,full64 actual bpp,0.004035674672067901
31,ulong,original,3ed03b37-46cd-442c-a790-29fd5ed72122,3,33-48,32,48,0,16,16,"destination frame within window, includes cross-refresh",0.2463502362370491,0.12118832021951675,21.5234708419137,0.9212662018835545,0.7813002094626427,0.2357319938018918,92464,91992,full64 actual bpp,0.004035674672067901
31,ulong,original,3ed03b37-46cd-442c-a790-29fd5ed72122,3,49-64,48,64,1,15,16,"destination frame within window, includes cross-refresh",0.2483137371018529,0.12867331504821777,21.651185252539992,0.9227233491837978,0.7787549421191216,0.23685918608680367,153488,153032,full64 actual bpp,0.004035674672067901
31,ulong,original,3ed03b37-46cd-442c-a790-29fd5ed72122,4,1-1,0,1,1,0,0,"destination frame within window, includes cross-refresh",0.22118765115737915,0.18385517597198486,27.08912053780292,0.9744768738746643,0.8760781288146973,,80696,80616,full64 actual bpp,0.00519187644675926
31,ulong,original,3ed03b37-46cd-442c-a790-29fd5ed72122,4,2-8,1,8,0,7,7,"destination frame within window, includes cross-refresh",0.22689140268734523,0.11475262471607753,22.315617450455516,0.932515629700252,0.8075897182737078,0.17825531560395444,128504,128280,full64 actual bpp,0.00519187644675926
31,ulong,original,3ed03b37-46cd-442c-a790-29fd5ed72122,4,9-16,8,16,0,8,8,"destination frame within window, includes cross-refresh",0.22844322212040424,0.12459202110767365,22.229113933751858,0.930307611823082,0.807061567902565,0.2082553319633007,12912,12688,full64 actual bpp,0.00519187644675926
31,ulong,original,3ed03b37-46cd-442c-a790-29fd5ed72122,4,17-32,16,32,1,15,16,"destination frame within window, includes cross-refresh",0.2295921454206109,0.12127053365111351,22.15403366534145,0.9293485879898071,0.8036682233214378,0.20330949360504746,158552,158096,full64 actual bpp,0.00519187644675926
31,ulong,original,3ed03b37-46cd-442c-a790-29fd5ed72122,4,33-48,32,48,0,16,16,"destination frame within window, includes cross-refresh",0.23570478335022926,0.11740582808852196,21.828696117637637,0.9263340532779694,0.8014575429260731,0.2222840404137969,116488,116008,full64 actual bpp,0.00519187644675926
31,ulong,original,3ed03b37-46cd-442c-a790-29fd5ed72122,4,49-64,48,64,1,15,16,"destination frame within window, includes cross-refresh",0.23738910350948572,0.12863252311944962,21.971982841521378,0.9280407167971134,0.8000678792595863,0.22512948978692293,191864,191392,full64 actual bpp,0.00519187644675926
31,ulong,original,3ed03b37-46cd-442c-a790-29fd5ed72122,5,1-1,0,1,1,0,0,"destination frame within window, includes cross-refresh",0.18534985184669495,0.17151159048080444,27.8387120845791,0.9786438345909119,0.9036194682121277,,105312,105232,full64 actual bpp,0.006622841917438272
31,ulong,original,3ed03b37-46cd-442c-a790-29fd5ed72122,5,2-8,1,8,0,7,7,"destination frame within window, includes cross-refresh",0.21725717186927795,0.11584139721734184,22.595559431786228,0.9364717432430812,0.8241517203194755,0.16389323877436773,158128,157904,full64 actual bpp,0.006622841917438272
31,ulong,original,3ed03b37-46cd-442c-a790-29fd5ed72122,5,9-16,8,16,0,8,8,"destination frame within window, includes cross-refresh",0.21666115894913673,0.1161840483546257,22.508640291846785,0.9343994483351707,0.8241772204637527,0.19660948030650616,22720,22472,full64 actual bpp,0.006622841917438272
31,ulong,original,3ed03b37-46cd-442c-a790-29fd5ed72122,5,17-32,16,32,1,15,16,"destination frame within window, includes cross-refresh",0.2190301800146699,0.11911258473992348,22.455053776038675,0.934044748544693,0.822834562510252,0.19188282079994678,213280,212816,full64 actual bpp,0.006622841917438272
31,ulong,original,3ed03b37-46cd-442c-a790-29fd5ed72122,5,33-48,32,48,0,16,16,"destination frame within window, includes cross-refresh",0.22599023766815662,0.11179874464869499,22.126561495354352,0.9309089444577694,0.8193129785358906,0.20522572193294764,144624,144112,full64 actual bpp,0.006622841917438272
31,ulong,original,3ed03b37-46cd-442c-a790-29fd5ed72122,5,49-64,48,64,1,15,16,"destination frame within window, includes cross-refresh",0.22805472742766142,0.12395288422703743,22.233350491042092,0.9322755970060825,0.817605335265398,0.21212690137326717,234856,234352,full64 actual bpp,0.006622841917438272
31,ulong,original,3ed03b37-46cd-442c-a790-29fd5ed72122,6,1-1,0,1,1,0,0,"destination frame within window, includes cross-refresh",0.15680047869682312,0.15934866666793823,28.508105699721224,0.9816933870315552,0.9218802452087402,,129520,129440,full64 actual bpp,0.008220003858024691
31,ulong,original,3ed03b37-46cd-442c-a790-29fd5ed72122,6,2-8,1,8,0,7,7,"destination frame within window, includes cross-refresh",0.21027723593371256,0.1151098268372672,22.759715746459367,0.93874933889934,0.8349473050662449,0.16031004129243748,190264,190040,full64 actual bpp,0.008220003858024691
31,ulong,original,3ed03b37-46cd-442c-a790-29fd5ed72122,6,9-16,8,16,0,8,8,"destination frame within window, includes cross-refresh",0.20635161362588406,0.11770578473806381,22.712901306786623,0.9372801557183266,0.8364059403538704,0.18992463313043118,34744,34488,full64 actual bpp,0.008220003858024691
31,ulong,original,3ed03b37-46cd-442c-a790-29fd5ed72122,6,17-32,16,32,1,15,16,"destination frame within window, includes cross-refresh",0.20905468240380287,0.11729740723967552,22.653776547402448,0.9370162189006805,0.8351435698568821,0.17732891160994768,270200,269712,full64 actual bpp,0.008220003858024691
31,ulong,original,3ed03b37-46cd-442c-a790-29fd5ed72122,6,33-48,32,48,0,16,16,"destination frame within window, includes cross-refresh",0.21745934151113033,0.11249442026019096,22.354524465535256,0.9342364519834518,0.8326907530426979,0.19385027047246695,172776,172264,full64 actual bpp,0.008220003858024691
31,ulong,original,3ed03b37-46cd-442c-a790-29fd5ed72122,6,49-64,48,64,1,15,16,"destination frame within window, includes cross-refresh",0.21889513358473778,0.12576161324977875,22.484962414857442,0.9360125586390495,0.8326833061873913,0.2032976085320115,293376,292864,full64 actual bpp,0.008220003858024691
31,ulong,original,3ed03b37-46cd-442c-a790-29fd5ed72122,7,1-1,0,1,1,0,0,"destination frame within window, includes cross-refresh",0.14160990715026855,0.14693468809127808,29.02974576795212,0.9837932586669922,0.934283435344696,,154280,154184,full64 actual bpp,0.010134367766203703
31,ulong,original,3ed03b37-46cd-442c-a790-29fd5ed72122,7,2-8,1,8,0,7,7,"destination frame within window, includes cross-refresh",0.20256354766232626,0.11157126086098808,22.947813820195872,0.9412200450897217,0.8440446938787188,0.15181007449116027,225152,224928,full64 actual bpp,0.010134367766203703
31,ulong,original,3ed03b37-46cd-442c-a790-29fd5ed72122,7,9-16,8,16,0,8,8,"destination frame within window, includes cross-refresh",0.19874033890664577,0.10905103385448456,22.906109065595512,0.9398675933480263,0.8464020416140556,0.18331685848534107,53232,52976,full64 actual bpp,0.010134367766203703
31,ulong,original,3ed03b37-46cd-442c-a790-29fd5ed72122,7,17-32,16,32,1,15,16,"destination frame within window, includes cross-refresh",0.20023034699261189,0.11136261001229286,22.845436907113626,0.9397673532366753,0.8466209694743156,0.17395272525027394,340776,340248,full64 actual bpp,0.010134367766203703
31,ulong,original,3ed03b37-46cd-442c-a790-29fd5ed72122,7,33-48,32,48,0,16,16,"destination frame within window, includes cross-refresh",0.20994026120752096,0.10958776995539665,22.553618850727457,0.937080767005682,0.8440920189023018,0.18857958354055882,214000,213488,full64 actual bpp,0.010134367766203703
31,ulong,original,3ed03b37-46cd-442c-a790-29fd5ed72122,7,49-64,48,64,1,15,16,"destination frame within window, includes cross-refresh",0.21065108850598335,0.11715158820152283,22.669714167069763,0.9387144707143307,0.844680231064558,0.1928033996373415,357496,356968,full64 actual bpp,0.010134367766203703
31,ulong,original,3ed03b37-46cd-442c-a790-29fd5ed72122,8,1-1,0,1,1,0,0,"destination frame within window, includes cross-refresh",0.1298002153635025,0.13297134637832642,29.509464926811816,0.9854927062988281,0.9430955648422241,,177544,177448,full64 actual bpp,0.012192443094135802
31,ulong,original,3ed03b37-46cd-442c-a790-29fd5ed72122,8,2-8,1,8,0,7,7,"destination frame within window, includes cross-refresh",0.19699195453098842,0.10795359100614275,23.063403958127584,0.9427195702280317,0.8500916276659284,0.14728342023278987,262312,262088,full64 actual bpp,0.012192443094135802
31,ulong,original,3ed03b37-46cd-442c-a790-29fd5ed72122,8,9-16,8,16,0,8,8,"destination frame within window, includes cross-refresh",0.19151754304766655,0.10753786563873291,23.050724832754668,0.9418760389089584,0.8547919765114784,0.17445272766053677,80336,80080,full64 actual bpp,0.012192443094135802
31,ulong,original,3ed03b37-46cd-442c-a790-29fd5ed72122,8,17-32,16,32,1,15,16,"destination frame within window, includes cross-refresh",0.19266177713871002,0.11163724586367607,23.010397667781348,0.9419810175895691,0.8550065532326698,0.16214516526088119,410360,409832,full64 actual bpp,0.012192443094135802
31,ulong,original,3ed03b37-46cd-442c-a790-29fd5ed72122,8,33-48,32,48,0,16,16,"destination frame within window, includes cross-refresh",0.20343342702835798,0.10996458679437637,22.740308899215886,0.939502727240324,0.8529546223580837,0.17994255386292934,267648,267136,full64 actual bpp,0.012192443094135802
31,ulong,original,3ed03b37-46cd-442c-a790-29fd5ed72122,8,49-64,48,64,1,15,16,"destination frame within window, includes cross-refresh",0.20490565709769726,0.11489438638091087,22.832368532327404,0.9409021772444248,0.8534299433231354,0.18778027733787894,419864,419336,full64 actual bpp,0.012192443094135802
31,ulong,original,3ed03b37-46cd-442c-a790-29fd5ed72122,9,1-1,0,1,1,0,0,"destination frame within window, includes cross-refresh",0.12179017812013626,0.13319408893585205,29.773800060237456,0.9863777756690979,0.9484063982963562,,199072,198976,full64 actual bpp,0.014502254533179012
31,ulong,original,3ed03b37-46cd-442c-a790-29fd5ed72122,9,2-8,1,8,0,7,7,"destination frame within window, includes cross-refresh",0.1913671110357557,0.10265687533787318,23.12773525648362,0.9435174124581474,0.8538331730025155,0.1478398914581963,300184,299960,full64 actual bpp,0.014502254533179012
31,ulong,original,3ed03b37-46cd-442c-a790-29fd5ed72122,9,9-16,8,16,0,8,8,"destination frame within window, includes cross-refresh",0.185591422021389,0.10098033398389816,23.14899083460881,0.9432326182723045,0.8606460019946098,0.17992129921913147,115784,115528,full64 actual bpp,0.014502254533179012
31,ulong,original,3ed03b37-46cd-442c-a790-29fd5ed72122,9,17-32,16,32,1,15,16,"destination frame within window, includes cross-refresh",0.18720217887312174,0.10636701434850693,23.112084085887073,0.9434058852493763,0.861267913132906,0.16202232288196683,491608,491080,full64 actual bpp,0.014502254533179012
31,ulong,original,3ed03b37-46cd-442c-a790-29fd5ed72122,9,33-48,32,48,0,16,16,"destination frame within window, includes cross-refresh",0.19853847939521074,0.10753995552659035,22.863090198896188,0.9411289617419243,0.8592849895358086,0.1767701874487102,326248,325736,full64 actual bpp,0.014502254533179012
31,ulong,original,3ed03b37-46cd-442c-a790-29fd5ed72122,9,49-64,48,64,1,15,16,"destination frame within window, includes cross-refresh",0.19981506653130054,0.11241953819990158,22.94484905974882,0.9424276053905487,0.8598532974720001,0.18304836261086166,491704,491176,full64 actual bpp,0.014502254533179012
31,ulong,original,ce6f8354-ba57-487f-9f25-1b1271db4511,0,1-1,0,1,1,0,0,"destination frame within window, includes cross-refresh",0.11947529762983322,0.10258501768112183,29.584961486160203,0.9533121585845947,0.9495490789413452,,24088,24008,full64 actual bpp,0.0025932556905864197
31,ulong,original,ce6f8354-ba57-487f-9f25-1b1271db4511,0,2-8,1,8,0,7,7,"destination frame within window, includes cross-refresh",0.13804760149547032,0.11814791815621513,28.463073583021206,0.9463402628898621,0.9472412381853376,0.13232459340776717,60752,60528,full64 actual bpp,0.0025932556905864197
31,ulong,original,ce6f8354-ba57-487f-9f25-1b1271db4511,0,9-16,8,16,0,8,8,"destination frame within window, includes cross-refresh",0.151321972720325,0.13805001974105835,27.91884889024343,0.9399212822318077,0.9420310258865356,0.14784363470971584,35344,35088,full64 actual bpp,0.0025932556905864197
31,ulong,original,ce6f8354-ba57-487f-9f25-1b1271db4511,0,17-32,16,32,1,15,16,"destination frame within window, includes cross-refresh",0.1363743799738586,0.13246071711182594,28.44097701002306,0.9471830129623413,0.9472482539713383,0.1139753945171833,74784,74272,full64 actual bpp,0.0025932556905864197
31,ulong,original,ce6f8354-ba57-487f-9f25-1b1271db4511,0,33-48,32,48,0,16,16,"destination frame within window, includes cross-refresh",0.14511720091104507,0.13969570770859718,28.35555570809533,0.943299189209938,0.9444922916591167,0.1093682162463665,76696,76184,full64 actual bpp,0.0025932556905864197
31,ulong,original,ce6f8354-ba57-487f-9f25-1b1271db4511,0,49-64,48,64,1,15,16,"destination frame within window, includes cross-refresh",0.13634145492687821,0.1491079479455948,28.64130661416643,0.9411872811615467,0.9477646239101887,0.10527683282271028,72488,71984,full64 actual bpp,0.0025932556905864197
31,ulong,original,ce6f8354-ba57-487f-9f25-1b1271db4511,1,1-1,0,1,1,0,0,"destination frame within window, includes cross-refresh",0.10444812476634979,0.08957630395889282,30.013652315482066,0.9576983451843262,0.9551423788070679,,30416,30336,full64 actual bpp,0.0035386525848765432
31,ulong,original,ce6f8354-ba57-487f-9f25-1b1271db4511,1,2-8,1,8,0,7,7,"destination frame within window, includes cross-refresh",0.11823453115565437,0.11098111527306694,28.796707974317464,0.9501191803387233,0.9532416803496224,0.1124182151896613,76536,76312,full64 actual bpp,0.0035386525848765432
31,ulong,original,ce6f8354-ba57-487f-9f25-1b1271db4511,1,9-16,8,16,0,8,8,"destination frame within window, includes cross-refresh",0.13531557191163301,0.12172664701938629,28.31312889672348,0.9447573274374008,0.9476019889116287,0.12929425109177828,50512,50256,full64 actual bpp,0.0035386525848765432
31,ulong,original,ce6f8354-ba57-487f-9f25-1b1271db4511,1,17-32,16,32,1,15,16,"destination frame within window, includes cross-refresh",0.12358002178370953,0.1193046048283577,28.598988512306217,0.9492926597595215,0.9523041397333145,0.10119220428168774,107032,106520,full64 actual bpp,0.0035386525848765432
31,ulong,original,ce6f8354-ba57-487f-9f25-1b1271db4511,1,33-48,32,48,0,16,16,"destination frame within window, includes cross-refresh",0.13188639655709267,0.13187448680400848,28.55302429527393,0.945842981338501,0.9497684463858604,0.10284386202692986,102984,102472,full64 actual bpp,0.0035386525848765432
31,ulong,original,ce6f8354-ba57-487f-9f25-1b1271db4511,1,49-64,48,64,1,15,16,"destination frame within window, includes cross-refresh",0.12315535638481379,0.14017344638705254,28.99587675232079,0.9456245861947536,0.9525524601340294,0.09806793835014105,102136,101624,full64 actual bpp,0.0035386525848765432
31,ulong,original,ce6f8354-ba57-487f-9f25-1b1271db4511,2,1-1,0,1,1,0,0,"destination frame within window, includes cross-refresh",0.08503346145153046,0.07954096794128418,31.020786699254458,0.9661790132522583,0.9614310264587402,,36920,36840,full64 actual bpp,0.004901258680555556
31,ulong,original,ce6f8354-ba57-487f-9f25-1b1271db4511,2,2-8,1,8,0,7,7,"destination frame within window, includes cross-refresh",0.10205486416816711,0.10117507832390922,29.30592551010995,0.9553283367838178,0.9592176505497524,0.0947506885443415,95904,95680,full64 actual bpp,0.004901258680555556
31,ulong,original,ce6f8354-ba57-487f-9f25-1b1271db4511,2,9-16,8,16,0,8,8,"destination frame within window, includes cross-refresh",0.11700336169451475,0.11494088172912598,28.94487065582806,0.9516948089003563,0.9548969864845276,0.11001183651387691,75032,74776,full64 actual bpp,0.004901258680555556
31,ulong,original,ce6f8354-ba57-487f-9f25-1b1271db4511,2,17-32,16,32,1,15,16,"destination frame within window, includes cross-refresh",0.1083374498412013,0.11301129311323166,29.114526008498462,0.9546160958707333,0.9583984650671482,0.08843111898750067,153632,153120,full64 actual bpp,0.004901258680555556
31,ulong,original,ce6f8354-ba57-487f-9f25-1b1271db4511,2,33-48,32,48,0,16,16,"destination frame within window, includes cross-refresh",0.11564699420705438,0.12130730971693993,29.021243731495037,0.9509931281208992,0.9554615654051304,0.09241417120210826,145016,144504,full64 actual bpp,0.004901258680555556
31,ulong,original,ce6f8354-ba57-487f-9f25-1b1271db4511,2,49-64,48,64,1,15,16,"destination frame within window, includes cross-refresh",0.10878046741709113,0.13047292083501816,29.4077039038306,0.9501131251454353,0.9578615203499794,0.08642326365225017,143944,143432,full64 actual bpp,0.004901258680555556
31,ulong,original,ce6f8354-ba57-487f-9f25-1b1271db4511,3,1-1,0,1,1,0,0,"destination frame within window, includes cross-refresh",0.0737486407160759,0.07725179195404053,31.646492036778305,0.9708283543586731,0.9670505523681641,,45552,45472,full64 actual bpp,0.006574254918981481
31,ulong,original,ce6f8354-ba57-487f-9f25-1b1271db4511,3,2-8,1,8,0,7,7,"destination frame within window, includes cross-refresh",0.08941272752625602,0.09773341247013637,29.775333199416806,0.9595409376280648,0.9638555901391166,0.08088508620858192,118656,118432,full64 actual bpp,0.006574254918981481
31,ulong,original,ce6f8354-ba57-487f-9f25-1b1271db4511,3,9-16,8,16,0,8,8,"destination frame within window, includes cross-refresh",0.10408580582588911,0.1121593564748764,29.233560568615,0.9546662271022797,0.9597123563289642,0.09407463856041431,102560,102304,full64 actual bpp,0.006574254918981481
31,ulong,original,ce6f8354-ba57-487f-9f25-1b1271db4511,3,17-32,16,32,1,15,16,"destination frame within window, includes cross-refresh",0.09701758716255426,0.10762928798794746,29.445394784234647,0.9576762318611145,0.9623979292809963,0.07781298994086683,209352,208840,full64 actual bpp,0.006574254918981481
31,ulong,original,ce6f8354-ba57-487f-9f25-1b1271db4511,3,33-48,32,48,0,16,16,"destination frame within window, includes cross-refresh",0.10245996527373791,0.11321376264095306,29.42607715861238,0.9549352191388607,0.9599678441882133,0.07933923904784024,194664,194152,full64 actual bpp,0.006574254918981481
31,ulong,original,ce6f8354-ba57-487f-9f25-1b1271db4511,3,49-64,48,64,1,15,16,"destination frame within window, includes cross-refresh",0.0957870576530695,0.12294992431998253,29.807251106497947,0.9541394077241421,0.9619943685829639,0.07577224052511156,201688,201176,full64 actual bpp,0.006574254918981481
31,ulong,original,ce6f8354-ba57-487f-9f25-1b1271db4511,4,1-1,0,1,1,0,0,"destination frame within window, includes cross-refresh",0.0639859288930893,0.07252675294876099,32.10717300354975,0.973821759223938,0.9715373516082764,,55808,55728,full64 actual bpp,0.008670006269290124
31,ulong,original,ce6f8354-ba57-487f-9f25-1b1271db4511,4,2-8,1,8,0,7,7,"destination frame within window, includes cross-refresh",0.07956895232200623,0.09492371763501849,30.15047773042002,0.9626612663269043,0.9673259173120771,0.06948493474296161,147688,147464,full64 actual bpp,0.008670006269290124
31,ulong,original,ce6f8354-ba57-487f-9f25-1b1271db4511,4,9-16,8,16,0,8,8,"destination frame within window, includes cross-refresh",0.09145989548414946,0.10322167724370956,29.830918575840574,0.9598981663584709,0.9641960263252258,0.08165234699845314,137432,137176,full64 actual bpp,0.008670006269290124
31,ulong,original,ce6f8354-ba57-487f-9f25-1b1271db4511,4,17-32,16,32,1,15,16,"destination frame within window, includes cross-refresh",0.08643422555178404,0.0992157906293869,30.025056411957785,0.9624202623963356,0.9667415209114552,0.07033189968205988,277680,277168,full64 actual bpp,0.008670006269290124
31,ulong,original,ce6f8354-ba57-487f-9f25-1b1271db4511,4,33-48,32,48,0,16,16,"destination frame within window, includes cross-refresh",0.09017579723149538,0.10761339217424393,29.889966381994014,0.9590928666293621,0.9638324715197086,0.07085324497893453,260848,260336,full64 actual bpp,0.008670006269290124
31,ulong,original,ce6f8354-ba57-487f-9f25-1b1271db4511,4,49-64,48,64,1,15,16,"destination frame within window, includes cross-refresh",0.08532738126814365,0.1166679710149765,30.276317605549764,0.9583374299108982,0.9657944105565548,0.06601811060681939,271144,270632,full64 actual bpp,0.008670006269290124
31,ulong,original,ce6f8354-ba57-487f-9f25-1b1271db4511,5,1-1,0,1,1,0,0,"destination frame within window, includes cross-refresh",0.05749054625630379,0.06176871061325073,32.62041394249204,0.9766561985015869,0.9754959940910339,,67864,67784,full64 actual bpp,0.011198519483024692
31,ulong,original,ce6f8354-ba57-487f-9f25-1b1271db4511,5,2-8,1,8,0,7,7,"destination frame within window, includes cross-refresh",0.07340040164334434,0.08823845216206141,30.449885874094946,0.9649564794131688,0.9699420162609645,0.06472350603767804,181592,181368,full64 actual bpp,0.011198519483024692
31,ulong,original,ce6f8354-ba57-487f-9f25-1b1271db4511,5,9-16,8,16,0,8,8,"destination frame within window, includes cross-refresh",0.08213972672820091,0.09997082501649857,30.17242137648134,0.9626685976982117,0.9674065783619881,0.07312121568247676,179216,178960,full64 actual bpp,0.011198519483024692
31,ulong,original,ce6f8354-ba57-487f-9f25-1b1271db4511,5,17-32,16,32,1,15,16,"destination frame within window, includes cross-refresh",0.07846755255013704,0.09393258765339851,30.289591275009865,0.9644970446825027,0.9692794866859913,0.06345604360103607,360808,360296,full64 actual bpp,0.011198519483024692
31,ulong,original,ce6f8354-ba57-487f-9f25-1b1271db4511,5,33-48,32,48,0,16,16,"destination frame within window, includes cross-refresh",0.08128931652754545,0.10270656272768974,30.242079571162492,0.9620273001492023,0.9670184776186943,0.06410867278464139,341912,341400,full64 actual bpp,0.011198519483024692
31,ulong,original,ce6f8354-ba57-487f-9f25-1b1271db4511,5,49-64,48,64,1,15,16,"destination frame within window, includes cross-refresh",0.07612231117673218,0.10691729560494423,30.739181516322738,0.9621651731431484,0.968990221619606,0.0593649388756603,354768,354256,full64 actual bpp,0.011198519483024692
31,ulong,original,ce6f8354-ba57-487f-9f25-1b1271db4511,6,1-1,0,1,1,0,0,"destination frame within window, includes cross-refresh",0.05156960338354111,0.06274574995040894,32.89951278269654,0.9782481789588928,0.9784116148948669,,80792,80712,full64 actual bpp,0.014154972029320988
31,ulong,original,ce6f8354-ba57-487f-9f25-1b1271db4511,6,2-8,1,8,0,7,7,"destination frame within window, includes cross-refresh",0.06860672097120966,0.0848866275378636,30.77695740637335,0.967323192528316,0.9723557489258903,0.0590230758701052,219168,218944,full64 actual bpp,0.014154972029320988
31,ulong,original,ce6f8354-ba57-487f-9f25-1b1271db4511,6,9-16,8,16,0,8,8,"destination frame within window, includes cross-refresh",0.07574816606938839,0.0947551429271698,30.556516373749893,0.9655952900648117,0.970341794192791,0.06713033048436046,227392,227136,full64 actual bpp,0.014154972029320988
31,ulong,original,ce6f8354-ba57-487f-9f25-1b1271db4511,6,17-32,16,32,1,15,16,"destination frame within window, includes cross-refresh",0.07176120229996741,0.09109491854906082,30.64054212740452,0.9670240096747875,0.9717002287507057,0.05904596671462059,457576,457064,full64 actual bpp,0.014154972029320988
31,ulong,original,ce6f8354-ba57-487f-9f25-1b1271db4511,6,33-48,32,48,0,16,16,"destination frame within window, includes cross-refresh",0.07497655972838402,0.09717055782675743,30.641074662457942,0.9650756418704987,0.9699609316885471,0.05970290722325444,440096,439584,full64 actual bpp,0.014154972029320988
31,ulong,original,ce6f8354-ba57-487f-9f25-1b1271db4511,6,49-64,48,64,1,15,16,"destination frame within window, includes cross-refresh",0.06941283051855862,0.09814388304948807,31.128093940357434,0.9651228860020638,0.9716931283473969,0.05507784988731146,453488,452976,full64 actual bpp,0.014154972029320988
31,ulong,original,ce6f8354-ba57-487f-9f25-1b1271db4511,7,1-1,0,1,1,0,0,"destination frame within window, includes cross-refresh",0.046837303787469864,0.05373793840408325,33.29249464153484,0.9801149964332581,0.9807804822921753,,97432,97352,full64 actual bpp,0.017752037519290123
31,ulong,original,ce6f8354-ba57-487f-9f25-1b1271db4511,7,2-8,1,8,0,7,7,"destination frame within window, includes cross-refresh",0.06417056279523033,0.08143964835575648,31.148618650823572,0.9698535970279148,0.9745026060513088,0.055921989892210276,263392,263168,full64 actual bpp,0.017752037519290123
31,ulong,original,ce6f8354-ba57-487f-9f25-1b1271db4511,7,9-16,8,16,0,8,8,"destination frame within window, includes cross-refresh",0.07000835984945297,0.08906117081642151,30.85751104501335,0.967752568423748,0.9727730005979538,0.061641687992960215,286848,286592,full64 actual bpp,0.017752037519290123
31,ulong,original,ce6f8354-ba57-487f-9f25-1b1271db4511,7,17-32,16,32,1,15,16,"destination frame within window, includes cross-refresh",0.06752369180321693,0.08490431681275368,30.89069319737562,0.9687068201601505,0.9736326672136784,0.05523564270697534,575968,575456,full64 actual bpp,0.017752037519290123
31,ulong,original,ce6f8354-ba57-487f-9f25-1b1271db4511,7,33-48,32,48,0,16,16,"destination frame within window, includes cross-refresh",0.0695796434301883,0.09353520721197128,30.93067458429358,0.9671762846410275,0.9720549024641514,0.05473585915751755,558408,557896,full64 actual bpp,0.017752037519290123
31,ulong,original,ce6f8354-ba57-487f-9f25-1b1271db4511,7,49-64,48,64,1,15,16,"destination frame within window, includes cross-refresh",0.06459035421721637,0.09599428623914719,31.395182103823046,0.9671034328639507,0.9738112539052963,0.05216118704993278,573832,573320,full64 actual bpp,0.017752037519290123
31,ulong,original,ce6f8354-ba57-487f-9f25-1b1271db4511,8,1-1,0,1,1,0,0,"destination frame within window, includes cross-refresh",0.04391208291053772,0.05321711301803589,33.420499990031,0.9807690978050232,0.982268214225769,,116240,116160,full64 actual bpp,0.021844135802469137
31,ulong,original,ce6f8354-ba57-487f-9f25-1b1271db4511,8,2-8,1,8,0,7,7,"destination frame within window, includes cross-refresh",0.06058689100401742,0.07834991386958531,31.302504683027053,0.9708799464362008,0.9758383972304208,0.05187656730413437,314216,313992,full64 actual bpp,0.021844135802469137
31,ulong,original,ce6f8354-ba57-487f-9f25-1b1271db4511,8,9-16,8,16,0,8,8,"destination frame within window, includes cross-refresh",0.06638686405494809,0.08728502690792084,31.16349321642456,0.9697839096188545,0.9745927155017853,0.05818353593349457,353752,353496,full64 actual bpp,0.021844135802469137
31,ulong,original,ce6f8354-ba57-487f-9f25-1b1271db4511,8,17-32,16,32,1,15,16,"destination frame within window, includes cross-refresh",0.06309231137856841,0.08233879506587982,31.202961044824423,0.970719289034605,0.9754042141139507,0.051296146120876074,711720,711208,full64 actual bpp,0.021844135802469137
31,ulong,original,ce6f8354-ba57-487f-9f25-1b1271db4511,8,33-48,32,48,0,16,16,"destination frame within window, includes cross-refresh",0.06521918950602412,0.08959406614303589,31.262072095875148,0.9694389440119267,0.9739808067679405,0.052093770587816834,689712,689200,full64 actual bpp,0.021844135802469137
31,ulong,original,ce6f8354-ba57-487f-9f25-1b1271db4511,8,49-64,48,64,1,15,16,"destination frame within window, includes cross-refresh",0.060249247355386615,0.08921143785119057,31.642247616701813,0.968884777277708,0.9755152761936188,0.049501328729093075,713304,712792,full64 actual bpp,0.021844135802469137
31,ulong,original,ce6f8354-ba57-487f-9f25-1b1271db4511,9,1-1,0,1,1,0,0,"destination frame within window, includes cross-refresh",0.04143981263041496,0.05216926336288452,33.64638979561868,0.9818326234817505,0.9838341474533081,,135848,135752,full64 actual bpp,0.026521508487654322
31,ulong,original,ce6f8354-ba57-487f-9f25-1b1271db4511,9,2-8,1,8,0,7,7,"destination frame within window, includes cross-refresh",0.058908265084028244,0.07787298304694039,31.50259227040758,0.9721388050488063,0.9769856078284127,0.050373012998274395,370920,370696,full64 actual bpp,0.026521508487654322
31,ulong,original,ce6f8354-ba57-487f-9f25-1b1271db4511,9,9-16,8,16,0,8,8,"destination frame within window, includes cross-refresh",0.06344822701066732,0.08730454742908478,31.299693167207625,0.9706966876983643,0.9756760448217392,0.05494169984012842,428544,428288,full64 actual bpp,0.026521508487654322
31,ulong,original,ce6f8354-ba57-487f-9f25-1b1271db4511,9,17-32,16,32,1,15,16,"destination frame within window, includes cross-refresh",0.059485807083547115,0.07910386845469475,31.361046935595176,0.9717245101928711,0.9766358770430088,0.04889756697230041,865024,864496,full64 actual bpp,0.026521508487654322
31,ulong,original,ce6f8354-ba57-487f-9f25-1b1271db4511,9,33-48,32,48,0,16,16,"destination frame within window, includes cross-refresh",0.062092876294627786,0.08804494515061378,31.439246715941028,0.9706022292375565,0.9753657355904579,0.04883370827883482,846472,845960,full64 actual bpp,0.026521508487654322
31,ulong,original,ce6f8354-ba57-487f-9f25-1b1271db4511,9,49-64,48,64,1,15,16,"destination frame within window, includes cross-refresh",0.056879337411373854,0.08760213851928711,31.827850488168764,0.9701410308480263,0.9768284596502781,0.046039526583626866,872872,872360,full64 actual bpp,0.026521508487654322
31,ulong,original,259bf3b4-4af4-4e1a-af3e-4b7df23dc061,0,1-1,0,1,1,0,0,"destination frame within window, includes cross-refresh",0.314560204744339,0.13959378004074097,22.217532681242208,0.9231821894645691,0.6736137270927429,,24112,24032,full64 actual bpp,0.0019263599537037038
31,ulong,original,259bf3b4-4af4-4e1a-af3e-4b7df23dc061,0,2-8,1,8,0,7,7,"destination frame within window, includes cross-refresh",0.27795277323041645,0.13399434089660645,22.708982241843284,0.9356973511832101,0.7618760892323085,0.29683105860437664,46192,45992,full64 actual bpp,0.0019263599537037038
31,ulong,original,259bf3b4-4af4-4e1a-af3e-4b7df23dc061,0,9-16,8,16,0,8,8,"destination frame within window, includes cross-refresh",0.28019871935248375,0.14305861294269562,22.40348465573714,0.931617297232151,0.7539904341101646,0.2813032306730747,4160,3960,full64 actual bpp,0.0019263599537037038
31,ulong,original,259bf3b4-4af4-4e1a-af3e-4b7df23dc061,0,17-32,16,32,1,15,16,"destination frame within window, includes cross-refresh",0.2817225642502308,0.14424847811460495,22.36846021858346,0.930777058005333,0.7500191293656826,0.28086866065859795,49928,49488,full64 actual bpp,0.0019263599537037038
31,ulong,original,259bf3b4-4af4-4e1a-af3e-4b7df23dc061,0,33-48,32,48,0,16,16,"destination frame within window, includes cross-refresh",0.2863141708076,0.12795909121632576,22.326205549081024,0.9311892949044704,0.7486003749072552,0.2876240611076355,51832,51392,full64 actual bpp,0.0019263599537037038
31,ulong,original,259bf3b4-4af4-4e1a-af3e-4b7df23dc061,0,49-64,48,64,1,15,16,"destination frame within window, includes cross-refresh",0.2866034787148237,0.1292298287153244,22.283814990060748,0.930776122957468,0.7444620914757252,0.2873268071562052,79424,78984,full64 actual bpp,0.0019263599537037038
31,ulong,original,259bf3b4-4af4-4e1a-af3e-4b7df23dc061,1,1-1,0,1,1,0,0,"destination frame within window, includes cross-refresh",0.2999553382396698,0.12496834993362427,22.499469221935236,0.9287722110748291,0.7009496688842773,,31008,30928,full64 actual bpp,0.0024379701967592593
31,ulong,original,259bf3b4-4af4-4e1a-af3e-4b7df23dc061,1,2-8,1,8,0,7,7,"destination frame within window, includes cross-refresh",0.2589426508971623,0.12121251651218959,23.059169888007553,0.9404907822608948,0.7861469302858625,0.2748709235872541,56736,56528,full64 actual bpp,0.0024379701967592593
31,ulong,original,259bf3b4-4af4-4e1a-af3e-4b7df23dc061,1,9-16,8,16,0,8,8,"destination frame within window, includes cross-refresh",0.26259513199329376,0.1300206556916237,22.749520580753163,0.9368746653199196,0.7799201309680939,0.2585045974701643,4176,3984,full64 actual bpp,0.0024379701967592593
31,ulong,original,259bf3b4-4af4-4e1a-af3e-4b7df23dc061,1,17-32,16,32,1,15,16,"destination frame within window, includes cross-refresh",0.26319218426942825,0.1287904605269432,22.69773285738097,0.9358933828771114,0.7740874066948891,0.25828867871314287,64168,63728,full64 actual bpp,0.0024379701967592593
31,ulong,original,259bf3b4-4af4-4e1a-af3e-4b7df23dc061,1,33-48,32,48,0,16,16,"destination frame within window, includes cross-refresh",0.26222279481589794,0.1200447604060173,22.812170559822665,0.9382504262030125,0.7803782857954502,0.25942953303456306,64144,63712,full64 actual bpp,0.0024379701967592593
31,ulong,original,259bf3b4-4af4-4e1a-af3e-4b7df23dc061,1,49-64,48,64,1,15,16,"destination frame within window, includes cross-refresh",0.2607605839148164,0.11914627626538277,22.728058063927215,0.9371893964707851,0.7747904658317566,0.25908578652888536,103312,102864,full64 actual bpp,0.0024379701967592593
31,ulong,original,259bf3b4-4af4-4e1a-af3e-4b7df23dc061,2,1-1,0,1,1,0,0,"destination frame within window, includes cross-refresh",0.28052008152008057,0.11943382024765015,22.946632493128583,0.9356729984283447,0.7311419248580933,,38968,38888,full64 actual bpp,0.0031141493055555558
31,ulong,original,259bf3b4-4af4-4e1a-af3e-4b7df23dc061,2,2-8,1,8,0,7,7,"destination frame within window, includes cross-refresh",0.23786712544304983,0.1172237481389727,23.509088195598448,0.9461562633514404,0.8134464025497437,0.25114666138376507,70808,70584,full64 actual bpp,0.0031141493055555558
31,ulong,original,259bf3b4-4af4-4e1a-af3e-4b7df23dc061,2,9-16,8,16,0,8,8,"destination frame within window, includes cross-refresh",0.2437566053122282,0.12205574661493301,23.1943807343099,0.9427455738186836,0.807393305003643,0.24237141944468021,5672,5472,full64 actual bpp,0.0031141493055555558
31,ulong,original,259bf3b4-4af4-4e1a-af3e-4b7df23dc061,2,17-32,16,32,1,15,16,"destination frame within window, includes cross-refresh",0.2428465262055397,0.1196715198457241,23.179358813580254,0.9422738663852215,0.8037124536931515,0.23811918124556541,86576,86120,full64 actual bpp,0.0031141493055555558
31,ulong,original,259bf3b4-4af4-4e1a-af3e-4b7df23dc061,2,33-48,32,48,0,16,16,"destination frame within window, includes cross-refresh",0.24200740177184343,0.11516797542572021,23.150263605119658,0.9426083378493786,0.8044280707836151,0.23701589182019234,80920,80456,full64 actual bpp,0.0031141493055555558
31,ulong,original,259bf3b4-4af4-4e1a-af3e-4b7df23dc061,2,49-64,48,64,1,15,16,"destination frame within window, includes cross-refresh",0.24228845443576574,0.11438321322202682,23.112519074690702,0.942290049046278,0.8009575232863426,0.2326750960201025,130336,129880,full64 actual bpp,0.0031141493055555558
31,ulong,original,259bf3b4-4af4-4e1a-af3e-4b7df23dc061,3,1-1,0,1,1,0,0,"destination frame within window, includes cross-refresh",0.25731581449508667,0.10826069116592407,23.113625491383836,0.9387080669403076,0.7552277445793152,,49992,49912,full64 actual bpp,0.003931086033950617
31,ulong,original,259bf3b4-4af4-4e1a-af3e-4b7df23dc061,3,2-8,1,8,0,7,7,"destination frame within window, includes cross-refresh",0.2234505649123873,0.11705818346568517,23.807875102858553,0.9495440380913871,0.8300020183835711,0.23269006609916687,82560,82336,full64 actual bpp,0.003931086033950617
31,ulong,original,259bf3b4-4af4-4e1a-af3e-4b7df23dc061,3,9-16,8,16,0,8,8,"destination frame within window, includes cross-refresh",0.22874250076711178,0.1250871941447258,23.504581375399667,0.9463302195072174,0.8237285986542702,0.2270454615354538,7376,7168,full64 actual bpp,0.003931086033950617
31,ulong,original,259bf3b4-4af4-4e1a-af3e-4b7df23dc061,3,17-32,16,32,1,15,16,"destination frame within window, includes cross-refresh",0.22542068362236023,0.12001258507370949,23.52674668307033,0.9464364312589169,0.8240130394697189,0.21790804713964462,116776,116320,full64 actual bpp,0.003931086033950617
31,ulong,original,259bf3b4-4af4-4e1a-af3e-4b7df23dc061,3,33-48,32,48,0,16,16,"destination frame within window, includes cross-refresh",0.23125299345701933,0.11043372750282288,23.42377876906735,0.9459746815264225,0.8217639327049255,0.22385751735419035,97952,97488,full64 actual bpp,0.003931086033950617
31,ulong,original,259bf3b4-4af4-4e1a-af3e-4b7df23dc061,3,49-64,48,64,1,15,16,"destination frame within window, includes cross-refresh",0.22886002156883478,0.11007268726825714,23.450791294241714,0.9463241919875145,0.8208480477333069,0.2191412542015314,167040,166584,full64 actual bpp,0.003931086033950617
31,ulong,original,259bf3b4-4af4-4e1a-af3e-4b7df23dc061,4,1-1,0,1,1,0,0,"destination frame within window, includes cross-refresh",0.2327936887741089,0.10472804307937622,23.469584488741113,0.9440756440162659,0.7863969802856445,,67352,67272,full64 actual bpp,0.0048876953125
31,ulong,original,259bf3b4-4af4-4e1a-af3e-4b7df23dc061,4,2-8,1,8,0,7,7,"destination frame within window, includes cross-refresh",0.2105413270848138,0.1140677843775068,24.022955017559028,0.9520888413701739,0.8457418935639518,0.2144484349659511,93656,93432,full64 actual bpp,0.0048876953125
31,ulong,original,259bf3b4-4af4-4e1a-af3e-4b7df23dc061,4,9-16,8,16,0,8,8,"destination frame within window, includes cross-refresh",0.2159797791391611,0.12371809035539627,23.77491251464452,0.9494851753115654,0.8402015492320061,0.20762998051941395,9216,9008,full64 actual bpp,0.0048876953125
31,ulong,original,259bf3b4-4af4-4e1a-af3e-4b7df23dc061,4,17-32,16,32,1,15,16,"destination frame within window, includes cross-refresh",0.21293616201728582,0.11893492937088013,23.84743186286999,0.9500600248575211,0.8415471911430359,0.20491737499833107,154152,153696,full64 actual bpp,0.0048876953125
31,ulong,original,259bf3b4-4af4-4e1a-af3e-4b7df23dc061,4,33-48,32,48,0,16,16,"destination frame within window, includes cross-refresh",0.21523280534893274,0.11365829780697823,23.71136005132204,0.9493641220033169,0.8401013985276222,0.20214717742055655,117768,117288,full64 actual bpp,0.0048876953125
31,ulong,original,259bf3b4-4af4-4e1a-af3e-4b7df23dc061,4,49-64,48,64,1,15,16,"destination frame within window, includes cross-refresh",0.2146989619359374,0.11107633262872696,23.75312430200934,0.9498283788561821,0.8390840888023376,0.20125447865575552,206504,206048,full64 actual bpp,0.0048876953125
31,ulong,original,259bf3b4-4af4-4e1a-af3e-4b7df23dc061,5,1-1,0,1,1,0,0,"destination frame within window, includes cross-refresh",0.20925213396549225,0.09465229511260986,23.8459276781041,0.948924720287323,0.819125771522522,,92280,92200,full64 actual bpp,0.006041546103395062
31,ulong,original,259bf3b4-4af4-4e1a-af3e-4b7df23dc061,5,2-8,1,8,0,7,7,"destination frame within window, includes cross-refresh",0.1975834220647812,0.11183999265943255,24.281270480292775,0.9547409585544041,0.8605142831802368,0.19663070142269135,100424,100200,full64 actual bpp,0.006041546103395062
31,ulong,original,259bf3b4-4af4-4e1a-af3e-4b7df23dc061,5,9-16,8,16,0,8,8,"destination frame within window, includes cross-refresh",0.20302492380142212,0.11984796077013016,24.091128491780445,0.9528216272592545,0.8556219339370728,0.19604546949267387,14256,14032,full64 actual bpp,0.006041546103395062
31,ulong,original,259bf3b4-4af4-4e1a-af3e-4b7df23dc061,5,17-32,16,32,1,15,16,"destination frame within window, includes cross-refresh",0.19822801928967237,0.11439912021160126,24.12916813133788,0.9531290270388126,0.8581412024796009,0.18779375962913036,204144,203688,full64 actual bpp,0.006041546103395062
31,ulong,original,259bf3b4-4af4-4e1a-af3e-4b7df23dc061,5,33-48,32,48,0,16,16,"destination frame within window, includes cross-refresh",0.2009688951075077,0.11015544086694717,23.9882617388677,0.9522841684520245,0.8541170060634613,0.18530986737459898,139248,138768,full64 actual bpp,0.006041546103395062
31,ulong,original,259bf3b4-4af4-4e1a-af3e-4b7df23dc061,5,49-64,48,64,1,15,16,"destination frame within window, includes cross-refresh",0.2010418465360999,0.11017085239291191,24.029888584484492,0.9527622312307358,0.8543399572372437,0.18706614710390568,251424,250968,full64 actual bpp,0.006041546103395062
31,ulong,original,259bf3b4-4af4-4e1a-af3e-4b7df23dc061,6,1-1,0,1,1,0,0,"destination frame within window, includes cross-refresh",0.1914009004831314,0.09400224685668945,24.244397423271767,0.953361988067627,0.8449894785881042,,118832,118752,full64 actual bpp,0.007333682966820988
31,ulong,original,259bf3b4-4af4-4e1a-af3e-4b7df23dc061,6,2-8,1,8,0,7,7,"destination frame within window, includes cross-refresh",0.18615119797842844,0.11663670199257987,24.552041148473183,0.9572913476399013,0.8734042389052254,0.18017774607454026,112600,112376,full64 actual bpp,0.007333682966820988
31,ulong,original,259bf3b4-4af4-4e1a-af3e-4b7df23dc061,6,9-16,8,16,0,8,8,"destination frame within window, includes cross-refresh",0.19039927423000336,0.12014716863632202,24.385802502885113,0.9556193053722382,0.8688195869326591,0.18042106367647648,19768,19544,full64 actual bpp,0.007333682966820988
31,ulong,original,259bf3b4-4af4-4e1a-af3e-4b7df23dc061,6,17-32,16,32,1,15,16,"destination frame within window, includes cross-refresh",0.18721556197851896,0.11175806447863579,24.376847730850663,0.9555219858884811,0.869932372123003,0.1751567805185914,256040,255584,full64 actual bpp,0.007333682966820988
31,ulong,original,259bf3b4-4af4-4e1a-af3e-4b7df23dc061,6,33-48,32,48,0,16,16,"destination frame within window, includes cross-refresh",0.18940106127411127,0.11130288988351822,24.21869690302693,0.9546717926859856,0.8663859888911247,0.173983302898705,162808,162328,full64 actual bpp,0.007333682966820988
31,ulong,original,259bf3b4-4af4-4e1a-af3e-4b7df23dc061,6,49-64,48,64,1,15,16,"destination frame within window, includes cross-refresh",0.18977916054427624,0.10487710312008858,24.24698860410868,0.9549730010330677,0.8661857396364212,0.1726803770288825,303208,302752,full64 actual bpp,0.007333682966820988
31,ulong,original,259bf3b4-4af4-4e1a-af3e-4b7df23dc061,7,1-1,0,1,1,0,0,"destination frame within window, includes cross-refresh",0.17720451951026917,0.08755004405975342,24.600720469277256,0.9569416046142578,0.8622550964355469,,145312,145216,full64 actual bpp,0.008837709780092592
31,ulong,original,259bf3b4-4af4-4e1a-af3e-4b7df23dc061,7,2-8,1,8,0,7,7,"destination frame within window, includes cross-refresh",0.17432016134262085,0.10665873118809291,24.765650746348236,0.9592511143003192,0.8826103295598712,0.16746204878602708,127888,127664,full64 actual bpp,0.008837709780092592
31,ulong,original,259bf3b4-4af4-4e1a-af3e-4b7df23dc061,7,9-16,8,16,0,8,8,"destination frame within window, includes cross-refresh",0.17863819375634193,0.11270681768655777,24.639048424944544,0.957987517118454,0.8790745586156845,0.16974451392889023,29496,29256,full64 actual bpp,0.008837709780092592
31,ulong,original,259bf3b4-4af4-4e1a-af3e-4b7df23dc061,7,17-32,16,32,1,15,16,"destination frame within window, includes cross-refresh",0.18052690289914608,0.10958602651953697,24.58706921018456,0.957544457167387,0.8796398155391216,0.1674491325393319,313600,313128,full64 actual bpp,0.008837709780092592
31,ulong,original,259bf3b4-4af4-4e1a-af3e-4b7df23dc061,7,33-48,32,48,0,16,16,"destination frame within window, includes cross-refresh",0.1791327828541398,0.10218403115868568,24.44507789058078,0.9568191803991795,0.8764224946498871,0.16349824983626604,195784,195272,full64 actual bpp,0.008837709780092592
31,ulong,original,259bf3b4-4af4-4e1a-af3e-4b7df23dc061,7,49-64,48,64,1,15,16,"destination frame within window, includes cross-refresh",0.18075280729681253,0.1006447859108448,24.439311733722676,0.9568830765783787,0.8755051493644714,0.16395326890051365,360776,360304,full64 actual bpp,0.008837709780092592
31,ulong,original,259bf3b4-4af4-4e1a-af3e-4b7df23dc061,8,1-1,0,1,1,0,0,"destination frame within window, includes cross-refresh",0.1678340882062912,0.0833403468132019,24.924998698010384,0.959862470626831,0.8756235837936401,,170952,170856,full64 actual bpp,0.010485930266203704
31,ulong,original,259bf3b4-4af4-4e1a-af3e-4b7df23dc061,8,2-8,1,8,0,7,7,"destination frame within window, includes cross-refresh",0.16723825888974325,0.10394752025604248,24.975311974666873,0.9610750419752938,0.8901061841419765,0.1604883862393243,142864,142640,full64 actual bpp,0.010485930266203704
31,ulong,original,259bf3b4-4af4-4e1a-af3e-4b7df23dc061,8,9-16,8,16,0,8,8,"destination frame within window, includes cross-refresh",0.16943290270864964,0.10581263899803162,24.880328512579258,0.9600721299648285,0.8872513025999069,0.1578714456409216,45456,45200,full64 actual bpp,0.010485930266203704
31,ulong,original,259bf3b4-4af4-4e1a-af3e-4b7df23dc061,8,17-32,16,32,1,15,16,"destination frame within window, includes cross-refresh",0.17083095759153366,0.10848672688007355,24.758068779239764,0.9591239430010319,0.8867400102317333,0.1560008693486452,372216,371720,full64 actual bpp,0.010485930266203704
31,ulong,original,259bf3b4-4af4-4e1a-af3e-4b7df23dc061,8,33-48,32,48,0,16,16,"destination frame within window, includes cross-refresh",0.17300142999738455,0.10108653455972672,24.607698993299167,0.9583473429083824,0.8838113360106945,0.15467535983771086,242232,241720,full64 actual bpp,0.010485930266203704
31,ulong,original,259bf3b4-4af4-4e1a-af3e-4b7df23dc061,8,49-64,48,64,1,15,16,"destination frame within window, includes cross-refresh",0.17378614470362663,0.10236318036913872,24.597706961859465,0.9583341404795647,0.8829875253140926,0.15269899275153875,417872,417376,full64 actual bpp,0.010485930266203704
31,ulong,original,259bf3b4-4af4-4e1a-af3e-4b7df23dc061,9,1-1,0,1,1,0,0,"destination frame within window, includes cross-refresh",0.16237980127334595,0.08889901638031006,25.14386310449578,0.9618743062019348,0.8854750394821167,,195104,195008,full64 actual bpp,0.012290702160493827
31,ulong,original,259bf3b4-4af4-4e1a-af3e-4b7df23dc061,9,2-8,1,8,0,7,7,"destination frame within window, includes cross-refresh",0.1633579752274922,0.10107983861650739,25.116319782766418,0.9622562272208077,0.8959586364882333,0.1526321108852114,163424,163200,full64 actual bpp,0.012290702160493827
31,ulong,original,259bf3b4-4af4-4e1a-af3e-4b7df23dc061,9,9-16,8,16,0,8,8,"destination frame within window, includes cross-refresh",0.1654742807149887,0.1071702241897583,24.98038660424793,0.9609822481870651,0.8932675123214722,0.1528774257749319,65408,65152,full64 actual bpp,0.012290702160493827
31,ulong,original,259bf3b4-4af4-4e1a-af3e-4b7df23dc061,9,17-32,16,32,1,15,16,"destination frame within window, includes cross-refresh",0.16724189650267363,0.10852322354912758,24.848760864367648,0.9599465280771255,0.8919039964675903,0.15370994992554188,433384,432856,full64 actual bpp,0.012290702160493827
31,ulong,original,259bf3b4-4af4-4e1a-af3e-4b7df23dc061,9,33-48,32,48,0,16,16,"destination frame within window, includes cross-refresh",0.16820815578103065,0.10146831721067429,24.757730362435804,0.9596857987344265,0.8898973241448402,0.15121546015143394,291608,291096,full64 actual bpp,0.012290702160493827
31,ulong,original,259bf3b4-4af4-4e1a-af3e-4b7df23dc061,9,49-64,48,64,1,15,16,"destination frame within window, includes cross-refresh",0.1707295561209321,0.10263152420520782,24.71008619440974,0.9593549109995365,0.8880232870578766,0.15206293296068907,482176,481648,full64 actual bpp,0.012290702160493827
31,ulong,original,c46605a6-f6f6-4053-849d-455de2e6edb9,0,1-1,0,1,1,0,0,"destination frame within window, includes cross-refresh",0.11616400629281998,0.0852968692779541,28.300103677546524,0.9881601929664612,0.9379218816757202,,24520,24440,full64 actual bpp,0.003175877700617284
31,ulong,original,c46605a6-f6f6-4053-849d-455de2e6edb9,0,2-8,1,8,0,7,7,"destination frame within window, includes cross-refresh",0.10089865433318275,0.07845851353236608,26.86797465513581,0.9849297148840768,0.9472709979329791,0.10770475917628833,67376,67152,full64 actual bpp,0.003175877700617284
31,ulong,original,c46605a6-f6f6-4053-849d-455de2e6edb9,0,9-16,8,16,0,8,8,"destination frame within window, includes cross-refresh",0.12376491632312536,0.08956044912338257,26.272362903072302,0.9832080900669098,0.935216099023819,0.1424372512847185,54616,54360,full64 actual bpp,0.003175877700617284
31,ulong,original,c46605a6-f6f6-4053-849d-455de2e6edb9,0,17-32,16,32,1,15,16,"destination frame within window, includes cross-refresh",0.1077767782844603,0.08444946631789207,26.944268559665645,0.9862495921552181,0.9446330480277538,0.13895967649295926,105640,105128,full64 actual bpp,0.003175877700617284
31,ulong,original,c46605a6-f6f6-4053-849d-455de2e6edb9,0,33-48,32,48,0,16,16,"destination frame within window, includes cross-refresh",0.08825930207967758,0.08196278288960457,26.454724328462053,0.9796136766672134,0.9506108872592449,0.11314915493130684,82856,82344,full64 actual bpp,0.003175877700617284
31,ulong,original,c46605a6-f6f6-4053-849d-455de2e6edb9,0,49-64,48,64,1,15,16,"destination frame within window, includes cross-refresh",0.08939492283388972,0.08311115205287933,26.46195998304836,0.9782876931130886,0.9483966715633869,0.11790703097358346,86464,85952,full64 actual bpp,0.003175877700617284
31,ulong,original,c46605a6-f6f6-4053-849d-455de2e6edb9,1,1-1,0,1,1,0,0,"destination frame within window, includes cross-refresh",0.10180263966321945,0.06833058595657349,29.136522787697018,0.9901871681213379,0.9477013349533081,,30744,30664,full64 actual bpp,0.003926444347993827
31,ulong,original,c46605a6-f6f6-4053-849d-455de2e6edb9,1,2-8,1,8,0,7,7,"destination frame within window, includes cross-refresh",0.09042542108467647,0.07181932244982038,27.3776086533491,0.9865308489118304,0.9539756178855896,0.09877334535121918,80256,80032,full64 actual bpp,0.003926444347993827
31,ulong,original,c46605a6-f6f6-4053-849d-455de2e6edb9,1,9-16,8,16,0,8,8,"destination frame within window, includes cross-refresh",0.10873496625572443,0.08068118244409561,26.831617362143035,0.9851938113570213,0.9439125061035156,0.12505625654011965,69808,69552,full64 actual bpp,0.003926444347993827
31,ulong,original,c46605a6-f6f6-4053-849d-455de2e6edb9,1,17-32,16,32,1,15,16,"destination frame within window, includes cross-refresh",0.09490939322859049,0.07803312689065933,27.511708490679297,0.9878841228783131,0.9520637094974518,0.12080379156395793,130824,130312,full64 actual bpp,0.003926444347993827
31,ulong,original,c46605a6-f6f6-4053-849d-455de2e6edb9,1,33-48,32,48,0,16,16,"destination frame within window, includes cross-refresh",0.07999652717262506,0.07441568002104759,26.927153382708568,0.9816560633480549,0.9561798833310604,0.10280415462329984,101512,101000,full64 actual bpp,0.003926444347993827
31,ulong,original,c46605a6-f6f6-4053-849d-455de2e6edb9,1,49-64,48,64,1,15,16,"destination frame within window, includes cross-refresh",0.08186489529907703,0.07701767235994339,26.90672758218247,0.9803094603121281,0.9539973475039005,0.10860049584880471,107936,107424,full64 actual bpp,0.003926444347993827
31,ulong,original,c46605a6-f6f6-4053-849d-455de2e6edb9,2,1-1,0,1,1,0,0,"destination frame within window, includes cross-refresh",0.08596108853816986,0.05952173471450806,29.910276531061825,0.9917969107627869,0.9571259021759033,,38464,38384,full64 actual bpp,0.004958405671296296
31,ulong,original,c46605a6-f6f6-4053-849d-455de2e6edb9,2,2-8,1,8,0,7,7,"destination frame within window, includes cross-refresh",0.08217656293085643,0.06596650396074567,27.82799081500478,0.987821740763528,0.9586837632315499,0.0876327103802136,94928,94704,full64 actual bpp,0.004958405671296296
31,ulong,original,c46605a6-f6f6-4053-849d-455de2e6edb9,2,9-16,8,16,0,8,8,"destination frame within window, includes cross-refresh",0.0953196594491601,0.07175253331661224,27.53363647369336,0.9873382523655891,0.9522427394986153,0.10788053460419178,92224,91968,full64 actual bpp,0.004958405671296296
31,ulong,original,c46605a6-f6f6-4053-849d-455de2e6edb9,2,17-32,16,32,1,15,16,"destination frame within window, includes cross-refresh",0.08404118288308382,0.06986462324857712,28.02054855932026,0.9892014637589455,0.958228562027216,0.10291790356859565,164192,163680,full64 actual bpp,0.004958405671296296
31,ulong,original,c46605a6-f6f6-4053-849d-455de2e6edb9,2,33-48,32,48,0,16,16,"destination frame within window, includes cross-refresh",0.07047412707470357,0.07006028667092323,27.36463815765691,0.9834087900817394,0.9615850821137428,0.08932606829330325,130824,130312,full64 actual bpp,0.004958405671296296
31,ulong,original,c46605a6-f6f6-4053-849d-455de2e6edb9,2,49-64,48,64,1,15,16,"destination frame within window, includes cross-refresh",0.07308133505284786,0.0724768377840519,27.329842599141074,0.9821081720292568,0.9594563283026218,0.09452392859384418,137400,136888,full64 actual bpp,0.004958405671296296
31,ulong,original,c46605a6-f6f6-4053-849d-455de2e6edb9,3,1-1,0,1,1,0,0,"destination frame within window, includes cross-refresh",0.07189193367958069,0.052096784114837646,30.84895148916744,0.9933766722679138,0.9654346704483032,,47936,47856,full64 actual bpp,0.006158492476851852
31,ulong,original,c46605a6-f6f6-4053-849d-455de2e6edb9,3,2-8,1,8,0,7,7,"destination frame within window, includes cross-refresh",0.0747236396585192,0.06172305345535278,28.202480439391433,0.988791823387146,0.9626504182815552,0.07592495903372765,112560,112336,full64 actual bpp,0.006158492476851852
31,ulong,original,c46605a6-f6f6-4053-849d-455de2e6edb9,3,9-16,8,16,0,8,8,"destination frame within window, includes cross-refresh",0.08539356477558613,0.06650874018669128,28.01093580977432,0.9886215701699257,0.9578185006976128,0.09598406124860048,116688,116432,full64 actual bpp,0.006158492476851852
31,ulong,original,c46605a6-f6f6-4053-849d-455de2e6edb9,3,17-32,16,32,1,15,16,"destination frame within window, includes cross-refresh",0.07351499004289508,0.062107544392347336,28.52939835611695,0.9903675876557827,0.9635552689433098,0.08390157157555223,206944,206432,full64 actual bpp,0.006158492476851852
31,ulong,original,c46605a6-f6f6-4053-849d-455de2e6edb9,3,33-48,32,48,0,16,16,"destination frame within window, includes cross-refresh",0.06525720725767314,0.06650465354323387,27.723721116312035,0.9846892170608044,0.9650670550763607,0.08313514292240143,159880,159368,full64 actual bpp,0.006158492476851852
31,ulong,original,c46605a6-f6f6-4053-849d-455de2e6edb9,3,49-64,48,64,1,15,16,"destination frame within window, includes cross-refresh",0.06703626387752593,0.06872149556875229,27.661401125851846,0.9833461828529835,0.9631818383932114,0.08509534038603306,173288,172776,full64 actual bpp,0.006158492476851852
31,ulong,original,c46605a6-f6f6-4053-849d-455de2e6edb9,4,1-1,0,1,1,0,0,"destination frame within window, includes cross-refresh",0.061769068241119385,0.044181108474731445,31.53801447808884,0.9943487048149109,0.9711129069328308,,59128,59048,full64 actual bpp,0.007618694540895062
31,ulong,original,c46605a6-f6f6-4053-849d-455de2e6edb9,4,2-8,1,8,0,7,7,"destination frame within window, includes cross-refresh",0.06859376547592026,0.05585507835660662,28.496119110830435,0.9894886612892151,0.9658162082944598,0.06519307302577156,134408,134184,full64 actual bpp,0.007618694540895062
31,ulong,original,c46605a6-f6f6-4053-849d-455de2e6edb9,4,9-16,8,16,0,8,8,"destination frame within window, includes cross-refresh",0.07627798896282911,0.061970047652721405,28.45461832336339,0.9897054061293602,0.962311863899231,0.08235188573598862,146528,146272,full64 actual bpp,0.007618694540895062
31,ulong,original,c46605a6-f6f6-4053-849d-455de2e6edb9,4,17-32,16,32,1,15,16,"destination frame within window, includes cross-refresh",0.06631422601640224,0.056257180869579315,28.883765246600525,0.9911021068692207,0.9669548943638802,0.07428176118992269,256288,255776,full64 actual bpp,0.007618694540895062
31,ulong,original,c46605a6-f6f6-4053-849d-455de2e6edb9,4,33-48,32,48,0,16,16,"destination frame within window, includes cross-refresh",0.059190696803852916,0.0631311684846878,28.068295729603033,0.9858218505978584,0.9682787880301476,0.07360355416312814,198360,197848,full64 actual bpp,0.007618694540895062
31,ulong,original,c46605a6-f6f6-4053-849d-455de2e6edb9,4,49-64,48,64,1,15,16,"destination frame within window, includes cross-refresh",0.06152465590275824,0.06550803780555725,28.028120039741815,0.9846477843821049,0.9668206535279751,0.07561765238642693,216368,215856,full64 actual bpp,0.007618694540895062
31,ulong,original,c46605a6-f6f6-4053-849d-455de2e6edb9,5,1-1,0,1,1,0,0,"destination frame within window, includes cross-refresh",0.052610404789447784,0.04018294811248779,31.88638095657773,0.9948037266731262,0.9750189781188965,,70752,70672,full64 actual bpp,0.00931495949074074
31,ulong,original,c46605a6-f6f6-4053-849d-455de2e6edb9,5,2-8,1,8,0,7,7,"destination frame within window, includes cross-refresh",0.06351362009133611,0.05354475123541696,28.763673213881756,0.9900996599878583,0.9682909846305847,0.060386921146086285,159616,159392,full64 actual bpp,0.00931495949074074
31,ulong,original,c46605a6-f6f6-4053-849d-455de2e6edb9,5,9-16,8,16,0,8,8,"destination frame within window, includes cross-refresh",0.06995570845901966,0.05687108635902405,28.838249955252703,0.9905535578727722,0.965511828660965,0.07501453626900911,180104,179848,full64 actual bpp,0.00931495949074074
31,ulong,original,c46605a6-f6f6-4053-849d-455de2e6edb9,5,17-32,16,32,1,15,16,"destination frame within window, includes cross-refresh",0.060493526281788945,0.05437898635864258,29.200794103384315,0.991729874163866,0.9701087772846222,0.06477617821656168,316392,315880,full64 actual bpp,0.00931495949074074
31,ulong,original,c46605a6-f6f6-4053-849d-455de2e6edb9,5,33-48,32,48,0,16,16,"destination frame within window, includes cross-refresh",0.055444556986913085,0.06150611490011215,28.307654585645448,0.9865775480866432,0.9705563262104988,0.06720880884677172,244200,243688,full64 actual bpp,0.00931495949074074
31,ulong,original,c46605a6-f6f6-4053-849d-455de2e6edb9,5,49-64,48,64,1,15,16,"destination frame within window, includes cross-refresh",0.057280395179986954,0.06259718909859657,28.269654922454478,0.9854648932814598,0.9692345969378948,0.06805921252816916,265128,264616,full64 actual bpp,0.00931495949074074
31,ulong,original,c46605a6-f6f6-4053-849d-455de2e6edb9,6,1-1,0,1,1,0,0,"destination frame within window, includes cross-refresh",0.04632245749235153,0.03658074140548706,32.24499835647184,0.995229959487915,0.9777569770812988,,84088,84008,full64 actual bpp,0.011266939139660493
31,ulong,original,c46605a6-f6f6-4053-849d-455de2e6edb9,6,2-8,1,8,0,7,7,"destination frame within window, includes cross-refresh",0.05946557968854904,0.051438169819968085,29.00403379235866,0.9906156999724252,0.9704644850322178,0.05451053114874022,190032,189808,full64 actual bpp,0.011266939139660493
31,ulong,original,c46605a6-f6f6-4053-849d-455de2e6edb9,6,9-16,8,16,0,8,8,"destination frame within window, includes cross-refresh",0.06523255491629243,0.05351880192756653,29.048388136086814,0.9909940958023071,0.9679874032735825,0.0704933749511838,219768,219512,full64 actual bpp,0.011266939139660493
31,ulong,original,c46605a6-f6f6-4053-849d-455de2e6edb9,6,17-32,16,32,1,15,16,"destination frame within window, includes cross-refresh",0.05621349276043475,0.051819100975990295,29.455906117929445,0.9921778440475464,0.9721666537225246,0.05906475684605539,382776,382264,full64 actual bpp,0.011266939139660493
31,ulong,original,c46605a6-f6f6-4053-849d-455de2e6edb9,6,33-48,32,48,0,16,16,"destination frame within window, includes cross-refresh",0.051826688228175044,0.059697773307561874,28.52368847748962,0.9872135929763317,0.9723978266119957,0.06070488062687218,296640,296128,full64 actual bpp,0.011266939139660493
31,ulong,original,c46605a6-f6f6-4053-849d-455de2e6edb9,6,49-64,48,64,1,15,16,"destination frame within window, includes cross-refresh",0.05378678976558149,0.060155510902404785,28.495972597270146,0.9861762523651123,0.971176914870739,0.06156280217692256,321936,321424,full64 actual bpp,0.011266939139660493
31,ulong,original,c46605a6-f6f6-4053-849d-455de2e6edb9,7,1-1,0,1,1,0,0,"destination frame within window, includes cross-refresh",0.03989043086767197,0.030154943466186523,32.59910598748312,0.9956122040748596,0.9804614782333374,,99800,99720,full64 actual bpp,0.013592242959104939
31,ulong,original,c46605a6-f6f6-4053-849d-455de2e6edb9,7,2-8,1,8,0,7,7,"destination frame within window, includes cross-refresh",0.05599071351545198,0.048816868237086704,29.197546785087397,0.9910138334546771,0.972084070955004,0.04951954127422401,226216,225992,full64 actual bpp,0.013592242959104939
31,ulong,original,c46605a6-f6f6-4053-849d-455de2e6edb9,7,9-16,8,16,0,8,8,"destination frame within window, includes cross-refresh",0.06128838378936052,0.051409706473350525,29.24367057434857,0.9913820698857307,0.9700166583061218,0.06597465462982655,266064,265808,full64 actual bpp,0.013592242959104939
31,ulong,original,c46605a6-f6f6-4053-849d-455de2e6edb9,7,17-32,16,32,1,15,16,"destination frame within window, includes cross-refresh",0.05270940833725035,0.04953703284263611,29.636776115725624,0.9924959912896156,0.9738780818879604,0.056137379026040435,460752,460240,full64 actual bpp,0.013592242959104939
31,ulong,original,c46605a6-f6f6-4053-849d-455de2e6edb9,7,33-48,32,48,0,16,16,"destination frame within window, includes cross-refresh",0.04940688866190612,0.05713290348649025,28.66047859637744,0.987604983150959,0.9736887216567993,0.057293803663924336,358352,357840,full64 actual bpp,0.013592242959104939
31,ulong,original,c46605a6-f6f6-4053-849d-455de2e6edb9,7,49-64,48,64,1,15,16,"destination frame within window, includes cross-refresh",0.0508497531991452,0.05874606966972351,28.638636817861958,0.9866214618086815,0.9728144146502018,0.057211769511923194,392648,392136,full64 actual bpp,0.013592242959104939
31,ulong,original,c46605a6-f6f6-4053-849d-455de2e6edb9,8,1-1,0,1,1,0,0,"destination frame within window, includes cross-refresh",0.035357601940631866,0.028991520404815674,33.011369194923304,0.9960106015205383,0.9823856353759766,,115952,115872,full64 actual bpp,0.016275378568672838
31,ulong,original,c46605a6-f6f6-4053-849d-455de2e6edb9,8,2-8,1,8,0,7,7,"destination frame within window, includes cross-refresh",0.053238874567406516,0.046037869794028144,29.37889817773656,0.9913713421140399,0.9734473398753575,0.04557214278195586,266944,266720,full64 actual bpp,0.016275378568672838
31,ulong,original,c46605a6-f6f6-4053-849d-455de2e6edb9,8,9-16,8,16,0,8,8,"destination frame within window, includes cross-refresh",0.057720435317605734,0.04965822398662567,29.406545940445156,0.9916981682181358,0.9716458767652512,0.06321880780160427,317520,317264,full64 actual bpp,0.016275378568672838
31,ulong,original,c46605a6-f6f6-4053-849d-455de2e6edb9,8,17-32,16,32,1,15,16,"destination frame within window, includes cross-refresh",0.049170518293976784,0.04726947471499443,29.828648161755723,0.9928058758378029,0.9755151532590389,0.0500536453910172,553968,553456,full64 actual bpp,0.016275378568672838
31,ulong,original,c46605a6-f6f6-4053-849d-455de2e6edb9,8,33-48,32,48,0,16,16,"destination frame within window, includes cross-refresh",0.04714563861489296,0.05586717650294304,28.734412967263886,0.9878279641270638,0.97479148209095,0.05349139915779233,429416,428904,full64 actual bpp,0.016275378568672838
31,ulong,original,c46605a6-f6f6-4053-849d-455de2e6edb9,8,49-64,48,64,1,15,16,"destination frame within window, includes cross-refresh",0.04813577444292605,0.05768447741866112,28.786886843382973,0.9870578423142433,0.9740800000727177,0.0539845263119787,476112,475600,full64 actual bpp,0.016275378568672838
31,ulong,original,c46605a6-f6f6-4053-849d-455de2e6edb9,9,1-1,0,1,1,0,0,"destination frame within window, includes cross-refresh",0.03346378356218338,0.026318073272705078,33.044565117075535,0.9960481524467468,0.9834575057029724,,132472,132376,full64 actual bpp,0.019372709297839505
31,ulong,original,c46605a6-f6f6-4053-849d-455de2e6edb9,9,2-8,1,8,0,7,7,"destination frame within window, includes cross-refresh",0.05136746806757791,0.04516097477504185,29.54582280366137,0.9916849391801017,0.9746128916740417,0.04319051413663796,314584,314360,full64 actual bpp,0.019372709297839505
31,ulong,original,c46605a6-f6f6-4053-849d-455de2e6edb9,9,9-16,8,16,0,8,8,"destination frame within window, includes cross-refresh",0.055155742447823286,0.04745389521121979,29.56251749812579,0.9919859021902084,0.9730641394853592,0.06122030131518841,373688,373432,full64 actual bpp,0.019372709297839505
31,ulong,original,c46605a6-f6f6-4053-849d-455de2e6edb9,9,17-32,16,32,1,15,16,"destination frame within window, includes cross-refresh",0.0473920707590878,0.04557802528142929,29.890438878722783,0.9929079376161098,0.9763678200542927,0.04989036126062274,657696,657184,full64 actual bpp,0.019372709297839505
31,ulong,original,c46605a6-f6f6-4053-849d-455de2e6edb9,9,33-48,32,48,0,16,16,"destination frame within window, includes cross-refresh",0.04551967210136354,0.05328812077641487,28.790781427477498,0.9879942759871483,0.9758087061345577,0.050482444232329726,517280,516768,full64 actual bpp,0.019372709297839505
31,ulong,original,c46605a6-f6f6-4053-849d-455de2e6edb9,9,49-64,48,64,1,15,16,"destination frame within window, includes cross-refresh",0.045923937344923615,0.05580298230051994,28.784104426945046,0.9870837591588497,0.9749987311661243,0.051906077191233635,575240,574728,full64 actual bpp,0.019372709297839505
31,ulong,original,f0f6a0ec-d531-4a1b-9d18-d7541bd0132d,0,1-1,0,1,1,0,0,"destination frame within window, includes cross-refresh",0.16199859976768494,0.10729336738586426,25.903215912924644,0.9765440225601196,0.8930392265319824,,20064,19984,full64 actual bpp,0.002253026138117284
31,ulong,original,f0f6a0ec-d531-4a1b-9d18-d7541bd0132d,0,2-8,1,8,0,7,7,"destination frame within window, includes cross-refresh",0.12911563792398997,0.1010686925479344,26.005479444969506,0.9783918006079537,0.9213320868355888,0.1265668762581689,43760,43536,full64 actual bpp,0.002253026138117284
31,ulong,original,f0f6a0ec-d531-4a1b-9d18-d7541bd0132d,0,9-16,8,16,0,8,8,"destination frame within window, includes cross-refresh",0.13035472854971886,0.10572616755962372,26.23495424770875,0.979954294860363,0.9226269647479057,0.10253544710576534,18624,18384,full64 actual bpp,0.002253026138117284
31,ulong,original,f0f6a0ec-d531-4a1b-9d18-d7541bd0132d,0,17-32,16,32,1,15,16,"destination frame within window, includes cross-refresh",0.15368653740733862,0.10803067684173584,26.282362505625127,0.9796075709164143,0.9173706248402596,0.13612597761675715,73688,73184,full64 actual bpp,0.002253026138117284
31,ulong,original,f0f6a0ec-d531-4a1b-9d18-d7541bd0132d,0,33-48,32,48,0,16,16,"destination frame within window, includes cross-refresh",0.13955448288470507,0.10257061570882797,26.22935895652331,0.9790321998298168,0.9146409891545773,0.13789806375280023,67928,67416,full64 actual bpp,0.002253026138117284
31,ulong,original,f0f6a0ec-d531-4a1b-9d18-d7541bd0132d,0,49-64,48,64,1,15,16,"destination frame within window, includes cross-refresh",0.14095389656722546,0.10738570615649223,26.915463700781867,0.9817160479724407,0.9179557003080845,0.1369941271841526,74936,74472,full64 actual bpp,0.002253026138117284
31,ulong,original,f0f6a0ec-d531-4a1b-9d18-d7541bd0132d,1,1-1,0,1,1,0,0,"destination frame within window, includes cross-refresh",0.14764194190502167,0.10050290822982788,26.17850484209603,0.978105366230011,0.9029952883720398,,25728,25648,full64 actual bpp,0.0029096137152777777
31,ulong,original,f0f6a0ec-d531-4a1b-9d18-d7541bd0132d,1,2-8,1,8,0,7,7,"destination frame within window, includes cross-refresh",0.1147686413356236,0.09448616845267159,26.424397698128203,0.9803148763520377,0.9296653015272958,0.11043883540800639,55904,55680,full64 actual bpp,0.0029096137152777777
31,ulong,original,f0f6a0ec-d531-4a1b-9d18-d7541bd0132d,1,9-16,8,16,0,8,8,"destination frame within window, includes cross-refresh",0.1148979514837265,0.09878621250391006,26.78011315515646,0.9822389408946037,0.9316008985042572,0.085799565538764,23672,23424,full64 actual bpp,0.0029096137152777777
31,ulong,original,f0f6a0ec-d531-4a1b-9d18-d7541bd0132d,1,17-32,16,32,1,15,16,"destination frame within window, includes cross-refresh",0.1301052994094789,0.10000719502568245,26.807167330136163,0.9818519540131092,0.9278887920081615,0.11650089407339692,98280,97768,full64 actual bpp,0.0029096137152777777
31,ulong,original,f0f6a0ec-d531-4a1b-9d18-d7541bd0132d,1,33-48,32,48,0,16,16,"destination frame within window, includes cross-refresh",0.12242898438125849,0.09435174986720085,26.69989006919844,0.981120940297842,0.9252063855528831,0.11573991319164634,85224,84712,full64 actual bpp,0.0029096137152777777
31,ulong,original,f0f6a0ec-d531-4a1b-9d18-d7541bd0132d,1,49-64,48,64,1,15,16,"destination frame within window, includes cross-refresh",0.1225579185411334,0.10097534209489822,27.379417577390615,0.9834960103034973,0.9276505038142204,0.11102296970784664,97328,96840,full64 actual bpp,0.0029096137152777777
31,ulong,original,f0f6a0ec-d531-4a1b-9d18-d7541bd0132d,2,1-1,0,1,1,0,0,"destination frame within window, includes cross-refresh",0.1301531195640564,0.08968287706375122,26.725120595929987,0.9806773662567139,0.914181649684906,,32664,32584,full64 actual bpp,0.0037040653935185184
31,ulong,original,f0f6a0ec-d531-4a1b-9d18-d7541bd0132d,2,2-8,1,8,0,7,7,"destination frame within window, includes cross-refresh",0.10178874858788081,0.08534021888460432,26.844248087395908,0.9820524198668343,0.9378659299441746,0.09761855538402285,71824,71600,full64 actual bpp,0.0037040653935185184
31,ulong,original,f0f6a0ec-d531-4a1b-9d18-d7541bd0132d,2,9-16,8,16,0,8,8,"destination frame within window, includes cross-refresh",0.09958669822663069,0.08940910547971725,27.27601363915491,0.9840962514281273,0.9407728537917137,0.07324505876749754,35936,35680,full64 actual bpp,0.0037040653935185184
31,ulong,original,f0f6a0ec-d531-4a1b-9d18-d7541bd0132d,2,17-32,16,32,1,15,16,"destination frame within window, includes cross-refresh",0.11754804151132703,0.09076850861310959,27.261137942757532,0.9835965074598789,0.9351259618997574,0.10122372163459659,121248,120736,full64 actual bpp,0.0037040653935185184
31,ulong,original,f0f6a0ec-d531-4a1b-9d18-d7541bd0132d,2,33-48,32,48,0,16,16,"destination frame within window, includes cross-refresh",0.11000403016805649,0.08866195753216743,27.185605907708606,0.9830406792461872,0.9329826310276985,0.09922190057113767,110192,109680,full64 actual bpp,0.0037040653935185184
31,ulong,original,f0f6a0ec-d531-4a1b-9d18-d7541bd0132d,2,49-64,48,64,1,15,16,"destination frame within window, includes cross-refresh",0.1108815660700202,0.09461702778935432,27.863981070029887,0.9851939864456654,0.9345199577510357,0.09892786853015423,119704,119208,full64 actual bpp,0.0037040653935185184
31,ulong,original,f0f6a0ec-d531-4a1b-9d18-d7541bd0132d,3,1-1,0,1,1,0,0,"destination frame within window, includes cross-refresh",0.116802878677845,0.08002126216888428,27.05281032824479,0.9821193218231201,0.9237812757492065,,41816,41736,full64 actual bpp,0.004785276813271605
31,ulong,original,f0f6a0ec-d531-4a1b-9d18-d7541bd0132d,3,2-8,1,8,0,7,7,"destination frame within window, includes cross-refresh",0.09411730510847909,0.08309708322797503,27.12701003691103,0.9831641486712864,0.9436586158616203,0.08944837642567498,89040,88816,full64 actual bpp,0.004785276813271605
31,ulong,original,f0f6a0ec-d531-4a1b-9d18-d7541bd0132d,3,9-16,8,16,0,8,8,"destination frame within window, includes cross-refresh",0.0917771952226758,0.08557790517807007,27.614732361156186,0.9852563962340355,0.9461081326007843,0.06982989050447941,48584,48328,full64 actual bpp,0.004785276813271605
31,ulong,original,f0f6a0ec-d531-4a1b-9d18-d7541bd0132d,3,17-32,16,32,1,15,16,"destination frame within window, includes cross-refresh",0.1061540562659502,0.08651427179574966,27.57523018830727,0.9846992678940296,0.9413874931633472,0.09256867738440633,158448,157936,full64 actual bpp,0.004785276813271605
31,ulong,original,f0f6a0ec-d531-4a1b-9d18-d7541bd0132d,3,33-48,32,48,0,16,16,"destination frame within window, includes cross-refresh",0.1003701938316226,0.07993314415216446,27.50412139168577,0.9842080995440483,0.9390978999435902,0.0877758115530014,143600,143088,full64 actual bpp,0.004785276813271605
31,ulong,original,f0f6a0ec-d531-4a1b-9d18-d7541bd0132d,3,49-64,48,64,1,15,16,"destination frame within window, includes cross-refresh",0.09947855304926634,0.08641213923692703,28.183891049756596,0.9862348735332489,0.9408945366740227,0.08587848860770464,153568,153056,full64 actual bpp,0.004785276813271605
31,ulong,original,f0f6a0ec-d531-4a1b-9d18-d7541bd0132d,4,1-1,0,1,1,0,0,"destination frame within window, includes cross-refresh",0.10336985439062119,0.07653236389160156,27.489263979513993,0.9838428497314453,0.9345762133598328,,54176,54096,full64 actual bpp,0.006225525655864197
31,ulong,original,f0f6a0ec-d531-4a1b-9d18-d7541bd0132d,4,2-8,1,8,0,7,7,"destination frame within window, includes cross-refresh",0.08702823839017323,0.0835851686341422,27.435616296149046,0.9842904550688607,0.9485429014478411,0.07999910414218903,108168,107944,full64 actual bpp,0.006225525655864197
31,ulong,original,f0f6a0ec-d531-4a1b-9d18-d7541bd0132d,4,9-16,8,16,0,8,8,"destination frame within window, includes cross-refresh",0.08561332523822784,0.08555596321821213,27.93973169036123,0.9862988367676735,0.9508254006505013,0.06126774149015546,68112,67856,full64 actual bpp,0.006225525655864197
31,ulong,original,f0f6a0ec-d531-4a1b-9d18-d7541bd0132d,4,17-32,16,32,1,15,16,"destination frame within window, includes cross-refresh",0.09645537566393614,0.08218619972467422,27.94352104765569,0.9859103858470917,0.9470382854342461,0.08247530809603631,212200,211688,full64 actual bpp,0.006225525655864197
31,ulong,original,f0f6a0ec-d531-4a1b-9d18-d7541bd0132d,4,33-48,32,48,0,16,16,"destination frame within window, includes cross-refresh",0.09280358161777258,0.07699556648731232,27.819897347721486,0.9852774851024151,0.9446049593389034,0.07877004006877542,185872,185360,full64 actual bpp,0.006225525655864197
31,ulong,original,f0f6a0ec-d531-4a1b-9d18-d7541bd0132d,4,49-64,48,64,1,15,16,"destination frame within window, includes cross-refresh",0.09006539871916175,0.08052191510796547,28.564582375552472,0.987355962395668,0.9467987008392811,0.07579527283087373,197664,197152,full64 actual bpp,0.006225525655864197
31,ulong,original,f0f6a0ec-d531-4a1b-9d18-d7541bd0132d,5,1-1,0,1,1,0,0,"destination frame within window, includes cross-refresh",0.08966509997844696,0.06790727376937866,27.93587352084203,0.9854459166526794,0.9446645975112915,,69712,69632,full64 actual bpp,0.008040244020061729
31,ulong,original,f0f6a0ec-d531-4a1b-9d18-d7541bd0132d,5,2-8,1,8,0,7,7,"destination frame within window, includes cross-refresh",0.08108823746442795,0.07635748386383057,27.623273284366064,0.9849737882614136,0.9527922102383205,0.07164207420178823,127416,127192,full64 actual bpp,0.008040244020061729
31,ulong,original,f0f6a0ec-d531-4a1b-9d18-d7541bd0132d,5,9-16,8,16,0,8,8,"destination frame within window, includes cross-refresh",0.08030604850500822,0.07719507068395615,28.196169483126436,0.9870675802230835,0.9543210193514824,0.05756560247391462,93832,93576,full64 actual bpp,0.008040244020061729
31,ulong,original,f0f6a0ec-d531-4a1b-9d18-d7541bd0132d,5,17-32,16,32,1,15,16,"destination frame within window, includes cross-refresh",0.08929525362327695,0.07709360122680664,28.17160449326434,0.9866223260760307,0.9510437548160553,0.0738795141223818,281200,280688,full64 actual bpp,0.008040244020061729
31,ulong,original,f0f6a0ec-d531-4a1b-9d18-d7541bd0132d,5,33-48,32,48,0,16,16,"destination frame within window, includes cross-refresh",0.08534035738557577,0.0735894925892353,28.06329588671469,0.9860696867108345,0.949144508689642,0.07002587732858956,239632,239120,full64 actual bpp,0.008040244020061729
31,ulong,original,f0f6a0ec-d531-4a1b-9d18-d7541bd0132d,5,49-64,48,64,1,15,16,"destination frame within window, includes cross-refresh",0.08277189591899514,0.0756107047200203,28.85535356258884,0.9881539680063725,0.9510736092925072,0.06860021082684398,255232,254720,full64 actual bpp,0.008040244020061729
31,ulong,original,f0f6a0ec-d531-4a1b-9d18-d7541bd0132d,6,1-1,0,1,1,0,0,"destination frame within window, includes cross-refresh",0.08122541010379791,0.06473374366760254,28.33918802484878,0.9867212176322937,0.9522870779037476,,87112,87032,full64 actual bpp,0.010193202642746913
31,ulong,original,f0f6a0ec-d531-4a1b-9d18-d7541bd0132d,6,2-8,1,8,0,7,7,"destination frame within window, includes cross-refresh",0.0759389049240521,0.07211745636803764,27.8606297506366,0.9857433012553624,0.9562371032578605,0.06617215701511928,153224,153000,full64 actual bpp,0.010193202642746913
31,ulong,original,f0f6a0ec-d531-4a1b-9d18-d7541bd0132d,6,9-16,8,16,0,8,8,"destination frame within window, includes cross-refresh",0.07449755258858204,0.07289741188287735,28.458261841139002,0.9877976030111313,0.9574549198150635,0.054402784910053015,127344,127088,full64 actual bpp,0.010193202642746913
31,ulong,original,f0f6a0ec-d531-4a1b-9d18-d7541bd0132d,6,17-32,16,32,1,15,16,"destination frame within window, includes cross-refresh",0.08206435153260827,0.07523459196090698,28.491430433366176,0.9875475876033306,0.955029983073473,0.06859388994053006,361856,361344,full64 actual bpp,0.010193202642746913
31,ulong,original,f0f6a0ec-d531-4a1b-9d18-d7541bd0132d,6,33-48,32,48,0,16,16,"destination frame within window, includes cross-refresh",0.08070178888738155,0.06962982192635536,28.297846459157043,0.9867991432547569,0.9527908526360989,0.06530232192017138,301928,301416,full64 actual bpp,0.010193202642746913
31,ulong,original,f0f6a0ec-d531-4a1b-9d18-d7541bd0132d,6,49-64,48,64,1,15,16,"destination frame within window, includes cross-refresh",0.07753713941201568,0.07244767993688583,29.108512478359703,0.9888180866837502,0.954862330108881,0.06327396281994879,321280,320768,full64 actual bpp,0.010193202642746913
31,ulong,original,f0f6a0ec-d531-4a1b-9d18-d7541bd0132d,7,1-1,0,1,1,0,0,"destination frame within window, includes cross-refresh",0.07436500489711761,0.055458009243011475,28.593280789589205,0.9875063896179199,0.9577528238296509,,108320,108240,full64 actual bpp,0.012926733699845679
31,ulong,original,f0f6a0ec-d531-4a1b-9d18-d7541bd0132d,7,2-8,1,8,0,7,7,"destination frame within window, includes cross-refresh",0.07276095769235066,0.06979057618549891,28.049279578908287,0.9863472666059222,0.9589551346642631,0.06106402991073472,179440,179216,full64 actual bpp,0.012926733699845679
31,ulong,original,f0f6a0ec-d531-4a1b-9d18-d7541bd0132d,7,9-16,8,16,0,8,8,"destination frame within window, includes cross-refresh",0.07153615169227123,0.07097896188497543,28.658939971946104,0.9883447587490082,0.960000678896904,0.04935062536969781,170184,169928,full64 actual bpp,0.012926733699845679
31,ulong,original,f0f6a0ec-d531-4a1b-9d18-d7541bd0132d,7,17-32,16,32,1,15,16,"destination frame within window, includes cross-refresh",0.0773892062716186,0.07127663493156433,28.714401674749723,0.9881574064493179,0.9582242481410503,0.062351756962016225,465664,465152,full64 actual bpp,0.012926733699845679
31,ulong,original,f0f6a0ec-d531-4a1b-9d18-d7541bd0132d,7,33-48,32,48,0,16,16,"destination frame within window, includes cross-refresh",0.07670458359643817,0.06573877111077309,28.52826354823633,0.9874729439616203,0.9556838497519493,0.06043393490836024,382544,382032,full64 actual bpp,0.012926733699845679
31,ulong,original,f0f6a0ec-d531-4a1b-9d18-d7541bd0132d,7,49-64,48,64,1,15,16,"destination frame within window, includes cross-refresh",0.07292263768613338,0.06927021965384483,29.34217421935749,0.9893953017890453,0.9580257311463356,0.059049975825473666,409360,408848,full64 actual bpp,0.012926733699845679
31,ulong,original,f0f6a0ec-d531-4a1b-9d18-d7541bd0132d,8,1-1,0,1,1,0,0,"destination frame within window, includes cross-refresh",0.07018490135669708,0.052528977394104004,29.080591392619233,0.9888160824775696,0.9621773958206177,,130264,130184,full64 actual bpp,0.016089289158950616
31,ulong,original,f0f6a0ec-d531-4a1b-9d18-d7541bd0132d,8,2-8,1,8,0,7,7,"destination frame within window, includes cross-refresh",0.06950418225356511,0.06631015028272357,28.24076169936519,0.9869311707360404,0.9613099183355059,0.057549819882426946,210728,210504,full64 actual bpp,0.016089289158950616
31,ulong,original,f0f6a0ec-d531-4a1b-9d18-d7541bd0132d,8,9-16,8,16,0,8,8,"destination frame within window, includes cross-refresh",0.06746035348623991,0.06680965423583984,28.844499201849,0.9888392686843872,0.9625359401106834,0.046483748592436314,224216,223960,full64 actual bpp,0.016089289158950616
31,ulong,original,f0f6a0ec-d531-4a1b-9d18-d7541bd0132d,8,17-32,16,32,1,15,16,"destination frame within window, includes cross-refresh",0.07343180337920785,0.06825551018118858,28.87000885619414,0.9885722808539867,0.9606635272502899,0.06083761481568217,585536,585008,full64 actual bpp,0.016089289158950616
31,ulong,original,f0f6a0ec-d531-4a1b-9d18-d7541bd0132d,8,33-48,32,48,0,16,16,"destination frame within window, includes cross-refresh",0.07393722049891949,0.06284840404987335,28.70948461136263,0.987978957593441,0.9581125117838383,0.0589176369830966,476872,476360,full64 actual bpp,0.016089289158950616
31,ulong,original,f0f6a0ec-d531-4a1b-9d18-d7541bd0132d,8,49-64,48,64,1,15,16,"destination frame within window, includes cross-refresh",0.06983518786728382,0.06673209741711617,29.489564390841956,0.9897512830793858,0.9603153839707375,0.055199687369167805,507600,507088,full64 actual bpp,0.016089289158950616
31,ulong,original,f0f6a0ec-d531-4a1b-9d18-d7541bd0132d,9,1-1,0,1,1,0,0,"destination frame within window, includes cross-refresh",0.0662621557712555,0.04879838228225708,29.38211631898961,0.9895631670951843,0.9653288722038269,,152488,152392,full64 actual bpp,0.019743139949845678
31,ulong,original,f0f6a0ec-d531-4a1b-9d18-d7541bd0132d,9,2-8,1,8,0,7,7,"destination frame within window, includes cross-refresh",0.06797455038343157,0.06527969666889735,28.389868850277235,0.987374450479235,0.9629219940730503,0.05604714314852442,248096,247872,full64 actual bpp,0.019743139949845678
31,ulong,original,f0f6a0ec-d531-4a1b-9d18-d7541bd0132d,9,9-16,8,16,0,8,8,"destination frame within window, includes cross-refresh",0.0652656089514494,0.06707687675952911,29.03025596987217,0.9892909526824951,0.9642871543765068,0.0458022584207356,286328,286072,full64 actual bpp,0.019743139949845678
31,ulong,original,f0f6a0ec-d531-4a1b-9d18-d7541bd0132d,9,17-32,16,32,1,15,16,"destination frame within window, includes cross-refresh",0.07055849535390735,0.06773116067051888,29.017420380257075,0.9889458268880844,0.9627427943050861,0.05793583462946117,721032,720504,full64 actual bpp,0.019743139949845678
31,ulong,original,f0f6a0ec-d531-4a1b-9d18-d7541bd0132d,9,33-48,32,48,0,16,16,"destination frame within window, includes cross-refresh",0.07071963744238019,0.0632830411195755,28.840967015081045,0.9883329272270203,0.9601506553590298,0.05579115590080619,589568,589056,full64 actual bpp,0.019743139949845678
31,ulong,original,f0f6a0ec-d531-4a1b-9d18-d7541bd0132d,9,49-64,48,64,1,15,16,"destination frame within window, includes cross-refresh",0.0670333462767303,0.06525035575032234,29.64490113405632,0.9901030398905277,0.9623214118182659,0.05307718692347407,622608,622080,full64 actual bpp,0.019743139949845678
