dataset,method,QP,sample_size,repeat,FID,actual_sample_count,sequence_sampling_rule
ulong,original,2,32,0,44.05208676543634,32,equal sequence quotas; uniform without replacement inside sequence; paired identities across GT/method/QP
ulong,native_i_adapt_1000,2,32,0,42.544231633298466,32,equal sequence quotas; uniform without replacement inside sequence; paired identities across GT/method/QP
ulong,wrapped_i_control_1000,2,32,0,41.04659164469365,32,equal sequence quotas; uniform without replacement inside sequence; paired identities across GT/method/QP
ulong,original,2,32,1,43.868409578539456,32,equal sequence quotas; uniform without replacement inside sequence; paired identities across GT/method/QP
ulong,native_i_adapt_1000,2,32,1,39.589169216010646,32,equal sequence quotas; uniform without replacement inside sequence; paired identities across GT/method/QP
ulong,wrapped_i_control_1000,2,32,1,40.454687953644,32,equal sequence quotas; uniform without replacement inside sequence; paired identities across GT/method/QP
ulong,original,2,32,2,44.05313508263737,32,equal sequence quotas; uniform without replacement inside sequence; paired identities across GT/method/QP
ulong,native_i_adapt_1000,2,32,2,42.31199639366861,32,equal sequence quotas; uniform without replacement inside sequence; paired identities across GT/method/QP
ulong,wrapped_i_control_1000,2,32,2,44.17624328471965,32,equal sequence quotas; uniform without replacement inside sequence; paired identities across GT/method/QP
ulong,original,2,32,3,41.02667831566117,32,equal sequence quotas; uniform without replacement inside sequence; paired identities across GT/method/QP
ulong,native_i_adapt_1000,2,32,3,42.247089585863534,32,equal sequence quotas; uniform without replacement inside sequence; paired identities across GT/method/QP
ulong,wrapped_i_control_1000,2,32,3,43.866800801167926,32,equal sequence quotas; uniform without replacement inside sequence; paired identities across GT/method/QP
ulong,original,2,32,4,40.138962735978396,32,equal sequence quotas; uniform without replacement inside sequence; paired identities across GT/method/QP
ulong,native_i_adapt_1000,2,32,4,39.80086315231807,32,equal sequence quotas; uniform without replacement inside sequence; paired identities across GT/method/QP
ulong,wrapped_i_control_1000,2,32,4,41.311476984595004,32,equal sequence quotas; uniform without replacement inside sequence; paired identities across GT/method/QP
ulong,original,2,32,5,43.70551771115527,32,equal sequence quotas; uniform without replacement inside sequence; paired identities across GT/method/QP
ulong,native_i_adapt_1000,2,32,5,43.54432288777866,32,equal sequence quotas; uniform without replacement inside sequence; paired identities across GT/method/QP
ulong,wrapped_i_control_1000,2,32,5,45.61421712692828,32,equal sequence quotas; uniform without replacement inside sequence; paired identities across GT/method/QP
ulong,original,2,32,6,41.27303798338346,32,equal sequence quotas; uniform without replacement inside sequence; paired identities across GT/method/QP
ulong,native_i_adapt_1000,2,32,6,42.48012673586129,32,equal sequence quotas; uniform without replacement inside sequence; paired identities across GT/method/QP
ulong,wrapped_i_control_1000,2,32,6,44.470729008344335,32,equal sequence quotas; uniform without replacement inside sequence; paired identities across GT/method/QP
ulong,original,2,32,7,46.30303879010921,32,equal sequence quotas; uniform without replacement inside sequence; paired identities across GT/method/QP
ulong,native_i_adapt_1000,2,32,7,42.699460597628445,32,equal sequence quotas; uniform without replacement inside sequence; paired identities across GT/method/QP
ulong,wrapped_i_control_1000,2,32,7,45.57053446311272,32,equal sequence quotas; uniform without replacement inside sequence; paired identities across GT/method/QP
ulong,original,2,32,8,49.31163346134679,32,equal sequence quotas; uniform without replacement inside sequence; paired identities across GT/method/QP
ulong,native_i_adapt_1000,2,32,8,44.813466887453615,32,equal sequence quotas; uniform without replacement inside sequence; paired identities across GT/method/QP
ulong,wrapped_i_control_1000,2,32,8,46.74212620198375,32,equal sequence quotas; uniform without replacement inside sequence; paired identities across GT/method/QP
ulong,original,2,32,9,41.49961083493889,32,equal sequence quotas; uniform without replacement inside sequence; paired identities across GT/method/QP
ulong,native_i_adapt_1000,2,32,9,40.931083546602906,32,equal sequence quotas; uniform without replacement inside sequence; paired identities across GT/method/QP
ulong,wrapped_i_control_1000,2,32,9,39.982492829778664,32,equal sequence quotas; uniform without replacement inside sequence; paired identities across GT/method/QP
ulong,original,2,32,10,42.52672652179996,32,equal sequence quotas; uniform without replacement inside sequence; paired identities across GT/method/QP
ulong,native_i_adapt_1000,2,32,10,44.39727253423962,32,equal sequence quotas; uniform without replacement inside sequence; paired identities across GT/method/QP
ulong,wrapped_i_control_1000,2,32,10,43.1356936880652,32,equal sequence quotas; uniform without replacement inside sequence; paired identities across GT/method/QP
ulong,original,2,32,11,43.03598379447317,32,equal sequence quotas; uniform without replacement inside sequence; paired identities across GT/method/QP
ulong,native_i_adapt_1000,2,32,11,45.16872846161641,32,equal sequence quotas; uniform without replacement inside sequence; paired identities across GT/method/QP
ulong,wrapped_i_control_1000,2,32,11,46.50177995707094,32,equal sequence quotas; uniform without replacement inside sequence; paired identities across GT/method/QP
ulong,original,2,32,12,40.7839805245772,32,equal sequence quotas; uniform without replacement inside sequence; paired identities across GT/method/QP
ulong,native_i_adapt_1000,2,32,12,43.69835143831443,32,equal sequence quotas; uniform without replacement inside sequence; paired identities across GT/method/QP
ulong,wrapped_i_control_1000,2,32,12,43.8598897936439,32,equal sequence quotas; uniform without replacement inside sequence; paired identities across GT/method/QP
ulong,original,2,32,13,41.80247795713774,32,equal sequence quotas; uniform without replacement inside sequence; paired identities across GT/method/QP
ulong,native_i_adapt_1000,2,32,13,42.329126774361214,32,equal sequence quotas; uniform without replacement inside sequence; paired identities across GT/method/QP
ulong,wrapped_i_control_1000,2,32,13,41.01793219657475,32,equal sequence quotas; uniform without replacement inside sequence; paired identities across GT/method/QP
ulong,original,2,32,14,40.44498545036163,32,equal sequence quotas; uniform without replacement inside sequence; paired identities across GT/method/QP
ulong,native_i_adapt_1000,2,32,14,40.856400786976224,32,equal sequence quotas; uniform without replacement inside sequence; paired identities across GT/method/QP
ulong,wrapped_i_control_1000,2,32,14,42.24698477160513,32,equal sequence quotas; uniform without replacement inside sequence; paired identities across GT/method/QP
ulong,original,2,32,15,42.903520636389544,32,equal sequence quotas; uniform without replacement inside sequence; paired identities across GT/method/QP
ulong,native_i_adapt_1000,2,32,15,42.84324744016385,32,equal sequence quotas; uniform without replacement inside sequence; paired identities across GT/method/QP
ulong,wrapped_i_control_1000,2,32,15,42.49929681798233,32,equal sequence quotas; uniform without replacement inside sequence; paired identities across GT/method/QP
ulong,original,2,32,16,38.84505734482218,32,equal sequence quotas; uniform without replacement inside sequence; paired identities across GT/method/QP
ulong,native_i_adapt_1000,2,32,16,42.60878298773224,32,equal sequence quotas; uniform without replacement inside sequence; paired identities across GT/method/QP
ulong,wrapped_i_control_1000,2,32,16,42.451052789256494,32,equal sequence quotas; uniform without replacement inside sequence; paired identities across GT/method/QP
ulong,original,2,32,17,41.75625311278975,32,equal sequence quotas; uniform without replacement inside sequence; paired identities across GT/method/QP
ulong,native_i_adapt_1000,2,32,17,42.40706776009404,32,equal sequence quotas; uniform without replacement inside sequence; paired identities across GT/method/QP
ulong,wrapped_i_control_1000,2,32,17,42.61432031403382,32,equal sequence quotas; uniform without replacement inside sequence; paired identities across GT/method/QP
ulong,original,2,32,18,44.687556672465405,32,equal sequence quotas; uniform without replacement inside sequence; paired identities across GT/method/QP
ulong,native_i_adapt_1000,2,32,18,43.54081405153215,32,equal sequence quotas; uniform without replacement inside sequence; paired identities across GT/method/QP
ulong,wrapped_i_control_1000,2,32,18,45.39387765429211,32,equal sequence quotas; uniform without replacement inside sequence; paired identities across GT/method/QP
ulong,original,2,32,19,40.75991354491907,32,equal sequence quotas; uniform without replacement inside sequence; paired identities across GT/method/QP
ulong,native_i_adapt_1000,2,32,19,41.4256964555118,32,equal sequence quotas; uniform without replacement inside sequence; paired identities across GT/method/QP
ulong,wrapped_i_control_1000,2,32,19,42.42770015774636,32,equal sequence quotas; uniform without replacement inside sequence; paired identities across GT/method/QP
ulong,original,2,32,20,39.78865767895911,32,equal sequence quotas; uniform without replacement inside sequence; paired identities across GT/method/QP
ulong,native_i_adapt_1000,2,32,20,41.973510700579254,32,equal sequence quotas; uniform without replacement inside sequence; paired identities across GT/method/QP
ulong,wrapped_i_control_1000,2,32,20,45.919663347796984,32,equal sequence quotas; uniform without replacement inside sequence; paired identities across GT/method/QP
ulong,original,2,32,21,41.836402215268606,32,equal sequence quotas; uniform without replacement inside sequence; paired identities across GT/method/QP
ulong,native_i_adapt_1000,2,32,21,42.33086694602105,32,equal sequence quotas; uniform without replacement inside sequence; paired identities across GT/method/QP
ulong,wrapped_i_control_1000,2,32,21,41.45157644529564,32,equal sequence quotas; uniform without replacement inside sequence; paired identities across GT/method/QP
ulong,original,2,32,22,41.233154691305856,32,equal sequence quotas; uniform without replacement inside sequence; paired identities across GT/method/QP
ulong,native_i_adapt_1000,2,32,22,40.500098279716894,32,equal sequence quotas; uniform without replacement inside sequence; paired identities across GT/method/QP
ulong,wrapped_i_control_1000,2,32,22,43.56361420783554,32,equal sequence quotas; uniform without replacement inside sequence; paired identities across GT/method/QP
ulong,original,2,32,23,42.2189570101317,32,equal sequence quotas; uniform without replacement inside sequence; paired identities across GT/method/QP
ulong,native_i_adapt_1000,2,32,23,41.6233776172387,32,equal sequence quotas; uniform without replacement inside sequence; paired identities across GT/method/QP
ulong,wrapped_i_control_1000,2,32,23,43.225023914810436,32,equal sequence quotas; uniform without replacement inside sequence; paired identities across GT/method/QP
ulong,original,2,32,24,43.28211176859611,32,equal sequence quotas; uniform without replacement inside sequence; paired identities across GT/method/QP
ulong,native_i_adapt_1000,2,32,24,41.68199770857501,32,equal sequence quotas; uniform without replacement inside sequence; paired identities across GT/method/QP
ulong,wrapped_i_control_1000,2,32,24,43.40026666330118,32,equal sequence quotas; uniform without replacement inside sequence; paired identities across GT/method/QP
ulong,original,2,32,25,46.25245108258116,32,equal sequence quotas; uniform without replacement inside sequence; paired identities across GT/method/QP
ulong,native_i_adapt_1000,2,32,25,47.53766897711972,32,equal sequence quotas; uniform without replacement inside sequence; paired identities across GT/method/QP
ulong,wrapped_i_control_1000,2,32,25,48.891726890956704,32,equal sequence quotas; uniform without replacement inside sequence; paired identities across GT/method/QP
ulong,original,2,32,26,45.91983862553195,32,equal sequence quotas; uniform without replacement inside sequence; paired identities across GT/method/QP
ulong,native_i_adapt_1000,2,32,26,45.60861474900304,32,equal sequence quotas; uniform without replacement inside sequence; paired identities across GT/method/QP
ulong,wrapped_i_control_1000,2,32,26,45.65151705158513,32,equal sequence quotas; uniform without replacement inside sequence; paired identities across GT/method/QP
ulong,original,2,32,27,39.18863587137048,32,equal sequence quotas; uniform without replacement inside sequence; paired identities across GT/method/QP
ulong,native_i_adapt_1000,2,32,27,41.67231390978981,32,equal sequence quotas; uniform without replacement inside sequence; paired identities across GT/method/QP
ulong,wrapped_i_control_1000,2,32,27,41.75456063873946,32,equal sequence quotas; uniform without replacement inside sequence; paired identities across GT/method/QP
ulong,original,2,32,28,42.82778580991305,32,equal sequence quotas; uniform without replacement inside sequence; paired identities across GT/method/QP
ulong,native_i_adapt_1000,2,32,28,40.84947176176172,32,equal sequence quotas; uniform without replacement inside sequence; paired identities across GT/method/QP
ulong,wrapped_i_control_1000,2,32,28,40.845684243272444,32,equal sequence quotas; uniform without replacement inside sequence; paired identities across GT/method/QP
ulong,original,2,32,29,37.783360903675714,32,equal sequence quotas; uniform without replacement inside sequence; paired identities across GT/method/QP
ulong,native_i_adapt_1000,2,32,29,41.07327040995159,32,equal sequence quotas; uniform without replacement inside sequence; paired identities across GT/method/QP
ulong,wrapped_i_control_1000,2,32,29,41.42946547978954,32,equal sequence quotas; uniform without replacement inside sequence; paired identities across GT/method/QP
ulong,original,2,32,30,40.09999690781376,32,equal sequence quotas; uniform without replacement inside sequence; paired identities across GT/method/QP
ulong,native_i_adapt_1000,2,32,30,41.2582990001211,32,equal sequence quotas; uniform without replacement inside sequence; paired identities across GT/method/QP
ulong,wrapped_i_control_1000,2,32,30,42.698390981147384,32,equal sequence quotas; uniform without replacement inside sequence; paired identities across GT/method/QP
ulong,original,2,32,31,44.03721838772799,32,equal sequence quotas; uniform without replacement inside sequence; paired identities across GT/method/QP
ulong,native_i_adapt_1000,2,32,31,43.30761498724286,32,equal sequence quotas; uniform without replacement inside sequence; paired identities across GT/method/QP
ulong,wrapped_i_control_1000,2,32,31,45.267823950956085,32,equal sequence quotas; uniform without replacement inside sequence; paired identities across GT/method/QP
ulong,original,2,32,32,45.58167414994125,32,equal sequence quotas; uniform without replacement inside sequence; paired identities across GT/method/QP
ulong,native_i_adapt_1000,2,32,32,44.49017942271024,32,equal sequence quotas; uniform without replacement inside sequence; paired identities across GT/method/QP
ulong,wrapped_i_control_1000,2,32,32,44.962882819491256,32,equal sequence quotas; uniform without replacement inside sequence; paired identities across GT/method/QP
ulong,original,2,32,33,43.1884965875426,32,equal sequence quotas; uniform without replacement inside sequence; paired identities across GT/method/QP
ulong,native_i_adapt_1000,2,32,33,44.31759665335136,32,equal sequence quotas; uniform without replacement inside sequence; paired identities across GT/method/QP
ulong,wrapped_i_control_1000,2,32,33,45.14722785282919,32,equal sequence quotas; uniform without replacement inside sequence; paired identities across GT/method/QP
ulong,original,2,32,34,38.03754642515099,32,equal sequence quotas; uniform without replacement inside sequence; paired identities across GT/method/QP
ulong,native_i_adapt_1000,2,32,34,37.316289305941154,32,equal sequence quotas; uniform without replacement inside sequence; paired identities across GT/method/QP
ulong,wrapped_i_control_1000,2,32,34,39.70993407636496,32,equal sequence quotas; uniform without replacement inside sequence; paired identities across GT/method/QP
ulong,original,2,32,35,44.263637132893564,32,equal sequence quotas; uniform without replacement inside sequence; paired identities across GT/method/QP
ulong,native_i_adapt_1000,2,32,35,42.54586238953675,32,equal sequence quotas; uniform without replacement inside sequence; paired identities across GT/method/QP
ulong,wrapped_i_control_1000,2,32,35,44.70677942767628,32,equal sequence quotas; uniform without replacement inside sequence; paired identities across GT/method/QP
ulong,original,2,32,36,41.05975388845309,32,equal sequence quotas; uniform without replacement inside sequence; paired identities across GT/method/QP
ulong,native_i_adapt_1000,2,32,36,41.38634048357511,32,equal sequence quotas; uniform without replacement inside sequence; paired identities across GT/method/QP
ulong,wrapped_i_control_1000,2,32,36,41.45909354917035,32,equal sequence quotas; uniform without replacement inside sequence; paired identities across GT/method/QP
ulong,original,2,32,37,44.09125016043299,32,equal sequence quotas; uniform without replacement inside sequence; paired identities across GT/method/QP
ulong,native_i_adapt_1000,2,32,37,41.44774134231454,32,equal sequence quotas; uniform without replacement inside sequence; paired identities across GT/method/QP
ulong,wrapped_i_control_1000,2,32,37,43.214123116631924,32,equal sequence quotas; uniform without replacement inside sequence; paired identities across GT/method/QP
ulong,original,2,32,38,39.390724472441036,32,equal sequence quotas; uniform without replacement inside sequence; paired identities across GT/method/QP
ulong,native_i_adapt_1000,2,32,38,39.98172651946402,32,equal sequence quotas; uniform without replacement inside sequence; paired identities across GT/method/QP
ulong,wrapped_i_control_1000,2,32,38,42.73650962852537,32,equal sequence quotas; uniform without replacement inside sequence; paired identities across GT/method/QP
ulong,original,2,32,39,42.650777669504976,32,equal sequence quotas; uniform without replacement inside sequence; paired identities across GT/method/QP
ulong,native_i_adapt_1000,2,32,39,42.0356288104594,32,equal sequence quotas; uniform without replacement inside sequence; paired identities across GT/method/QP
ulong,wrapped_i_control_1000,2,32,39,44.29542196903617,32,equal sequence quotas; uniform without replacement inside sequence; paired identities across GT/method/QP
ulong,original,2,32,40,43.653574482582826,32,equal sequence quotas; uniform without replacement inside sequence; paired identities across GT/method/QP
ulong,native_i_adapt_1000,2,32,40,47.189144997021,32,equal sequence quotas; uniform without replacement inside sequence; paired identities across GT/method/QP
ulong,wrapped_i_control_1000,2,32,40,43.75951919853401,32,equal sequence quotas; uniform without replacement inside sequence; paired identities across GT/method/QP
ulong,original,2,32,41,43.59936486558905,32,equal sequence quotas; uniform without replacement inside sequence; paired identities across GT/method/QP
ulong,native_i_adapt_1000,2,32,41,43.24133642810199,32,equal sequence quotas; uniform without replacement inside sequence; paired identities across GT/method/QP
ulong,wrapped_i_control_1000,2,32,41,43.05127651754714,32,equal sequence quotas; uniform without replacement inside sequence; paired identities across GT/method/QP
ulong,original,2,32,42,42.31489105598223,32,equal sequence quotas; uniform without replacement inside sequence; paired identities across GT/method/QP
ulong,native_i_adapt_1000,2,32,42,42.7662995429402,32,equal sequence quotas; uniform without replacement inside sequence; paired identities across GT/method/QP
ulong,wrapped_i_control_1000,2,32,42,43.11422334167713,32,equal sequence quotas; uniform without replacement inside sequence; paired identities across GT/method/QP
ulong,original,2,32,43,41.65235986028546,32,equal sequence quotas; uniform without replacement inside sequence; paired identities across GT/method/QP
ulong,native_i_adapt_1000,2,32,43,38.458510215814556,32,equal sequence quotas; uniform without replacement inside sequence; paired identities across GT/method/QP
ulong,wrapped_i_control_1000,2,32,43,39.653479884624346,32,equal sequence quotas; uniform without replacement inside sequence; paired identities across GT/method/QP
ulong,original,2,32,44,42.64736258549459,32,equal sequence quotas; uniform without replacement inside sequence; paired identities across GT/method/QP
ulong,native_i_adapt_1000,2,32,44,39.80524660414534,32,equal sequence quotas; uniform without replacement inside sequence; paired identities across GT/method/QP
ulong,wrapped_i_control_1000,2,32,44,40.126682878262955,32,equal sequence quotas; uniform without replacement inside sequence; paired identities across GT/method/QP
ulong,original,2,32,45,42.307851656309026,32,equal sequence quotas; uniform without replacement inside sequence; paired identities across GT/method/QP
ulong,native_i_adapt_1000,2,32,45,43.203751417275555,32,equal sequence quotas; uniform without replacement inside sequence; paired identities across GT/method/QP
ulong,wrapped_i_control_1000,2,32,45,42.195850391908095,32,equal sequence quotas; uniform without replacement inside sequence; paired identities across GT/method/QP
ulong,original,2,32,46,42.15752266192868,32,equal sequence quotas; uniform without replacement inside sequence; paired identities across GT/method/QP
ulong,native_i_adapt_1000,2,32,46,46.616916219580844,32,equal sequence quotas; uniform without replacement inside sequence; paired identities across GT/method/QP
ulong,wrapped_i_control_1000,2,32,46,46.70518186785591,32,equal sequence quotas; uniform without replacement inside sequence; paired identities across GT/method/QP
ulong,original,2,32,47,41.903847564307,32,equal sequence quotas; uniform without replacement inside sequence; paired identities across GT/method/QP
ulong,native_i_adapt_1000,2,32,47,42.85869801387179,32,equal sequence quotas; uniform without replacement inside sequence; paired identities across GT/method/QP
ulong,wrapped_i_control_1000,2,32,47,42.22754493581073,32,equal sequence quotas; uniform without replacement inside sequence; paired identities across GT/method/QP
ulong,original,2,32,48,41.675072683207304,32,equal sequence quotas; uniform without replacement inside sequence; paired identities across GT/method/QP
ulong,native_i_adapt_1000,2,32,48,41.40707888665412,32,equal sequence quotas; uniform without replacement inside sequence; paired identities across GT/method/QP
ulong,wrapped_i_control_1000,2,32,48,44.43469901648723,32,equal sequence quotas; uniform without replacement inside sequence; paired identities across GT/method/QP
ulong,original,2,32,49,44.56434020839424,32,equal sequence quotas; uniform without replacement inside sequence; paired identities across GT/method/QP
ulong,native_i_adapt_1000,2,32,49,43.600505328197414,32,equal sequence quotas; uniform without replacement inside sequence; paired identities across GT/method/QP
ulong,wrapped_i_control_1000,2,32,49,46.84910632487356,32,equal sequence quotas; uniform without replacement inside sequence; paired identities across GT/method/QP
ulong,original,2,32,50,42.536915013178486,32,equal sequence quotas; uniform without replacement inside sequence; paired identities across GT/method/QP
ulong,native_i_adapt_1000,2,32,50,42.23506472565964,32,equal sequence quotas; uniform without replacement inside sequence; paired identities across GT/method/QP
ulong,wrapped_i_control_1000,2,32,50,43.81191193549597,32,equal sequence quotas; uniform without replacement inside sequence; paired identities across GT/method/QP
ulong,original,2,32,51,40.94427863446248,32,equal sequence quotas; uniform without replacement inside sequence; paired identities across GT/method/QP
ulong,native_i_adapt_1000,2,32,51,43.25874726374684,32,equal sequence quotas; uniform without replacement inside sequence; paired identities across GT/method/QP
ulong,wrapped_i_control_1000,2,32,51,43.028171007141964,32,equal sequence quotas; uniform without replacement inside sequence; paired identities across GT/method/QP
ulong,original,2,32,52,43.74463027083965,32,equal sequence quotas; uniform without replacement inside sequence; paired identities across GT/method/QP
ulong,native_i_adapt_1000,2,32,52,44.05966779347625,32,equal sequence quotas; uniform without replacement inside sequence; paired identities across GT/method/QP
ulong,wrapped_i_control_1000,2,32,52,44.5237026765771,32,equal sequence quotas; uniform without replacement inside sequence; paired identities across GT/method/QP
ulong,original,2,32,53,41.62009211650201,32,equal sequence quotas; uniform without replacement inside sequence; paired identities across GT/method/QP
ulong,native_i_adapt_1000,2,32,53,42.93809500318281,32,equal sequence quotas; uniform without replacement inside sequence; paired identities across GT/method/QP
ulong,wrapped_i_control_1000,2,32,53,42.168274596840604,32,equal sequence quotas; uniform without replacement inside sequence; paired identities across GT/method/QP
ulong,original,2,32,54,40.54932174081466,32,equal sequence quotas; uniform without replacement inside sequence; paired identities across GT/method/QP
ulong,native_i_adapt_1000,2,32,54,42.00942438903496,32,equal sequence quotas; uniform without replacement inside sequence; paired identities across GT/method/QP
ulong,wrapped_i_control_1000,2,32,54,42.386311207705944,32,equal sequence quotas; uniform without replacement inside sequence; paired identities across GT/method/QP
ulong,original,2,32,55,39.924523610673646,32,equal sequence quotas; uniform without replacement inside sequence; paired identities across GT/method/QP
ulong,native_i_adapt_1000,2,32,55,42.22022811598299,32,equal sequence quotas; uniform without replacement inside sequence; paired identities across GT/method/QP
ulong,wrapped_i_control_1000,2,32,55,43.23320025571809,32,equal sequence quotas; uniform without replacement inside sequence; paired identities across GT/method/QP
ulong,original,2,32,56,42.953918939014955,32,equal sequence quotas; uniform without replacement inside sequence; paired identities across GT/method/QP
ulong,native_i_adapt_1000,2,32,56,43.39432374848275,32,equal sequence quotas; uniform without replacement inside sequence; paired identities across GT/method/QP
ulong,wrapped_i_control_1000,2,32,56,42.61965262557766,32,equal sequence quotas; uniform without replacement inside sequence; paired identities across GT/method/QP
ulong,original,2,32,57,45.01522963434115,32,equal sequence quotas; uniform without replacement inside sequence; paired identities across GT/method/QP
ulong,native_i_adapt_1000,2,32,57,43.2539243370548,32,equal sequence quotas; uniform without replacement inside sequence; paired identities across GT/method/QP
ulong,wrapped_i_control_1000,2,32,57,45.15212094806708,32,equal sequence quotas; uniform without replacement inside sequence; paired identities across GT/method/QP
ulong,original,2,32,58,41.01588596193966,32,equal sequence quotas; uniform without replacement inside sequence; paired identities across GT/method/QP
ulong,native_i_adapt_1000,2,32,58,42.28720941206774,32,equal sequence quotas; uniform without replacement inside sequence; paired identities across GT/method/QP
ulong,wrapped_i_control_1000,2,32,58,39.991790234135806,32,equal sequence quotas; uniform without replacement inside sequence; paired identities across GT/method/QP
ulong,original,2,32,59,39.86294440801589,32,equal sequence quotas; uniform without replacement inside sequence; paired identities across GT/method/QP
ulong,native_i_adapt_1000,2,32,59,39.797375477659955,32,equal sequence quotas; uniform without replacement inside sequence; paired identities across GT/method/QP
ulong,wrapped_i_control_1000,2,32,59,39.79977742127636,32,equal sequence quotas; uniform without replacement inside sequence; paired identities across GT/method/QP
ulong,original,2,32,60,42.00560978912273,32,equal sequence quotas; uniform without replacement inside sequence; paired identities across GT/method/QP
ulong,native_i_adapt_1000,2,32,60,40.094407895428844,32,equal sequence quotas; uniform without replacement inside sequence; paired identities across GT/method/QP
ulong,wrapped_i_control_1000,2,32,60,41.88305019746616,32,equal sequence quotas; uniform without replacement inside sequence; paired identities across GT/method/QP
ulong,original,2,32,61,42.69775978437792,32,equal sequence quotas; uniform without replacement inside sequence; paired identities across GT/method/QP
ulong,native_i_adapt_1000,2,32,61,42.07050206866853,32,equal sequence quotas; uniform without replacement inside sequence; paired identities across GT/method/QP
ulong,wrapped_i_control_1000,2,32,61,45.57436483608018,32,equal sequence quotas; uniform without replacement inside sequence; paired identities across GT/method/QP
ulong,original,2,32,62,48.095293503506525,32,equal sequence quotas; uniform without replacement inside sequence; paired identities across GT/method/QP
ulong,native_i_adapt_1000,2,32,62,47.90732830119413,32,equal sequence quotas; uniform without replacement inside sequence; paired identities across GT/method/QP
ulong,wrapped_i_control_1000,2,32,62,50.2972574105458,32,equal sequence quotas; uniform without replacement inside sequence; paired identities across GT/method/QP
ulong,original,2,32,63,45.1873499050468,32,equal sequence quotas; uniform without replacement inside sequence; paired identities across GT/method/QP
ulong,native_i_adapt_1000,2,32,63,45.914862319491874,32,equal sequence quotas; uniform without replacement inside sequence; paired identities across GT/method/QP
ulong,wrapped_i_control_1000,2,32,63,45.968043433251694,32,equal sequence quotas; uniform without replacement inside sequence; paired identities across GT/method/QP
ulong,original,2,32,64,42.540061414407035,32,equal sequence quotas; uniform without replacement inside sequence; paired identities across GT/method/QP
ulong,native_i_adapt_1000,2,32,64,40.56449052821546,32,equal sequence quotas; uniform without replacement inside sequence; paired identities across GT/method/QP
ulong,wrapped_i_control_1000,2,32,64,45.14578596487439,32,equal sequence quotas; uniform without replacement inside sequence; paired identities across GT/method/QP
ulong,original,2,32,65,45.31819949031711,32,equal sequence quotas; uniform without replacement inside sequence; paired identities across GT/method/QP
ulong,native_i_adapt_1000,2,32,65,47.34380858193771,32,equal sequence quotas; uniform without replacement inside sequence; paired identities across GT/method/QP
ulong,wrapped_i_control_1000,2,32,65,48.598484067700156,32,equal sequence quotas; uniform without replacement inside sequence; paired identities across GT/method/QP
ulong,original,2,32,66,48.575244687692646,32,equal sequence quotas; uniform without replacement inside sequence; paired identities across GT/method/QP
ulong,native_i_adapt_1000,2,32,66,47.77913776174688,32,equal sequence quotas; uniform without replacement inside sequence; paired identities across GT/method/QP
ulong,wrapped_i_control_1000,2,32,66,48.36038828445504,32,equal sequence quotas; uniform without replacement inside sequence; paired identities across GT/method/QP
ulong,original,2,32,67,45.120568318517485,32,equal sequence quotas; uniform without replacement inside sequence; paired identities across GT/method/QP
ulong,native_i_adapt_1000,2,32,67,42.413916257903225,32,equal sequence quotas; uniform without replacement inside sequence; paired identities across GT/method/QP
ulong,wrapped_i_control_1000,2,32,67,42.95579361606622,32,equal sequence quotas; uniform without replacement inside sequence; paired identities across GT/method/QP
ulong,original,2,32,68,44.06959141626004,32,equal sequence quotas; uniform without replacement inside sequence; paired identities across GT/method/QP
ulong,native_i_adapt_1000,2,32,68,41.38761253675341,32,equal sequence quotas; uniform without replacement inside sequence; paired identities across GT/method/QP
ulong,wrapped_i_control_1000,2,32,68,41.59459115366843,32,equal sequence quotas; uniform without replacement inside sequence; paired identities across GT/method/QP
ulong,original,2,32,69,42.47392544752819,32,equal sequence quotas; uniform without replacement inside sequence; paired identities across GT/method/QP
ulong,native_i_adapt_1000,2,32,69,37.221800880311605,32,equal sequence quotas; uniform without replacement inside sequence; paired identities across GT/method/QP
ulong,wrapped_i_control_1000,2,32,69,41.579011783839974,32,equal sequence quotas; uniform without replacement inside sequence; paired identities across GT/method/QP
ulong,original,2,32,70,44.17733713609033,32,equal sequence quotas; uniform without replacement inside sequence; paired identities across GT/method/QP
ulong,native_i_adapt_1000,2,32,70,42.165603949806155,32,equal sequence quotas; uniform without replacement inside sequence; paired identities across GT/method/QP
ulong,wrapped_i_control_1000,2,32,70,42.027173190265785,32,equal sequence quotas; uniform without replacement inside sequence; paired identities across GT/method/QP
ulong,original,2,32,71,42.10376728657724,32,equal sequence quotas; uniform without replacement inside sequence; paired identities across GT/method/QP
ulong,native_i_adapt_1000,2,32,71,43.17322979643296,32,equal sequence quotas; uniform without replacement inside sequence; paired identities across GT/method/QP
ulong,wrapped_i_control_1000,2,32,71,44.632083148491574,32,equal sequence quotas; uniform without replacement inside sequence; paired identities across GT/method/QP
ulong,original,2,32,72,44.43220547220784,32,equal sequence quotas; uniform without replacement inside sequence; paired identities across GT/method/QP
ulong,native_i_adapt_1000,2,32,72,46.008525916073324,32,equal sequence quotas; uniform without replacement inside sequence; paired identities across GT/method/QP
ulong,wrapped_i_control_1000,2,32,72,46.167123060926485,32,equal sequence quotas; uniform without replacement inside sequence; paired identities across GT/method/QP
ulong,original,2,32,73,43.620385575542855,32,equal sequence quotas; uniform without replacement inside sequence; paired identities across GT/method/QP
ulong,native_i_adapt_1000,2,32,73,42.02898426202165,32,equal sequence quotas; uniform without replacement inside sequence; paired identities across GT/method/QP
ulong,wrapped_i_control_1000,2,32,73,43.60058430906929,32,equal sequence quotas; uniform without replacement inside sequence; paired identities across GT/method/QP
ulong,original,2,32,74,44.7575225798098,32,equal sequence quotas; uniform without replacement inside sequence; paired identities across GT/method/QP
ulong,native_i_adapt_1000,2,32,74,45.27333240030674,32,equal sequence quotas; uniform without replacement inside sequence; paired identities across GT/method/QP
ulong,wrapped_i_control_1000,2,32,74,43.19730548644844,32,equal sequence quotas; uniform without replacement inside sequence; paired identities across GT/method/QP
ulong,original,2,32,75,39.56199155222339,32,equal sequence quotas; uniform without replacement inside sequence; paired identities across GT/method/QP
ulong,native_i_adapt_1000,2,32,75,43.402980562026926,32,equal sequence quotas; uniform without replacement inside sequence; paired identities across GT/method/QP
ulong,wrapped_i_control_1000,2,32,75,42.85623979639598,32,equal sequence quotas; uniform without replacement inside sequence; paired identities across GT/method/QP
ulong,original,2,32,76,43.13689657673689,32,equal sequence quotas; uniform without replacement inside sequence; paired identities across GT/method/QP
ulong,native_i_adapt_1000,2,32,76,45.724102690370046,32,equal sequence quotas; uniform without replacement inside sequence; paired identities across GT/method/QP
ulong,wrapped_i_control_1000,2,32,76,44.47674224980733,32,equal sequence quotas; uniform without replacement inside sequence; paired identities across GT/method/QP
ulong,original,2,32,77,40.55263474474879,32,equal sequence quotas; uniform without replacement inside sequence; paired identities across GT/method/QP
ulong,native_i_adapt_1000,2,32,77,41.03698348818017,32,equal sequence quotas; uniform without replacement inside sequence; paired identities across GT/method/QP
ulong,wrapped_i_control_1000,2,32,77,39.57721468985119,32,equal sequence quotas; uniform without replacement inside sequence; paired identities across GT/method/QP
ulong,original,2,32,78,45.94722905218555,32,equal sequence quotas; uniform without replacement inside sequence; paired identities across GT/method/QP
ulong,native_i_adapt_1000,2,32,78,45.28529040343494,32,equal sequence quotas; uniform without replacement inside sequence; paired identities across GT/method/QP
ulong,wrapped_i_control_1000,2,32,78,46.39424287278558,32,equal sequence quotas; uniform without replacement inside sequence; paired identities across GT/method/QP
ulong,original,2,32,79,44.54139719188197,32,equal sequence quotas; uniform without replacement inside sequence; paired identities across GT/method/QP
ulong,native_i_adapt_1000,2,32,79,41.923418777406255,32,equal sequence quotas; uniform without replacement inside sequence; paired identities across GT/method/QP
ulong,wrapped_i_control_1000,2,32,79,42.38113698557015,32,equal sequence quotas; uniform without replacement inside sequence; paired identities across GT/method/QP
ulong,original,2,32,80,45.3296812912065,32,equal sequence quotas; uniform without replacement inside sequence; paired identities across GT/method/QP
ulong,native_i_adapt_1000,2,32,80,43.03575025368491,32,equal sequence quotas; uniform without replacement inside sequence; paired identities across GT/method/QP
ulong,wrapped_i_control_1000,2,32,80,41.63134110156159,32,equal sequence quotas; uniform without replacement inside sequence; paired identities across GT/method/QP
ulong,original,2,32,81,46.31712259665113,32,equal sequence quotas; uniform without replacement inside sequence; paired identities across GT/method/QP
ulong,native_i_adapt_1000,2,32,81,44.00923696406534,32,equal sequence quotas; uniform without replacement inside sequence; paired identities across GT/method/QP
ulong,wrapped_i_control_1000,2,32,81,44.86131764721307,32,equal sequence quotas; uniform without replacement inside sequence; paired identities across GT/method/QP
ulong,original,2,32,82,45.945545451356224,32,equal sequence quotas; uniform without replacement inside sequence; paired identities across GT/method/QP
ulong,native_i_adapt_1000,2,32,82,45.26004888714613,32,equal sequence quotas; uniform without replacement inside sequence; paired identities across GT/method/QP
ulong,wrapped_i_control_1000,2,32,82,43.60200013358042,32,equal sequence quotas; uniform without replacement inside sequence; paired identities across GT/method/QP
ulong,original,2,32,83,44.379455254119364,32,equal sequence quotas; uniform without replacement inside sequence; paired identities across GT/method/QP
ulong,native_i_adapt_1000,2,32,83,43.296498451312175,32,equal sequence quotas; uniform without replacement inside sequence; paired identities across GT/method/QP
ulong,wrapped_i_control_1000,2,32,83,44.30771463386924,32,equal sequence quotas; uniform without replacement inside sequence; paired identities across GT/method/QP
ulong,original,2,32,84,43.938018422353764,32,equal sequence quotas; uniform without replacement inside sequence; paired identities across GT/method/QP
ulong,native_i_adapt_1000,2,32,84,44.02131919176617,32,equal sequence quotas; uniform without replacement inside sequence; paired identities across GT/method/QP
ulong,wrapped_i_control_1000,2,32,84,45.40562528626509,32,equal sequence quotas; uniform without replacement inside sequence; paired identities across GT/method/QP
ulong,original,2,32,85,44.927072696336324,32,equal sequence quotas; uniform without replacement inside sequence; paired identities across GT/method/QP
ulong,native_i_adapt_1000,2,32,85,44.28669381131243,32,equal sequence quotas; uniform without replacement inside sequence; paired identities across GT/method/QP
ulong,wrapped_i_control_1000,2,32,85,44.805695867990835,32,equal sequence quotas; uniform without replacement inside sequence; paired identities across GT/method/QP
ulong,original,2,32,86,42.939683409599354,32,equal sequence quotas; uniform without replacement inside sequence; paired identities across GT/method/QP
ulong,native_i_adapt_1000,2,32,86,45.78667108747925,32,equal sequence quotas; uniform without replacement inside sequence; paired identities across GT/method/QP
ulong,wrapped_i_control_1000,2,32,86,43.418147355240365,32,equal sequence quotas; uniform without replacement inside sequence; paired identities across GT/method/QP
ulong,original,2,32,87,41.791856155665755,32,equal sequence quotas; uniform without replacement inside sequence; paired identities across GT/method/QP
ulong,native_i_adapt_1000,2,32,87,41.957599838317094,32,equal sequence quotas; uniform without replacement inside sequence; paired identities across GT/method/QP
ulong,wrapped_i_control_1000,2,32,87,42.769176187558855,32,equal sequence quotas; uniform without replacement inside sequence; paired identities across GT/method/QP
ulong,original,2,32,88,43.923197899491754,32,equal sequence quotas; uniform without replacement inside sequence; paired identities across GT/method/QP
ulong,native_i_adapt_1000,2,32,88,43.00535166810522,32,equal sequence quotas; uniform without replacement inside sequence; paired identities across GT/method/QP
ulong,wrapped_i_control_1000,2,32,88,43.358267947017396,32,equal sequence quotas; uniform without replacement inside sequence; paired identities across GT/method/QP
ulong,original,2,32,89,43.538750714067646,32,equal sequence quotas; uniform without replacement inside sequence; paired identities across GT/method/QP
ulong,native_i_adapt_1000,2,32,89,41.26874099969808,32,equal sequence quotas; uniform without replacement inside sequence; paired identities across GT/method/QP
ulong,wrapped_i_control_1000,2,32,89,44.085616653242255,32,equal sequence quotas; uniform without replacement inside sequence; paired identities across GT/method/QP
ulong,original,2,32,90,41.79765950134174,32,equal sequence quotas; uniform without replacement inside sequence; paired identities across GT/method/QP
ulong,native_i_adapt_1000,2,32,90,41.44146524368915,32,equal sequence quotas; uniform without replacement inside sequence; paired identities across GT/method/QP
ulong,wrapped_i_control_1000,2,32,90,43.07371969031931,32,equal sequence quotas; uniform without replacement inside sequence; paired identities across GT/method/QP
ulong,original,2,32,91,40.05382630774079,32,equal sequence quotas; uniform without replacement inside sequence; paired identities across GT/method/QP
ulong,native_i_adapt_1000,2,32,91,43.12765176254658,32,equal sequence quotas; uniform without replacement inside sequence; paired identities across GT/method/QP
ulong,wrapped_i_control_1000,2,32,91,41.744116476407726,32,equal sequence quotas; uniform without replacement inside sequence; paired identities across GT/method/QP
ulong,original,2,32,92,43.28014544629957,32,equal sequence quotas; uniform without replacement inside sequence; paired identities across GT/method/QP
ulong,native_i_adapt_1000,2,32,92,43.898337457239506,32,equal sequence quotas; uniform without replacement inside sequence; paired identities across GT/method/QP
ulong,wrapped_i_control_1000,2,32,92,45.10216646780708,32,equal sequence quotas; uniform without replacement inside sequence; paired identities across GT/method/QP
ulong,original,2,32,93,45.37321631036599,32,equal sequence quotas; uniform without replacement inside sequence; paired identities across GT/method/QP
ulong,native_i_adapt_1000,2,32,93,46.141998884021575,32,equal sequence quotas; uniform without replacement inside sequence; paired identities across GT/method/QP
ulong,wrapped_i_control_1000,2,32,93,47.44130004620297,32,equal sequence quotas; uniform without replacement inside sequence; paired identities across GT/method/QP
ulong,original,2,32,94,39.247865348706796,32,equal sequence quotas; uniform without replacement inside sequence; paired identities across GT/method/QP
ulong,native_i_adapt_1000,2,32,94,40.478834232972986,32,equal sequence quotas; uniform without replacement inside sequence; paired identities across GT/method/QP
ulong,wrapped_i_control_1000,2,32,94,41.53068761896952,32,equal sequence quotas; uniform without replacement inside sequence; paired identities across GT/method/QP
ulong,original,2,32,95,43.01961212192862,32,equal sequence quotas; uniform without replacement inside sequence; paired identities across GT/method/QP
ulong,native_i_adapt_1000,2,32,95,41.65095215158317,32,equal sequence quotas; uniform without replacement inside sequence; paired identities across GT/method/QP
ulong,wrapped_i_control_1000,2,32,95,43.457813801082864,32,equal sequence quotas; uniform without replacement inside sequence; paired identities across GT/method/QP
ulong,original,2,32,96,42.72081745280292,32,equal sequence quotas; uniform without replacement inside sequence; paired identities across GT/method/QP
ulong,native_i_adapt_1000,2,32,96,42.39219274074446,32,equal sequence quotas; uniform without replacement inside sequence; paired identities across GT/method/QP
ulong,wrapped_i_control_1000,2,32,96,47.54556708053502,32,equal sequence quotas; uniform without replacement inside sequence; paired identities across GT/method/QP
ulong,original,2,32,97,42.72515870119656,32,equal sequence quotas; uniform without replacement inside sequence; paired identities across GT/method/QP
ulong,native_i_adapt_1000,2,32,97,41.622028049970595,32,equal sequence quotas; uniform without replacement inside sequence; paired identities across GT/method/QP
ulong,wrapped_i_control_1000,2,32,97,45.66112771353505,32,equal sequence quotas; uniform without replacement inside sequence; paired identities across GT/method/QP
ulong,original,2,32,98,41.825224009537294,32,equal sequence quotas; uniform without replacement inside sequence; paired identities across GT/method/QP
ulong,native_i_adapt_1000,2,32,98,42.39106197840442,32,equal sequence quotas; uniform without replacement inside sequence; paired identities across GT/method/QP
ulong,wrapped_i_control_1000,2,32,98,43.2722741689019,32,equal sequence quotas; uniform without replacement inside sequence; paired identities across GT/method/QP
ulong,original,2,32,99,41.250795235564624,32,equal sequence quotas; uniform without replacement inside sequence; paired identities across GT/method/QP
ulong,native_i_adapt_1000,2,32,99,41.66256447952054,32,equal sequence quotas; uniform without replacement inside sequence; paired identities across GT/method/QP
ulong,wrapped_i_control_1000,2,32,99,43.67403111732904,32,equal sequence quotas; uniform without replacement inside sequence; paired identities across GT/method/QP
ulong,original,2,64,0,41.90877022134487,64,equal sequence quotas; uniform without replacement inside sequence; paired identities across GT/method/QP
ulong,native_i_adapt_1000,2,64,0,43.559047307036735,64,equal sequence quotas; uniform without replacement inside sequence; paired identities across GT/method/QP
ulong,wrapped_i_control_1000,2,64,0,44.514278643741875,64,equal sequence quotas; uniform without replacement inside sequence; paired identities across GT/method/QP
ulong,original,2,64,1,40.15632161734288,64,equal sequence quotas; uniform without replacement inside sequence; paired identities across GT/method/QP
ulong,native_i_adapt_1000,2,64,1,38.99551967402493,64,equal sequence quotas; uniform without replacement inside sequence; paired identities across GT/method/QP
ulong,wrapped_i_control_1000,2,64,1,39.81519031438859,64,equal sequence quotas; uniform without replacement inside sequence; paired identities across GT/method/QP
ulong,original,2,64,2,41.22000570757672,64,equal sequence quotas; uniform without replacement inside sequence; paired identities across GT/method/QP
ulong,native_i_adapt_1000,2,64,2,40.08939243605403,64,equal sequence quotas; uniform without replacement inside sequence; paired identities across GT/method/QP
ulong,wrapped_i_control_1000,2,64,2,41.37684621492343,64,equal sequence quotas; uniform without replacement inside sequence; paired identities across GT/method/QP
ulong,original,2,64,3,42.00749088701423,64,equal sequence quotas; uniform without replacement inside sequence; paired identities across GT/method/QP
ulong,native_i_adapt_1000,2,64,3,42.45506889420068,64,equal sequence quotas; uniform without replacement inside sequence; paired identities across GT/method/QP
ulong,wrapped_i_control_1000,2,64,3,43.88314216837591,64,equal sequence quotas; uniform without replacement inside sequence; paired identities across GT/method/QP
ulong,original,2,64,4,40.579615031633864,64,equal sequence quotas; uniform without replacement inside sequence; paired identities across GT/method/QP
ulong,native_i_adapt_1000,2,64,4,41.05458898845785,64,equal sequence quotas; uniform without replacement inside sequence; paired identities across GT/method/QP
ulong,wrapped_i_control_1000,2,64,4,43.37414266544528,64,equal sequence quotas; uniform without replacement inside sequence; paired identities across GT/method/QP
ulong,original,2,64,5,41.40511432921045,64,equal sequence quotas; uniform without replacement inside sequence; paired identities across GT/method/QP
ulong,native_i_adapt_1000,2,64,5,41.42363423166836,64,equal sequence quotas; uniform without replacement inside sequence; paired identities across GT/method/QP
ulong,wrapped_i_control_1000,2,64,5,41.81846279419773,64,equal sequence quotas; uniform without replacement inside sequence; paired identities across GT/method/QP
ulong,original,2,64,6,41.33784473911487,64,equal sequence quotas; uniform without replacement inside sequence; paired identities across GT/method/QP
ulong,native_i_adapt_1000,2,64,6,40.005519381418765,64,equal sequence quotas; uniform without replacement inside sequence; paired identities across GT/method/QP
ulong,wrapped_i_control_1000,2,64,6,41.35917453776341,64,equal sequence quotas; uniform without replacement inside sequence; paired identities across GT/method/QP
ulong,original,2,64,7,39.81245226130926,64,equal sequence quotas; uniform without replacement inside sequence; paired identities across GT/method/QP
ulong,native_i_adapt_1000,2,64,7,40.27064393189835,64,equal sequence quotas; uniform without replacement inside sequence; paired identities across GT/method/QP
ulong,wrapped_i_control_1000,2,64,7,40.326571954826875,64,equal sequence quotas; uniform without replacement inside sequence; paired identities across GT/method/QP
ulong,original,2,64,8,39.33584639245936,64,equal sequence quotas; uniform without replacement inside sequence; paired identities across GT/method/QP
ulong,native_i_adapt_1000,2,64,8,41.789147174451784,64,equal sequence quotas; uniform without replacement inside sequence; paired identities across GT/method/QP
ulong,wrapped_i_control_1000,2,64,8,42.18545096710335,64,equal sequence quotas; uniform without replacement inside sequence; paired identities across GT/method/QP
ulong,original,2,64,9,39.27163772413712,64,equal sequence quotas; uniform without replacement inside sequence; paired identities across GT/method/QP
ulong,native_i_adapt_1000,2,64,9,39.403748574694816,64,equal sequence quotas; uniform without replacement inside sequence; paired identities across GT/method/QP
ulong,wrapped_i_control_1000,2,64,9,40.790422950783466,64,equal sequence quotas; uniform without replacement inside sequence; paired identities across GT/method/QP
ulong,original,2,64,10,39.62206667992467,64,equal sequence quotas; uniform without replacement inside sequence; paired identities across GT/method/QP
ulong,native_i_adapt_1000,2,64,10,40.45844889503138,64,equal sequence quotas; uniform without replacement inside sequence; paired identities across GT/method/QP
ulong,wrapped_i_control_1000,2,64,10,41.35079038975846,64,equal sequence quotas; uniform without replacement inside sequence; paired identities across GT/method/QP
ulong,original,2,64,11,39.185897303978834,64,equal sequence quotas; uniform without replacement inside sequence; paired identities across GT/method/QP
ulong,native_i_adapt_1000,2,64,11,39.03296067820497,64,equal sequence quotas; uniform without replacement inside sequence; paired identities across GT/method/QP
ulong,wrapped_i_control_1000,2,64,11,38.415195672023,64,equal sequence quotas; uniform without replacement inside sequence; paired identities across GT/method/QP
ulong,original,2,64,12,39.25698805502168,64,equal sequence quotas; uniform without replacement inside sequence; paired identities across GT/method/QP
ulong,native_i_adapt_1000,2,64,12,40.519011143658986,64,equal sequence quotas; uniform without replacement inside sequence; paired identities across GT/method/QP
ulong,wrapped_i_control_1000,2,64,12,40.66133492573101,64,equal sequence quotas; uniform without replacement inside sequence; paired identities across GT/method/QP
ulong,original,2,64,13,40.77198348000991,64,equal sequence quotas; uniform without replacement inside sequence; paired identities across GT/method/QP
ulong,native_i_adapt_1000,2,64,13,42.17165827985099,64,equal sequence quotas; uniform without replacement inside sequence; paired identities across GT/method/QP
ulong,wrapped_i_control_1000,2,64,13,42.879037436834665,64,equal sequence quotas; uniform without replacement inside sequence; paired identities across GT/method/QP
ulong,original,2,64,14,41.11444513863722,64,equal sequence quotas; uniform without replacement inside sequence; paired identities across GT/method/QP
ulong,native_i_adapt_1000,2,64,14,40.54641617658058,64,equal sequence quotas; uniform without replacement inside sequence; paired identities across GT/method/QP
ulong,wrapped_i_control_1000,2,64,14,40.84929670720527,64,equal sequence quotas; uniform without replacement inside sequence; paired identities across GT/method/QP
ulong,original,2,64,15,39.16329076382215,64,equal sequence quotas; uniform without replacement inside sequence; paired identities across GT/method/QP
ulong,native_i_adapt_1000,2,64,15,40.34160743981539,64,equal sequence quotas; uniform without replacement inside sequence; paired identities across GT/method/QP
ulong,wrapped_i_control_1000,2,64,15,40.999248813548036,64,equal sequence quotas; uniform without replacement inside sequence; paired identities across GT/method/QP
ulong,original,2,64,16,41.32463985391672,64,equal sequence quotas; uniform without replacement inside sequence; paired identities across GT/method/QP
ulong,native_i_adapt_1000,2,64,16,40.89092808722506,64,equal sequence quotas; uniform without replacement inside sequence; paired identities across GT/method/QP
ulong,wrapped_i_control_1000,2,64,16,42.26376152893704,64,equal sequence quotas; uniform without replacement inside sequence; paired identities across GT/method/QP
ulong,original,2,64,17,41.20674392666615,64,equal sequence quotas; uniform without replacement inside sequence; paired identities across GT/method/QP
ulong,native_i_adapt_1000,2,64,17,39.60593840638802,64,equal sequence quotas; uniform without replacement inside sequence; paired identities across GT/method/QP
ulong,wrapped_i_control_1000,2,64,17,39.176392490992555,64,equal sequence quotas; uniform without replacement inside sequence; paired identities across GT/method/QP
ulong,original,2,64,18,38.073215101101766,64,equal sequence quotas; uniform without replacement inside sequence; paired identities across GT/method/QP
ulong,native_i_adapt_1000,2,64,18,37.96049661173231,64,equal sequence quotas; uniform without replacement inside sequence; paired identities across GT/method/QP
ulong,wrapped_i_control_1000,2,64,18,37.98367821747428,64,equal sequence quotas; uniform without replacement inside sequence; paired identities across GT/method/QP
ulong,original,2,64,19,41.62300342860789,64,equal sequence quotas; uniform without replacement inside sequence; paired identities across GT/method/QP
ulong,native_i_adapt_1000,2,64,19,41.94263175801808,64,equal sequence quotas; uniform without replacement inside sequence; paired identities across GT/method/QP
ulong,wrapped_i_control_1000,2,64,19,40.25755269230365,64,equal sequence quotas; uniform without replacement inside sequence; paired identities across GT/method/QP
ulong,original,2,64,20,40.254583013690365,64,equal sequence quotas; uniform without replacement inside sequence; paired identities across GT/method/QP
ulong,native_i_adapt_1000,2,64,20,40.37357185048688,64,equal sequence quotas; uniform without replacement inside sequence; paired identities across GT/method/QP
ulong,wrapped_i_control_1000,2,64,20,43.053316892264945,64,equal sequence quotas; uniform without replacement inside sequence; paired identities across GT/method/QP
ulong,original,2,64,21,38.200312391021214,64,equal sequence quotas; uniform without replacement inside sequence; paired identities across GT/method/QP
ulong,native_i_adapt_1000,2,64,21,38.008802572250545,64,equal sequence quotas; uniform without replacement inside sequence; paired identities across GT/method/QP
ulong,wrapped_i_control_1000,2,64,21,39.167904386347686,64,equal sequence quotas; uniform without replacement inside sequence; paired identities across GT/method/QP
ulong,original,2,64,22,42.51799134230964,64,equal sequence quotas; uniform without replacement inside sequence; paired identities across GT/method/QP
ulong,native_i_adapt_1000,2,64,22,41.678352210276216,64,equal sequence quotas; uniform without replacement inside sequence; paired identities across GT/method/QP
ulong,wrapped_i_control_1000,2,64,22,41.949595884661335,64,equal sequence quotas; uniform without replacement inside sequence; paired identities across GT/method/QP
ulong,original,2,64,23,41.43631860955918,64,equal sequence quotas; uniform without replacement inside sequence; paired identities across GT/method/QP
ulong,native_i_adapt_1000,2,64,23,42.21229966722717,64,equal sequence quotas; uniform without replacement inside sequence; paired identities across GT/method/QP
ulong,wrapped_i_control_1000,2,64,23,42.280366698188175,64,equal sequence quotas; uniform without replacement inside sequence; paired identities across GT/method/QP
ulong,original,2,64,24,39.87783239907907,64,equal sequence quotas; uniform without replacement inside sequence; paired identities across GT/method/QP
ulong,native_i_adapt_1000,2,64,24,39.89784513302345,64,equal sequence quotas; uniform without replacement inside sequence; paired identities across GT/method/QP
ulong,wrapped_i_control_1000,2,64,24,39.14748738293673,64,equal sequence quotas; uniform without replacement inside sequence; paired identities across GT/method/QP
ulong,original,2,64,25,43.13793170376374,64,equal sequence quotas; uniform without replacement inside sequence; paired identities across GT/method/QP
ulong,native_i_adapt_1000,2,64,25,42.08167696347493,64,equal sequence quotas; uniform without replacement inside sequence; paired identities across GT/method/QP
ulong,wrapped_i_control_1000,2,64,25,43.45882227218084,64,equal sequence quotas; uniform without replacement inside sequence; paired identities across GT/method/QP
ulong,original,2,64,26,41.133507230946634,64,equal sequence quotas; uniform without replacement inside sequence; paired identities across GT/method/QP
ulong,native_i_adapt_1000,2,64,26,42.92413346256882,64,equal sequence quotas; uniform without replacement inside sequence; paired identities across GT/method/QP
ulong,wrapped_i_control_1000,2,64,26,43.01783245833593,64,equal sequence quotas; uniform without replacement inside sequence; paired identities across GT/method/QP
ulong,original,2,64,27,39.11785666568318,64,equal sequence quotas; uniform without replacement inside sequence; paired identities across GT/method/QP
ulong,native_i_adapt_1000,2,64,27,39.45165623471337,64,equal sequence quotas; uniform without replacement inside sequence; paired identities across GT/method/QP
ulong,wrapped_i_control_1000,2,64,27,41.06944672526123,64,equal sequence quotas; uniform without replacement inside sequence; paired identities across GT/method/QP
ulong,original,2,64,28,41.569991104130054,64,equal sequence quotas; uniform without replacement inside sequence; paired identities across GT/method/QP
ulong,native_i_adapt_1000,2,64,28,42.56618352444423,64,equal sequence quotas; uniform without replacement inside sequence; paired identities across GT/method/QP
ulong,wrapped_i_control_1000,2,64,28,43.3946575168132,64,equal sequence quotas; uniform without replacement inside sequence; paired identities across GT/method/QP
ulong,original,2,64,29,39.77148461377476,64,equal sequence quotas; uniform without replacement inside sequence; paired identities across GT/method/QP
ulong,native_i_adapt_1000,2,64,29,39.35180807763436,64,equal sequence quotas; uniform without replacement inside sequence; paired identities across GT/method/QP
ulong,wrapped_i_control_1000,2,64,29,42.2728514749636,64,equal sequence quotas; uniform without replacement inside sequence; paired identities across GT/method/QP
ulong,original,2,64,30,41.75425427421732,64,equal sequence quotas; uniform without replacement inside sequence; paired identities across GT/method/QP
ulong,native_i_adapt_1000,2,64,30,42.42602006902189,64,equal sequence quotas; uniform without replacement inside sequence; paired identities across GT/method/QP
ulong,wrapped_i_control_1000,2,64,30,43.952311907151625,64,equal sequence quotas; uniform without replacement inside sequence; paired identities across GT/method/QP
ulong,original,2,64,31,40.35049968010071,64,equal sequence quotas; uniform without replacement inside sequence; paired identities across GT/method/QP
ulong,native_i_adapt_1000,2,64,31,40.1077316255429,64,equal sequence quotas; uniform without replacement inside sequence; paired identities across GT/method/QP
ulong,wrapped_i_control_1000,2,64,31,39.36782609464791,64,equal sequence quotas; uniform without replacement inside sequence; paired identities across GT/method/QP
ulong,original,2,64,32,40.35339037648362,64,equal sequence quotas; uniform without replacement inside sequence; paired identities across GT/method/QP
ulong,native_i_adapt_1000,2,64,32,39.645477963416,64,equal sequence quotas; uniform without replacement inside sequence; paired identities across GT/method/QP
ulong,wrapped_i_control_1000,2,64,32,40.48345204320418,64,equal sequence quotas; uniform without replacement inside sequence; paired identities across GT/method/QP
ulong,original,2,64,33,40.0175933919802,64,equal sequence quotas; uniform without replacement inside sequence; paired identities across GT/method/QP
ulong,native_i_adapt_1000,2,64,33,39.198655690269845,64,equal sequence quotas; uniform without replacement inside sequence; paired identities across GT/method/QP
ulong,wrapped_i_control_1000,2,64,33,39.20931868173574,64,equal sequence quotas; uniform without replacement inside sequence; paired identities across GT/method/QP
ulong,original,2,64,34,40.78332450684803,64,equal sequence quotas; uniform without replacement inside sequence; paired identities across GT/method/QP
ulong,native_i_adapt_1000,2,64,34,42.710371571959854,64,equal sequence quotas; uniform without replacement inside sequence; paired identities across GT/method/QP
ulong,wrapped_i_control_1000,2,64,34,43.55690773553954,64,equal sequence quotas; uniform without replacement inside sequence; paired identities across GT/method/QP
ulong,original,2,64,35,41.7411883691924,64,equal sequence quotas; uniform without replacement inside sequence; paired identities across GT/method/QP
ulong,native_i_adapt_1000,2,64,35,41.9799645112393,64,equal sequence quotas; uniform without replacement inside sequence; paired identities across GT/method/QP
ulong,wrapped_i_control_1000,2,64,35,43.523860418641846,64,equal sequence quotas; uniform without replacement inside sequence; paired identities across GT/method/QP
ulong,original,2,64,36,38.690446024182506,64,equal sequence quotas; uniform without replacement inside sequence; paired identities across GT/method/QP
ulong,native_i_adapt_1000,2,64,36,37.92119187956018,64,equal sequence quotas; uniform without replacement inside sequence; paired identities across GT/method/QP
ulong,wrapped_i_control_1000,2,64,36,38.36173477377514,64,equal sequence quotas; uniform without replacement inside sequence; paired identities across GT/method/QP
ulong,original,2,64,37,41.40715719382166,64,equal sequence quotas; uniform without replacement inside sequence; paired identities across GT/method/QP
ulong,native_i_adapt_1000,2,64,37,41.10622936644006,64,equal sequence quotas; uniform without replacement inside sequence; paired identities across GT/method/QP
ulong,wrapped_i_control_1000,2,64,37,39.243873665296746,64,equal sequence quotas; uniform without replacement inside sequence; paired identities across GT/method/QP
ulong,original,2,64,38,41.288642139404885,64,equal sequence quotas; uniform without replacement inside sequence; paired identities across GT/method/QP
ulong,native_i_adapt_1000,2,64,38,40.44583570849011,64,equal sequence quotas; uniform without replacement inside sequence; paired identities across GT/method/QP
ulong,wrapped_i_control_1000,2,64,38,40.53172997501326,64,equal sequence quotas; uniform without replacement inside sequence; paired identities across GT/method/QP
ulong,original,2,64,39,41.71013711052353,64,equal sequence quotas; uniform without replacement inside sequence; paired identities across GT/method/QP
ulong,native_i_adapt_1000,2,64,39,42.08251770306123,64,equal sequence quotas; uniform without replacement inside sequence; paired identities across GT/method/QP
ulong,wrapped_i_control_1000,2,64,39,41.536817085665916,64,equal sequence quotas; uniform without replacement inside sequence; paired identities across GT/method/QP
ulong,original,2,64,40,40.31833867163101,64,equal sequence quotas; uniform without replacement inside sequence; paired identities across GT/method/QP
ulong,native_i_adapt_1000,2,64,40,38.888347631591614,64,equal sequence quotas; uniform without replacement inside sequence; paired identities across GT/method/QP
ulong,wrapped_i_control_1000,2,64,40,38.27079720307182,64,equal sequence quotas; uniform without replacement inside sequence; paired identities across GT/method/QP
ulong,original,2,64,41,39.384370468906184,64,equal sequence quotas; uniform without replacement inside sequence; paired identities across GT/method/QP
ulong,native_i_adapt_1000,2,64,41,41.63432150889929,64,equal sequence quotas; uniform without replacement inside sequence; paired identities across GT/method/QP
ulong,wrapped_i_control_1000,2,64,41,40.91542563471654,64,equal sequence quotas; uniform without replacement inside sequence; paired identities across GT/method/QP
ulong,original,2,64,42,38.402103214349665,64,equal sequence quotas; uniform without replacement inside sequence; paired identities across GT/method/QP
ulong,native_i_adapt_1000,2,64,42,39.15293408360566,64,equal sequence quotas; uniform without replacement inside sequence; paired identities across GT/method/QP
ulong,wrapped_i_control_1000,2,64,42,38.68570452404248,64,equal sequence quotas; uniform without replacement inside sequence; paired identities across GT/method/QP
ulong,original,2,64,43,40.09363776057552,64,equal sequence quotas; uniform without replacement inside sequence; paired identities across GT/method/QP
ulong,native_i_adapt_1000,2,64,43,39.49164470586959,64,equal sequence quotas; uniform without replacement inside sequence; paired identities across GT/method/QP
ulong,wrapped_i_control_1000,2,64,43,40.92163592708317,64,equal sequence quotas; uniform without replacement inside sequence; paired identities across GT/method/QP
ulong,original,2,64,44,40.82139221400416,64,equal sequence quotas; uniform without replacement inside sequence; paired identities across GT/method/QP
ulong,native_i_adapt_1000,2,64,44,39.14743877020993,64,equal sequence quotas; uniform without replacement inside sequence; paired identities across GT/method/QP
ulong,wrapped_i_control_1000,2,64,44,40.841709924936254,64,equal sequence quotas; uniform without replacement inside sequence; paired identities across GT/method/QP
ulong,original,2,64,45,40.1516765040584,64,equal sequence quotas; uniform without replacement inside sequence; paired identities across GT/method/QP
ulong,native_i_adapt_1000,2,64,45,41.87399822654942,64,equal sequence quotas; uniform without replacement inside sequence; paired identities across GT/method/QP
ulong,wrapped_i_control_1000,2,64,45,40.289945158737396,64,equal sequence quotas; uniform without replacement inside sequence; paired identities across GT/method/QP
ulong,original,2,64,46,38.40724444112561,64,equal sequence quotas; uniform without replacement inside sequence; paired identities across GT/method/QP
ulong,native_i_adapt_1000,2,64,46,38.38129947948647,64,equal sequence quotas; uniform without replacement inside sequence; paired identities across GT/method/QP
ulong,wrapped_i_control_1000,2,64,46,39.03462495996371,64,equal sequence quotas; uniform without replacement inside sequence; paired identities across GT/method/QP
ulong,original,2,64,47,44.17266486498107,64,equal sequence quotas; uniform without replacement inside sequence; paired identities across GT/method/QP
ulong,native_i_adapt_1000,2,64,47,44.48265094983799,64,equal sequence quotas; uniform without replacement inside sequence; paired identities across GT/method/QP
ulong,wrapped_i_control_1000,2,64,47,44.76234016804574,64,equal sequence quotas; uniform without replacement inside sequence; paired identities across GT/method/QP
ulong,original,2,64,48,40.01894664191178,64,equal sequence quotas; uniform without replacement inside sequence; paired identities across GT/method/QP
ulong,native_i_adapt_1000,2,64,48,39.4035608865845,64,equal sequence quotas; uniform without replacement inside sequence; paired identities across GT/method/QP
ulong,wrapped_i_control_1000,2,64,48,40.10548052355,64,equal sequence quotas; uniform without replacement inside sequence; paired identities across GT/method/QP
ulong,original,2,64,49,39.55820618554651,64,equal sequence quotas; uniform without replacement inside sequence; paired identities across GT/method/QP
ulong,native_i_adapt_1000,2,64,49,40.51917433580684,64,equal sequence quotas; uniform without replacement inside sequence; paired identities across GT/method/QP
ulong,wrapped_i_control_1000,2,64,49,40.072260736128726,64,equal sequence quotas; uniform without replacement inside sequence; paired identities across GT/method/QP
ulong,original,2,64,50,40.39099561941515,64,equal sequence quotas; uniform without replacement inside sequence; paired identities across GT/method/QP
ulong,native_i_adapt_1000,2,64,50,40.51032868583093,64,equal sequence quotas; uniform without replacement inside sequence; paired identities across GT/method/QP
ulong,wrapped_i_control_1000,2,64,50,41.37997492539017,64,equal sequence quotas; uniform without replacement inside sequence; paired identities across GT/method/QP
ulong,original,2,64,51,40.27725433989502,64,equal sequence quotas; uniform without replacement inside sequence; paired identities across GT/method/QP
ulong,native_i_adapt_1000,2,64,51,40.68698639624944,64,equal sequence quotas; uniform without replacement inside sequence; paired identities across GT/method/QP
ulong,wrapped_i_control_1000,2,64,51,40.38842573631251,64,equal sequence quotas; uniform without replacement inside sequence; paired identities across GT/method/QP
ulong,original,2,64,52,41.56093270904097,64,equal sequence quotas; uniform without replacement inside sequence; paired identities across GT/method/QP
ulong,native_i_adapt_1000,2,64,52,41.492770527492326,64,equal sequence quotas; uniform without replacement inside sequence; paired identities across GT/method/QP
ulong,wrapped_i_control_1000,2,64,52,41.187699963242665,64,equal sequence quotas; uniform without replacement inside sequence; paired identities across GT/method/QP
ulong,original,2,64,53,42.25682834146386,64,equal sequence quotas; uniform without replacement inside sequence; paired identities across GT/method/QP
ulong,native_i_adapt_1000,2,64,53,42.793943190452126,64,equal sequence quotas; uniform without replacement inside sequence; paired identities across GT/method/QP
ulong,wrapped_i_control_1000,2,64,53,42.206642006403456,64,equal sequence quotas; uniform without replacement inside sequence; paired identities across GT/method/QP
ulong,original,2,64,54,40.48289939585021,64,equal sequence quotas; uniform without replacement inside sequence; paired identities across GT/method/QP
ulong,native_i_adapt_1000,2,64,54,39.89020326902414,64,equal sequence quotas; uniform without replacement inside sequence; paired identities across GT/method/QP
ulong,wrapped_i_control_1000,2,64,54,40.649925008249284,64,equal sequence quotas; uniform without replacement inside sequence; paired identities across GT/method/QP
ulong,original,2,64,55,42.15690380595845,64,equal sequence quotas; uniform without replacement inside sequence; paired identities across GT/method/QP
ulong,native_i_adapt_1000,2,64,55,41.46046609732974,64,equal sequence quotas; uniform without replacement inside sequence; paired identities across GT/method/QP
ulong,wrapped_i_control_1000,2,64,55,41.73287435355826,64,equal sequence quotas; uniform without replacement inside sequence; paired identities across GT/method/QP
ulong,original,2,64,56,36.32891885054465,64,equal sequence quotas; uniform without replacement inside sequence; paired identities across GT/method/QP
ulong,native_i_adapt_1000,2,64,56,37.92361408764947,64,equal sequence quotas; uniform without replacement inside sequence; paired identities across GT/method/QP
ulong,wrapped_i_control_1000,2,64,56,39.13816359526419,64,equal sequence quotas; uniform without replacement inside sequence; paired identities across GT/method/QP
ulong,original,2,64,57,40.543803366839995,64,equal sequence quotas; uniform without replacement inside sequence; paired identities across GT/method/QP
ulong,native_i_adapt_1000,2,64,57,38.83655268630844,64,equal sequence quotas; uniform without replacement inside sequence; paired identities across GT/method/QP
ulong,wrapped_i_control_1000,2,64,57,41.04724920540639,64,equal sequence quotas; uniform without replacement inside sequence; paired identities across GT/method/QP
ulong,original,2,64,58,38.18335028190853,64,equal sequence quotas; uniform without replacement inside sequence; paired identities across GT/method/QP
ulong,native_i_adapt_1000,2,64,58,40.026142135848204,64,equal sequence quotas; uniform without replacement inside sequence; paired identities across GT/method/QP
ulong,wrapped_i_control_1000,2,64,58,37.65924900028682,64,equal sequence quotas; uniform without replacement inside sequence; paired identities across GT/method/QP
ulong,original,2,64,59,40.79816450551158,64,equal sequence quotas; uniform without replacement inside sequence; paired identities across GT/method/QP
ulong,native_i_adapt_1000,2,64,59,40.680199172166056,64,equal sequence quotas; uniform without replacement inside sequence; paired identities across GT/method/QP
ulong,wrapped_i_control_1000,2,64,59,42.24498359356693,64,equal sequence quotas; uniform without replacement inside sequence; paired identities across GT/method/QP
ulong,original,2,64,60,40.30007523889037,64,equal sequence quotas; uniform without replacement inside sequence; paired identities across GT/method/QP
ulong,native_i_adapt_1000,2,64,60,42.72052107730332,64,equal sequence quotas; uniform without replacement inside sequence; paired identities across GT/method/QP
ulong,wrapped_i_control_1000,2,64,60,43.211152785537024,64,equal sequence quotas; uniform without replacement inside sequence; paired identities across GT/method/QP
ulong,original,2,64,61,40.500393116106125,64,equal sequence quotas; uniform without replacement inside sequence; paired identities across GT/method/QP
ulong,native_i_adapt_1000,2,64,61,39.06300257315297,64,equal sequence quotas; uniform without replacement inside sequence; paired identities across GT/method/QP
ulong,wrapped_i_control_1000,2,64,61,40.6315568464953,64,equal sequence quotas; uniform without replacement inside sequence; paired identities across GT/method/QP
ulong,original,2,64,62,39.76050912461915,64,equal sequence quotas; uniform without replacement inside sequence; paired identities across GT/method/QP
ulong,native_i_adapt_1000,2,64,62,41.8582004398196,64,equal sequence quotas; uniform without replacement inside sequence; paired identities across GT/method/QP
ulong,wrapped_i_control_1000,2,64,62,41.46675516837814,64,equal sequence quotas; uniform without replacement inside sequence; paired identities across GT/method/QP
ulong,original,2,64,63,41.70228946609501,64,equal sequence quotas; uniform without replacement inside sequence; paired identities across GT/method/QP
ulong,native_i_adapt_1000,2,64,63,42.155718029882564,64,equal sequence quotas; uniform without replacement inside sequence; paired identities across GT/method/QP
ulong,wrapped_i_control_1000,2,64,63,41.44815747014286,64,equal sequence quotas; uniform without replacement inside sequence; paired identities across GT/method/QP
ulong,original,2,64,64,38.72900153447557,64,equal sequence quotas; uniform without replacement inside sequence; paired identities across GT/method/QP
ulong,native_i_adapt_1000,2,64,64,39.771764999683796,64,equal sequence quotas; uniform without replacement inside sequence; paired identities across GT/method/QP
ulong,wrapped_i_control_1000,2,64,64,39.17649804863373,64,equal sequence quotas; uniform without replacement inside sequence; paired identities across GT/method/QP
ulong,original,2,64,65,40.226960449108276,64,equal sequence quotas; uniform without replacement inside sequence; paired identities across GT/method/QP
ulong,native_i_adapt_1000,2,64,65,39.338271185611006,64,equal sequence quotas; uniform without replacement inside sequence; paired identities across GT/method/QP
ulong,wrapped_i_control_1000,2,64,65,39.20926610476289,64,equal sequence quotas; uniform without replacement inside sequence; paired identities across GT/method/QP
ulong,original,2,64,66,40.721667999129124,64,equal sequence quotas; uniform without replacement inside sequence; paired identities across GT/method/QP
ulong,native_i_adapt_1000,2,64,66,41.79142293158452,64,equal sequence quotas; uniform without replacement inside sequence; paired identities across GT/method/QP
ulong,wrapped_i_control_1000,2,64,66,44.3654599324131,64,equal sequence quotas; uniform without replacement inside sequence; paired identities across GT/method/QP
ulong,original,2,64,67,43.60802208091815,64,equal sequence quotas; uniform without replacement inside sequence; paired identities across GT/method/QP
ulong,native_i_adapt_1000,2,64,67,43.79824710576429,64,equal sequence quotas; uniform without replacement inside sequence; paired identities across GT/method/QP
ulong,wrapped_i_control_1000,2,64,67,45.94828677550811,64,equal sequence quotas; uniform without replacement inside sequence; paired identities across GT/method/QP
ulong,original,2,64,68,39.02307325906634,64,equal sequence quotas; uniform without replacement inside sequence; paired identities across GT/method/QP
ulong,native_i_adapt_1000,2,64,68,39.90285114096872,64,equal sequence quotas; uniform without replacement inside sequence; paired identities across GT/method/QP
ulong,wrapped_i_control_1000,2,64,68,42.28342961416229,64,equal sequence quotas; uniform without replacement inside sequence; paired identities across GT/method/QP
ulong,original,2,64,69,37.934405550001145,64,equal sequence quotas; uniform without replacement inside sequence; paired identities across GT/method/QP
ulong,native_i_adapt_1000,2,64,69,38.7302500224431,64,equal sequence quotas; uniform without replacement inside sequence; paired identities across GT/method/QP
ulong,wrapped_i_control_1000,2,64,69,38.51405475538951,64,equal sequence quotas; uniform without replacement inside sequence; paired identities across GT/method/QP
ulong,original,2,64,70,40.59030295066259,64,equal sequence quotas; uniform without replacement inside sequence; paired identities across GT/method/QP
ulong,native_i_adapt_1000,2,64,70,39.56556660176767,64,equal sequence quotas; uniform without replacement inside sequence; paired identities across GT/method/QP
ulong,wrapped_i_control_1000,2,64,70,41.02960152844878,64,equal sequence quotas; uniform without replacement inside sequence; paired identities across GT/method/QP
ulong,original,2,64,71,42.08350341847978,64,equal sequence quotas; uniform without replacement inside sequence; paired identities across GT/method/QP
ulong,native_i_adapt_1000,2,64,71,40.69088907750637,64,equal sequence quotas; uniform without replacement inside sequence; paired identities across GT/method/QP
ulong,wrapped_i_control_1000,2,64,71,42.21353761414531,64,equal sequence quotas; uniform without replacement inside sequence; paired identities across GT/method/QP
ulong,original,2,64,72,40.00617183144834,64,equal sequence quotas; uniform without replacement inside sequence; paired identities across GT/method/QP
ulong,native_i_adapt_1000,2,64,72,38.914218923895305,64,equal sequence quotas; uniform without replacement inside sequence; paired identities across GT/method/QP
ulong,wrapped_i_control_1000,2,64,72,40.01369058668661,64,equal sequence quotas; uniform without replacement inside sequence; paired identities across GT/method/QP
ulong,original,2,64,73,40.474398635862656,64,equal sequence quotas; uniform without replacement inside sequence; paired identities across GT/method/QP
ulong,native_i_adapt_1000,2,64,73,40.72486416358481,64,equal sequence quotas; uniform without replacement inside sequence; paired identities across GT/method/QP
ulong,wrapped_i_control_1000,2,64,73,42.7902272064664,64,equal sequence quotas; uniform without replacement inside sequence; paired identities across GT/method/QP
ulong,original,2,64,74,38.96421724373482,64,equal sequence quotas; uniform without replacement inside sequence; paired identities across GT/method/QP
ulong,native_i_adapt_1000,2,64,74,40.824235160808314,64,equal sequence quotas; uniform without replacement inside sequence; paired identities across GT/method/QP
ulong,wrapped_i_control_1000,2,64,74,42.02736571044545,64,equal sequence quotas; uniform without replacement inside sequence; paired identities across GT/method/QP
ulong,original,2,64,75,39.328817776564506,64,equal sequence quotas; uniform without replacement inside sequence; paired identities across GT/method/QP
ulong,native_i_adapt_1000,2,64,75,38.21072722848021,64,equal sequence quotas; uniform without replacement inside sequence; paired identities across GT/method/QP
ulong,wrapped_i_control_1000,2,64,75,39.46510254102742,64,equal sequence quotas; uniform without replacement inside sequence; paired identities across GT/method/QP
ulong,original,2,64,76,41.08216659732807,64,equal sequence quotas; uniform without replacement inside sequence; paired identities across GT/method/QP
ulong,native_i_adapt_1000,2,64,76,41.866460569502124,64,equal sequence quotas; uniform without replacement inside sequence; paired identities across GT/method/QP
ulong,wrapped_i_control_1000,2,64,76,40.92253970855802,64,equal sequence quotas; uniform without replacement inside sequence; paired identities across GT/method/QP
ulong,original,2,64,77,38.388238378434096,64,equal sequence quotas; uniform without replacement inside sequence; paired identities across GT/method/QP
ulong,native_i_adapt_1000,2,64,77,36.84790055680048,64,equal sequence quotas; uniform without replacement inside sequence; paired identities across GT/method/QP
ulong,wrapped_i_control_1000,2,64,77,38.861503110698436,64,equal sequence quotas; uniform without replacement inside sequence; paired identities across GT/method/QP
ulong,original,2,64,78,37.43944831211081,64,equal sequence quotas; uniform without replacement inside sequence; paired identities across GT/method/QP
ulong,native_i_adapt_1000,2,64,78,38.52334735092336,64,equal sequence quotas; uniform without replacement inside sequence; paired identities across GT/method/QP
ulong,wrapped_i_control_1000,2,64,78,38.83588125324968,64,equal sequence quotas; uniform without replacement inside sequence; paired identities across GT/method/QP
ulong,original,2,64,79,36.07843443908001,64,equal sequence quotas; uniform without replacement inside sequence; paired identities across GT/method/QP
ulong,native_i_adapt_1000,2,64,79,36.379010029107235,64,equal sequence quotas; uniform without replacement inside sequence; paired identities across GT/method/QP
ulong,wrapped_i_control_1000,2,64,79,38.33060235861632,64,equal sequence quotas; uniform without replacement inside sequence; paired identities across GT/method/QP
ulong,original,2,64,80,39.02622936901474,64,equal sequence quotas; uniform without replacement inside sequence; paired identities across GT/method/QP
ulong,native_i_adapt_1000,2,64,80,40.98694123668923,64,equal sequence quotas; uniform without replacement inside sequence; paired identities across GT/method/QP
ulong,wrapped_i_control_1000,2,64,80,41.10585667641601,64,equal sequence quotas; uniform without replacement inside sequence; paired identities across GT/method/QP
ulong,original,2,64,81,39.58323209242201,64,equal sequence quotas; uniform without replacement inside sequence; paired identities across GT/method/QP
ulong,native_i_adapt_1000,2,64,81,39.22288842403776,64,equal sequence quotas; uniform without replacement inside sequence; paired identities across GT/method/QP
ulong,wrapped_i_control_1000,2,64,81,39.04316019571576,64,equal sequence quotas; uniform without replacement inside sequence; paired identities across GT/method/QP
ulong,original,2,64,82,40.1341767422536,64,equal sequence quotas; uniform without replacement inside sequence; paired identities across GT/method/QP
ulong,native_i_adapt_1000,2,64,82,40.728701636812275,64,equal sequence quotas; uniform without replacement inside sequence; paired identities across GT/method/QP
ulong,wrapped_i_control_1000,2,64,82,40.39316761005256,64,equal sequence quotas; uniform without replacement inside sequence; paired identities across GT/method/QP
ulong,original,2,64,83,37.65655795172228,64,equal sequence quotas; uniform without replacement inside sequence; paired identities across GT/method/QP
ulong,native_i_adapt_1000,2,64,83,37.55812826797859,64,equal sequence quotas; uniform without replacement inside sequence; paired identities across GT/method/QP
ulong,wrapped_i_control_1000,2,64,83,38.88353829779169,64,equal sequence quotas; uniform without replacement inside sequence; paired identities across GT/method/QP
ulong,original,2,64,84,41.335198180666566,64,equal sequence quotas; uniform without replacement inside sequence; paired identities across GT/method/QP
ulong,native_i_adapt_1000,2,64,84,41.77780195690724,64,equal sequence quotas; uniform without replacement inside sequence; paired identities across GT/method/QP
ulong,wrapped_i_control_1000,2,64,84,41.37472510496673,64,equal sequence quotas; uniform without replacement inside sequence; paired identities across GT/method/QP
ulong,original,2,64,85,40.05953355987043,64,equal sequence quotas; uniform without replacement inside sequence; paired identities across GT/method/QP
ulong,native_i_adapt_1000,2,64,85,40.281231357070794,64,equal sequence quotas; uniform without replacement inside sequence; paired identities across GT/method/QP
ulong,wrapped_i_control_1000,2,64,85,40.29193449684237,64,equal sequence quotas; uniform without replacement inside sequence; paired identities across GT/method/QP
ulong,original,2,64,86,41.61661483340049,64,equal sequence quotas; uniform without replacement inside sequence; paired identities across GT/method/QP
ulong,native_i_adapt_1000,2,64,86,42.89074541618527,64,equal sequence quotas; uniform without replacement inside sequence; paired identities across GT/method/QP
ulong,wrapped_i_control_1000,2,64,86,43.33892472924725,64,equal sequence quotas; uniform without replacement inside sequence; paired identities across GT/method/QP
ulong,original,2,64,87,40.0788808186885,64,equal sequence quotas; uniform without replacement inside sequence; paired identities across GT/method/QP
ulong,native_i_adapt_1000,2,64,87,42.10224860819352,64,equal sequence quotas; uniform without replacement inside sequence; paired identities across GT/method/QP
ulong,wrapped_i_control_1000,2,64,87,40.81840283663564,64,equal sequence quotas; uniform without replacement inside sequence; paired identities across GT/method/QP
ulong,original,2,64,88,40.98886495087703,64,equal sequence quotas; uniform without replacement inside sequence; paired identities across GT/method/QP
ulong,native_i_adapt_1000,2,64,88,41.14867610981298,64,equal sequence quotas; uniform without replacement inside sequence; paired identities across GT/method/QP
ulong,wrapped_i_control_1000,2,64,88,41.77746305636998,64,equal sequence quotas; uniform without replacement inside sequence; paired identities across GT/method/QP
ulong,original,2,64,89,40.42046600634734,64,equal sequence quotas; uniform without replacement inside sequence; paired identities across GT/method/QP
ulong,native_i_adapt_1000,2,64,89,38.98368463650115,64,equal sequence quotas; uniform without replacement inside sequence; paired identities across GT/method/QP
ulong,wrapped_i_control_1000,2,64,89,39.216763196601505,64,equal sequence quotas; uniform without replacement inside sequence; paired identities across GT/method/QP
ulong,original,2,64,90,38.83928849449188,64,equal sequence quotas; uniform without replacement inside sequence; paired identities across GT/method/QP
ulong,native_i_adapt_1000,2,64,90,39.87346610265223,64,equal sequence quotas; uniform without replacement inside sequence; paired identities across GT/method/QP
ulong,wrapped_i_control_1000,2,64,90,39.15186146119669,64,equal sequence quotas; uniform without replacement inside sequence; paired identities across GT/method/QP
ulong,original,2,64,91,40.34034497883874,64,equal sequence quotas; uniform without replacement inside sequence; paired identities across GT/method/QP
ulong,native_i_adapt_1000,2,64,91,39.51493288847763,64,equal sequence quotas; uniform without replacement inside sequence; paired identities across GT/method/QP
ulong,wrapped_i_control_1000,2,64,91,37.944774844741175,64,equal sequence quotas; uniform without replacement inside sequence; paired identities across GT/method/QP
ulong,original,2,64,92,37.99972225943179,64,equal sequence quotas; uniform without replacement inside sequence; paired identities across GT/method/QP
ulong,native_i_adapt_1000,2,64,92,37.94802033664172,64,equal sequence quotas; uniform without replacement inside sequence; paired identities across GT/method/QP
ulong,wrapped_i_control_1000,2,64,92,40.27101530648133,64,equal sequence quotas; uniform without replacement inside sequence; paired identities across GT/method/QP
ulong,original,2,64,93,38.89477471425806,64,equal sequence quotas; uniform without replacement inside sequence; paired identities across GT/method/QP
ulong,native_i_adapt_1000,2,64,93,38.478042680582234,64,equal sequence quotas; uniform without replacement inside sequence; paired identities across GT/method/QP
ulong,wrapped_i_control_1000,2,64,93,39.605573062370354,64,equal sequence quotas; uniform without replacement inside sequence; paired identities across GT/method/QP
ulong,original,2,64,94,38.23704926533469,64,equal sequence quotas; uniform without replacement inside sequence; paired identities across GT/method/QP
ulong,native_i_adapt_1000,2,64,94,39.27493799080355,64,equal sequence quotas; uniform without replacement inside sequence; paired identities across GT/method/QP
ulong,wrapped_i_control_1000,2,64,94,39.34580561191143,64,equal sequence quotas; uniform without replacement inside sequence; paired identities across GT/method/QP
ulong,original,2,64,95,42.08905784845291,64,equal sequence quotas; uniform without replacement inside sequence; paired identities across GT/method/QP
ulong,native_i_adapt_1000,2,64,95,44.71070643924281,64,equal sequence quotas; uniform without replacement inside sequence; paired identities across GT/method/QP
ulong,wrapped_i_control_1000,2,64,95,42.96788780913187,64,equal sequence quotas; uniform without replacement inside sequence; paired identities across GT/method/QP
ulong,original,2,64,96,39.40954203434933,64,equal sequence quotas; uniform without replacement inside sequence; paired identities across GT/method/QP
ulong,native_i_adapt_1000,2,64,96,40.03242748650712,64,equal sequence quotas; uniform without replacement inside sequence; paired identities across GT/method/QP
ulong,wrapped_i_control_1000,2,64,96,39.69412239344223,64,equal sequence quotas; uniform without replacement inside sequence; paired identities across GT/method/QP
ulong,original,2,64,97,41.02774660292374,64,equal sequence quotas; uniform without replacement inside sequence; paired identities across GT/method/QP
ulong,native_i_adapt_1000,2,64,97,40.76475994850102,64,equal sequence quotas; uniform without replacement inside sequence; paired identities across GT/method/QP
ulong,wrapped_i_control_1000,2,64,97,41.165630856639325,64,equal sequence quotas; uniform without replacement inside sequence; paired identities across GT/method/QP
ulong,original,2,64,98,42.09594409433413,64,equal sequence quotas; uniform without replacement inside sequence; paired identities across GT/method/QP
ulong,native_i_adapt_1000,2,64,98,40.858724873277254,64,equal sequence quotas; uniform without replacement inside sequence; paired identities across GT/method/QP
ulong,wrapped_i_control_1000,2,64,98,42.11556339648155,64,equal sequence quotas; uniform without replacement inside sequence; paired identities across GT/method/QP
ulong,original,2,64,99,41.28150268202705,64,equal sequence quotas; uniform without replacement inside sequence; paired identities across GT/method/QP
ulong,native_i_adapt_1000,2,64,99,41.31618684680461,64,equal sequence quotas; uniform without replacement inside sequence; paired identities across GT/method/QP
ulong,wrapped_i_control_1000,2,64,99,40.71032379904608,64,equal sequence quotas; uniform without replacement inside sequence; paired identities across GT/method/QP
ulong,original,2,128,0,35.43045419261853,128,equal sequence quotas; uniform without replacement inside sequence; paired identities across GT/method/QP
ulong,native_i_adapt_1000,2,128,0,35.110739908550784,128,equal sequence quotas; uniform without replacement inside sequence; paired identities across GT/method/QP
ulong,wrapped_i_control_1000,2,128,0,35.9076636921983,128,equal sequence quotas; uniform without replacement inside sequence; paired identities across GT/method/QP
ulong,original,2,128,1,38.64382097408367,128,equal sequence quotas; uniform without replacement inside sequence; paired identities across GT/method/QP
ulong,native_i_adapt_1000,2,128,1,37.45105665524858,128,equal sequence quotas; uniform without replacement inside sequence; paired identities across GT/method/QP
ulong,wrapped_i_control_1000,2,128,1,38.40210728672787,128,equal sequence quotas; uniform without replacement inside sequence; paired identities across GT/method/QP
ulong,original,2,128,2,35.95853632819569,128,equal sequence quotas; uniform without replacement inside sequence; paired identities across GT/method/QP
ulong,native_i_adapt_1000,2,128,2,35.80679456127126,128,equal sequence quotas; uniform without replacement inside sequence; paired identities across GT/method/QP
ulong,wrapped_i_control_1000,2,128,2,36.39696930162171,128,equal sequence quotas; uniform without replacement inside sequence; paired identities across GT/method/QP
ulong,original,2,128,3,36.90722846695866,128,equal sequence quotas; uniform without replacement inside sequence; paired identities across GT/method/QP
ulong,native_i_adapt_1000,2,128,3,36.68512414231367,128,equal sequence quotas; uniform without replacement inside sequence; paired identities across GT/method/QP
ulong,wrapped_i_control_1000,2,128,3,36.9488536465289,128,equal sequence quotas; uniform without replacement inside sequence; paired identities across GT/method/QP
ulong,original,2,128,4,38.179465985738716,128,equal sequence quotas; uniform without replacement inside sequence; paired identities across GT/method/QP
ulong,native_i_adapt_1000,2,128,4,37.0787815216961,128,equal sequence quotas; uniform without replacement inside sequence; paired identities across GT/method/QP
ulong,wrapped_i_control_1000,2,128,4,38.63495640492829,128,equal sequence quotas; uniform without replacement inside sequence; paired identities across GT/method/QP
ulong,original,2,128,5,36.57192831537304,128,equal sequence quotas; uniform without replacement inside sequence; paired identities across GT/method/QP
ulong,native_i_adapt_1000,2,128,5,36.45306013657262,128,equal sequence quotas; uniform without replacement inside sequence; paired identities across GT/method/QP
ulong,wrapped_i_control_1000,2,128,5,36.80816863782462,128,equal sequence quotas; uniform without replacement inside sequence; paired identities across GT/method/QP
ulong,original,2,128,6,37.90618198344367,128,equal sequence quotas; uniform without replacement inside sequence; paired identities across GT/method/QP
ulong,native_i_adapt_1000,2,128,6,38.21472327037202,128,equal sequence quotas; uniform without replacement inside sequence; paired identities across GT/method/QP
ulong,wrapped_i_control_1000,2,128,6,39.7545394182236,128,equal sequence quotas; uniform without replacement inside sequence; paired identities across GT/method/QP
ulong,original,2,128,7,37.631046141420825,128,equal sequence quotas; uniform without replacement inside sequence; paired identities across GT/method/QP
ulong,native_i_adapt_1000,2,128,7,36.53962787144121,128,equal sequence quotas; uniform without replacement inside sequence; paired identities across GT/method/QP
ulong,wrapped_i_control_1000,2,128,7,38.070566053861796,128,equal sequence quotas; uniform without replacement inside sequence; paired identities across GT/method/QP
ulong,original,2,128,8,38.04273962714757,128,equal sequence quotas; uniform without replacement inside sequence; paired identities across GT/method/QP
ulong,native_i_adapt_1000,2,128,8,38.270443473866294,128,equal sequence quotas; uniform without replacement inside sequence; paired identities across GT/method/QP
ulong,wrapped_i_control_1000,2,128,8,39.04473799001369,128,equal sequence quotas; uniform without replacement inside sequence; paired identities across GT/method/QP
ulong,original,2,128,9,38.07850721086669,128,equal sequence quotas; uniform without replacement inside sequence; paired identities across GT/method/QP
ulong,native_i_adapt_1000,2,128,9,37.90921926232511,128,equal sequence quotas; uniform without replacement inside sequence; paired identities across GT/method/QP
ulong,wrapped_i_control_1000,2,128,9,37.87386000252184,128,equal sequence quotas; uniform without replacement inside sequence; paired identities across GT/method/QP
ulong,original,2,128,10,36.884589818248685,128,equal sequence quotas; uniform without replacement inside sequence; paired identities across GT/method/QP
ulong,native_i_adapt_1000,2,128,10,37.29505042704125,128,equal sequence quotas; uniform without replacement inside sequence; paired identities across GT/method/QP
ulong,wrapped_i_control_1000,2,128,10,36.70915266938135,128,equal sequence quotas; uniform without replacement inside sequence; paired identities across GT/method/QP
ulong,original,2,128,11,35.631280019432154,128,equal sequence quotas; uniform without replacement inside sequence; paired identities across GT/method/QP
ulong,native_i_adapt_1000,2,128,11,36.574863700056426,128,equal sequence quotas; uniform without replacement inside sequence; paired identities across GT/method/QP
ulong,wrapped_i_control_1000,2,128,11,36.97386126474993,128,equal sequence quotas; uniform without replacement inside sequence; paired identities across GT/method/QP
ulong,original,2,128,12,36.92791983868301,128,equal sequence quotas; uniform without replacement inside sequence; paired identities across GT/method/QP
ulong,native_i_adapt_1000,2,128,12,36.746029509747814,128,equal sequence quotas; uniform without replacement inside sequence; paired identities across GT/method/QP
ulong,wrapped_i_control_1000,2,128,12,38.481701497920255,128,equal sequence quotas; uniform without replacement inside sequence; paired identities across GT/method/QP
ulong,original,2,128,13,40.69802832283773,128,equal sequence quotas; uniform without replacement inside sequence; paired identities across GT/method/QP
ulong,native_i_adapt_1000,2,128,13,39.42957798600668,128,equal sequence quotas; uniform without replacement inside sequence; paired identities across GT/method/QP
ulong,wrapped_i_control_1000,2,128,13,39.649886896599014,128,equal sequence quotas; uniform without replacement inside sequence; paired identities across GT/method/QP
ulong,original,2,128,14,38.38193908664442,128,equal sequence quotas; uniform without replacement inside sequence; paired identities across GT/method/QP
ulong,native_i_adapt_1000,2,128,14,37.20818594002384,128,equal sequence quotas; uniform without replacement inside sequence; paired identities across GT/method/QP
ulong,wrapped_i_control_1000,2,128,14,37.57470209286549,128,equal sequence quotas; uniform without replacement inside sequence; paired identities across GT/method/QP
ulong,original,2,128,15,38.354968598336086,128,equal sequence quotas; uniform without replacement inside sequence; paired identities across GT/method/QP
ulong,native_i_adapt_1000,2,128,15,39.0513589688058,128,equal sequence quotas; uniform without replacement inside sequence; paired identities across GT/method/QP
ulong,wrapped_i_control_1000,2,128,15,38.82857715030252,128,equal sequence quotas; uniform without replacement inside sequence; paired identities across GT/method/QP
ulong,original,2,128,16,35.79721932501235,128,equal sequence quotas; uniform without replacement inside sequence; paired identities across GT/method/QP
ulong,native_i_adapt_1000,2,128,16,35.9436304072114,128,equal sequence quotas; uniform without replacement inside sequence; paired identities across GT/method/QP
ulong,wrapped_i_control_1000,2,128,16,36.191000874823146,128,equal sequence quotas; uniform without replacement inside sequence; paired identities across GT/method/QP
ulong,original,2,128,17,37.436352102288936,128,equal sequence quotas; uniform without replacement inside sequence; paired identities across GT/method/QP
ulong,native_i_adapt_1000,2,128,17,37.2771477067966,128,equal sequence quotas; uniform without replacement inside sequence; paired identities across GT/method/QP
ulong,wrapped_i_control_1000,2,128,17,37.5493165617043,128,equal sequence quotas; uniform without replacement inside sequence; paired identities across GT/method/QP
ulong,original,2,128,18,37.73363571151299,128,equal sequence quotas; uniform without replacement inside sequence; paired identities across GT/method/QP
ulong,native_i_adapt_1000,2,128,18,38.556823799575625,128,equal sequence quotas; uniform without replacement inside sequence; paired identities across GT/method/QP
ulong,wrapped_i_control_1000,2,128,18,38.613109775640396,128,equal sequence quotas; uniform without replacement inside sequence; paired identities across GT/method/QP
ulong,original,2,128,19,38.62140156984344,128,equal sequence quotas; uniform without replacement inside sequence; paired identities across GT/method/QP
ulong,native_i_adapt_1000,2,128,19,38.18816719657332,128,equal sequence quotas; uniform without replacement inside sequence; paired identities across GT/method/QP
ulong,wrapped_i_control_1000,2,128,19,37.8932809429362,128,equal sequence quotas; uniform without replacement inside sequence; paired identities across GT/method/QP
ulong,original,2,128,20,36.924932339646034,128,equal sequence quotas; uniform without replacement inside sequence; paired identities across GT/method/QP
ulong,native_i_adapt_1000,2,128,20,37.6708964729184,128,equal sequence quotas; uniform without replacement inside sequence; paired identities across GT/method/QP
ulong,wrapped_i_control_1000,2,128,20,37.94289294790639,128,equal sequence quotas; uniform without replacement inside sequence; paired identities across GT/method/QP
ulong,original,2,128,21,37.510434267502774,128,equal sequence quotas; uniform without replacement inside sequence; paired identities across GT/method/QP
ulong,native_i_adapt_1000,2,128,21,37.39706749765361,128,equal sequence quotas; uniform without replacement inside sequence; paired identities across GT/method/QP
ulong,wrapped_i_control_1000,2,128,21,37.618298865143345,128,equal sequence quotas; uniform without replacement inside sequence; paired identities across GT/method/QP
ulong,original,2,128,22,37.23713680041311,128,equal sequence quotas; uniform without replacement inside sequence; paired identities across GT/method/QP
ulong,native_i_adapt_1000,2,128,22,37.13052968204653,128,equal sequence quotas; uniform without replacement inside sequence; paired identities across GT/method/QP
ulong,wrapped_i_control_1000,2,128,22,38.619936325132755,128,equal sequence quotas; uniform without replacement inside sequence; paired identities across GT/method/QP
ulong,original,2,128,23,38.29153931385167,128,equal sequence quotas; uniform without replacement inside sequence; paired identities across GT/method/QP
ulong,native_i_adapt_1000,2,128,23,38.23280582471688,128,equal sequence quotas; uniform without replacement inside sequence; paired identities across GT/method/QP
ulong,wrapped_i_control_1000,2,128,23,38.01002720665883,128,equal sequence quotas; uniform without replacement inside sequence; paired identities across GT/method/QP
ulong,original,2,128,24,36.84966174660599,128,equal sequence quotas; uniform without replacement inside sequence; paired identities across GT/method/QP
ulong,native_i_adapt_1000,2,128,24,37.898038082419816,128,equal sequence quotas; uniform without replacement inside sequence; paired identities across GT/method/QP
ulong,wrapped_i_control_1000,2,128,24,37.820978278167615,128,equal sequence quotas; uniform without replacement inside sequence; paired identities across GT/method/QP
ulong,original,2,128,25,35.805964474999826,128,equal sequence quotas; uniform without replacement inside sequence; paired identities across GT/method/QP
ulong,native_i_adapt_1000,2,128,25,36.59398188747815,128,equal sequence quotas; uniform without replacement inside sequence; paired identities across GT/method/QP
ulong,wrapped_i_control_1000,2,128,25,37.10960557567972,128,equal sequence quotas; uniform without replacement inside sequence; paired identities across GT/method/QP
ulong,original,2,128,26,37.97794462094015,128,equal sequence quotas; uniform without replacement inside sequence; paired identities across GT/method/QP
ulong,native_i_adapt_1000,2,128,26,37.90382905641047,128,equal sequence quotas; uniform without replacement inside sequence; paired identities across GT/method/QP
ulong,wrapped_i_control_1000,2,128,26,38.00020298560537,128,equal sequence quotas; uniform without replacement inside sequence; paired identities across GT/method/QP
ulong,original,2,128,27,35.87309259848223,128,equal sequence quotas; uniform without replacement inside sequence; paired identities across GT/method/QP
ulong,native_i_adapt_1000,2,128,27,37.42355922406705,128,equal sequence quotas; uniform without replacement inside sequence; paired identities across GT/method/QP
ulong,wrapped_i_control_1000,2,128,27,37.579804590288404,128,equal sequence quotas; uniform without replacement inside sequence; paired identities across GT/method/QP
ulong,original,2,128,28,38.59023722395011,128,equal sequence quotas; uniform without replacement inside sequence; paired identities across GT/method/QP
ulong,native_i_adapt_1000,2,128,28,37.46896533571544,128,equal sequence quotas; uniform without replacement inside sequence; paired identities across GT/method/QP
ulong,wrapped_i_control_1000,2,128,28,39.598032173133674,128,equal sequence quotas; uniform without replacement inside sequence; paired identities across GT/method/QP
ulong,original,2,128,29,35.077965946459415,128,equal sequence quotas; uniform without replacement inside sequence; paired identities across GT/method/QP
ulong,native_i_adapt_1000,2,128,29,35.34941329483388,128,equal sequence quotas; uniform without replacement inside sequence; paired identities across GT/method/QP
ulong,wrapped_i_control_1000,2,128,29,36.63402874206503,128,equal sequence quotas; uniform without replacement inside sequence; paired identities across GT/method/QP
ulong,original,2,128,30,37.78527119690682,128,equal sequence quotas; uniform without replacement inside sequence; paired identities across GT/method/QP
ulong,native_i_adapt_1000,2,128,30,37.9397045764336,128,equal sequence quotas; uniform without replacement inside sequence; paired identities across GT/method/QP
ulong,wrapped_i_control_1000,2,128,30,38.30719138742421,128,equal sequence quotas; uniform without replacement inside sequence; paired identities across GT/method/QP
ulong,original,2,128,31,36.73419598804219,128,equal sequence quotas; uniform without replacement inside sequence; paired identities across GT/method/QP
ulong,native_i_adapt_1000,2,128,31,35.97755137601115,128,equal sequence quotas; uniform without replacement inside sequence; paired identities across GT/method/QP
ulong,wrapped_i_control_1000,2,128,31,38.1411321026801,128,equal sequence quotas; uniform without replacement inside sequence; paired identities across GT/method/QP
ulong,original,2,128,32,38.455783641415906,128,equal sequence quotas; uniform without replacement inside sequence; paired identities across GT/method/QP
ulong,native_i_adapt_1000,2,128,32,37.6309940232656,128,equal sequence quotas; uniform without replacement inside sequence; paired identities across GT/method/QP
ulong,wrapped_i_control_1000,2,128,32,38.26546866650608,128,equal sequence quotas; uniform without replacement inside sequence; paired identities across GT/method/QP
ulong,original,2,128,33,36.33409598823113,128,equal sequence quotas; uniform without replacement inside sequence; paired identities across GT/method/QP
ulong,native_i_adapt_1000,2,128,33,36.31426707411265,128,equal sequence quotas; uniform without replacement inside sequence; paired identities across GT/method/QP
ulong,wrapped_i_control_1000,2,128,33,36.633800250255945,128,equal sequence quotas; uniform without replacement inside sequence; paired identities across GT/method/QP
ulong,original,2,128,34,35.66460237429777,128,equal sequence quotas; uniform without replacement inside sequence; paired identities across GT/method/QP
ulong,native_i_adapt_1000,2,128,34,34.48093173678092,128,equal sequence quotas; uniform without replacement inside sequence; paired identities across GT/method/QP
ulong,wrapped_i_control_1000,2,128,34,34.64767810820308,128,equal sequence quotas; uniform without replacement inside sequence; paired identities across GT/method/QP
ulong,original,2,128,35,38.47584984120033,128,equal sequence quotas; uniform without replacement inside sequence; paired identities across GT/method/QP
ulong,native_i_adapt_1000,2,128,35,37.49340563796676,128,equal sequence quotas; uniform without replacement inside sequence; paired identities across GT/method/QP
ulong,wrapped_i_control_1000,2,128,35,38.757020043775185,128,equal sequence quotas; uniform without replacement inside sequence; paired identities across GT/method/QP
ulong,original,2,128,36,36.846873760951894,128,equal sequence quotas; uniform without replacement inside sequence; paired identities across GT/method/QP
ulong,native_i_adapt_1000,2,128,36,36.51234254117452,128,equal sequence quotas; uniform without replacement inside sequence; paired identities across GT/method/QP
ulong,wrapped_i_control_1000,2,128,36,37.961160714496316,128,equal sequence quotas; uniform without replacement inside sequence; paired identities across GT/method/QP
ulong,original,2,128,37,38.16969930579677,128,equal sequence quotas; uniform without replacement inside sequence; paired identities across GT/method/QP
ulong,native_i_adapt_1000,2,128,37,36.669899037628,128,equal sequence quotas; uniform without replacement inside sequence; paired identities across GT/method/QP
ulong,wrapped_i_control_1000,2,128,37,37.59446872030867,128,equal sequence quotas; uniform without replacement inside sequence; paired identities across GT/method/QP
ulong,original,2,128,38,36.65844937062735,128,equal sequence quotas; uniform without replacement inside sequence; paired identities across GT/method/QP
ulong,native_i_adapt_1000,2,128,38,37.032477156664925,128,equal sequence quotas; uniform without replacement inside sequence; paired identities across GT/method/QP
ulong,wrapped_i_control_1000,2,128,38,37.06892961296063,128,equal sequence quotas; uniform without replacement inside sequence; paired identities across GT/method/QP
ulong,original,2,128,39,37.42429871737261,128,equal sequence quotas; uniform without replacement inside sequence; paired identities across GT/method/QP
ulong,native_i_adapt_1000,2,128,39,37.23924470049866,128,equal sequence quotas; uniform without replacement inside sequence; paired identities across GT/method/QP
ulong,wrapped_i_control_1000,2,128,39,38.05566364437567,128,equal sequence quotas; uniform without replacement inside sequence; paired identities across GT/method/QP
ulong,original,2,128,40,37.31819418902904,128,equal sequence quotas; uniform without replacement inside sequence; paired identities across GT/method/QP
ulong,native_i_adapt_1000,2,128,40,37.86891553780413,128,equal sequence quotas; uniform without replacement inside sequence; paired identities across GT/method/QP
ulong,wrapped_i_control_1000,2,128,40,38.7711156333483,128,equal sequence quotas; uniform without replacement inside sequence; paired identities across GT/method/QP
ulong,original,2,128,41,37.507069682670874,128,equal sequence quotas; uniform without replacement inside sequence; paired identities across GT/method/QP
ulong,native_i_adapt_1000,2,128,41,37.47902184916376,128,equal sequence quotas; uniform without replacement inside sequence; paired identities across GT/method/QP
ulong,wrapped_i_control_1000,2,128,41,37.48269789882613,128,equal sequence quotas; uniform without replacement inside sequence; paired identities across GT/method/QP
ulong,original,2,128,42,37.3679444981276,128,equal sequence quotas; uniform without replacement inside sequence; paired identities across GT/method/QP
ulong,native_i_adapt_1000,2,128,42,37.9425288103626,128,equal sequence quotas; uniform without replacement inside sequence; paired identities across GT/method/QP
ulong,wrapped_i_control_1000,2,128,42,39.102876217743415,128,equal sequence quotas; uniform without replacement inside sequence; paired identities across GT/method/QP
ulong,original,2,128,43,35.34612514468154,128,equal sequence quotas; uniform without replacement inside sequence; paired identities across GT/method/QP
ulong,native_i_adapt_1000,2,128,43,35.560796831780294,128,equal sequence quotas; uniform without replacement inside sequence; paired identities across GT/method/QP
ulong,wrapped_i_control_1000,2,128,43,36.04603274238195,128,equal sequence quotas; uniform without replacement inside sequence; paired identities across GT/method/QP
ulong,original,2,128,44,36.41857668576682,128,equal sequence quotas; uniform without replacement inside sequence; paired identities across GT/method/QP
ulong,native_i_adapt_1000,2,128,44,37.20688820137502,128,equal sequence quotas; uniform without replacement inside sequence; paired identities across GT/method/QP
ulong,wrapped_i_control_1000,2,128,44,37.26110046455136,128,equal sequence quotas; uniform without replacement inside sequence; paired identities across GT/method/QP
ulong,original,2,128,45,34.60847397898732,128,equal sequence quotas; uniform without replacement inside sequence; paired identities across GT/method/QP
ulong,native_i_adapt_1000,2,128,45,35.990827347890615,128,equal sequence quotas; uniform without replacement inside sequence; paired identities across GT/method/QP
ulong,wrapped_i_control_1000,2,128,45,36.3514759300669,128,equal sequence quotas; uniform without replacement inside sequence; paired identities across GT/method/QP
ulong,original,2,128,46,37.046815426765875,128,equal sequence quotas; uniform without replacement inside sequence; paired identities across GT/method/QP
ulong,native_i_adapt_1000,2,128,46,36.73029190493668,128,equal sequence quotas; uniform without replacement inside sequence; paired identities across GT/method/QP
ulong,wrapped_i_control_1000,2,128,46,37.2957816564209,128,equal sequence quotas; uniform without replacement inside sequence; paired identities across GT/method/QP
ulong,original,2,128,47,37.65804049781207,128,equal sequence quotas; uniform without replacement inside sequence; paired identities across GT/method/QP
ulong,native_i_adapt_1000,2,128,47,37.46115649443112,128,equal sequence quotas; uniform without replacement inside sequence; paired identities across GT/method/QP
ulong,wrapped_i_control_1000,2,128,47,37.84347466796254,128,equal sequence quotas; uniform without replacement inside sequence; paired identities across GT/method/QP
ulong,original,2,128,48,37.61828167859369,128,equal sequence quotas; uniform without replacement inside sequence; paired identities across GT/method/QP
ulong,native_i_adapt_1000,2,128,48,38.412867557635764,128,equal sequence quotas; uniform without replacement inside sequence; paired identities across GT/method/QP
ulong,wrapped_i_control_1000,2,128,48,38.56266589171605,128,equal sequence quotas; uniform without replacement inside sequence; paired identities across GT/method/QP
ulong,original,2,128,49,37.333848433556284,128,equal sequence quotas; uniform without replacement inside sequence; paired identities across GT/method/QP
ulong,native_i_adapt_1000,2,128,49,38.61801318837195,128,equal sequence quotas; uniform without replacement inside sequence; paired identities across GT/method/QP
ulong,wrapped_i_control_1000,2,128,49,37.34278795777243,128,equal sequence quotas; uniform without replacement inside sequence; paired identities across GT/method/QP
ulong,original,2,128,50,37.96563887672994,128,equal sequence quotas; uniform without replacement inside sequence; paired identities across GT/method/QP
ulong,native_i_adapt_1000,2,128,50,38.18036712855263,128,equal sequence quotas; uniform without replacement inside sequence; paired identities across GT/method/QP
ulong,wrapped_i_control_1000,2,128,50,37.59464773684698,128,equal sequence quotas; uniform without replacement inside sequence; paired identities across GT/method/QP
ulong,original,2,128,51,39.43882784020718,128,equal sequence quotas; uniform without replacement inside sequence; paired identities across GT/method/QP
ulong,native_i_adapt_1000,2,128,51,39.4974137393113,128,equal sequence quotas; uniform without replacement inside sequence; paired identities across GT/method/QP
ulong,wrapped_i_control_1000,2,128,51,40.39322358865695,128,equal sequence quotas; uniform without replacement inside sequence; paired identities across GT/method/QP
ulong,original,2,128,52,36.91059851548164,128,equal sequence quotas; uniform without replacement inside sequence; paired identities across GT/method/QP
ulong,native_i_adapt_1000,2,128,52,37.26281823545179,128,equal sequence quotas; uniform without replacement inside sequence; paired identities across GT/method/QP
ulong,wrapped_i_control_1000,2,128,52,37.80351286847133,128,equal sequence quotas; uniform without replacement inside sequence; paired identities across GT/method/QP
ulong,original,2,128,53,36.869252492657665,128,equal sequence quotas; uniform without replacement inside sequence; paired identities across GT/method/QP
ulong,native_i_adapt_1000,2,128,53,38.1755158204694,128,equal sequence quotas; uniform without replacement inside sequence; paired identities across GT/method/QP
ulong,wrapped_i_control_1000,2,128,53,38.020653836737836,128,equal sequence quotas; uniform without replacement inside sequence; paired identities across GT/method/QP
ulong,original,2,128,54,38.629988571196975,128,equal sequence quotas; uniform without replacement inside sequence; paired identities across GT/method/QP
ulong,native_i_adapt_1000,2,128,54,39.41082929772125,128,equal sequence quotas; uniform without replacement inside sequence; paired identities across GT/method/QP
ulong,wrapped_i_control_1000,2,128,54,39.05179286201451,128,equal sequence quotas; uniform without replacement inside sequence; paired identities across GT/method/QP
ulong,original,2,128,55,36.22061660099041,128,equal sequence quotas; uniform without replacement inside sequence; paired identities across GT/method/QP
ulong,native_i_adapt_1000,2,128,55,36.69714000251753,128,equal sequence quotas; uniform without replacement inside sequence; paired identities across GT/method/QP
ulong,wrapped_i_control_1000,2,128,55,37.19599497978737,128,equal sequence quotas; uniform without replacement inside sequence; paired identities across GT/method/QP
ulong,original,2,128,56,35.7965277401708,128,equal sequence quotas; uniform without replacement inside sequence; paired identities across GT/method/QP
ulong,native_i_adapt_1000,2,128,56,35.40387204221082,128,equal sequence quotas; uniform without replacement inside sequence; paired identities across GT/method/QP
ulong,wrapped_i_control_1000,2,128,56,35.50110729132609,128,equal sequence quotas; uniform without replacement inside sequence; paired identities across GT/method/QP
ulong,original,2,128,57,37.15858367510913,128,equal sequence quotas; uniform without replacement inside sequence; paired identities across GT/method/QP
ulong,native_i_adapt_1000,2,128,57,36.99872532164824,128,equal sequence quotas; uniform without replacement inside sequence; paired identities across GT/method/QP
ulong,wrapped_i_control_1000,2,128,57,37.269844334604045,128,equal sequence quotas; uniform without replacement inside sequence; paired identities across GT/method/QP
ulong,original,2,128,58,34.96637969993304,128,equal sequence quotas; uniform without replacement inside sequence; paired identities across GT/method/QP
ulong,native_i_adapt_1000,2,128,58,36.919540858835774,128,equal sequence quotas; uniform without replacement inside sequence; paired identities across GT/method/QP
ulong,wrapped_i_control_1000,2,128,58,36.73007532288665,128,equal sequence quotas; uniform without replacement inside sequence; paired identities across GT/method/QP
ulong,original,2,128,59,36.861499983071155,128,equal sequence quotas; uniform without replacement inside sequence; paired identities across GT/method/QP
ulong,native_i_adapt_1000,2,128,59,36.31202429255643,128,equal sequence quotas; uniform without replacement inside sequence; paired identities across GT/method/QP
ulong,wrapped_i_control_1000,2,128,59,36.51726337029834,128,equal sequence quotas; uniform without replacement inside sequence; paired identities across GT/method/QP
ulong,original,2,128,60,37.1103797671056,128,equal sequence quotas; uniform without replacement inside sequence; paired identities across GT/method/QP
ulong,native_i_adapt_1000,2,128,60,38.439247215338355,128,equal sequence quotas; uniform without replacement inside sequence; paired identities across GT/method/QP
ulong,wrapped_i_control_1000,2,128,60,38.72233835145596,128,equal sequence quotas; uniform without replacement inside sequence; paired identities across GT/method/QP
ulong,original,2,128,61,37.5293130331076,128,equal sequence quotas; uniform without replacement inside sequence; paired identities across GT/method/QP
ulong,native_i_adapt_1000,2,128,61,37.32485928338156,128,equal sequence quotas; uniform without replacement inside sequence; paired identities across GT/method/QP
ulong,wrapped_i_control_1000,2,128,61,38.45325172851625,128,equal sequence quotas; uniform without replacement inside sequence; paired identities across GT/method/QP
ulong,original,2,128,62,37.01284302493343,128,equal sequence quotas; uniform without replacement inside sequence; paired identities across GT/method/QP
ulong,native_i_adapt_1000,2,128,62,36.78359526071404,128,equal sequence quotas; uniform without replacement inside sequence; paired identities across GT/method/QP
ulong,wrapped_i_control_1000,2,128,62,38.16877860136907,128,equal sequence quotas; uniform without replacement inside sequence; paired identities across GT/method/QP
ulong,original,2,128,63,36.9070006153986,128,equal sequence quotas; uniform without replacement inside sequence; paired identities across GT/method/QP
ulong,native_i_adapt_1000,2,128,63,37.2317780179925,128,equal sequence quotas; uniform without replacement inside sequence; paired identities across GT/method/QP
ulong,wrapped_i_control_1000,2,128,63,38.037995332644016,128,equal sequence quotas; uniform without replacement inside sequence; paired identities across GT/method/QP
ulong,original,2,128,64,38.20695944698156,128,equal sequence quotas; uniform without replacement inside sequence; paired identities across GT/method/QP
ulong,native_i_adapt_1000,2,128,64,37.98548559200236,128,equal sequence quotas; uniform without replacement inside sequence; paired identities across GT/method/QP
ulong,wrapped_i_control_1000,2,128,64,38.663859794552195,128,equal sequence quotas; uniform without replacement inside sequence; paired identities across GT/method/QP
ulong,original,2,128,65,37.517656027629926,128,equal sequence quotas; uniform without replacement inside sequence; paired identities across GT/method/QP
ulong,native_i_adapt_1000,2,128,65,36.92207506331533,128,equal sequence quotas; uniform without replacement inside sequence; paired identities across GT/method/QP
ulong,wrapped_i_control_1000,2,128,65,37.4888578849845,128,equal sequence quotas; uniform without replacement inside sequence; paired identities across GT/method/QP
ulong,original,2,128,66,39.21549440361713,128,equal sequence quotas; uniform without replacement inside sequence; paired identities across GT/method/QP
ulong,native_i_adapt_1000,2,128,66,37.863349847700135,128,equal sequence quotas; uniform without replacement inside sequence; paired identities across GT/method/QP
ulong,wrapped_i_control_1000,2,128,66,38.18623605459942,128,equal sequence quotas; uniform without replacement inside sequence; paired identities across GT/method/QP
ulong,original,2,128,67,36.20609020568935,128,equal sequence quotas; uniform without replacement inside sequence; paired identities across GT/method/QP
ulong,native_i_adapt_1000,2,128,67,35.83750267075527,128,equal sequence quotas; uniform without replacement inside sequence; paired identities across GT/method/QP
ulong,wrapped_i_control_1000,2,128,67,37.015918731203215,128,equal sequence quotas; uniform without replacement inside sequence; paired identities across GT/method/QP
ulong,original,2,128,68,36.3449086746528,128,equal sequence quotas; uniform without replacement inside sequence; paired identities across GT/method/QP
ulong,native_i_adapt_1000,2,128,68,35.8738839155215,128,equal sequence quotas; uniform without replacement inside sequence; paired identities across GT/method/QP
ulong,wrapped_i_control_1000,2,128,68,37.25040605461129,128,equal sequence quotas; uniform without replacement inside sequence; paired identities across GT/method/QP
ulong,original,2,128,69,39.51405390308122,128,equal sequence quotas; uniform without replacement inside sequence; paired identities across GT/method/QP
ulong,native_i_adapt_1000,2,128,69,38.08449500126079,128,equal sequence quotas; uniform without replacement inside sequence; paired identities across GT/method/QP
ulong,wrapped_i_control_1000,2,128,69,39.09713910386756,128,equal sequence quotas; uniform without replacement inside sequence; paired identities across GT/method/QP
ulong,original,2,128,70,37.977366200005235,128,equal sequence quotas; uniform without replacement inside sequence; paired identities across GT/method/QP
ulong,native_i_adapt_1000,2,128,70,39.19978891558162,128,equal sequence quotas; uniform without replacement inside sequence; paired identities across GT/method/QP
ulong,wrapped_i_control_1000,2,128,70,39.71561431447179,128,equal sequence quotas; uniform without replacement inside sequence; paired identities across GT/method/QP
ulong,original,2,128,71,38.00338180700555,128,equal sequence quotas; uniform without replacement inside sequence; paired identities across GT/method/QP
ulong,native_i_adapt_1000,2,128,71,37.57208747417144,128,equal sequence quotas; uniform without replacement inside sequence; paired identities across GT/method/QP
ulong,wrapped_i_control_1000,2,128,71,38.28640952789357,128,equal sequence quotas; uniform without replacement inside sequence; paired identities across GT/method/QP
ulong,original,2,128,72,36.8346643562644,128,equal sequence quotas; uniform without replacement inside sequence; paired identities across GT/method/QP
ulong,native_i_adapt_1000,2,128,72,36.37970817419466,128,equal sequence quotas; uniform without replacement inside sequence; paired identities across GT/method/QP
ulong,wrapped_i_control_1000,2,128,72,37.12797088233418,128,equal sequence quotas; uniform without replacement inside sequence; paired identities across GT/method/QP
ulong,original,2,128,73,37.53700371596028,128,equal sequence quotas; uniform without replacement inside sequence; paired identities across GT/method/QP
ulong,native_i_adapt_1000,2,128,73,37.284122534196285,128,equal sequence quotas; uniform without replacement inside sequence; paired identities across GT/method/QP
ulong,wrapped_i_control_1000,2,128,73,38.71036121913727,128,equal sequence quotas; uniform without replacement inside sequence; paired identities across GT/method/QP
ulong,original,2,128,74,36.81790032350858,128,equal sequence quotas; uniform without replacement inside sequence; paired identities across GT/method/QP
ulong,native_i_adapt_1000,2,128,74,37.51856619231853,128,equal sequence quotas; uniform without replacement inside sequence; paired identities across GT/method/QP
ulong,wrapped_i_control_1000,2,128,74,37.4285731198633,128,equal sequence quotas; uniform without replacement inside sequence; paired identities across GT/method/QP
ulong,original,2,128,75,36.72996862959894,128,equal sequence quotas; uniform without replacement inside sequence; paired identities across GT/method/QP
ulong,native_i_adapt_1000,2,128,75,36.73325588093246,128,equal sequence quotas; uniform without replacement inside sequence; paired identities across GT/method/QP
ulong,wrapped_i_control_1000,2,128,75,36.50163061225618,128,equal sequence quotas; uniform without replacement inside sequence; paired identities across GT/method/QP
ulong,original,2,128,76,38.01683932006273,128,equal sequence quotas; uniform without replacement inside sequence; paired identities across GT/method/QP
ulong,native_i_adapt_1000,2,128,76,38.211238414343995,128,equal sequence quotas; uniform without replacement inside sequence; paired identities across GT/method/QP
ulong,wrapped_i_control_1000,2,128,76,38.06936738818115,128,equal sequence quotas; uniform without replacement inside sequence; paired identities across GT/method/QP
ulong,original,2,128,77,36.99891171647039,128,equal sequence quotas; uniform without replacement inside sequence; paired identities across GT/method/QP
ulong,native_i_adapt_1000,2,128,77,36.41457991982247,128,equal sequence quotas; uniform without replacement inside sequence; paired identities across GT/method/QP
ulong,wrapped_i_control_1000,2,128,77,37.2793730699002,128,equal sequence quotas; uniform without replacement inside sequence; paired identities across GT/method/QP
ulong,original,2,128,78,37.034691823562696,128,equal sequence quotas; uniform without replacement inside sequence; paired identities across GT/method/QP
ulong,native_i_adapt_1000,2,128,78,37.138690533503734,128,equal sequence quotas; uniform without replacement inside sequence; paired identities across GT/method/QP
ulong,wrapped_i_control_1000,2,128,78,37.38449890039152,128,equal sequence quotas; uniform without replacement inside sequence; paired identities across GT/method/QP
ulong,original,2,128,79,35.267477971858796,128,equal sequence quotas; uniform without replacement inside sequence; paired identities across GT/method/QP
ulong,native_i_adapt_1000,2,128,79,35.22196655775673,128,equal sequence quotas; uniform without replacement inside sequence; paired identities across GT/method/QP
ulong,wrapped_i_control_1000,2,128,79,36.94550238614687,128,equal sequence quotas; uniform without replacement inside sequence; paired identities across GT/method/QP
ulong,original,2,128,80,37.51069335819216,128,equal sequence quotas; uniform without replacement inside sequence; paired identities across GT/method/QP
ulong,native_i_adapt_1000,2,128,80,36.28364309806733,128,equal sequence quotas; uniform without replacement inside sequence; paired identities across GT/method/QP
ulong,wrapped_i_control_1000,2,128,80,36.3763316383712,128,equal sequence quotas; uniform without replacement inside sequence; paired identities across GT/method/QP
ulong,original,2,128,81,38.645043270282144,128,equal sequence quotas; uniform without replacement inside sequence; paired identities across GT/method/QP
ulong,native_i_adapt_1000,2,128,81,38.295326068534905,128,equal sequence quotas; uniform without replacement inside sequence; paired identities across GT/method/QP
ulong,wrapped_i_control_1000,2,128,81,39.99946395225726,128,equal sequence quotas; uniform without replacement inside sequence; paired identities across GT/method/QP
ulong,original,2,128,82,36.579370204191775,128,equal sequence quotas; uniform without replacement inside sequence; paired identities across GT/method/QP
ulong,native_i_adapt_1000,2,128,82,36.56681820592547,128,equal sequence quotas; uniform without replacement inside sequence; paired identities across GT/method/QP
ulong,wrapped_i_control_1000,2,128,82,37.50552163195243,128,equal sequence quotas; uniform without replacement inside sequence; paired identities across GT/method/QP
ulong,original,2,128,83,36.77109151167042,128,equal sequence quotas; uniform without replacement inside sequence; paired identities across GT/method/QP
ulong,native_i_adapt_1000,2,128,83,35.44961036455311,128,equal sequence quotas; uniform without replacement inside sequence; paired identities across GT/method/QP
ulong,wrapped_i_control_1000,2,128,83,35.8922641412982,128,equal sequence quotas; uniform without replacement inside sequence; paired identities across GT/method/QP
ulong,original,2,128,84,38.73701284633131,128,equal sequence quotas; uniform without replacement inside sequence; paired identities across GT/method/QP
ulong,native_i_adapt_1000,2,128,84,38.478088630106356,128,equal sequence quotas; uniform without replacement inside sequence; paired identities across GT/method/QP
ulong,wrapped_i_control_1000,2,128,84,38.91793164696395,128,equal sequence quotas; uniform without replacement inside sequence; paired identities across GT/method/QP
ulong,original,2,128,85,38.17124119858181,128,equal sequence quotas; uniform without replacement inside sequence; paired identities across GT/method/QP
ulong,native_i_adapt_1000,2,128,85,37.38752135500886,128,equal sequence quotas; uniform without replacement inside sequence; paired identities across GT/method/QP
ulong,wrapped_i_control_1000,2,128,85,37.51842074355909,128,equal sequence quotas; uniform without replacement inside sequence; paired identities across GT/method/QP
ulong,original,2,128,86,39.69223536494508,128,equal sequence quotas; uniform without replacement inside sequence; paired identities across GT/method/QP
ulong,native_i_adapt_1000,2,128,86,38.87460712538933,128,equal sequence quotas; uniform without replacement inside sequence; paired identities across GT/method/QP
ulong,wrapped_i_control_1000,2,128,86,38.7538608849801,128,equal sequence quotas; uniform without replacement inside sequence; paired identities across GT/method/QP
ulong,original,2,128,87,35.63118038501517,128,equal sequence quotas; uniform without replacement inside sequence; paired identities across GT/method/QP
ulong,native_i_adapt_1000,2,128,87,36.13386398153625,128,equal sequence quotas; uniform without replacement inside sequence; paired identities across GT/method/QP
ulong,wrapped_i_control_1000,2,128,87,36.192751035141214,128,equal sequence quotas; uniform without replacement inside sequence; paired identities across GT/method/QP
ulong,original,2,128,88,37.04886059217142,128,equal sequence quotas; uniform without replacement inside sequence; paired identities across GT/method/QP
ulong,native_i_adapt_1000,2,128,88,37.26704654709863,128,equal sequence quotas; uniform without replacement inside sequence; paired identities across GT/method/QP
ulong,wrapped_i_control_1000,2,128,88,38.061954201138576,128,equal sequence quotas; uniform without replacement inside sequence; paired identities across GT/method/QP
ulong,original,2,128,89,37.399810126537716,128,equal sequence quotas; uniform without replacement inside sequence; paired identities across GT/method/QP
ulong,native_i_adapt_1000,2,128,89,38.518992642612375,128,equal sequence quotas; uniform without replacement inside sequence; paired identities across GT/method/QP
ulong,wrapped_i_control_1000,2,128,89,38.01742824893978,128,equal sequence quotas; uniform without replacement inside sequence; paired identities across GT/method/QP
ulong,original,2,128,90,36.543670186162956,128,equal sequence quotas; uniform without replacement inside sequence; paired identities across GT/method/QP
ulong,native_i_adapt_1000,2,128,90,37.1482496534627,128,equal sequence quotas; uniform without replacement inside sequence; paired identities across GT/method/QP
ulong,wrapped_i_control_1000,2,128,90,37.57980440405828,128,equal sequence quotas; uniform without replacement inside sequence; paired identities across GT/method/QP
ulong,original,2,128,91,36.82966352063539,128,equal sequence quotas; uniform without replacement inside sequence; paired identities across GT/method/QP
ulong,native_i_adapt_1000,2,128,91,36.8169416954006,128,equal sequence quotas; uniform without replacement inside sequence; paired identities across GT/method/QP
ulong,wrapped_i_control_1000,2,128,91,37.10798800927432,128,equal sequence quotas; uniform without replacement inside sequence; paired identities across GT/method/QP
ulong,original,2,128,92,36.862959807533,128,equal sequence quotas; uniform without replacement inside sequence; paired identities across GT/method/QP
ulong,native_i_adapt_1000,2,128,92,37.093707622441116,128,equal sequence quotas; uniform without replacement inside sequence; paired identities across GT/method/QP
ulong,wrapped_i_control_1000,2,128,92,37.525538626064304,128,equal sequence quotas; uniform without replacement inside sequence; paired identities across GT/method/QP
ulong,original,2,128,93,37.62721851289933,128,equal sequence quotas; uniform without replacement inside sequence; paired identities across GT/method/QP
ulong,native_i_adapt_1000,2,128,93,37.70858386397242,128,equal sequence quotas; uniform without replacement inside sequence; paired identities across GT/method/QP
ulong,wrapped_i_control_1000,2,128,93,38.95877216270344,128,equal sequence quotas; uniform without replacement inside sequence; paired identities across GT/method/QP
ulong,original,2,128,94,37.130511696449844,128,equal sequence quotas; uniform without replacement inside sequence; paired identities across GT/method/QP
ulong,native_i_adapt_1000,2,128,94,36.12690184185317,128,equal sequence quotas; uniform without replacement inside sequence; paired identities across GT/method/QP
ulong,wrapped_i_control_1000,2,128,94,37.488054142955036,128,equal sequence quotas; uniform without replacement inside sequence; paired identities across GT/method/QP
ulong,original,2,128,95,35.00064542159146,128,equal sequence quotas; uniform without replacement inside sequence; paired identities across GT/method/QP
ulong,native_i_adapt_1000,2,128,95,36.130988660649905,128,equal sequence quotas; uniform without replacement inside sequence; paired identities across GT/method/QP
ulong,wrapped_i_control_1000,2,128,95,35.239433656883364,128,equal sequence quotas; uniform without replacement inside sequence; paired identities across GT/method/QP
ulong,original,2,128,96,40.768542594016935,128,equal sequence quotas; uniform without replacement inside sequence; paired identities across GT/method/QP
ulong,native_i_adapt_1000,2,128,96,39.269840604748595,128,equal sequence quotas; uniform without replacement inside sequence; paired identities across GT/method/QP
ulong,wrapped_i_control_1000,2,128,96,39.48099395607494,128,equal sequence quotas; uniform without replacement inside sequence; paired identities across GT/method/QP
ulong,original,2,128,97,37.39602118453456,128,equal sequence quotas; uniform without replacement inside sequence; paired identities across GT/method/QP
ulong,native_i_adapt_1000,2,128,97,36.82959827301619,128,equal sequence quotas; uniform without replacement inside sequence; paired identities across GT/method/QP
ulong,wrapped_i_control_1000,2,128,97,37.23632442831126,128,equal sequence quotas; uniform without replacement inside sequence; paired identities across GT/method/QP
ulong,original,2,128,98,37.548903946876635,128,equal sequence quotas; uniform without replacement inside sequence; paired identities across GT/method/QP
ulong,native_i_adapt_1000,2,128,98,36.949269402865355,128,equal sequence quotas; uniform without replacement inside sequence; paired identities across GT/method/QP
ulong,wrapped_i_control_1000,2,128,98,37.394831712004645,128,equal sequence quotas; uniform without replacement inside sequence; paired identities across GT/method/QP
ulong,original,2,128,99,36.2328518520394,128,equal sequence quotas; uniform without replacement inside sequence; paired identities across GT/method/QP
ulong,native_i_adapt_1000,2,128,99,36.776278233064545,128,equal sequence quotas; uniform without replacement inside sequence; paired identities across GT/method/QP
ulong,wrapped_i_control_1000,2,128,99,36.6820938363428,128,equal sequence quotas; uniform without replacement inside sequence; paired identities across GT/method/QP
ulong,original,2,256,0,34.295595266859266,256,equal sequence quotas; uniform without replacement inside sequence; paired identities across GT/method/QP
ulong,native_i_adapt_1000,2,256,0,34.20004138671436,256,equal sequence quotas; uniform without replacement inside sequence; paired identities across GT/method/QP
ulong,wrapped_i_control_1000,2,256,0,34.774803213117195,256,equal sequence quotas; uniform without replacement inside sequence; paired identities across GT/method/QP
ulong,original,2,256,1,33.60746518944012,256,equal sequence quotas; uniform without replacement inside sequence; paired identities across GT/method/QP
ulong,native_i_adapt_1000,2,256,1,33.86747835636697,256,equal sequence quotas; uniform without replacement inside sequence; paired identities across GT/method/QP
ulong,wrapped_i_control_1000,2,256,1,34.8005013622066,256,equal sequence quotas; uniform without replacement inside sequence; paired identities across GT/method/QP
ulong,original,2,256,2,32.84250052077937,256,equal sequence quotas; uniform without replacement inside sequence; paired identities across GT/method/QP
ulong,native_i_adapt_1000,2,256,2,33.28553203944733,256,equal sequence quotas; uniform without replacement inside sequence; paired identities across GT/method/QP
ulong,wrapped_i_control_1000,2,256,2,34.17508512001149,256,equal sequence quotas; uniform without replacement inside sequence; paired identities across GT/method/QP
ulong,original,2,256,3,33.91480351258912,256,equal sequence quotas; uniform without replacement inside sequence; paired identities across GT/method/QP
ulong,native_i_adapt_1000,2,256,3,33.83777902140747,256,equal sequence quotas; uniform without replacement inside sequence; paired identities across GT/method/QP
ulong,wrapped_i_control_1000,2,256,3,34.12326085487081,256,equal sequence quotas; uniform without replacement inside sequence; paired identities across GT/method/QP
ulong,original,2,256,4,32.8215958243681,256,equal sequence quotas; uniform without replacement inside sequence; paired identities across GT/method/QP
ulong,native_i_adapt_1000,2,256,4,33.5250576524835,256,equal sequence quotas; uniform without replacement inside sequence; paired identities across GT/method/QP
ulong,wrapped_i_control_1000,2,256,4,33.687707249414586,256,equal sequence quotas; uniform without replacement inside sequence; paired identities across GT/method/QP
ulong,original,2,256,5,34.26136191936723,256,equal sequence quotas; uniform without replacement inside sequence; paired identities across GT/method/QP
ulong,native_i_adapt_1000,2,256,5,33.81209552699647,256,equal sequence quotas; uniform without replacement inside sequence; paired identities across GT/method/QP
ulong,wrapped_i_control_1000,2,256,5,34.50906064541522,256,equal sequence quotas; uniform without replacement inside sequence; paired identities across GT/method/QP
ulong,original,2,256,6,32.63178612121288,256,equal sequence quotas; uniform without replacement inside sequence; paired identities across GT/method/QP
ulong,native_i_adapt_1000,2,256,6,33.93932555554977,256,equal sequence quotas; uniform without replacement inside sequence; paired identities across GT/method/QP
ulong,wrapped_i_control_1000,2,256,6,33.749688536626536,256,equal sequence quotas; uniform without replacement inside sequence; paired identities across GT/method/QP
ulong,original,2,256,7,33.25122701296522,256,equal sequence quotas; uniform without replacement inside sequence; paired identities across GT/method/QP
ulong,native_i_adapt_1000,2,256,7,33.04104416617105,256,equal sequence quotas; uniform without replacement inside sequence; paired identities across GT/method/QP
ulong,wrapped_i_control_1000,2,256,7,33.80405226964717,256,equal sequence quotas; uniform without replacement inside sequence; paired identities across GT/method/QP
ulong,original,2,256,8,33.9854238341066,256,equal sequence quotas; uniform without replacement inside sequence; paired identities across GT/method/QP
ulong,native_i_adapt_1000,2,256,8,33.93924126766689,256,equal sequence quotas; uniform without replacement inside sequence; paired identities across GT/method/QP
ulong,wrapped_i_control_1000,2,256,8,33.94701509965989,256,equal sequence quotas; uniform without replacement inside sequence; paired identities across GT/method/QP
ulong,original,2,256,9,33.88466956581021,256,equal sequence quotas; uniform without replacement inside sequence; paired identities across GT/method/QP
ulong,native_i_adapt_1000,2,256,9,33.74638968707427,256,equal sequence quotas; uniform without replacement inside sequence; paired identities across GT/method/QP
ulong,wrapped_i_control_1000,2,256,9,34.64935797113583,256,equal sequence quotas; uniform without replacement inside sequence; paired identities across GT/method/QP
ulong,original,2,256,10,33.985980055398386,256,equal sequence quotas; uniform without replacement inside sequence; paired identities across GT/method/QP
ulong,native_i_adapt_1000,2,256,10,33.36375232545549,256,equal sequence quotas; uniform without replacement inside sequence; paired identities across GT/method/QP
ulong,wrapped_i_control_1000,2,256,10,33.884101332718615,256,equal sequence quotas; uniform without replacement inside sequence; paired identities across GT/method/QP
ulong,original,2,256,11,33.52856012685157,256,equal sequence quotas; uniform without replacement inside sequence; paired identities across GT/method/QP
ulong,native_i_adapt_1000,2,256,11,33.83548267769186,256,equal sequence quotas; uniform without replacement inside sequence; paired identities across GT/method/QP
ulong,wrapped_i_control_1000,2,256,11,34.211629038699925,256,equal sequence quotas; uniform without replacement inside sequence; paired identities across GT/method/QP
ulong,original,2,256,12,33.96786393773806,256,equal sequence quotas; uniform without replacement inside sequence; paired identities across GT/method/QP
ulong,native_i_adapt_1000,2,256,12,33.79845510435564,256,equal sequence quotas; uniform without replacement inside sequence; paired identities across GT/method/QP
ulong,wrapped_i_control_1000,2,256,12,33.81019343075468,256,equal sequence quotas; uniform without replacement inside sequence; paired identities across GT/method/QP
ulong,original,2,256,13,33.314358447585164,256,equal sequence quotas; uniform without replacement inside sequence; paired identities across GT/method/QP
ulong,native_i_adapt_1000,2,256,13,33.235925053387234,256,equal sequence quotas; uniform without replacement inside sequence; paired identities across GT/method/QP
ulong,wrapped_i_control_1000,2,256,13,33.48094995060296,256,equal sequence quotas; uniform without replacement inside sequence; paired identities across GT/method/QP
ulong,original,2,256,14,34.697827818955886,256,equal sequence quotas; uniform without replacement inside sequence; paired identities across GT/method/QP
ulong,native_i_adapt_1000,2,256,14,33.98266934451971,256,equal sequence quotas; uniform without replacement inside sequence; paired identities across GT/method/QP
ulong,wrapped_i_control_1000,2,256,14,34.12687558536106,256,equal sequence quotas; uniform without replacement inside sequence; paired identities across GT/method/QP
ulong,original,2,256,15,34.18170150451857,256,equal sequence quotas; uniform without replacement inside sequence; paired identities across GT/method/QP
ulong,native_i_adapt_1000,2,256,15,33.18408927458847,256,equal sequence quotas; uniform without replacement inside sequence; paired identities across GT/method/QP
ulong,wrapped_i_control_1000,2,256,15,33.82217410297915,256,equal sequence quotas; uniform without replacement inside sequence; paired identities across GT/method/QP
ulong,original,2,256,16,33.9974762605126,256,equal sequence quotas; uniform without replacement inside sequence; paired identities across GT/method/QP
ulong,native_i_adapt_1000,2,256,16,33.61834580680977,256,equal sequence quotas; uniform without replacement inside sequence; paired identities across GT/method/QP
ulong,wrapped_i_control_1000,2,256,16,33.60955948807464,256,equal sequence quotas; uniform without replacement inside sequence; paired identities across GT/method/QP
ulong,original,2,256,17,34.25997541704629,256,equal sequence quotas; uniform without replacement inside sequence; paired identities across GT/method/QP
ulong,native_i_adapt_1000,2,256,17,33.81149095057623,256,equal sequence quotas; uniform without replacement inside sequence; paired identities across GT/method/QP
ulong,wrapped_i_control_1000,2,256,17,33.59458670289746,256,equal sequence quotas; uniform without replacement inside sequence; paired identities across GT/method/QP
ulong,original,2,256,18,33.59835120870599,256,equal sequence quotas; uniform without replacement inside sequence; paired identities across GT/method/QP
ulong,native_i_adapt_1000,2,256,18,33.834919447082655,256,equal sequence quotas; uniform without replacement inside sequence; paired identities across GT/method/QP
ulong,wrapped_i_control_1000,2,256,18,33.52508284570507,256,equal sequence quotas; uniform without replacement inside sequence; paired identities across GT/method/QP
ulong,original,2,256,19,33.083511234036905,256,equal sequence quotas; uniform without replacement inside sequence; paired identities across GT/method/QP
ulong,native_i_adapt_1000,2,256,19,33.491400997954145,256,equal sequence quotas; uniform without replacement inside sequence; paired identities across GT/method/QP
ulong,wrapped_i_control_1000,2,256,19,33.93649121703709,256,equal sequence quotas; uniform without replacement inside sequence; paired identities across GT/method/QP
ulong,original,2,256,20,34.58002050900302,256,equal sequence quotas; uniform without replacement inside sequence; paired identities across GT/method/QP
ulong,native_i_adapt_1000,2,256,20,34.46801739538819,256,equal sequence quotas; uniform without replacement inside sequence; paired identities across GT/method/QP
ulong,wrapped_i_control_1000,2,256,20,35.271148737530325,256,equal sequence quotas; uniform without replacement inside sequence; paired identities across GT/method/QP
ulong,original,2,256,21,33.716409754907374,256,equal sequence quotas; uniform without replacement inside sequence; paired identities across GT/method/QP
ulong,native_i_adapt_1000,2,256,21,33.219291014382975,256,equal sequence quotas; uniform without replacement inside sequence; paired identities across GT/method/QP
ulong,wrapped_i_control_1000,2,256,21,34.47122863159274,256,equal sequence quotas; uniform without replacement inside sequence; paired identities across GT/method/QP
ulong,original,2,256,22,34.09987749639498,256,equal sequence quotas; uniform without replacement inside sequence; paired identities across GT/method/QP
ulong,native_i_adapt_1000,2,256,22,35.09637696336574,256,equal sequence quotas; uniform without replacement inside sequence; paired identities across GT/method/QP
ulong,wrapped_i_control_1000,2,256,22,34.552384815246626,256,equal sequence quotas; uniform without replacement inside sequence; paired identities across GT/method/QP
ulong,original,2,256,23,33.525470648502335,256,equal sequence quotas; uniform without replacement inside sequence; paired identities across GT/method/QP
ulong,native_i_adapt_1000,2,256,23,33.27124563605861,256,equal sequence quotas; uniform without replacement inside sequence; paired identities across GT/method/QP
ulong,wrapped_i_control_1000,2,256,23,33.001438983481364,256,equal sequence quotas; uniform without replacement inside sequence; paired identities across GT/method/QP
ulong,original,2,256,24,34.02687751559603,256,equal sequence quotas; uniform without replacement inside sequence; paired identities across GT/method/QP
ulong,native_i_adapt_1000,2,256,24,34.01511572760825,256,equal sequence quotas; uniform without replacement inside sequence; paired identities across GT/method/QP
ulong,wrapped_i_control_1000,2,256,24,33.47011725273444,256,equal sequence quotas; uniform without replacement inside sequence; paired identities across GT/method/QP
ulong,original,2,256,25,32.757726826062196,256,equal sequence quotas; uniform without replacement inside sequence; paired identities across GT/method/QP
ulong,native_i_adapt_1000,2,256,25,33.021981356333754,256,equal sequence quotas; uniform without replacement inside sequence; paired identities across GT/method/QP
ulong,wrapped_i_control_1000,2,256,25,33.785114218487024,256,equal sequence quotas; uniform without replacement inside sequence; paired identities across GT/method/QP
ulong,original,2,256,26,33.74675074810085,256,equal sequence quotas; uniform without replacement inside sequence; paired identities across GT/method/QP
ulong,native_i_adapt_1000,2,256,26,33.77329236750535,256,equal sequence quotas; uniform without replacement inside sequence; paired identities across GT/method/QP
ulong,wrapped_i_control_1000,2,256,26,34.96520430450249,256,equal sequence quotas; uniform without replacement inside sequence; paired identities across GT/method/QP
ulong,original,2,256,27,33.87093385430734,256,equal sequence quotas; uniform without replacement inside sequence; paired identities across GT/method/QP
ulong,native_i_adapt_1000,2,256,27,33.17283195877445,256,equal sequence quotas; uniform without replacement inside sequence; paired identities across GT/method/QP
ulong,wrapped_i_control_1000,2,256,27,33.88759803938939,256,equal sequence quotas; uniform without replacement inside sequence; paired identities across GT/method/QP
ulong,original,2,256,28,33.23087178833981,256,equal sequence quotas; uniform without replacement inside sequence; paired identities across GT/method/QP
ulong,native_i_adapt_1000,2,256,28,34.01840477873725,256,equal sequence quotas; uniform without replacement inside sequence; paired identities across GT/method/QP
ulong,wrapped_i_control_1000,2,256,28,34.39007111943005,256,equal sequence quotas; uniform without replacement inside sequence; paired identities across GT/method/QP
ulong,original,2,256,29,33.097794877364834,256,equal sequence quotas; uniform without replacement inside sequence; paired identities across GT/method/QP
ulong,native_i_adapt_1000,2,256,29,33.801754368466845,256,equal sequence quotas; uniform without replacement inside sequence; paired identities across GT/method/QP
ulong,wrapped_i_control_1000,2,256,29,34.51873645563512,256,equal sequence quotas; uniform without replacement inside sequence; paired identities across GT/method/QP
ulong,original,2,256,30,32.94144724904413,256,equal sequence quotas; uniform without replacement inside sequence; paired identities across GT/method/QP
ulong,native_i_adapt_1000,2,256,30,33.12341064269094,256,equal sequence quotas; uniform without replacement inside sequence; paired identities across GT/method/QP
ulong,wrapped_i_control_1000,2,256,30,33.352829597615084,256,equal sequence quotas; uniform without replacement inside sequence; paired identities across GT/method/QP
ulong,original,2,256,31,33.8791757229892,256,equal sequence quotas; uniform without replacement inside sequence; paired identities across GT/method/QP
ulong,native_i_adapt_1000,2,256,31,33.71789979181642,256,equal sequence quotas; uniform without replacement inside sequence; paired identities across GT/method/QP
ulong,wrapped_i_control_1000,2,256,31,33.70127740339876,256,equal sequence quotas; uniform without replacement inside sequence; paired identities across GT/method/QP
ulong,original,2,256,32,34.24342476383208,256,equal sequence quotas; uniform without replacement inside sequence; paired identities across GT/method/QP
ulong,native_i_adapt_1000,2,256,32,32.92654186905452,256,equal sequence quotas; uniform without replacement inside sequence; paired identities across GT/method/QP
ulong,wrapped_i_control_1000,2,256,32,34.01777450334089,256,equal sequence quotas; uniform without replacement inside sequence; paired identities across GT/method/QP
ulong,original,2,256,33,34.5656812862523,256,equal sequence quotas; uniform without replacement inside sequence; paired identities across GT/method/QP
ulong,native_i_adapt_1000,2,256,33,33.99365762251557,256,equal sequence quotas; uniform without replacement inside sequence; paired identities across GT/method/QP
ulong,wrapped_i_control_1000,2,256,33,34.35042671278677,256,equal sequence quotas; uniform without replacement inside sequence; paired identities across GT/method/QP
ulong,original,2,256,34,34.63129195848035,256,equal sequence quotas; uniform without replacement inside sequence; paired identities across GT/method/QP
ulong,native_i_adapt_1000,2,256,34,34.14175853157457,256,equal sequence quotas; uniform without replacement inside sequence; paired identities across GT/method/QP
ulong,wrapped_i_control_1000,2,256,34,33.635031573091055,256,equal sequence quotas; uniform without replacement inside sequence; paired identities across GT/method/QP
ulong,original,2,256,35,33.90731691663882,256,equal sequence quotas; uniform without replacement inside sequence; paired identities across GT/method/QP
ulong,native_i_adapt_1000,2,256,35,34.1287464274468,256,equal sequence quotas; uniform without replacement inside sequence; paired identities across GT/method/QP
ulong,wrapped_i_control_1000,2,256,35,34.456831434252024,256,equal sequence quotas; uniform without replacement inside sequence; paired identities across GT/method/QP
ulong,original,2,256,36,33.71182591232889,256,equal sequence quotas; uniform without replacement inside sequence; paired identities across GT/method/QP
ulong,native_i_adapt_1000,2,256,36,33.56650992111918,256,equal sequence quotas; uniform without replacement inside sequence; paired identities across GT/method/QP
ulong,wrapped_i_control_1000,2,256,36,34.04786412092989,256,equal sequence quotas; uniform without replacement inside sequence; paired identities across GT/method/QP
ulong,original,2,256,37,33.62200902559243,256,equal sequence quotas; uniform without replacement inside sequence; paired identities across GT/method/QP
ulong,native_i_adapt_1000,2,256,37,33.876401775318016,256,equal sequence quotas; uniform without replacement inside sequence; paired identities across GT/method/QP
ulong,wrapped_i_control_1000,2,256,37,33.86811897824424,256,equal sequence quotas; uniform without replacement inside sequence; paired identities across GT/method/QP
ulong,original,2,256,38,33.58017139760568,256,equal sequence quotas; uniform without replacement inside sequence; paired identities across GT/method/QP
ulong,native_i_adapt_1000,2,256,38,34.4265266076348,256,equal sequence quotas; uniform without replacement inside sequence; paired identities across GT/method/QP
ulong,wrapped_i_control_1000,2,256,38,35.10871798246296,256,equal sequence quotas; uniform without replacement inside sequence; paired identities across GT/method/QP
ulong,original,2,256,39,33.756981917119674,256,equal sequence quotas; uniform without replacement inside sequence; paired identities across GT/method/QP
ulong,native_i_adapt_1000,2,256,39,33.67520548719324,256,equal sequence quotas; uniform without replacement inside sequence; paired identities across GT/method/QP
ulong,wrapped_i_control_1000,2,256,39,33.8776821772322,256,equal sequence quotas; uniform without replacement inside sequence; paired identities across GT/method/QP
ulong,original,2,256,40,33.32988623720189,256,equal sequence quotas; uniform without replacement inside sequence; paired identities across GT/method/QP
ulong,native_i_adapt_1000,2,256,40,33.47087497588342,256,equal sequence quotas; uniform without replacement inside sequence; paired identities across GT/method/QP
ulong,wrapped_i_control_1000,2,256,40,34.02459896646252,256,equal sequence quotas; uniform without replacement inside sequence; paired identities across GT/method/QP
ulong,original,2,256,41,34.4301098490335,256,equal sequence quotas; uniform without replacement inside sequence; paired identities across GT/method/QP
ulong,native_i_adapt_1000,2,256,41,34.22360776706728,256,equal sequence quotas; uniform without replacement inside sequence; paired identities across GT/method/QP
ulong,wrapped_i_control_1000,2,256,41,35.45933891969247,256,equal sequence quotas; uniform without replacement inside sequence; paired identities across GT/method/QP
ulong,original,2,256,42,33.26654504484577,256,equal sequence quotas; uniform without replacement inside sequence; paired identities across GT/method/QP
ulong,native_i_adapt_1000,2,256,42,33.71982249083976,256,equal sequence quotas; uniform without replacement inside sequence; paired identities across GT/method/QP
ulong,wrapped_i_control_1000,2,256,42,34.02247168384196,256,equal sequence quotas; uniform without replacement inside sequence; paired identities across GT/method/QP
ulong,original,2,256,43,33.1902669359381,256,equal sequence quotas; uniform without replacement inside sequence; paired identities across GT/method/QP
ulong,native_i_adapt_1000,2,256,43,33.54147408141171,256,equal sequence quotas; uniform without replacement inside sequence; paired identities across GT/method/QP
ulong,wrapped_i_control_1000,2,256,43,33.93633807295868,256,equal sequence quotas; uniform without replacement inside sequence; paired identities across GT/method/QP
ulong,original,2,256,44,34.021514000560614,256,equal sequence quotas; uniform without replacement inside sequence; paired identities across GT/method/QP
ulong,native_i_adapt_1000,2,256,44,33.91889626357613,256,equal sequence quotas; uniform without replacement inside sequence; paired identities across GT/method/QP
ulong,wrapped_i_control_1000,2,256,44,34.4757126002915,256,equal sequence quotas; uniform without replacement inside sequence; paired identities across GT/method/QP
ulong,original,2,256,45,33.18200317409537,256,equal sequence quotas; uniform without replacement inside sequence; paired identities across GT/method/QP
ulong,native_i_adapt_1000,2,256,45,32.81111394930923,256,equal sequence quotas; uniform without replacement inside sequence; paired identities across GT/method/QP
ulong,wrapped_i_control_1000,2,256,45,32.9067295057755,256,equal sequence quotas; uniform without replacement inside sequence; paired identities across GT/method/QP
ulong,original,2,256,46,33.907839115429795,256,equal sequence quotas; uniform without replacement inside sequence; paired identities across GT/method/QP
ulong,native_i_adapt_1000,2,256,46,33.81904522574183,256,equal sequence quotas; uniform without replacement inside sequence; paired identities across GT/method/QP
ulong,wrapped_i_control_1000,2,256,46,33.73937121605695,256,equal sequence quotas; uniform without replacement inside sequence; paired identities across GT/method/QP
ulong,original,2,256,47,32.987934017856446,256,equal sequence quotas; uniform without replacement inside sequence; paired identities across GT/method/QP
ulong,native_i_adapt_1000,2,256,47,33.028978273826795,256,equal sequence quotas; uniform without replacement inside sequence; paired identities across GT/method/QP
ulong,wrapped_i_control_1000,2,256,47,33.10206453424888,256,equal sequence quotas; uniform without replacement inside sequence; paired identities across GT/method/QP
ulong,original,2,256,48,33.088247358987815,256,equal sequence quotas; uniform without replacement inside sequence; paired identities across GT/method/QP
ulong,native_i_adapt_1000,2,256,48,33.27764410394201,256,equal sequence quotas; uniform without replacement inside sequence; paired identities across GT/method/QP
ulong,wrapped_i_control_1000,2,256,48,33.631492584089244,256,equal sequence quotas; uniform without replacement inside sequence; paired identities across GT/method/QP
ulong,original,2,256,49,34.23182329193634,256,equal sequence quotas; uniform without replacement inside sequence; paired identities across GT/method/QP
ulong,native_i_adapt_1000,2,256,49,34.56239443286,256,equal sequence quotas; uniform without replacement inside sequence; paired identities across GT/method/QP
ulong,wrapped_i_control_1000,2,256,49,34.629019124433455,256,equal sequence quotas; uniform without replacement inside sequence; paired identities across GT/method/QP
ulong,original,2,256,50,34.13475411439288,256,equal sequence quotas; uniform without replacement inside sequence; paired identities across GT/method/QP
ulong,native_i_adapt_1000,2,256,50,33.50302927424792,256,equal sequence quotas; uniform without replacement inside sequence; paired identities across GT/method/QP
ulong,wrapped_i_control_1000,2,256,50,33.892893774236484,256,equal sequence quotas; uniform without replacement inside sequence; paired identities across GT/method/QP
ulong,original,2,256,51,33.72400706621477,256,equal sequence quotas; uniform without replacement inside sequence; paired identities across GT/method/QP
ulong,native_i_adapt_1000,2,256,51,33.58698816763558,256,equal sequence quotas; uniform without replacement inside sequence; paired identities across GT/method/QP
ulong,wrapped_i_control_1000,2,256,51,33.647247392491806,256,equal sequence quotas; uniform without replacement inside sequence; paired identities across GT/method/QP
ulong,original,2,256,52,34.351838496627636,256,equal sequence quotas; uniform without replacement inside sequence; paired identities across GT/method/QP
ulong,native_i_adapt_1000,2,256,52,33.433665491410125,256,equal sequence quotas; uniform without replacement inside sequence; paired identities across GT/method/QP
ulong,wrapped_i_control_1000,2,256,52,33.918008619513444,256,equal sequence quotas; uniform without replacement inside sequence; paired identities across GT/method/QP
ulong,original,2,256,53,33.662961091653244,256,equal sequence quotas; uniform without replacement inside sequence; paired identities across GT/method/QP
ulong,native_i_adapt_1000,2,256,53,33.67849920422168,256,equal sequence quotas; uniform without replacement inside sequence; paired identities across GT/method/QP
ulong,wrapped_i_control_1000,2,256,53,34.06983045985589,256,equal sequence quotas; uniform without replacement inside sequence; paired identities across GT/method/QP
ulong,original,2,256,54,33.01906254170029,256,equal sequence quotas; uniform without replacement inside sequence; paired identities across GT/method/QP
ulong,native_i_adapt_1000,2,256,54,33.120973175838174,256,equal sequence quotas; uniform without replacement inside sequence; paired identities across GT/method/QP
ulong,wrapped_i_control_1000,2,256,54,33.17510929936236,256,equal sequence quotas; uniform without replacement inside sequence; paired identities across GT/method/QP
ulong,original,2,256,55,34.81985409567318,256,equal sequence quotas; uniform without replacement inside sequence; paired identities across GT/method/QP
ulong,native_i_adapt_1000,2,256,55,35.10110318209723,256,equal sequence quotas; uniform without replacement inside sequence; paired identities across GT/method/QP
ulong,wrapped_i_control_1000,2,256,55,35.335039548441785,256,equal sequence quotas; uniform without replacement inside sequence; paired identities across GT/method/QP
ulong,original,2,256,56,33.008515181244434,256,equal sequence quotas; uniform without replacement inside sequence; paired identities across GT/method/QP
ulong,native_i_adapt_1000,2,256,56,32.75063742799682,256,equal sequence quotas; uniform without replacement inside sequence; paired identities across GT/method/QP
ulong,wrapped_i_control_1000,2,256,56,33.21671139008453,256,equal sequence quotas; uniform without replacement inside sequence; paired identities across GT/method/QP
ulong,original,2,256,57,35.01600910320258,256,equal sequence quotas; uniform without replacement inside sequence; paired identities across GT/method/QP
ulong,native_i_adapt_1000,2,256,57,34.52360342157368,256,equal sequence quotas; uniform without replacement inside sequence; paired identities across GT/method/QP
ulong,wrapped_i_control_1000,2,256,57,34.942855189319914,256,equal sequence quotas; uniform without replacement inside sequence; paired identities across GT/method/QP
ulong,original,2,256,58,33.20215975139007,256,equal sequence quotas; uniform without replacement inside sequence; paired identities across GT/method/QP
ulong,native_i_adapt_1000,2,256,58,33.39583186478262,256,equal sequence quotas; uniform without replacement inside sequence; paired identities across GT/method/QP
ulong,wrapped_i_control_1000,2,256,58,34.50627918464886,256,equal sequence quotas; uniform without replacement inside sequence; paired identities across GT/method/QP
ulong,original,2,256,59,33.762679290995266,256,equal sequence quotas; uniform without replacement inside sequence; paired identities across GT/method/QP
ulong,native_i_adapt_1000,2,256,59,33.93981278373252,256,equal sequence quotas; uniform without replacement inside sequence; paired identities across GT/method/QP
ulong,wrapped_i_control_1000,2,256,59,33.973806387723016,256,equal sequence quotas; uniform without replacement inside sequence; paired identities across GT/method/QP
ulong,original,2,256,60,33.71855191359771,256,equal sequence quotas; uniform without replacement inside sequence; paired identities across GT/method/QP
ulong,native_i_adapt_1000,2,256,60,34.1079312770118,256,equal sequence quotas; uniform without replacement inside sequence; paired identities across GT/method/QP
ulong,wrapped_i_control_1000,2,256,60,34.468129533716876,256,equal sequence quotas; uniform without replacement inside sequence; paired identities across GT/method/QP
ulong,original,2,256,61,33.87370367410597,256,equal sequence quotas; uniform without replacement inside sequence; paired identities across GT/method/QP
ulong,native_i_adapt_1000,2,256,61,33.53312386219034,256,equal sequence quotas; uniform without replacement inside sequence; paired identities across GT/method/QP
ulong,wrapped_i_control_1000,2,256,61,33.689953452677116,256,equal sequence quotas; uniform without replacement inside sequence; paired identities across GT/method/QP
ulong,original,2,256,62,33.564190477163834,256,equal sequence quotas; uniform without replacement inside sequence; paired identities across GT/method/QP
ulong,native_i_adapt_1000,2,256,62,33.29183027701458,256,equal sequence quotas; uniform without replacement inside sequence; paired identities across GT/method/QP
ulong,wrapped_i_control_1000,2,256,62,33.980028176532414,256,equal sequence quotas; uniform without replacement inside sequence; paired identities across GT/method/QP
ulong,original,2,256,63,33.08027521404733,256,equal sequence quotas; uniform without replacement inside sequence; paired identities across GT/method/QP
ulong,native_i_adapt_1000,2,256,63,32.81513816846552,256,equal sequence quotas; uniform without replacement inside sequence; paired identities across GT/method/QP
ulong,wrapped_i_control_1000,2,256,63,32.92415257938478,256,equal sequence quotas; uniform without replacement inside sequence; paired identities across GT/method/QP
ulong,original,2,256,64,33.99947822682992,256,equal sequence quotas; uniform without replacement inside sequence; paired identities across GT/method/QP
ulong,native_i_adapt_1000,2,256,64,34.29785440982806,256,equal sequence quotas; uniform without replacement inside sequence; paired identities across GT/method/QP
ulong,wrapped_i_control_1000,2,256,64,34.89506662781463,256,equal sequence quotas; uniform without replacement inside sequence; paired identities across GT/method/QP
ulong,original,2,256,65,33.291488345938774,256,equal sequence quotas; uniform without replacement inside sequence; paired identities across GT/method/QP
ulong,native_i_adapt_1000,2,256,65,33.711944714276456,256,equal sequence quotas; uniform without replacement inside sequence; paired identities across GT/method/QP
ulong,wrapped_i_control_1000,2,256,65,34.96402174768741,256,equal sequence quotas; uniform without replacement inside sequence; paired identities across GT/method/QP
ulong,original,2,256,66,34.71668450883874,256,equal sequence quotas; uniform without replacement inside sequence; paired identities across GT/method/QP
ulong,native_i_adapt_1000,2,256,66,34.358702972426954,256,equal sequence quotas; uniform without replacement inside sequence; paired identities across GT/method/QP
ulong,wrapped_i_control_1000,2,256,66,35.116958749813364,256,equal sequence quotas; uniform without replacement inside sequence; paired identities across GT/method/QP
ulong,original,2,256,67,33.84171014837494,256,equal sequence quotas; uniform without replacement inside sequence; paired identities across GT/method/QP
ulong,native_i_adapt_1000,2,256,67,33.646415769979626,256,equal sequence quotas; uniform without replacement inside sequence; paired identities across GT/method/QP
ulong,wrapped_i_control_1000,2,256,67,33.58956482813113,256,equal sequence quotas; uniform without replacement inside sequence; paired identities across GT/method/QP
ulong,original,2,256,68,34.49416869191816,256,equal sequence quotas; uniform without replacement inside sequence; paired identities across GT/method/QP
ulong,native_i_adapt_1000,2,256,68,34.006713016554784,256,equal sequence quotas; uniform without replacement inside sequence; paired identities across GT/method/QP
ulong,wrapped_i_control_1000,2,256,68,34.86095150309694,256,equal sequence quotas; uniform without replacement inside sequence; paired identities across GT/method/QP
ulong,original,2,256,69,32.90240970359855,256,equal sequence quotas; uniform without replacement inside sequence; paired identities across GT/method/QP
ulong,native_i_adapt_1000,2,256,69,32.57151760497487,256,equal sequence quotas; uniform without replacement inside sequence; paired identities across GT/method/QP
ulong,wrapped_i_control_1000,2,256,69,33.12606715552124,256,equal sequence quotas; uniform without replacement inside sequence; paired identities across GT/method/QP
ulong,original,2,256,70,34.24555139285678,256,equal sequence quotas; uniform without replacement inside sequence; paired identities across GT/method/QP
ulong,native_i_adapt_1000,2,256,70,33.772315112535864,256,equal sequence quotas; uniform without replacement inside sequence; paired identities across GT/method/QP
ulong,wrapped_i_control_1000,2,256,70,34.215141694023714,256,equal sequence quotas; uniform without replacement inside sequence; paired identities across GT/method/QP
ulong,original,2,256,71,33.53749993069874,256,equal sequence quotas; uniform without replacement inside sequence; paired identities across GT/method/QP
ulong,native_i_adapt_1000,2,256,71,33.79990413521904,256,equal sequence quotas; uniform without replacement inside sequence; paired identities across GT/method/QP
ulong,wrapped_i_control_1000,2,256,71,34.39452046754815,256,equal sequence quotas; uniform without replacement inside sequence; paired identities across GT/method/QP
ulong,original,2,256,72,34.84189061445147,256,equal sequence quotas; uniform without replacement inside sequence; paired identities across GT/method/QP
ulong,native_i_adapt_1000,2,256,72,34.12531719732783,256,equal sequence quotas; uniform without replacement inside sequence; paired identities across GT/method/QP
ulong,wrapped_i_control_1000,2,256,72,34.425866749478644,256,equal sequence quotas; uniform without replacement inside sequence; paired identities across GT/method/QP
ulong,original,2,256,73,34.562790271214,256,equal sequence quotas; uniform without replacement inside sequence; paired identities across GT/method/QP
ulong,native_i_adapt_1000,2,256,73,33.38396328530956,256,equal sequence quotas; uniform without replacement inside sequence; paired identities across GT/method/QP
ulong,wrapped_i_control_1000,2,256,73,34.186326079418166,256,equal sequence quotas; uniform without replacement inside sequence; paired identities across GT/method/QP
ulong,original,2,256,74,33.40050504672365,256,equal sequence quotas; uniform without replacement inside sequence; paired identities across GT/method/QP
ulong,native_i_adapt_1000,2,256,74,33.0102125353817,256,equal sequence quotas; uniform without replacement inside sequence; paired identities across GT/method/QP
ulong,wrapped_i_control_1000,2,256,74,33.44240686199879,256,equal sequence quotas; uniform without replacement inside sequence; paired identities across GT/method/QP
ulong,original,2,256,75,34.34856627920345,256,equal sequence quotas; uniform without replacement inside sequence; paired identities across GT/method/QP
ulong,native_i_adapt_1000,2,256,75,33.446276242466865,256,equal sequence quotas; uniform without replacement inside sequence; paired identities across GT/method/QP
ulong,wrapped_i_control_1000,2,256,75,34.187665069356456,256,equal sequence quotas; uniform without replacement inside sequence; paired identities across GT/method/QP
ulong,original,2,256,76,34.34286258468347,256,equal sequence quotas; uniform without replacement inside sequence; paired identities across GT/method/QP
ulong,native_i_adapt_1000,2,256,76,33.83552712829271,256,equal sequence quotas; uniform without replacement inside sequence; paired identities across GT/method/QP
ulong,wrapped_i_control_1000,2,256,76,34.49174232462377,256,equal sequence quotas; uniform without replacement inside sequence; paired identities across GT/method/QP
ulong,original,2,256,77,33.209343520085554,256,equal sequence quotas; uniform without replacement inside sequence; paired identities across GT/method/QP
ulong,native_i_adapt_1000,2,256,77,33.30305984283842,256,equal sequence quotas; uniform without replacement inside sequence; paired identities across GT/method/QP
ulong,wrapped_i_control_1000,2,256,77,34.227718654420926,256,equal sequence quotas; uniform without replacement inside sequence; paired identities across GT/method/QP
ulong,original,2,256,78,33.67954464493528,256,equal sequence quotas; uniform without replacement inside sequence; paired identities across GT/method/QP
ulong,native_i_adapt_1000,2,256,78,34.12302308655529,256,equal sequence quotas; uniform without replacement inside sequence; paired identities across GT/method/QP
ulong,wrapped_i_control_1000,2,256,78,33.779997587464834,256,equal sequence quotas; uniform without replacement inside sequence; paired identities across GT/method/QP
ulong,original,2,256,79,34.61352127992876,256,equal sequence quotas; uniform without replacement inside sequence; paired identities across GT/method/QP
ulong,native_i_adapt_1000,2,256,79,34.67520669967627,256,equal sequence quotas; uniform without replacement inside sequence; paired identities across GT/method/QP
ulong,wrapped_i_control_1000,2,256,79,35.69810671231636,256,equal sequence quotas; uniform without replacement inside sequence; paired identities across GT/method/QP
ulong,original,2,256,80,32.829154471831885,256,equal sequence quotas; uniform without replacement inside sequence; paired identities across GT/method/QP
ulong,native_i_adapt_1000,2,256,80,33.635000458677155,256,equal sequence quotas; uniform without replacement inside sequence; paired identities across GT/method/QP
ulong,wrapped_i_control_1000,2,256,80,33.843523658996105,256,equal sequence quotas; uniform without replacement inside sequence; paired identities across GT/method/QP
ulong,original,2,256,81,34.1847098644613,256,equal sequence quotas; uniform without replacement inside sequence; paired identities across GT/method/QP
ulong,native_i_adapt_1000,2,256,81,33.25591662782625,256,equal sequence quotas; uniform without replacement inside sequence; paired identities across GT/method/QP
ulong,wrapped_i_control_1000,2,256,81,34.34162636724909,256,equal sequence quotas; uniform without replacement inside sequence; paired identities across GT/method/QP
ulong,original,2,256,82,34.69703468538694,256,equal sequence quotas; uniform without replacement inside sequence; paired identities across GT/method/QP
ulong,native_i_adapt_1000,2,256,82,34.694547680251105,256,equal sequence quotas; uniform without replacement inside sequence; paired identities across GT/method/QP
ulong,wrapped_i_control_1000,2,256,82,35.44970698555147,256,equal sequence quotas; uniform without replacement inside sequence; paired identities across GT/method/QP
ulong,original,2,256,83,34.44468357515251,256,equal sequence quotas; uniform without replacement inside sequence; paired identities across GT/method/QP
ulong,native_i_adapt_1000,2,256,83,33.65598586736087,256,equal sequence quotas; uniform without replacement inside sequence; paired identities across GT/method/QP
ulong,wrapped_i_control_1000,2,256,83,34.58293268356505,256,equal sequence quotas; uniform without replacement inside sequence; paired identities across GT/method/QP
ulong,original,2,256,84,33.01399598248611,256,equal sequence quotas; uniform without replacement inside sequence; paired identities across GT/method/QP
ulong,native_i_adapt_1000,2,256,84,33.63579820103513,256,equal sequence quotas; uniform without replacement inside sequence; paired identities across GT/method/QP
ulong,wrapped_i_control_1000,2,256,84,33.65343345315233,256,equal sequence quotas; uniform without replacement inside sequence; paired identities across GT/method/QP
ulong,original,2,256,85,32.839075966661255,256,equal sequence quotas; uniform without replacement inside sequence; paired identities across GT/method/QP
ulong,native_i_adapt_1000,2,256,85,32.3140903367302,256,equal sequence quotas; uniform without replacement inside sequence; paired identities across GT/method/QP
ulong,wrapped_i_control_1000,2,256,85,33.422187605884346,256,equal sequence quotas; uniform without replacement inside sequence; paired identities across GT/method/QP
ulong,original,2,256,86,33.22884593085621,256,equal sequence quotas; uniform without replacement inside sequence; paired identities across GT/method/QP
ulong,native_i_adapt_1000,2,256,86,33.49556954127348,256,equal sequence quotas; uniform without replacement inside sequence; paired identities across GT/method/QP
ulong,wrapped_i_control_1000,2,256,86,33.976490834128185,256,equal sequence quotas; uniform without replacement inside sequence; paired identities across GT/method/QP
ulong,original,2,256,87,33.24622063376461,256,equal sequence quotas; uniform without replacement inside sequence; paired identities across GT/method/QP
ulong,native_i_adapt_1000,2,256,87,33.25969956730148,256,equal sequence quotas; uniform without replacement inside sequence; paired identities across GT/method/QP
ulong,wrapped_i_control_1000,2,256,87,33.58734197181133,256,equal sequence quotas; uniform without replacement inside sequence; paired identities across GT/method/QP
ulong,original,2,256,88,34.493739307389376,256,equal sequence quotas; uniform without replacement inside sequence; paired identities across GT/method/QP
ulong,native_i_adapt_1000,2,256,88,35.010648173400455,256,equal sequence quotas; uniform without replacement inside sequence; paired identities across GT/method/QP
ulong,wrapped_i_control_1000,2,256,88,35.259759518475335,256,equal sequence quotas; uniform without replacement inside sequence; paired identities across GT/method/QP
ulong,original,2,256,89,34.48119814970306,256,equal sequence quotas; uniform without replacement inside sequence; paired identities across GT/method/QP
ulong,native_i_adapt_1000,2,256,89,34.74630652549905,256,equal sequence quotas; uniform without replacement inside sequence; paired identities across GT/method/QP
ulong,wrapped_i_control_1000,2,256,89,35.36391049140508,256,equal sequence quotas; uniform without replacement inside sequence; paired identities across GT/method/QP
ulong,original,2,256,90,34.168477074420196,256,equal sequence quotas; uniform without replacement inside sequence; paired identities across GT/method/QP
ulong,native_i_adapt_1000,2,256,90,34.17252484498118,256,equal sequence quotas; uniform without replacement inside sequence; paired identities across GT/method/QP
ulong,wrapped_i_control_1000,2,256,90,34.77297327162813,256,equal sequence quotas; uniform without replacement inside sequence; paired identities across GT/method/QP
ulong,original,2,256,91,33.04964843945402,256,equal sequence quotas; uniform without replacement inside sequence; paired identities across GT/method/QP
ulong,native_i_adapt_1000,2,256,91,33.377905108743846,256,equal sequence quotas; uniform without replacement inside sequence; paired identities across GT/method/QP
ulong,wrapped_i_control_1000,2,256,91,33.50720590610848,256,equal sequence quotas; uniform without replacement inside sequence; paired identities across GT/method/QP
ulong,original,2,256,92,34.52509864513053,256,equal sequence quotas; uniform without replacement inside sequence; paired identities across GT/method/QP
ulong,native_i_adapt_1000,2,256,92,34.352780341370874,256,equal sequence quotas; uniform without replacement inside sequence; paired identities across GT/method/QP
ulong,wrapped_i_control_1000,2,256,92,34.32587114901361,256,equal sequence quotas; uniform without replacement inside sequence; paired identities across GT/method/QP
ulong,original,2,256,93,33.55828917973906,256,equal sequence quotas; uniform without replacement inside sequence; paired identities across GT/method/QP
ulong,native_i_adapt_1000,2,256,93,32.81670407341136,256,equal sequence quotas; uniform without replacement inside sequence; paired identities across GT/method/QP
ulong,wrapped_i_control_1000,2,256,93,33.333341611944036,256,equal sequence quotas; uniform without replacement inside sequence; paired identities across GT/method/QP
ulong,original,2,256,94,33.79092663952429,256,equal sequence quotas; uniform without replacement inside sequence; paired identities across GT/method/QP
ulong,native_i_adapt_1000,2,256,94,33.65460177264231,256,equal sequence quotas; uniform without replacement inside sequence; paired identities across GT/method/QP
ulong,wrapped_i_control_1000,2,256,94,34.5043626535861,256,equal sequence quotas; uniform without replacement inside sequence; paired identities across GT/method/QP
ulong,original,2,256,95,33.25216482949014,256,equal sequence quotas; uniform without replacement inside sequence; paired identities across GT/method/QP
ulong,native_i_adapt_1000,2,256,95,33.01251970827883,256,equal sequence quotas; uniform without replacement inside sequence; paired identities across GT/method/QP
ulong,wrapped_i_control_1000,2,256,95,33.07523647103761,256,equal sequence quotas; uniform without replacement inside sequence; paired identities across GT/method/QP
ulong,original,2,256,96,33.79617734188645,256,equal sequence quotas; uniform without replacement inside sequence; paired identities across GT/method/QP
ulong,native_i_adapt_1000,2,256,96,33.505153850944225,256,equal sequence quotas; uniform without replacement inside sequence; paired identities across GT/method/QP
ulong,wrapped_i_control_1000,2,256,96,33.78273945286031,256,equal sequence quotas; uniform without replacement inside sequence; paired identities across GT/method/QP
ulong,original,2,256,97,33.40546691917524,256,equal sequence quotas; uniform without replacement inside sequence; paired identities across GT/method/QP
ulong,native_i_adapt_1000,2,256,97,34.392859140193195,256,equal sequence quotas; uniform without replacement inside sequence; paired identities across GT/method/QP
ulong,wrapped_i_control_1000,2,256,97,34.36203953121873,256,equal sequence quotas; uniform without replacement inside sequence; paired identities across GT/method/QP
ulong,original,2,256,98,34.38823437209106,256,equal sequence quotas; uniform without replacement inside sequence; paired identities across GT/method/QP
ulong,native_i_adapt_1000,2,256,98,33.952827812686735,256,equal sequence quotas; uniform without replacement inside sequence; paired identities across GT/method/QP
ulong,wrapped_i_control_1000,2,256,98,34.833203520601785,256,equal sequence quotas; uniform without replacement inside sequence; paired identities across GT/method/QP
ulong,original,2,256,99,33.18888323881146,256,equal sequence quotas; uniform without replacement inside sequence; paired identities across GT/method/QP
ulong,native_i_adapt_1000,2,256,99,33.16259924876317,256,equal sequence quotas; uniform without replacement inside sequence; paired identities across GT/method/QP
ulong,wrapped_i_control_1000,2,256,99,33.97893242693573,256,equal sequence quotas; uniform without replacement inside sequence; paired identities across GT/method/QP
ulong,original,2,512,0,30.3708119689025,512,equal sequence quotas; uniform without replacement inside sequence; paired identities across GT/method/QP
ulong,native_i_adapt_1000,2,512,0,30.00155009385378,512,equal sequence quotas; uniform without replacement inside sequence; paired identities across GT/method/QP
ulong,wrapped_i_control_1000,2,512,0,30.60188509241732,512,equal sequence quotas; uniform without replacement inside sequence; paired identities across GT/method/QP
ulong,original,2,512,1,29.872285569424662,512,equal sequence quotas; uniform without replacement inside sequence; paired identities across GT/method/QP
ulong,native_i_adapt_1000,2,512,1,29.842569919345635,512,equal sequence quotas; uniform without replacement inside sequence; paired identities across GT/method/QP
ulong,wrapped_i_control_1000,2,512,1,29.899403478971294,512,equal sequence quotas; uniform without replacement inside sequence; paired identities across GT/method/QP
ulong,original,2,512,2,30.42876622235974,512,equal sequence quotas; uniform without replacement inside sequence; paired identities across GT/method/QP
ulong,native_i_adapt_1000,2,512,2,29.794270668501667,512,equal sequence quotas; uniform without replacement inside sequence; paired identities across GT/method/QP
ulong,wrapped_i_control_1000,2,512,2,30.160484976733642,512,equal sequence quotas; uniform without replacement inside sequence; paired identities across GT/method/QP
ulong,original,2,512,3,30.27721144393695,512,equal sequence quotas; uniform without replacement inside sequence; paired identities across GT/method/QP
ulong,native_i_adapt_1000,2,512,3,30.52227487939814,512,equal sequence quotas; uniform without replacement inside sequence; paired identities across GT/method/QP
ulong,wrapped_i_control_1000,2,512,3,30.853382440231314,512,equal sequence quotas; uniform without replacement inside sequence; paired identities across GT/method/QP
ulong,original,2,512,4,29.57030237287762,512,equal sequence quotas; uniform without replacement inside sequence; paired identities across GT/method/QP
ulong,native_i_adapt_1000,2,512,4,29.47182437473475,512,equal sequence quotas; uniform without replacement inside sequence; paired identities across GT/method/QP
ulong,wrapped_i_control_1000,2,512,4,29.525658158871238,512,equal sequence quotas; uniform without replacement inside sequence; paired identities across GT/method/QP
ulong,original,2,512,5,29.673603293966096,512,equal sequence quotas; uniform without replacement inside sequence; paired identities across GT/method/QP
ulong,native_i_adapt_1000,2,512,5,30.15028787171326,512,equal sequence quotas; uniform without replacement inside sequence; paired identities across GT/method/QP
ulong,wrapped_i_control_1000,2,512,5,30.370827154497476,512,equal sequence quotas; uniform without replacement inside sequence; paired identities across GT/method/QP
ulong,original,2,512,6,30.248554976721778,512,equal sequence quotas; uniform without replacement inside sequence; paired identities across GT/method/QP
ulong,native_i_adapt_1000,2,512,6,30.07608756214819,512,equal sequence quotas; uniform without replacement inside sequence; paired identities across GT/method/QP
ulong,wrapped_i_control_1000,2,512,6,30.47723619277582,512,equal sequence quotas; uniform without replacement inside sequence; paired identities across GT/method/QP
ulong,original,2,512,7,30.099514047478692,512,equal sequence quotas; uniform without replacement inside sequence; paired identities across GT/method/QP
ulong,native_i_adapt_1000,2,512,7,30.147663869236794,512,equal sequence quotas; uniform without replacement inside sequence; paired identities across GT/method/QP
ulong,wrapped_i_control_1000,2,512,7,30.50005707786113,512,equal sequence quotas; uniform without replacement inside sequence; paired identities across GT/method/QP
ulong,original,2,512,8,29.9915135710271,512,equal sequence quotas; uniform without replacement inside sequence; paired identities across GT/method/QP
ulong,native_i_adapt_1000,2,512,8,30.223338565845495,512,equal sequence quotas; uniform without replacement inside sequence; paired identities across GT/method/QP
ulong,wrapped_i_control_1000,2,512,8,30.791165527580517,512,equal sequence quotas; uniform without replacement inside sequence; paired identities across GT/method/QP
ulong,original,2,512,9,29.95175292981901,512,equal sequence quotas; uniform without replacement inside sequence; paired identities across GT/method/QP
ulong,native_i_adapt_1000,2,512,9,29.837607437053634,512,equal sequence quotas; uniform without replacement inside sequence; paired identities across GT/method/QP
ulong,wrapped_i_control_1000,2,512,9,30.278814386457384,512,equal sequence quotas; uniform without replacement inside sequence; paired identities across GT/method/QP
ulong,original,2,512,10,30.264424559911333,512,equal sequence quotas; uniform without replacement inside sequence; paired identities across GT/method/QP
ulong,native_i_adapt_1000,2,512,10,30.166906967234638,512,equal sequence quotas; uniform without replacement inside sequence; paired identities across GT/method/QP
ulong,wrapped_i_control_1000,2,512,10,30.571234000979132,512,equal sequence quotas; uniform without replacement inside sequence; paired identities across GT/method/QP
ulong,original,2,512,11,30.363050166850314,512,equal sequence quotas; uniform without replacement inside sequence; paired identities across GT/method/QP
ulong,native_i_adapt_1000,2,512,11,30.370041475706273,512,equal sequence quotas; uniform without replacement inside sequence; paired identities across GT/method/QP
ulong,wrapped_i_control_1000,2,512,11,30.838528737769877,512,equal sequence quotas; uniform without replacement inside sequence; paired identities across GT/method/QP
ulong,original,2,512,12,30.549788724037057,512,equal sequence quotas; uniform without replacement inside sequence; paired identities across GT/method/QP
ulong,native_i_adapt_1000,2,512,12,30.47012988105837,512,equal sequence quotas; uniform without replacement inside sequence; paired identities across GT/method/QP
ulong,wrapped_i_control_1000,2,512,12,31.03023610412123,512,equal sequence quotas; uniform without replacement inside sequence; paired identities across GT/method/QP
ulong,original,2,512,13,29.932626376215637,512,equal sequence quotas; uniform without replacement inside sequence; paired identities across GT/method/QP
ulong,native_i_adapt_1000,2,512,13,30.06080220901896,512,equal sequence quotas; uniform without replacement inside sequence; paired identities across GT/method/QP
ulong,wrapped_i_control_1000,2,512,13,30.39067057273462,512,equal sequence quotas; uniform without replacement inside sequence; paired identities across GT/method/QP
ulong,original,2,512,14,30.047479649026116,512,equal sequence quotas; uniform without replacement inside sequence; paired identities across GT/method/QP
ulong,native_i_adapt_1000,2,512,14,29.66715727199295,512,equal sequence quotas; uniform without replacement inside sequence; paired identities across GT/method/QP
ulong,wrapped_i_control_1000,2,512,14,29.962198181544863,512,equal sequence quotas; uniform without replacement inside sequence; paired identities across GT/method/QP
ulong,original,2,512,15,30.418245211276087,512,equal sequence quotas; uniform without replacement inside sequence; paired identities across GT/method/QP
ulong,native_i_adapt_1000,2,512,15,30.22569352241902,512,equal sequence quotas; uniform without replacement inside sequence; paired identities across GT/method/QP
ulong,wrapped_i_control_1000,2,512,15,30.47203046423465,512,equal sequence quotas; uniform without replacement inside sequence; paired identities across GT/method/QP
ulong,original,2,512,16,30.094452142342732,512,equal sequence quotas; uniform without replacement inside sequence; paired identities across GT/method/QP
ulong,native_i_adapt_1000,2,512,16,29.733106925973857,512,equal sequence quotas; uniform without replacement inside sequence; paired identities across GT/method/QP
ulong,wrapped_i_control_1000,2,512,16,30.472084317804615,512,equal sequence quotas; uniform without replacement inside sequence; paired identities across GT/method/QP
ulong,original,2,512,17,30.157742220164607,512,equal sequence quotas; uniform without replacement inside sequence; paired identities across GT/method/QP
ulong,native_i_adapt_1000,2,512,17,30.293715882751314,512,equal sequence quotas; uniform without replacement inside sequence; paired identities across GT/method/QP
ulong,wrapped_i_control_1000,2,512,17,30.69404164529675,512,equal sequence quotas; uniform without replacement inside sequence; paired identities across GT/method/QP
ulong,original,2,512,18,30.23775939896717,512,equal sequence quotas; uniform without replacement inside sequence; paired identities across GT/method/QP
ulong,native_i_adapt_1000,2,512,18,30.070921270626854,512,equal sequence quotas; uniform without replacement inside sequence; paired identities across GT/method/QP
ulong,wrapped_i_control_1000,2,512,18,30.49248422155921,512,equal sequence quotas; uniform without replacement inside sequence; paired identities across GT/method/QP
ulong,original,2,512,19,30.05290836301424,512,equal sequence quotas; uniform without replacement inside sequence; paired identities across GT/method/QP
ulong,native_i_adapt_1000,2,512,19,30.49542408337038,512,equal sequence quotas; uniform without replacement inside sequence; paired identities across GT/method/QP
ulong,wrapped_i_control_1000,2,512,19,30.886820207539074,512,equal sequence quotas; uniform without replacement inside sequence; paired identities across GT/method/QP
ulong,original,2,512,20,29.958311146154927,512,equal sequence quotas; uniform without replacement inside sequence; paired identities across GT/method/QP
ulong,native_i_adapt_1000,2,512,20,29.585424534389233,512,equal sequence quotas; uniform without replacement inside sequence; paired identities across GT/method/QP
ulong,wrapped_i_control_1000,2,512,20,30.136787324335046,512,equal sequence quotas; uniform without replacement inside sequence; paired identities across GT/method/QP
ulong,original,2,512,21,30.173131382161387,512,equal sequence quotas; uniform without replacement inside sequence; paired identities across GT/method/QP
ulong,native_i_adapt_1000,2,512,21,30.486011948315365,512,equal sequence quotas; uniform without replacement inside sequence; paired identities across GT/method/QP
ulong,wrapped_i_control_1000,2,512,21,30.490309115259947,512,equal sequence quotas; uniform without replacement inside sequence; paired identities across GT/method/QP
ulong,original,2,512,22,30.143636046510323,512,equal sequence quotas; uniform without replacement inside sequence; paired identities across GT/method/QP
ulong,native_i_adapt_1000,2,512,22,29.99647929928858,512,equal sequence quotas; uniform without replacement inside sequence; paired identities across GT/method/QP
ulong,wrapped_i_control_1000,2,512,22,30.532366527900137,512,equal sequence quotas; uniform without replacement inside sequence; paired identities across GT/method/QP
ulong,original,2,512,23,29.876100544699625,512,equal sequence quotas; uniform without replacement inside sequence; paired identities across GT/method/QP
ulong,native_i_adapt_1000,2,512,23,29.646195507233017,512,equal sequence quotas; uniform without replacement inside sequence; paired identities across GT/method/QP
ulong,wrapped_i_control_1000,2,512,23,30.265621246330568,512,equal sequence quotas; uniform without replacement inside sequence; paired identities across GT/method/QP
ulong,original,2,512,24,30.694927599157836,512,equal sequence quotas; uniform without replacement inside sequence; paired identities across GT/method/QP
ulong,native_i_adapt_1000,2,512,24,30.606414653040133,512,equal sequence quotas; uniform without replacement inside sequence; paired identities across GT/method/QP
ulong,wrapped_i_control_1000,2,512,24,31.220225885744924,512,equal sequence quotas; uniform without replacement inside sequence; paired identities across GT/method/QP
ulong,original,2,512,25,30.233923302320022,512,equal sequence quotas; uniform without replacement inside sequence; paired identities across GT/method/QP
ulong,native_i_adapt_1000,2,512,25,29.74922349206372,512,equal sequence quotas; uniform without replacement inside sequence; paired identities across GT/method/QP
ulong,wrapped_i_control_1000,2,512,25,30.231703796990303,512,equal sequence quotas; uniform without replacement inside sequence; paired identities across GT/method/QP
ulong,original,2,512,26,29.506824005333783,512,equal sequence quotas; uniform without replacement inside sequence; paired identities across GT/method/QP
ulong,native_i_adapt_1000,2,512,26,29.432342017309963,512,equal sequence quotas; uniform without replacement inside sequence; paired identities across GT/method/QP
ulong,wrapped_i_control_1000,2,512,26,29.793719482238203,512,equal sequence quotas; uniform without replacement inside sequence; paired identities across GT/method/QP
ulong,original,2,512,27,30.255867975813317,512,equal sequence quotas; uniform without replacement inside sequence; paired identities across GT/method/QP
ulong,native_i_adapt_1000,2,512,27,30.09646754558156,512,equal sequence quotas; uniform without replacement inside sequence; paired identities across GT/method/QP
ulong,wrapped_i_control_1000,2,512,27,30.961146129867245,512,equal sequence quotas; uniform without replacement inside sequence; paired identities across GT/method/QP
ulong,original,2,512,28,30.901924420950365,512,equal sequence quotas; uniform without replacement inside sequence; paired identities across GT/method/QP
ulong,native_i_adapt_1000,2,512,28,30.707652308749346,512,equal sequence quotas; uniform without replacement inside sequence; paired identities across GT/method/QP
ulong,wrapped_i_control_1000,2,512,28,31.109172437823702,512,equal sequence quotas; uniform without replacement inside sequence; paired identities across GT/method/QP
ulong,original,2,512,29,30.034138261501653,512,equal sequence quotas; uniform without replacement inside sequence; paired identities across GT/method/QP
ulong,native_i_adapt_1000,2,512,29,29.650101443865992,512,equal sequence quotas; uniform without replacement inside sequence; paired identities across GT/method/QP
ulong,wrapped_i_control_1000,2,512,29,30.17108185379027,512,equal sequence quotas; uniform without replacement inside sequence; paired identities across GT/method/QP
ulong,original,2,512,30,30.04347644525319,512,equal sequence quotas; uniform without replacement inside sequence; paired identities across GT/method/QP
ulong,native_i_adapt_1000,2,512,30,29.946942116784044,512,equal sequence quotas; uniform without replacement inside sequence; paired identities across GT/method/QP
ulong,wrapped_i_control_1000,2,512,30,30.75770480076551,512,equal sequence quotas; uniform without replacement inside sequence; paired identities across GT/method/QP
ulong,original,2,512,31,29.97514773062619,512,equal sequence quotas; uniform without replacement inside sequence; paired identities across GT/method/QP
ulong,native_i_adapt_1000,2,512,31,29.92716545085716,512,equal sequence quotas; uniform without replacement inside sequence; paired identities across GT/method/QP
ulong,wrapped_i_control_1000,2,512,31,30.59503050046817,512,equal sequence quotas; uniform without replacement inside sequence; paired identities across GT/method/QP
ulong,original,2,512,32,30.361376189945872,512,equal sequence quotas; uniform without replacement inside sequence; paired identities across GT/method/QP
ulong,native_i_adapt_1000,2,512,32,30.412781888784593,512,equal sequence quotas; uniform without replacement inside sequence; paired identities across GT/method/QP
ulong,wrapped_i_control_1000,2,512,32,30.746594176955682,512,equal sequence quotas; uniform without replacement inside sequence; paired identities across GT/method/QP
ulong,original,2,512,33,30.88568692137585,512,equal sequence quotas; uniform without replacement inside sequence; paired identities across GT/method/QP
ulong,native_i_adapt_1000,2,512,33,31.03092500671829,512,equal sequence quotas; uniform without replacement inside sequence; paired identities across GT/method/QP
ulong,wrapped_i_control_1000,2,512,33,31.3180508322194,512,equal sequence quotas; uniform without replacement inside sequence; paired identities across GT/method/QP
ulong,original,2,512,34,29.853579631837306,512,equal sequence quotas; uniform without replacement inside sequence; paired identities across GT/method/QP
ulong,native_i_adapt_1000,2,512,34,30.173232921329202,512,equal sequence quotas; uniform without replacement inside sequence; paired identities across GT/method/QP
ulong,wrapped_i_control_1000,2,512,34,30.260050793583787,512,equal sequence quotas; uniform without replacement inside sequence; paired identities across GT/method/QP
ulong,original,2,512,35,30.622304836588057,512,equal sequence quotas; uniform without replacement inside sequence; paired identities across GT/method/QP
ulong,native_i_adapt_1000,2,512,35,30.073737028091557,512,equal sequence quotas; uniform without replacement inside sequence; paired identities across GT/method/QP
ulong,wrapped_i_control_1000,2,512,35,30.652760092560698,512,equal sequence quotas; uniform without replacement inside sequence; paired identities across GT/method/QP
ulong,original,2,512,36,29.343235310719024,512,equal sequence quotas; uniform without replacement inside sequence; paired identities across GT/method/QP
ulong,native_i_adapt_1000,2,512,36,29.468528417635696,512,equal sequence quotas; uniform without replacement inside sequence; paired identities across GT/method/QP
ulong,wrapped_i_control_1000,2,512,36,29.760177515951398,512,equal sequence quotas; uniform without replacement inside sequence; paired identities across GT/method/QP
ulong,original,2,512,37,30.51783742233971,512,equal sequence quotas; uniform without replacement inside sequence; paired identities across GT/method/QP
ulong,native_i_adapt_1000,2,512,37,30.436602672889194,512,equal sequence quotas; uniform without replacement inside sequence; paired identities across GT/method/QP
ulong,wrapped_i_control_1000,2,512,37,30.713976248674385,512,equal sequence quotas; uniform without replacement inside sequence; paired identities across GT/method/QP
ulong,original,2,512,38,30.30600807506852,512,equal sequence quotas; uniform without replacement inside sequence; paired identities across GT/method/QP
ulong,native_i_adapt_1000,2,512,38,29.673490909957252,512,equal sequence quotas; uniform without replacement inside sequence; paired identities across GT/method/QP
ulong,wrapped_i_control_1000,2,512,38,30.336860896097733,512,equal sequence quotas; uniform without replacement inside sequence; paired identities across GT/method/QP
ulong,original,2,512,39,30.39474295171277,512,equal sequence quotas; uniform without replacement inside sequence; paired identities across GT/method/QP
ulong,native_i_adapt_1000,2,512,39,30.219844409205393,512,equal sequence quotas; uniform without replacement inside sequence; paired identities across GT/method/QP
ulong,wrapped_i_control_1000,2,512,39,30.351486321929485,512,equal sequence quotas; uniform without replacement inside sequence; paired identities across GT/method/QP
ulong,original,2,512,40,30.465034743176204,512,equal sequence quotas; uniform without replacement inside sequence; paired identities across GT/method/QP
ulong,native_i_adapt_1000,2,512,40,30.74067478907301,512,equal sequence quotas; uniform without replacement inside sequence; paired identities across GT/method/QP
ulong,wrapped_i_control_1000,2,512,40,30.988161395230122,512,equal sequence quotas; uniform without replacement inside sequence; paired identities across GT/method/QP
ulong,original,2,512,41,30.484796907606608,512,equal sequence quotas; uniform without replacement inside sequence; paired identities across GT/method/QP
ulong,native_i_adapt_1000,2,512,41,30.39119421887483,512,equal sequence quotas; uniform without replacement inside sequence; paired identities across GT/method/QP
ulong,wrapped_i_control_1000,2,512,41,31.020463970431308,512,equal sequence quotas; uniform without replacement inside sequence; paired identities across GT/method/QP
ulong,original,2,512,42,31.002463645922546,512,equal sequence quotas; uniform without replacement inside sequence; paired identities across GT/method/QP
ulong,native_i_adapt_1000,2,512,42,30.926659064524415,512,equal sequence quotas; uniform without replacement inside sequence; paired identities across GT/method/QP
ulong,wrapped_i_control_1000,2,512,42,30.904651966385416,512,equal sequence quotas; uniform without replacement inside sequence; paired identities across GT/method/QP
ulong,original,2,512,43,29.698783334507198,512,equal sequence quotas; uniform without replacement inside sequence; paired identities across GT/method/QP
ulong,native_i_adapt_1000,2,512,43,30.111107922478425,512,equal sequence quotas; uniform without replacement inside sequence; paired identities across GT/method/QP
ulong,wrapped_i_control_1000,2,512,43,30.468323959135944,512,equal sequence quotas; uniform without replacement inside sequence; paired identities across GT/method/QP
ulong,original,2,512,44,29.78556879676404,512,equal sequence quotas; uniform without replacement inside sequence; paired identities across GT/method/QP
ulong,native_i_adapt_1000,2,512,44,30.04868049253224,512,equal sequence quotas; uniform without replacement inside sequence; paired identities across GT/method/QP
ulong,wrapped_i_control_1000,2,512,44,30.37141512589659,512,equal sequence quotas; uniform without replacement inside sequence; paired identities across GT/method/QP
ulong,original,2,512,45,29.825435636379893,512,equal sequence quotas; uniform without replacement inside sequence; paired identities across GT/method/QP
ulong,native_i_adapt_1000,2,512,45,30.054187956960163,512,equal sequence quotas; uniform without replacement inside sequence; paired identities across GT/method/QP
ulong,wrapped_i_control_1000,2,512,45,30.05961564096293,512,equal sequence quotas; uniform without replacement inside sequence; paired identities across GT/method/QP
ulong,original,2,512,46,29.960959976957895,512,equal sequence quotas; uniform without replacement inside sequence; paired identities across GT/method/QP
ulong,native_i_adapt_1000,2,512,46,30.135388618051763,512,equal sequence quotas; uniform without replacement inside sequence; paired identities across GT/method/QP
ulong,wrapped_i_control_1000,2,512,46,30.37535519140306,512,equal sequence quotas; uniform without replacement inside sequence; paired identities across GT/method/QP
ulong,original,2,512,47,30.33247051536688,512,equal sequence quotas; uniform without replacement inside sequence; paired identities across GT/method/QP
ulong,native_i_adapt_1000,2,512,47,30.387784593868446,512,equal sequence quotas; uniform without replacement inside sequence; paired identities across GT/method/QP
ulong,wrapped_i_control_1000,2,512,47,30.675334946297482,512,equal sequence quotas; uniform without replacement inside sequence; paired identities across GT/method/QP
ulong,original,2,512,48,30.90901509961958,512,equal sequence quotas; uniform without replacement inside sequence; paired identities across GT/method/QP
ulong,native_i_adapt_1000,2,512,48,30.38269653326364,512,equal sequence quotas; uniform without replacement inside sequence; paired identities across GT/method/QP
ulong,wrapped_i_control_1000,2,512,48,31.119261495667445,512,equal sequence quotas; uniform without replacement inside sequence; paired identities across GT/method/QP
ulong,original,2,512,49,29.595326484390625,512,equal sequence quotas; uniform without replacement inside sequence; paired identities across GT/method/QP
ulong,native_i_adapt_1000,2,512,49,29.568531397027357,512,equal sequence quotas; uniform without replacement inside sequence; paired identities across GT/method/QP
ulong,wrapped_i_control_1000,2,512,49,29.91145887401467,512,equal sequence quotas; uniform without replacement inside sequence; paired identities across GT/method/QP
ulong,original,2,512,50,30.67773343368782,512,equal sequence quotas; uniform without replacement inside sequence; paired identities across GT/method/QP
ulong,native_i_adapt_1000,2,512,50,30.512894936706743,512,equal sequence quotas; uniform without replacement inside sequence; paired identities across GT/method/QP
ulong,wrapped_i_control_1000,2,512,50,30.60604934477749,512,equal sequence quotas; uniform without replacement inside sequence; paired identities across GT/method/QP
ulong,original,2,512,51,30.35752793998006,512,equal sequence quotas; uniform without replacement inside sequence; paired identities across GT/method/QP
ulong,native_i_adapt_1000,2,512,51,30.087768449461464,512,equal sequence quotas; uniform without replacement inside sequence; paired identities across GT/method/QP
ulong,wrapped_i_control_1000,2,512,51,30.58559158711813,512,equal sequence quotas; uniform without replacement inside sequence; paired identities across GT/method/QP
ulong,original,2,512,52,30.15457798727175,512,equal sequence quotas; uniform without replacement inside sequence; paired identities across GT/method/QP
ulong,native_i_adapt_1000,2,512,52,29.681751315811084,512,equal sequence quotas; uniform without replacement inside sequence; paired identities across GT/method/QP
ulong,wrapped_i_control_1000,2,512,52,30.796096059667832,512,equal sequence quotas; uniform without replacement inside sequence; paired identities across GT/method/QP
ulong,original,2,512,53,29.983864516764015,512,equal sequence quotas; uniform without replacement inside sequence; paired identities across GT/method/QP
ulong,native_i_adapt_1000,2,512,53,29.6533127481743,512,equal sequence quotas; uniform without replacement inside sequence; paired identities across GT/method/QP
ulong,wrapped_i_control_1000,2,512,53,30.167554702816915,512,equal sequence quotas; uniform without replacement inside sequence; paired identities across GT/method/QP
ulong,original,2,512,54,30.03892006849202,512,equal sequence quotas; uniform without replacement inside sequence; paired identities across GT/method/QP
ulong,native_i_adapt_1000,2,512,54,29.864083606285817,512,equal sequence quotas; uniform without replacement inside sequence; paired identities across GT/method/QP
ulong,wrapped_i_control_1000,2,512,54,30.252140757061056,512,equal sequence quotas; uniform without replacement inside sequence; paired identities across GT/method/QP
ulong,original,2,512,55,30.348327535784904,512,equal sequence quotas; uniform without replacement inside sequence; paired identities across GT/method/QP
ulong,native_i_adapt_1000,2,512,55,30.28812942478885,512,equal sequence quotas; uniform without replacement inside sequence; paired identities across GT/method/QP
ulong,wrapped_i_control_1000,2,512,55,30.604273023476594,512,equal sequence quotas; uniform without replacement inside sequence; paired identities across GT/method/QP
ulong,original,2,512,56,29.68448096878012,512,equal sequence quotas; uniform without replacement inside sequence; paired identities across GT/method/QP
ulong,native_i_adapt_1000,2,512,56,29.905226364296425,512,equal sequence quotas; uniform without replacement inside sequence; paired identities across GT/method/QP
ulong,wrapped_i_control_1000,2,512,56,30.190354368352473,512,equal sequence quotas; uniform without replacement inside sequence; paired identities across GT/method/QP
ulong,original,2,512,57,30.760436233169628,512,equal sequence quotas; uniform without replacement inside sequence; paired identities across GT/method/QP
ulong,native_i_adapt_1000,2,512,57,30.130802517783366,512,equal sequence quotas; uniform without replacement inside sequence; paired identities across GT/method/QP
ulong,wrapped_i_control_1000,2,512,57,30.67661276044413,512,equal sequence quotas; uniform without replacement inside sequence; paired identities across GT/method/QP
ulong,original,2,512,58,30.205121223717526,512,equal sequence quotas; uniform without replacement inside sequence; paired identities across GT/method/QP
ulong,native_i_adapt_1000,2,512,58,30.03655877512466,512,equal sequence quotas; uniform without replacement inside sequence; paired identities across GT/method/QP
ulong,wrapped_i_control_1000,2,512,58,30.600779389476543,512,equal sequence quotas; uniform without replacement inside sequence; paired identities across GT/method/QP
ulong,original,2,512,59,29.669377925397782,512,equal sequence quotas; uniform without replacement inside sequence; paired identities across GT/method/QP
ulong,native_i_adapt_1000,2,512,59,29.5785807581629,512,equal sequence quotas; uniform without replacement inside sequence; paired identities across GT/method/QP
ulong,wrapped_i_control_1000,2,512,59,29.902081098973497,512,equal sequence quotas; uniform without replacement inside sequence; paired identities across GT/method/QP
ulong,original,2,512,60,30.246130381688943,512,equal sequence quotas; uniform without replacement inside sequence; paired identities across GT/method/QP
ulong,native_i_adapt_1000,2,512,60,30.074601333625992,512,equal sequence quotas; uniform without replacement inside sequence; paired identities across GT/method/QP
ulong,wrapped_i_control_1000,2,512,60,30.513788576873367,512,equal sequence quotas; uniform without replacement inside sequence; paired identities across GT/method/QP
ulong,original,2,512,61,29.327141265592047,512,equal sequence quotas; uniform without replacement inside sequence; paired identities across GT/method/QP
ulong,native_i_adapt_1000,2,512,61,29.757758308576854,512,equal sequence quotas; uniform without replacement inside sequence; paired identities across GT/method/QP
ulong,wrapped_i_control_1000,2,512,61,30.189274248563493,512,equal sequence quotas; uniform without replacement inside sequence; paired identities across GT/method/QP
ulong,original,2,512,62,29.955932399983,512,equal sequence quotas; uniform without replacement inside sequence; paired identities across GT/method/QP
ulong,native_i_adapt_1000,2,512,62,30.102112548785726,512,equal sequence quotas; uniform without replacement inside sequence; paired identities across GT/method/QP
ulong,wrapped_i_control_1000,2,512,62,30.467450388212455,512,equal sequence quotas; uniform without replacement inside sequence; paired identities across GT/method/QP
ulong,original,2,512,63,29.865731983125784,512,equal sequence quotas; uniform without replacement inside sequence; paired identities across GT/method/QP
ulong,native_i_adapt_1000,2,512,63,30.085713782345408,512,equal sequence quotas; uniform without replacement inside sequence; paired identities across GT/method/QP
ulong,wrapped_i_control_1000,2,512,63,30.213413263379607,512,equal sequence quotas; uniform without replacement inside sequence; paired identities across GT/method/QP
ulong,original,2,512,64,30.68076319602676,512,equal sequence quotas; uniform without replacement inside sequence; paired identities across GT/method/QP
ulong,native_i_adapt_1000,2,512,64,30.729047970588397,512,equal sequence quotas; uniform without replacement inside sequence; paired identities across GT/method/QP
ulong,wrapped_i_control_1000,2,512,64,31.05008032751971,512,equal sequence quotas; uniform without replacement inside sequence; paired identities across GT/method/QP
ulong,original,2,512,65,29.98220754248348,512,equal sequence quotas; uniform without replacement inside sequence; paired identities across GT/method/QP
ulong,native_i_adapt_1000,2,512,65,30.043063498379297,512,equal sequence quotas; uniform without replacement inside sequence; paired identities across GT/method/QP
ulong,wrapped_i_control_1000,2,512,65,30.180256070358837,512,equal sequence quotas; uniform without replacement inside sequence; paired identities across GT/method/QP
ulong,original,2,512,66,29.80781408624665,512,equal sequence quotas; uniform without replacement inside sequence; paired identities across GT/method/QP
ulong,native_i_adapt_1000,2,512,66,29.938551099792676,512,equal sequence quotas; uniform without replacement inside sequence; paired identities across GT/method/QP
ulong,wrapped_i_control_1000,2,512,66,30.19127054661226,512,equal sequence quotas; uniform without replacement inside sequence; paired identities across GT/method/QP
ulong,original,2,512,67,30.383618145344997,512,equal sequence quotas; uniform without replacement inside sequence; paired identities across GT/method/QP
ulong,native_i_adapt_1000,2,512,67,30.016547094488715,512,equal sequence quotas; uniform without replacement inside sequence; paired identities across GT/method/QP
ulong,wrapped_i_control_1000,2,512,67,30.310206392795237,512,equal sequence quotas; uniform without replacement inside sequence; paired identities across GT/method/QP
ulong,original,2,512,68,30.2549462793379,512,equal sequence quotas; uniform without replacement inside sequence; paired identities across GT/method/QP
ulong,native_i_adapt_1000,2,512,68,30.27568091185509,512,equal sequence quotas; uniform without replacement inside sequence; paired identities across GT/method/QP
ulong,wrapped_i_control_1000,2,512,68,30.568817178891038,512,equal sequence quotas; uniform without replacement inside sequence; paired identities across GT/method/QP
ulong,original,2,512,69,29.664628599058005,512,equal sequence quotas; uniform without replacement inside sequence; paired identities across GT/method/QP
ulong,native_i_adapt_1000,2,512,69,29.835699215853026,512,equal sequence quotas; uniform without replacement inside sequence; paired identities across GT/method/QP
ulong,wrapped_i_control_1000,2,512,69,30.109087725992538,512,equal sequence quotas; uniform without replacement inside sequence; paired identities across GT/method/QP
ulong,original,2,512,70,30.126532806761816,512,equal sequence quotas; uniform without replacement inside sequence; paired identities across GT/method/QP
ulong,native_i_adapt_1000,2,512,70,29.843853256899592,512,equal sequence quotas; uniform without replacement inside sequence; paired identities across GT/method/QP
ulong,wrapped_i_control_1000,2,512,70,30.335719542677793,512,equal sequence quotas; uniform without replacement inside sequence; paired identities across GT/method/QP
ulong,original,2,512,71,29.54630107274454,512,equal sequence quotas; uniform without replacement inside sequence; paired identities across GT/method/QP
ulong,native_i_adapt_1000,2,512,71,29.727546104680528,512,equal sequence quotas; uniform without replacement inside sequence; paired identities across GT/method/QP
ulong,wrapped_i_control_1000,2,512,71,30.107756212568802,512,equal sequence quotas; uniform without replacement inside sequence; paired identities across GT/method/QP
ulong,original,2,512,72,30.500732147032807,512,equal sequence quotas; uniform without replacement inside sequence; paired identities across GT/method/QP
ulong,native_i_adapt_1000,2,512,72,30.267639695991875,512,equal sequence quotas; uniform without replacement inside sequence; paired identities across GT/method/QP
ulong,wrapped_i_control_1000,2,512,72,30.595135233231872,512,equal sequence quotas; uniform without replacement inside sequence; paired identities across GT/method/QP
ulong,original,2,512,73,29.58016926267527,512,equal sequence quotas; uniform without replacement inside sequence; paired identities across GT/method/QP
ulong,native_i_adapt_1000,2,512,73,29.779884174078063,512,equal sequence quotas; uniform without replacement inside sequence; paired identities across GT/method/QP
ulong,wrapped_i_control_1000,2,512,73,30.282694752214468,512,equal sequence quotas; uniform without replacement inside sequence; paired identities across GT/method/QP
ulong,original,2,512,74,30.080319518531155,512,equal sequence quotas; uniform without replacement inside sequence; paired identities across GT/method/QP
ulong,native_i_adapt_1000,2,512,74,29.891614462232155,512,equal sequence quotas; uniform without replacement inside sequence; paired identities across GT/method/QP
ulong,wrapped_i_control_1000,2,512,74,30.534395108220338,512,equal sequence quotas; uniform without replacement inside sequence; paired identities across GT/method/QP
ulong,original,2,512,75,29.41399858566848,512,equal sequence quotas; uniform without replacement inside sequence; paired identities across GT/method/QP
ulong,native_i_adapt_1000,2,512,75,29.541292856168354,512,equal sequence quotas; uniform without replacement inside sequence; paired identities across GT/method/QP
ulong,wrapped_i_control_1000,2,512,75,29.939758943148604,512,equal sequence quotas; uniform without replacement inside sequence; paired identities across GT/method/QP
ulong,original,2,512,76,30.07748150339603,512,equal sequence quotas; uniform without replacement inside sequence; paired identities across GT/method/QP
ulong,native_i_adapt_1000,2,512,76,30.103125003809964,512,equal sequence quotas; uniform without replacement inside sequence; paired identities across GT/method/QP
ulong,wrapped_i_control_1000,2,512,76,30.74767774252848,512,equal sequence quotas; uniform without replacement inside sequence; paired identities across GT/method/QP
ulong,original,2,512,77,30.305536563788223,512,equal sequence quotas; uniform without replacement inside sequence; paired identities across GT/method/QP
ulong,native_i_adapt_1000,2,512,77,30.27299696100937,512,equal sequence quotas; uniform without replacement inside sequence; paired identities across GT/method/QP
ulong,wrapped_i_control_1000,2,512,77,30.876441071385273,512,equal sequence quotas; uniform without replacement inside sequence; paired identities across GT/method/QP
ulong,original,2,512,78,30.354434650509916,512,equal sequence quotas; uniform without replacement inside sequence; paired identities across GT/method/QP
ulong,native_i_adapt_1000,2,512,78,30.13197011262156,512,equal sequence quotas; uniform without replacement inside sequence; paired identities across GT/method/QP
ulong,wrapped_i_control_1000,2,512,78,30.977331652443638,512,equal sequence quotas; uniform without replacement inside sequence; paired identities across GT/method/QP
ulong,original,2,512,79,30.427559270091308,512,equal sequence quotas; uniform without replacement inside sequence; paired identities across GT/method/QP
ulong,native_i_adapt_1000,2,512,79,30.380837921954026,512,equal sequence quotas; uniform without replacement inside sequence; paired identities across GT/method/QP
ulong,wrapped_i_control_1000,2,512,79,30.6153261307133,512,equal sequence quotas; uniform without replacement inside sequence; paired identities across GT/method/QP
ulong,original,2,512,80,30.13790428130335,512,equal sequence quotas; uniform without replacement inside sequence; paired identities across GT/method/QP
ulong,native_i_adapt_1000,2,512,80,30.059821527722306,512,equal sequence quotas; uniform without replacement inside sequence; paired identities across GT/method/QP
ulong,wrapped_i_control_1000,2,512,80,30.339925825051125,512,equal sequence quotas; uniform without replacement inside sequence; paired identities across GT/method/QP
ulong,original,2,512,81,29.428964346022667,512,equal sequence quotas; uniform without replacement inside sequence; paired identities across GT/method/QP
ulong,native_i_adapt_1000,2,512,81,29.691043901689795,512,equal sequence quotas; uniform without replacement inside sequence; paired identities across GT/method/QP
ulong,wrapped_i_control_1000,2,512,81,30.14940780521073,512,equal sequence quotas; uniform without replacement inside sequence; paired identities across GT/method/QP
ulong,original,2,512,82,29.678597821300855,512,equal sequence quotas; uniform without replacement inside sequence; paired identities across GT/method/QP
ulong,native_i_adapt_1000,2,512,82,30.075505492657726,512,equal sequence quotas; uniform without replacement inside sequence; paired identities across GT/method/QP
ulong,wrapped_i_control_1000,2,512,82,30.205846666813557,512,equal sequence quotas; uniform without replacement inside sequence; paired identities across GT/method/QP
ulong,original,2,512,83,29.728571831793147,512,equal sequence quotas; uniform without replacement inside sequence; paired identities across GT/method/QP
ulong,native_i_adapt_1000,2,512,83,29.91256983034509,512,equal sequence quotas; uniform without replacement inside sequence; paired identities across GT/method/QP
ulong,wrapped_i_control_1000,2,512,83,30.18311265730796,512,equal sequence quotas; uniform without replacement inside sequence; paired identities across GT/method/QP
ulong,original,2,512,84,30.37573549662318,512,equal sequence quotas; uniform without replacement inside sequence; paired identities across GT/method/QP
ulong,native_i_adapt_1000,2,512,84,30.072788180360135,512,equal sequence quotas; uniform without replacement inside sequence; paired identities across GT/method/QP
ulong,wrapped_i_control_1000,2,512,84,30.54722282249918,512,equal sequence quotas; uniform without replacement inside sequence; paired identities across GT/method/QP
ulong,original,2,512,85,30.397004143615504,512,equal sequence quotas; uniform without replacement inside sequence; paired identities across GT/method/QP
ulong,native_i_adapt_1000,2,512,85,29.956103105239094,512,equal sequence quotas; uniform without replacement inside sequence; paired identities across GT/method/QP
ulong,wrapped_i_control_1000,2,512,85,30.41461385159772,512,equal sequence quotas; uniform without replacement inside sequence; paired identities across GT/method/QP
ulong,original,2,512,86,30.251312955114884,512,equal sequence quotas; uniform without replacement inside sequence; paired identities across GT/method/QP
ulong,native_i_adapt_1000,2,512,86,30.895924549213248,512,equal sequence quotas; uniform without replacement inside sequence; paired identities across GT/method/QP
ulong,wrapped_i_control_1000,2,512,86,31.09118088871162,512,equal sequence quotas; uniform without replacement inside sequence; paired identities across GT/method/QP
ulong,original,2,512,87,30.843771167958153,512,equal sequence quotas; uniform without replacement inside sequence; paired identities across GT/method/QP
ulong,native_i_adapt_1000,2,512,87,30.806563254095636,512,equal sequence quotas; uniform without replacement inside sequence; paired identities across GT/method/QP
ulong,wrapped_i_control_1000,2,512,87,31.151201671228932,512,equal sequence quotas; uniform without replacement inside sequence; paired identities across GT/method/QP
ulong,original,2,512,88,30.01261014960005,512,equal sequence quotas; uniform without replacement inside sequence; paired identities across GT/method/QP
ulong,native_i_adapt_1000,2,512,88,29.680101898520206,512,equal sequence quotas; uniform without replacement inside sequence; paired identities across GT/method/QP
ulong,wrapped_i_control_1000,2,512,88,30.348335496757784,512,equal sequence quotas; uniform without replacement inside sequence; paired identities across GT/method/QP
ulong,original,2,512,89,30.56806577666822,512,equal sequence quotas; uniform without replacement inside sequence; paired identities across GT/method/QP
ulong,native_i_adapt_1000,2,512,89,30.234370214725516,512,equal sequence quotas; uniform without replacement inside sequence; paired identities across GT/method/QP
ulong,wrapped_i_control_1000,2,512,89,30.695956073561888,512,equal sequence quotas; uniform without replacement inside sequence; paired identities across GT/method/QP
ulong,original,2,512,90,29.901976123860834,512,equal sequence quotas; uniform without replacement inside sequence; paired identities across GT/method/QP
ulong,native_i_adapt_1000,2,512,90,30.001562871261854,512,equal sequence quotas; uniform without replacement inside sequence; paired identities across GT/method/QP
ulong,wrapped_i_control_1000,2,512,90,30.656309562903118,512,equal sequence quotas; uniform without replacement inside sequence; paired identities across GT/method/QP
ulong,original,2,512,91,29.63829648111755,512,equal sequence quotas; uniform without replacement inside sequence; paired identities across GT/method/QP
ulong,native_i_adapt_1000,2,512,91,29.679673460147114,512,equal sequence quotas; uniform without replacement inside sequence; paired identities across GT/method/QP
ulong,wrapped_i_control_1000,2,512,91,30.082012651777177,512,equal sequence quotas; uniform without replacement inside sequence; paired identities across GT/method/QP
ulong,original,2,512,92,30.51388037715941,512,equal sequence quotas; uniform without replacement inside sequence; paired identities across GT/method/QP
ulong,native_i_adapt_1000,2,512,92,30.38360680517468,512,equal sequence quotas; uniform without replacement inside sequence; paired identities across GT/method/QP
ulong,wrapped_i_control_1000,2,512,92,30.30410810835525,512,equal sequence quotas; uniform without replacement inside sequence; paired identities across GT/method/QP
ulong,original,2,512,93,29.683736930832822,512,equal sequence quotas; uniform without replacement inside sequence; paired identities across GT/method/QP
ulong,native_i_adapt_1000,2,512,93,29.508035129922575,512,equal sequence quotas; uniform without replacement inside sequence; paired identities across GT/method/QP
ulong,wrapped_i_control_1000,2,512,93,30.183431018787985,512,equal sequence quotas; uniform without replacement inside sequence; paired identities across GT/method/QP
ulong,original,2,512,94,30.37836843121721,512,equal sequence quotas; uniform without replacement inside sequence; paired identities across GT/method/QP
ulong,native_i_adapt_1000,2,512,94,30.102856991734427,512,equal sequence quotas; uniform without replacement inside sequence; paired identities across GT/method/QP
ulong,wrapped_i_control_1000,2,512,94,30.814584807843687,512,equal sequence quotas; uniform without replacement inside sequence; paired identities across GT/method/QP
ulong,original,2,512,95,30.186607733121832,512,equal sequence quotas; uniform without replacement inside sequence; paired identities across GT/method/QP
ulong,native_i_adapt_1000,2,512,95,30.390960139157755,512,equal sequence quotas; uniform without replacement inside sequence; paired identities across GT/method/QP
ulong,wrapped_i_control_1000,2,512,95,30.518513790721215,512,equal sequence quotas; uniform without replacement inside sequence; paired identities across GT/method/QP
ulong,original,2,512,96,30.02220942444967,512,equal sequence quotas; uniform without replacement inside sequence; paired identities across GT/method/QP
ulong,native_i_adapt_1000,2,512,96,30.053295075173878,512,equal sequence quotas; uniform without replacement inside sequence; paired identities across GT/method/QP
ulong,wrapped_i_control_1000,2,512,96,29.9561522274347,512,equal sequence quotas; uniform without replacement inside sequence; paired identities across GT/method/QP
ulong,original,2,512,97,30.73184842115927,512,equal sequence quotas; uniform without replacement inside sequence; paired identities across GT/method/QP
ulong,native_i_adapt_1000,2,512,97,30.378554876833505,512,equal sequence quotas; uniform without replacement inside sequence; paired identities across GT/method/QP
ulong,wrapped_i_control_1000,2,512,97,30.889347280151355,512,equal sequence quotas; uniform without replacement inside sequence; paired identities across GT/method/QP
ulong,original,2,512,98,29.836117458395393,512,equal sequence quotas; uniform without replacement inside sequence; paired identities across GT/method/QP
ulong,native_i_adapt_1000,2,512,98,30.162363658945537,512,equal sequence quotas; uniform without replacement inside sequence; paired identities across GT/method/QP
ulong,wrapped_i_control_1000,2,512,98,30.643665370203166,512,equal sequence quotas; uniform without replacement inside sequence; paired identities across GT/method/QP
ulong,original,2,512,99,30.016032588156918,512,equal sequence quotas; uniform without replacement inside sequence; paired identities across GT/method/QP
ulong,native_i_adapt_1000,2,512,99,29.79926516922245,512,equal sequence quotas; uniform without replacement inside sequence; paired identities across GT/method/QP
ulong,wrapped_i_control_1000,2,512,99,30.058501063539723,512,equal sequence quotas; uniform without replacement inside sequence; paired identities across GT/method/QP
ulong,original,2,1024,0,27.14657597965595,1024,equal sequence quotas; uniform without replacement inside sequence; paired identities across GT/method/QP
ulong,native_i_adapt_1000,2,1024,0,27.024763088216787,1024,equal sequence quotas; uniform without replacement inside sequence; paired identities across GT/method/QP
ulong,wrapped_i_control_1000,2,1024,0,27.422820735713685,1024,equal sequence quotas; uniform without replacement inside sequence; paired identities across GT/method/QP
ulong,original,2,1024,1,27.14657597965595,1024,equal sequence quotas; uniform without replacement inside sequence; paired identities across GT/method/QP
ulong,native_i_adapt_1000,2,1024,1,27.024763088216787,1024,equal sequence quotas; uniform without replacement inside sequence; paired identities across GT/method/QP
ulong,wrapped_i_control_1000,2,1024,1,27.422820735713685,1024,equal sequence quotas; uniform without replacement inside sequence; paired identities across GT/method/QP
ulong,original,2,1024,2,27.14657597965595,1024,equal sequence quotas; uniform without replacement inside sequence; paired identities across GT/method/QP
ulong,native_i_adapt_1000,2,1024,2,27.024763088216787,1024,equal sequence quotas; uniform without replacement inside sequence; paired identities across GT/method/QP
ulong,wrapped_i_control_1000,2,1024,2,27.422820735713685,1024,equal sequence quotas; uniform without replacement inside sequence; paired identities across GT/method/QP
ulong,original,2,1024,3,27.14657597965595,1024,equal sequence quotas; uniform without replacement inside sequence; paired identities across GT/method/QP
ulong,native_i_adapt_1000,2,1024,3,27.024763088216787,1024,equal sequence quotas; uniform without replacement inside sequence; paired identities across GT/method/QP
ulong,wrapped_i_control_1000,2,1024,3,27.422820735713685,1024,equal sequence quotas; uniform without replacement inside sequence; paired identities across GT/method/QP
ulong,original,2,1024,4,27.14657597965595,1024,equal sequence quotas; uniform without replacement inside sequence; paired identities across GT/method/QP
ulong,native_i_adapt_1000,2,1024,4,27.024763088216787,1024,equal sequence quotas; uniform without replacement inside sequence; paired identities across GT/method/QP
ulong,wrapped_i_control_1000,2,1024,4,27.422820735713685,1024,equal sequence quotas; uniform without replacement inside sequence; paired identities across GT/method/QP
ulong,original,2,1024,5,27.14657597965595,1024,equal sequence quotas; uniform without replacement inside sequence; paired identities across GT/method/QP
ulong,native_i_adapt_1000,2,1024,5,27.024763088216787,1024,equal sequence quotas; uniform without replacement inside sequence; paired identities across GT/method/QP
ulong,wrapped_i_control_1000,2,1024,5,27.422820735713685,1024,equal sequence quotas; uniform without replacement inside sequence; paired identities across GT/method/QP
ulong,original,2,1024,6,27.14657597965595,1024,equal sequence quotas; uniform without replacement inside sequence; paired identities across GT/method/QP
ulong,native_i_adapt_1000,2,1024,6,27.024763088216787,1024,equal sequence quotas; uniform without replacement inside sequence; paired identities across GT/method/QP
ulong,wrapped_i_control_1000,2,1024,6,27.422820735713685,1024,equal sequence quotas; uniform without replacement inside sequence; paired identities across GT/method/QP
ulong,original,2,1024,7,27.14657597965595,1024,equal sequence quotas; uniform without replacement inside sequence; paired identities across GT/method/QP
ulong,native_i_adapt_1000,2,1024,7,27.024763088216787,1024,equal sequence quotas; uniform without replacement inside sequence; paired identities across GT/method/QP
ulong,wrapped_i_control_1000,2,1024,7,27.422820735713685,1024,equal sequence quotas; uniform without replacement inside sequence; paired identities across GT/method/QP
ulong,original,2,1024,8,27.14657597965595,1024,equal sequence quotas; uniform without replacement inside sequence; paired identities across GT/method/QP
ulong,native_i_adapt_1000,2,1024,8,27.024763088216787,1024,equal sequence quotas; uniform without replacement inside sequence; paired identities across GT/method/QP
ulong,wrapped_i_control_1000,2,1024,8,27.422820735713685,1024,equal sequence quotas; uniform without replacement inside sequence; paired identities across GT/method/QP
ulong,original,2,1024,9,27.14657597965595,1024,equal sequence quotas; uniform without replacement inside sequence; paired identities across GT/method/QP
ulong,native_i_adapt_1000,2,1024,9,27.024763088216787,1024,equal sequence quotas; uniform without replacement inside sequence; paired identities across GT/method/QP
ulong,wrapped_i_control_1000,2,1024,9,27.422820735713685,1024,equal sequence quotas; uniform without replacement inside sequence; paired identities across GT/method/QP
ulong,original,2,1024,10,27.14657597965595,1024,equal sequence quotas; uniform without replacement inside sequence; paired identities across GT/method/QP
ulong,native_i_adapt_1000,2,1024,10,27.024763088216787,1024,equal sequence quotas; uniform without replacement inside sequence; paired identities across GT/method/QP
ulong,wrapped_i_control_1000,2,1024,10,27.422820735713685,1024,equal sequence quotas; uniform without replacement inside sequence; paired identities across GT/method/QP
ulong,original,2,1024,11,27.14657597965595,1024,equal sequence quotas; uniform without replacement inside sequence; paired identities across GT/method/QP
ulong,native_i_adapt_1000,2,1024,11,27.024763088216787,1024,equal sequence quotas; uniform without replacement inside sequence; paired identities across GT/method/QP
ulong,wrapped_i_control_1000,2,1024,11,27.422820735713685,1024,equal sequence quotas; uniform without replacement inside sequence; paired identities across GT/method/QP
ulong,original,2,1024,12,27.14657597965595,1024,equal sequence quotas; uniform without replacement inside sequence; paired identities across GT/method/QP
ulong,native_i_adapt_1000,2,1024,12,27.024763088216787,1024,equal sequence quotas; uniform without replacement inside sequence; paired identities across GT/method/QP
ulong,wrapped_i_control_1000,2,1024,12,27.422820735713685,1024,equal sequence quotas; uniform without replacement inside sequence; paired identities across GT/method/QP
ulong,original,2,1024,13,27.14657597965595,1024,equal sequence quotas; uniform without replacement inside sequence; paired identities across GT/method/QP
ulong,native_i_adapt_1000,2,1024,13,27.024763088216787,1024,equal sequence quotas; uniform without replacement inside sequence; paired identities across GT/method/QP
ulong,wrapped_i_control_1000,2,1024,13,27.422820735713685,1024,equal sequence quotas; uniform without replacement inside sequence; paired identities across GT/method/QP
ulong,original,2,1024,14,27.14657597965595,1024,equal sequence quotas; uniform without replacement inside sequence; paired identities across GT/method/QP
ulong,native_i_adapt_1000,2,1024,14,27.024763088216787,1024,equal sequence quotas; uniform without replacement inside sequence; paired identities across GT/method/QP
ulong,wrapped_i_control_1000,2,1024,14,27.422820735713685,1024,equal sequence quotas; uniform without replacement inside sequence; paired identities across GT/method/QP
ulong,original,2,1024,15,27.14657597965595,1024,equal sequence quotas; uniform without replacement inside sequence; paired identities across GT/method/QP
ulong,native_i_adapt_1000,2,1024,15,27.024763088216787,1024,equal sequence quotas; uniform without replacement inside sequence; paired identities across GT/method/QP
ulong,wrapped_i_control_1000,2,1024,15,27.422820735713685,1024,equal sequence quotas; uniform without replacement inside sequence; paired identities across GT/method/QP
ulong,original,2,1024,16,27.14657597965595,1024,equal sequence quotas; uniform without replacement inside sequence; paired identities across GT/method/QP
ulong,native_i_adapt_1000,2,1024,16,27.024763088216787,1024,equal sequence quotas; uniform without replacement inside sequence; paired identities across GT/method/QP
ulong,wrapped_i_control_1000,2,1024,16,27.422820735713685,1024,equal sequence quotas; uniform without replacement inside sequence; paired identities across GT/method/QP
ulong,original,2,1024,17,27.14657597965595,1024,equal sequence quotas; uniform without replacement inside sequence; paired identities across GT/method/QP
ulong,native_i_adapt_1000,2,1024,17,27.024763088216787,1024,equal sequence quotas; uniform without replacement inside sequence; paired identities across GT/method/QP
ulong,wrapped_i_control_1000,2,1024,17,27.422820735713685,1024,equal sequence quotas; uniform without replacement inside sequence; paired identities across GT/method/QP
ulong,original,2,1024,18,27.14657597965595,1024,equal sequence quotas; uniform without replacement inside sequence; paired identities across GT/method/QP
ulong,native_i_adapt_1000,2,1024,18,27.024763088216787,1024,equal sequence quotas; uniform without replacement inside sequence; paired identities across GT/method/QP
ulong,wrapped_i_control_1000,2,1024,18,27.422820735713685,1024,equal sequence quotas; uniform without replacement inside sequence; paired identities across GT/method/QP
ulong,original,2,1024,19,27.14657597965595,1024,equal sequence quotas; uniform without replacement inside sequence; paired identities across GT/method/QP
ulong,native_i_adapt_1000,2,1024,19,27.024763088216787,1024,equal sequence quotas; uniform without replacement inside sequence; paired identities across GT/method/QP
ulong,wrapped_i_control_1000,2,1024,19,27.422820735713685,1024,equal sequence quotas; uniform without replacement inside sequence; paired identities across GT/method/QP
ulong,original,2,1024,20,27.14657597965595,1024,equal sequence quotas; uniform without replacement inside sequence; paired identities across GT/method/QP
ulong,native_i_adapt_1000,2,1024,20,27.024763088216787,1024,equal sequence quotas; uniform without replacement inside sequence; paired identities across GT/method/QP
ulong,wrapped_i_control_1000,2,1024,20,27.422820735713685,1024,equal sequence quotas; uniform without replacement inside sequence; paired identities across GT/method/QP
ulong,original,2,1024,21,27.14657597965595,1024,equal sequence quotas; uniform without replacement inside sequence; paired identities across GT/method/QP
ulong,native_i_adapt_1000,2,1024,21,27.024763088216787,1024,equal sequence quotas; uniform without replacement inside sequence; paired identities across GT/method/QP
ulong,wrapped_i_control_1000,2,1024,21,27.422820735713685,1024,equal sequence quotas; uniform without replacement inside sequence; paired identities across GT/method/QP
ulong,original,2,1024,22,27.14657597965595,1024,equal sequence quotas; uniform without replacement inside sequence; paired identities across GT/method/QP
ulong,native_i_adapt_1000,2,1024,22,27.024763088216787,1024,equal sequence quotas; uniform without replacement inside sequence; paired identities across GT/method/QP
ulong,wrapped_i_control_1000,2,1024,22,27.422820735713685,1024,equal sequence quotas; uniform without replacement inside sequence; paired identities across GT/method/QP
ulong,original,2,1024,23,27.14657597965595,1024,equal sequence quotas; uniform without replacement inside sequence; paired identities across GT/method/QP
ulong,native_i_adapt_1000,2,1024,23,27.024763088216787,1024,equal sequence quotas; uniform without replacement inside sequence; paired identities across GT/method/QP
ulong,wrapped_i_control_1000,2,1024,23,27.422820735713685,1024,equal sequence quotas; uniform without replacement inside sequence; paired identities across GT/method/QP
ulong,original,2,1024,24,27.14657597965595,1024,equal sequence quotas; uniform without replacement inside sequence; paired identities across GT/method/QP
ulong,native_i_adapt_1000,2,1024,24,27.024763088216787,1024,equal sequence quotas; uniform without replacement inside sequence; paired identities across GT/method/QP
ulong,wrapped_i_control_1000,2,1024,24,27.422820735713685,1024,equal sequence quotas; uniform without replacement inside sequence; paired identities across GT/method/QP
ulong,original,2,1024,25,27.14657597965595,1024,equal sequence quotas; uniform without replacement inside sequence; paired identities across GT/method/QP
ulong,native_i_adapt_1000,2,1024,25,27.024763088216787,1024,equal sequence quotas; uniform without replacement inside sequence; paired identities across GT/method/QP
ulong,wrapped_i_control_1000,2,1024,25,27.422820735713685,1024,equal sequence quotas; uniform without replacement inside sequence; paired identities across GT/method/QP
ulong,original,2,1024,26,27.14657597965595,1024,equal sequence quotas; uniform without replacement inside sequence; paired identities across GT/method/QP
ulong,native_i_adapt_1000,2,1024,26,27.024763088216787,1024,equal sequence quotas; uniform without replacement inside sequence; paired identities across GT/method/QP
ulong,wrapped_i_control_1000,2,1024,26,27.422820735713685,1024,equal sequence quotas; uniform without replacement inside sequence; paired identities across GT/method/QP
ulong,original,2,1024,27,27.14657597965595,1024,equal sequence quotas; uniform without replacement inside sequence; paired identities across GT/method/QP
ulong,native_i_adapt_1000,2,1024,27,27.024763088216787,1024,equal sequence quotas; uniform without replacement inside sequence; paired identities across GT/method/QP
ulong,wrapped_i_control_1000,2,1024,27,27.422820735713685,1024,equal sequence quotas; uniform without replacement inside sequence; paired identities across GT/method/QP
ulong,original,2,1024,28,27.14657597965595,1024,equal sequence quotas; uniform without replacement inside sequence; paired identities across GT/method/QP
ulong,native_i_adapt_1000,2,1024,28,27.024763088216787,1024,equal sequence quotas; uniform without replacement inside sequence; paired identities across GT/method/QP
ulong,wrapped_i_control_1000,2,1024,28,27.422820735713685,1024,equal sequence quotas; uniform without replacement inside sequence; paired identities across GT/method/QP
ulong,original,2,1024,29,27.14657597965595,1024,equal sequence quotas; uniform without replacement inside sequence; paired identities across GT/method/QP
ulong,native_i_adapt_1000,2,1024,29,27.024763088216787,1024,equal sequence quotas; uniform without replacement inside sequence; paired identities across GT/method/QP
ulong,wrapped_i_control_1000,2,1024,29,27.422820735713685,1024,equal sequence quotas; uniform without replacement inside sequence; paired identities across GT/method/QP
ulong,original,2,1024,30,27.14657597965595,1024,equal sequence quotas; uniform without replacement inside sequence; paired identities across GT/method/QP
ulong,native_i_adapt_1000,2,1024,30,27.024763088216787,1024,equal sequence quotas; uniform without replacement inside sequence; paired identities across GT/method/QP
ulong,wrapped_i_control_1000,2,1024,30,27.422820735713685,1024,equal sequence quotas; uniform without replacement inside sequence; paired identities across GT/method/QP
ulong,original,2,1024,31,27.14657597965595,1024,equal sequence quotas; uniform without replacement inside sequence; paired identities across GT/method/QP
ulong,native_i_adapt_1000,2,1024,31,27.024763088216787,1024,equal sequence quotas; uniform without replacement inside sequence; paired identities across GT/method/QP
ulong,wrapped_i_control_1000,2,1024,31,27.422820735713685,1024,equal sequence quotas; uniform without replacement inside sequence; paired identities across GT/method/QP
ulong,original,2,1024,32,27.14657597965595,1024,equal sequence quotas; uniform without replacement inside sequence; paired identities across GT/method/QP
ulong,native_i_adapt_1000,2,1024,32,27.024763088216787,1024,equal sequence quotas; uniform without replacement inside sequence; paired identities across GT/method/QP
ulong,wrapped_i_control_1000,2,1024,32,27.422820735713685,1024,equal sequence quotas; uniform without replacement inside sequence; paired identities across GT/method/QP
ulong,original,2,1024,33,27.14657597965595,1024,equal sequence quotas; uniform without replacement inside sequence; paired identities across GT/method/QP
ulong,native_i_adapt_1000,2,1024,33,27.024763088216787,1024,equal sequence quotas; uniform without replacement inside sequence; paired identities across GT/method/QP
ulong,wrapped_i_control_1000,2,1024,33,27.422820735713685,1024,equal sequence quotas; uniform without replacement inside sequence; paired identities across GT/method/QP
ulong,original,2,1024,34,27.14657597965595,1024,equal sequence quotas; uniform without replacement inside sequence; paired identities across GT/method/QP
ulong,native_i_adapt_1000,2,1024,34,27.024763088216787,1024,equal sequence quotas; uniform without replacement inside sequence; paired identities across GT/method/QP
ulong,wrapped_i_control_1000,2,1024,34,27.422820735713685,1024,equal sequence quotas; uniform without replacement inside sequence; paired identities across GT/method/QP
ulong,original,2,1024,35,27.14657597965595,1024,equal sequence quotas; uniform without replacement inside sequence; paired identities across GT/method/QP
ulong,native_i_adapt_1000,2,1024,35,27.024763088216787,1024,equal sequence quotas; uniform without replacement inside sequence; paired identities across GT/method/QP
ulong,wrapped_i_control_1000,2,1024,35,27.422820735713685,1024,equal sequence quotas; uniform without replacement inside sequence; paired identities across GT/method/QP
ulong,original,2,1024,36,27.14657597965595,1024,equal sequence quotas; uniform without replacement inside sequence; paired identities across GT/method/QP
ulong,native_i_adapt_1000,2,1024,36,27.024763088216787,1024,equal sequence quotas; uniform without replacement inside sequence; paired identities across GT/method/QP
ulong,wrapped_i_control_1000,2,1024,36,27.422820735713685,1024,equal sequence quotas; uniform without replacement inside sequence; paired identities across GT/method/QP
ulong,original,2,1024,37,27.14657597965595,1024,equal sequence quotas; uniform without replacement inside sequence; paired identities across GT/method/QP
ulong,native_i_adapt_1000,2,1024,37,27.024763088216787,1024,equal sequence quotas; uniform without replacement inside sequence; paired identities across GT/method/QP
ulong,wrapped_i_control_1000,2,1024,37,27.422820735713685,1024,equal sequence quotas; uniform without replacement inside sequence; paired identities across GT/method/QP
ulong,original,2,1024,38,27.14657597965595,1024,equal sequence quotas; uniform without replacement inside sequence; paired identities across GT/method/QP
ulong,native_i_adapt_1000,2,1024,38,27.024763088216787,1024,equal sequence quotas; uniform without replacement inside sequence; paired identities across GT/method/QP
ulong,wrapped_i_control_1000,2,1024,38,27.422820735713685,1024,equal sequence quotas; uniform without replacement inside sequence; paired identities across GT/method/QP
ulong,original,2,1024,39,27.14657597965595,1024,equal sequence quotas; uniform without replacement inside sequence; paired identities across GT/method/QP
ulong,native_i_adapt_1000,2,1024,39,27.024763088216787,1024,equal sequence quotas; uniform without replacement inside sequence; paired identities across GT/method/QP
ulong,wrapped_i_control_1000,2,1024,39,27.422820735713685,1024,equal sequence quotas; uniform without replacement inside sequence; paired identities across GT/method/QP
ulong,original,2,1024,40,27.14657597965595,1024,equal sequence quotas; uniform without replacement inside sequence; paired identities across GT/method/QP
ulong,native_i_adapt_1000,2,1024,40,27.024763088216787,1024,equal sequence quotas; uniform without replacement inside sequence; paired identities across GT/method/QP
ulong,wrapped_i_control_1000,2,1024,40,27.422820735713685,1024,equal sequence quotas; uniform without replacement inside sequence; paired identities across GT/method/QP
ulong,original,2,1024,41,27.14657597965595,1024,equal sequence quotas; uniform without replacement inside sequence; paired identities across GT/method/QP
ulong,native_i_adapt_1000,2,1024,41,27.024763088216787,1024,equal sequence quotas; uniform without replacement inside sequence; paired identities across GT/method/QP
ulong,wrapped_i_control_1000,2,1024,41,27.422820735713685,1024,equal sequence quotas; uniform without replacement inside sequence; paired identities across GT/method/QP
ulong,original,2,1024,42,27.14657597965595,1024,equal sequence quotas; uniform without replacement inside sequence; paired identities across GT/method/QP
ulong,native_i_adapt_1000,2,1024,42,27.024763088216787,1024,equal sequence quotas; uniform without replacement inside sequence; paired identities across GT/method/QP
ulong,wrapped_i_control_1000,2,1024,42,27.422820735713685,1024,equal sequence quotas; uniform without replacement inside sequence; paired identities across GT/method/QP
ulong,original,2,1024,43,27.14657597965595,1024,equal sequence quotas; uniform without replacement inside sequence; paired identities across GT/method/QP
ulong,native_i_adapt_1000,2,1024,43,27.024763088216787,1024,equal sequence quotas; uniform without replacement inside sequence; paired identities across GT/method/QP
ulong,wrapped_i_control_1000,2,1024,43,27.422820735713685,1024,equal sequence quotas; uniform without replacement inside sequence; paired identities across GT/method/QP
ulong,original,2,1024,44,27.14657597965595,1024,equal sequence quotas; uniform without replacement inside sequence; paired identities across GT/method/QP
ulong,native_i_adapt_1000,2,1024,44,27.024763088216787,1024,equal sequence quotas; uniform without replacement inside sequence; paired identities across GT/method/QP
ulong,wrapped_i_control_1000,2,1024,44,27.422820735713685,1024,equal sequence quotas; uniform without replacement inside sequence; paired identities across GT/method/QP
ulong,original,2,1024,45,27.14657597965595,1024,equal sequence quotas; uniform without replacement inside sequence; paired identities across GT/method/QP
ulong,native_i_adapt_1000,2,1024,45,27.024763088216787,1024,equal sequence quotas; uniform without replacement inside sequence; paired identities across GT/method/QP
ulong,wrapped_i_control_1000,2,1024,45,27.422820735713685,1024,equal sequence quotas; uniform without replacement inside sequence; paired identities across GT/method/QP
ulong,original,2,1024,46,27.14657597965595,1024,equal sequence quotas; uniform without replacement inside sequence; paired identities across GT/method/QP
ulong,native_i_adapt_1000,2,1024,46,27.024763088216787,1024,equal sequence quotas; uniform without replacement inside sequence; paired identities across GT/method/QP
ulong,wrapped_i_control_1000,2,1024,46,27.422820735713685,1024,equal sequence quotas; uniform without replacement inside sequence; paired identities across GT/method/QP
ulong,original,2,1024,47,27.14657597965595,1024,equal sequence quotas; uniform without replacement inside sequence; paired identities across GT/method/QP
ulong,native_i_adapt_1000,2,1024,47,27.024763088216787,1024,equal sequence quotas; uniform without replacement inside sequence; paired identities across GT/method/QP
ulong,wrapped_i_control_1000,2,1024,47,27.422820735713685,1024,equal sequence quotas; uniform without replacement inside sequence; paired identities across GT/method/QP
ulong,original,2,1024,48,27.14657597965595,1024,equal sequence quotas; uniform without replacement inside sequence; paired identities across GT/method/QP
ulong,native_i_adapt_1000,2,1024,48,27.024763088216787,1024,equal sequence quotas; uniform without replacement inside sequence; paired identities across GT/method/QP
ulong,wrapped_i_control_1000,2,1024,48,27.422820735713685,1024,equal sequence quotas; uniform without replacement inside sequence; paired identities across GT/method/QP
ulong,original,2,1024,49,27.14657597965595,1024,equal sequence quotas; uniform without replacement inside sequence; paired identities across GT/method/QP
ulong,native_i_adapt_1000,2,1024,49,27.024763088216787,1024,equal sequence quotas; uniform without replacement inside sequence; paired identities across GT/method/QP
ulong,wrapped_i_control_1000,2,1024,49,27.422820735713685,1024,equal sequence quotas; uniform without replacement inside sequence; paired identities across GT/method/QP
ulong,original,2,1024,50,27.14657597965595,1024,equal sequence quotas; uniform without replacement inside sequence; paired identities across GT/method/QP
ulong,native_i_adapt_1000,2,1024,50,27.024763088216787,1024,equal sequence quotas; uniform without replacement inside sequence; paired identities across GT/method/QP
ulong,wrapped_i_control_1000,2,1024,50,27.422820735713685,1024,equal sequence quotas; uniform without replacement inside sequence; paired identities across GT/method/QP
ulong,original,2,1024,51,27.14657597965595,1024,equal sequence quotas; uniform without replacement inside sequence; paired identities across GT/method/QP
ulong,native_i_adapt_1000,2,1024,51,27.024763088216787,1024,equal sequence quotas; uniform without replacement inside sequence; paired identities across GT/method/QP
ulong,wrapped_i_control_1000,2,1024,51,27.422820735713685,1024,equal sequence quotas; uniform without replacement inside sequence; paired identities across GT/method/QP
ulong,original,2,1024,52,27.14657597965595,1024,equal sequence quotas; uniform without replacement inside sequence; paired identities across GT/method/QP
ulong,native_i_adapt_1000,2,1024,52,27.024763088216787,1024,equal sequence quotas; uniform without replacement inside sequence; paired identities across GT/method/QP
ulong,wrapped_i_control_1000,2,1024,52,27.422820735713685,1024,equal sequence quotas; uniform without replacement inside sequence; paired identities across GT/method/QP
ulong,original,2,1024,53,27.14657597965595,1024,equal sequence quotas; uniform without replacement inside sequence; paired identities across GT/method/QP
ulong,native_i_adapt_1000,2,1024,53,27.024763088216787,1024,equal sequence quotas; uniform without replacement inside sequence; paired identities across GT/method/QP
ulong,wrapped_i_control_1000,2,1024,53,27.422820735713685,1024,equal sequence quotas; uniform without replacement inside sequence; paired identities across GT/method/QP
ulong,original,2,1024,54,27.14657597965595,1024,equal sequence quotas; uniform without replacement inside sequence; paired identities across GT/method/QP
ulong,native_i_adapt_1000,2,1024,54,27.024763088216787,1024,equal sequence quotas; uniform without replacement inside sequence; paired identities across GT/method/QP
ulong,wrapped_i_control_1000,2,1024,54,27.422820735713685,1024,equal sequence quotas; uniform without replacement inside sequence; paired identities across GT/method/QP
ulong,original,2,1024,55,27.14657597965595,1024,equal sequence quotas; uniform without replacement inside sequence; paired identities across GT/method/QP
ulong,native_i_adapt_1000,2,1024,55,27.024763088216787,1024,equal sequence quotas; uniform without replacement inside sequence; paired identities across GT/method/QP
ulong,wrapped_i_control_1000,2,1024,55,27.422820735713685,1024,equal sequence quotas; uniform without replacement inside sequence; paired identities across GT/method/QP
ulong,original,2,1024,56,27.14657597965595,1024,equal sequence quotas; uniform without replacement inside sequence; paired identities across GT/method/QP
ulong,native_i_adapt_1000,2,1024,56,27.024763088216787,1024,equal sequence quotas; uniform without replacement inside sequence; paired identities across GT/method/QP
ulong,wrapped_i_control_1000,2,1024,56,27.422820735713685,1024,equal sequence quotas; uniform without replacement inside sequence; paired identities across GT/method/QP
ulong,original,2,1024,57,27.14657597965595,1024,equal sequence quotas; uniform without replacement inside sequence; paired identities across GT/method/QP
ulong,native_i_adapt_1000,2,1024,57,27.024763088216787,1024,equal sequence quotas; uniform without replacement inside sequence; paired identities across GT/method/QP
ulong,wrapped_i_control_1000,2,1024,57,27.422820735713685,1024,equal sequence quotas; uniform without replacement inside sequence; paired identities across GT/method/QP
ulong,original,2,1024,58,27.14657597965595,1024,equal sequence quotas; uniform without replacement inside sequence; paired identities across GT/method/QP
ulong,native_i_adapt_1000,2,1024,58,27.024763088216787,1024,equal sequence quotas; uniform without replacement inside sequence; paired identities across GT/method/QP
ulong,wrapped_i_control_1000,2,1024,58,27.422820735713685,1024,equal sequence quotas; uniform without replacement inside sequence; paired identities across GT/method/QP
ulong,original,2,1024,59,27.14657597965595,1024,equal sequence quotas; uniform without replacement inside sequence; paired identities across GT/method/QP
ulong,native_i_adapt_1000,2,1024,59,27.024763088216787,1024,equal sequence quotas; uniform without replacement inside sequence; paired identities across GT/method/QP
ulong,wrapped_i_control_1000,2,1024,59,27.422820735713685,1024,equal sequence quotas; uniform without replacement inside sequence; paired identities across GT/method/QP
ulong,original,2,1024,60,27.14657597965595,1024,equal sequence quotas; uniform without replacement inside sequence; paired identities across GT/method/QP
ulong,native_i_adapt_1000,2,1024,60,27.024763088216787,1024,equal sequence quotas; uniform without replacement inside sequence; paired identities across GT/method/QP
ulong,wrapped_i_control_1000,2,1024,60,27.422820735713685,1024,equal sequence quotas; uniform without replacement inside sequence; paired identities across GT/method/QP
ulong,original,2,1024,61,27.14657597965595,1024,equal sequence quotas; uniform without replacement inside sequence; paired identities across GT/method/QP
ulong,native_i_adapt_1000,2,1024,61,27.024763088216787,1024,equal sequence quotas; uniform without replacement inside sequence; paired identities across GT/method/QP
ulong,wrapped_i_control_1000,2,1024,61,27.422820735713685,1024,equal sequence quotas; uniform without replacement inside sequence; paired identities across GT/method/QP
ulong,original,2,1024,62,27.14657597965595,1024,equal sequence quotas; uniform without replacement inside sequence; paired identities across GT/method/QP
ulong,native_i_adapt_1000,2,1024,62,27.024763088216787,1024,equal sequence quotas; uniform without replacement inside sequence; paired identities across GT/method/QP
ulong,wrapped_i_control_1000,2,1024,62,27.422820735713685,1024,equal sequence quotas; uniform without replacement inside sequence; paired identities across GT/method/QP
ulong,original,2,1024,63,27.14657597965595,1024,equal sequence quotas; uniform without replacement inside sequence; paired identities across GT/method/QP
ulong,native_i_adapt_1000,2,1024,63,27.024763088216787,1024,equal sequence quotas; uniform without replacement inside sequence; paired identities across GT/method/QP
ulong,wrapped_i_control_1000,2,1024,63,27.422820735713685,1024,equal sequence quotas; uniform without replacement inside sequence; paired identities across GT/method/QP
ulong,original,2,1024,64,27.14657597965595,1024,equal sequence quotas; uniform without replacement inside sequence; paired identities across GT/method/QP
ulong,native_i_adapt_1000,2,1024,64,27.024763088216787,1024,equal sequence quotas; uniform without replacement inside sequence; paired identities across GT/method/QP
ulong,wrapped_i_control_1000,2,1024,64,27.422820735713685,1024,equal sequence quotas; uniform without replacement inside sequence; paired identities across GT/method/QP
ulong,original,2,1024,65,27.14657597965595,1024,equal sequence quotas; uniform without replacement inside sequence; paired identities across GT/method/QP
ulong,native_i_adapt_1000,2,1024,65,27.024763088216787,1024,equal sequence quotas; uniform without replacement inside sequence; paired identities across GT/method/QP
ulong,wrapped_i_control_1000,2,1024,65,27.422820735713685,1024,equal sequence quotas; uniform without replacement inside sequence; paired identities across GT/method/QP
ulong,original,2,1024,66,27.14657597965595,1024,equal sequence quotas; uniform without replacement inside sequence; paired identities across GT/method/QP
ulong,native_i_adapt_1000,2,1024,66,27.024763088216787,1024,equal sequence quotas; uniform without replacement inside sequence; paired identities across GT/method/QP
ulong,wrapped_i_control_1000,2,1024,66,27.422820735713685,1024,equal sequence quotas; uniform without replacement inside sequence; paired identities across GT/method/QP
ulong,original,2,1024,67,27.14657597965595,1024,equal sequence quotas; uniform without replacement inside sequence; paired identities across GT/method/QP
ulong,native_i_adapt_1000,2,1024,67,27.024763088216787,1024,equal sequence quotas; uniform without replacement inside sequence; paired identities across GT/method/QP
ulong,wrapped_i_control_1000,2,1024,67,27.422820735713685,1024,equal sequence quotas; uniform without replacement inside sequence; paired identities across GT/method/QP
ulong,original,2,1024,68,27.14657597965595,1024,equal sequence quotas; uniform without replacement inside sequence; paired identities across GT/method/QP
ulong,native_i_adapt_1000,2,1024,68,27.024763088216787,1024,equal sequence quotas; uniform without replacement inside sequence; paired identities across GT/method/QP
ulong,wrapped_i_control_1000,2,1024,68,27.422820735713685,1024,equal sequence quotas; uniform without replacement inside sequence; paired identities across GT/method/QP
ulong,original,2,1024,69,27.14657597965595,1024,equal sequence quotas; uniform without replacement inside sequence; paired identities across GT/method/QP
ulong,native_i_adapt_1000,2,1024,69,27.024763088216787,1024,equal sequence quotas; uniform without replacement inside sequence; paired identities across GT/method/QP
ulong,wrapped_i_control_1000,2,1024,69,27.422820735713685,1024,equal sequence quotas; uniform without replacement inside sequence; paired identities across GT/method/QP
ulong,original,2,1024,70,27.14657597965595,1024,equal sequence quotas; uniform without replacement inside sequence; paired identities across GT/method/QP
ulong,native_i_adapt_1000,2,1024,70,27.024763088216787,1024,equal sequence quotas; uniform without replacement inside sequence; paired identities across GT/method/QP
ulong,wrapped_i_control_1000,2,1024,70,27.422820735713685,1024,equal sequence quotas; uniform without replacement inside sequence; paired identities across GT/method/QP
ulong,original,2,1024,71,27.14657597965595,1024,equal sequence quotas; uniform without replacement inside sequence; paired identities across GT/method/QP
ulong,native_i_adapt_1000,2,1024,71,27.024763088216787,1024,equal sequence quotas; uniform without replacement inside sequence; paired identities across GT/method/QP
ulong,wrapped_i_control_1000,2,1024,71,27.422820735713685,1024,equal sequence quotas; uniform without replacement inside sequence; paired identities across GT/method/QP
ulong,original,2,1024,72,27.14657597965595,1024,equal sequence quotas; uniform without replacement inside sequence; paired identities across GT/method/QP
ulong,native_i_adapt_1000,2,1024,72,27.024763088216787,1024,equal sequence quotas; uniform without replacement inside sequence; paired identities across GT/method/QP
ulong,wrapped_i_control_1000,2,1024,72,27.422820735713685,1024,equal sequence quotas; uniform without replacement inside sequence; paired identities across GT/method/QP
ulong,original,2,1024,73,27.14657597965595,1024,equal sequence quotas; uniform without replacement inside sequence; paired identities across GT/method/QP
ulong,native_i_adapt_1000,2,1024,73,27.024763088216787,1024,equal sequence quotas; uniform without replacement inside sequence; paired identities across GT/method/QP
ulong,wrapped_i_control_1000,2,1024,73,27.422820735713685,1024,equal sequence quotas; uniform without replacement inside sequence; paired identities across GT/method/QP
ulong,original,2,1024,74,27.14657597965595,1024,equal sequence quotas; uniform without replacement inside sequence; paired identities across GT/method/QP
ulong,native_i_adapt_1000,2,1024,74,27.024763088216787,1024,equal sequence quotas; uniform without replacement inside sequence; paired identities across GT/method/QP
ulong,wrapped_i_control_1000,2,1024,74,27.422820735713685,1024,equal sequence quotas; uniform without replacement inside sequence; paired identities across GT/method/QP
ulong,original,2,1024,75,27.14657597965595,1024,equal sequence quotas; uniform without replacement inside sequence; paired identities across GT/method/QP
ulong,native_i_adapt_1000,2,1024,75,27.024763088216787,1024,equal sequence quotas; uniform without replacement inside sequence; paired identities across GT/method/QP
ulong,wrapped_i_control_1000,2,1024,75,27.422820735713685,1024,equal sequence quotas; uniform without replacement inside sequence; paired identities across GT/method/QP
ulong,original,2,1024,76,27.14657597965595,1024,equal sequence quotas; uniform without replacement inside sequence; paired identities across GT/method/QP
ulong,native_i_adapt_1000,2,1024,76,27.024763088216787,1024,equal sequence quotas; uniform without replacement inside sequence; paired identities across GT/method/QP
ulong,wrapped_i_control_1000,2,1024,76,27.422820735713685,1024,equal sequence quotas; uniform without replacement inside sequence; paired identities across GT/method/QP
ulong,original,2,1024,77,27.14657597965595,1024,equal sequence quotas; uniform without replacement inside sequence; paired identities across GT/method/QP
ulong,native_i_adapt_1000,2,1024,77,27.024763088216787,1024,equal sequence quotas; uniform without replacement inside sequence; paired identities across GT/method/QP
ulong,wrapped_i_control_1000,2,1024,77,27.422820735713685,1024,equal sequence quotas; uniform without replacement inside sequence; paired identities across GT/method/QP
ulong,original,2,1024,78,27.14657597965595,1024,equal sequence quotas; uniform without replacement inside sequence; paired identities across GT/method/QP
ulong,native_i_adapt_1000,2,1024,78,27.024763088216787,1024,equal sequence quotas; uniform without replacement inside sequence; paired identities across GT/method/QP
ulong,wrapped_i_control_1000,2,1024,78,27.422820735713685,1024,equal sequence quotas; uniform without replacement inside sequence; paired identities across GT/method/QP
ulong,original,2,1024,79,27.14657597965595,1024,equal sequence quotas; uniform without replacement inside sequence; paired identities across GT/method/QP
ulong,native_i_adapt_1000,2,1024,79,27.024763088216787,1024,equal sequence quotas; uniform without replacement inside sequence; paired identities across GT/method/QP
ulong,wrapped_i_control_1000,2,1024,79,27.422820735713685,1024,equal sequence quotas; uniform without replacement inside sequence; paired identities across GT/method/QP
ulong,original,2,1024,80,27.14657597965595,1024,equal sequence quotas; uniform without replacement inside sequence; paired identities across GT/method/QP
ulong,native_i_adapt_1000,2,1024,80,27.024763088216787,1024,equal sequence quotas; uniform without replacement inside sequence; paired identities across GT/method/QP
ulong,wrapped_i_control_1000,2,1024,80,27.422820735713685,1024,equal sequence quotas; uniform without replacement inside sequence; paired identities across GT/method/QP
ulong,original,2,1024,81,27.14657597965595,1024,equal sequence quotas; uniform without replacement inside sequence; paired identities across GT/method/QP
ulong,native_i_adapt_1000,2,1024,81,27.024763088216787,1024,equal sequence quotas; uniform without replacement inside sequence; paired identities across GT/method/QP
ulong,wrapped_i_control_1000,2,1024,81,27.422820735713685,1024,equal sequence quotas; uniform without replacement inside sequence; paired identities across GT/method/QP
ulong,original,2,1024,82,27.14657597965595,1024,equal sequence quotas; uniform without replacement inside sequence; paired identities across GT/method/QP
ulong,native_i_adapt_1000,2,1024,82,27.024763088216787,1024,equal sequence quotas; uniform without replacement inside sequence; paired identities across GT/method/QP
ulong,wrapped_i_control_1000,2,1024,82,27.422820735713685,1024,equal sequence quotas; uniform without replacement inside sequence; paired identities across GT/method/QP
ulong,original,2,1024,83,27.14657597965595,1024,equal sequence quotas; uniform without replacement inside sequence; paired identities across GT/method/QP
ulong,native_i_adapt_1000,2,1024,83,27.024763088216787,1024,equal sequence quotas; uniform without replacement inside sequence; paired identities across GT/method/QP
ulong,wrapped_i_control_1000,2,1024,83,27.422820735713685,1024,equal sequence quotas; uniform without replacement inside sequence; paired identities across GT/method/QP
ulong,original,2,1024,84,27.14657597965595,1024,equal sequence quotas; uniform without replacement inside sequence; paired identities across GT/method/QP
ulong,native_i_adapt_1000,2,1024,84,27.024763088216787,1024,equal sequence quotas; uniform without replacement inside sequence; paired identities across GT/method/QP
ulong,wrapped_i_control_1000,2,1024,84,27.422820735713685,1024,equal sequence quotas; uniform without replacement inside sequence; paired identities across GT/method/QP
ulong,original,2,1024,85,27.14657597965595,1024,equal sequence quotas; uniform without replacement inside sequence; paired identities across GT/method/QP
ulong,native_i_adapt_1000,2,1024,85,27.024763088216787,1024,equal sequence quotas; uniform without replacement inside sequence; paired identities across GT/method/QP
ulong,wrapped_i_control_1000,2,1024,85,27.422820735713685,1024,equal sequence quotas; uniform without replacement inside sequence; paired identities across GT/method/QP
ulong,original,2,1024,86,27.14657597965595,1024,equal sequence quotas; uniform without replacement inside sequence; paired identities across GT/method/QP
ulong,native_i_adapt_1000,2,1024,86,27.024763088216787,1024,equal sequence quotas; uniform without replacement inside sequence; paired identities across GT/method/QP
ulong,wrapped_i_control_1000,2,1024,86,27.422820735713685,1024,equal sequence quotas; uniform without replacement inside sequence; paired identities across GT/method/QP
ulong,original,2,1024,87,27.14657597965595,1024,equal sequence quotas; uniform without replacement inside sequence; paired identities across GT/method/QP
ulong,native_i_adapt_1000,2,1024,87,27.024763088216787,1024,equal sequence quotas; uniform without replacement inside sequence; paired identities across GT/method/QP
ulong,wrapped_i_control_1000,2,1024,87,27.422820735713685,1024,equal sequence quotas; uniform without replacement inside sequence; paired identities across GT/method/QP
ulong,original,2,1024,88,27.14657597965595,1024,equal sequence quotas; uniform without replacement inside sequence; paired identities across GT/method/QP
ulong,native_i_adapt_1000,2,1024,88,27.024763088216787,1024,equal sequence quotas; uniform without replacement inside sequence; paired identities across GT/method/QP
ulong,wrapped_i_control_1000,2,1024,88,27.422820735713685,1024,equal sequence quotas; uniform without replacement inside sequence; paired identities across GT/method/QP
ulong,original,2,1024,89,27.14657597965595,1024,equal sequence quotas; uniform without replacement inside sequence; paired identities across GT/method/QP
ulong,native_i_adapt_1000,2,1024,89,27.024763088216787,1024,equal sequence quotas; uniform without replacement inside sequence; paired identities across GT/method/QP
ulong,wrapped_i_control_1000,2,1024,89,27.422820735713685,1024,equal sequence quotas; uniform without replacement inside sequence; paired identities across GT/method/QP
ulong,original,2,1024,90,27.14657597965595,1024,equal sequence quotas; uniform without replacement inside sequence; paired identities across GT/method/QP
ulong,native_i_adapt_1000,2,1024,90,27.024763088216787,1024,equal sequence quotas; uniform without replacement inside sequence; paired identities across GT/method/QP
ulong,wrapped_i_control_1000,2,1024,90,27.422820735713685,1024,equal sequence quotas; uniform without replacement inside sequence; paired identities across GT/method/QP
ulong,original,2,1024,91,27.14657597965595,1024,equal sequence quotas; uniform without replacement inside sequence; paired identities across GT/method/QP
ulong,native_i_adapt_1000,2,1024,91,27.024763088216787,1024,equal sequence quotas; uniform without replacement inside sequence; paired identities across GT/method/QP
ulong,wrapped_i_control_1000,2,1024,91,27.422820735713685,1024,equal sequence quotas; uniform without replacement inside sequence; paired identities across GT/method/QP
ulong,original,2,1024,92,27.14657597965595,1024,equal sequence quotas; uniform without replacement inside sequence; paired identities across GT/method/QP
ulong,native_i_adapt_1000,2,1024,92,27.024763088216787,1024,equal sequence quotas; uniform without replacement inside sequence; paired identities across GT/method/QP
ulong,wrapped_i_control_1000,2,1024,92,27.422820735713685,1024,equal sequence quotas; uniform without replacement inside sequence; paired identities across GT/method/QP
ulong,original,2,1024,93,27.14657597965595,1024,equal sequence quotas; uniform without replacement inside sequence; paired identities across GT/method/QP
ulong,native_i_adapt_1000,2,1024,93,27.024763088216787,1024,equal sequence quotas; uniform without replacement inside sequence; paired identities across GT/method/QP
ulong,wrapped_i_control_1000,2,1024,93,27.422820735713685,1024,equal sequence quotas; uniform without replacement inside sequence; paired identities across GT/method/QP
ulong,original,2,1024,94,27.14657597965595,1024,equal sequence quotas; uniform without replacement inside sequence; paired identities across GT/method/QP
ulong,native_i_adapt_1000,2,1024,94,27.024763088216787,1024,equal sequence quotas; uniform without replacement inside sequence; paired identities across GT/method/QP
ulong,wrapped_i_control_1000,2,1024,94,27.422820735713685,1024,equal sequence quotas; uniform without replacement inside sequence; paired identities across GT/method/QP
ulong,original,2,1024,95,27.14657597965595,1024,equal sequence quotas; uniform without replacement inside sequence; paired identities across GT/method/QP
ulong,native_i_adapt_1000,2,1024,95,27.024763088216787,1024,equal sequence quotas; uniform without replacement inside sequence; paired identities across GT/method/QP
ulong,wrapped_i_control_1000,2,1024,95,27.422820735713685,1024,equal sequence quotas; uniform without replacement inside sequence; paired identities across GT/method/QP
ulong,original,2,1024,96,27.14657597965595,1024,equal sequence quotas; uniform without replacement inside sequence; paired identities across GT/method/QP
ulong,native_i_adapt_1000,2,1024,96,27.024763088216787,1024,equal sequence quotas; uniform without replacement inside sequence; paired identities across GT/method/QP
ulong,wrapped_i_control_1000,2,1024,96,27.422820735713685,1024,equal sequence quotas; uniform without replacement inside sequence; paired identities across GT/method/QP
ulong,original,2,1024,97,27.14657597965595,1024,equal sequence quotas; uniform without replacement inside sequence; paired identities across GT/method/QP
ulong,native_i_adapt_1000,2,1024,97,27.024763088216787,1024,equal sequence quotas; uniform without replacement inside sequence; paired identities across GT/method/QP
ulong,wrapped_i_control_1000,2,1024,97,27.422820735713685,1024,equal sequence quotas; uniform without replacement inside sequence; paired identities across GT/method/QP
ulong,original,2,1024,98,27.14657597965595,1024,equal sequence quotas; uniform without replacement inside sequence; paired identities across GT/method/QP
ulong,native_i_adapt_1000,2,1024,98,27.024763088216787,1024,equal sequence quotas; uniform without replacement inside sequence; paired identities across GT/method/QP
ulong,wrapped_i_control_1000,2,1024,98,27.422820735713685,1024,equal sequence quotas; uniform without replacement inside sequence; paired identities across GT/method/QP
ulong,original,2,1024,99,27.14657597965595,1024,equal sequence quotas; uniform without replacement inside sequence; paired identities across GT/method/QP
ulong,native_i_adapt_1000,2,1024,99,27.024763088216787,1024,equal sequence quotas; uniform without replacement inside sequence; paired identities across GT/method/QP
ulong,wrapped_i_control_1000,2,1024,99,27.422820735713685,1024,equal sequence quotas; uniform without replacement inside sequence; paired identities across GT/method/QP
