real_bytes,real_RANS_bytes,bits_per_frame,bpp,kbps,rate_accounting_fps,frames,num_frames,num_transitions,LPIPS,DISTS,PSNR,SSIM,MS_SSIM,FloLPIPS,PSNR_from_aggregate_MSE,processing_canvas,metric_crop,ec_part,identity_P,identity_P_exact,proxy_max_abs,compression_hash_before,compression_hash_after,reconstruction_sha256,independent_decode_pass,state_sync_pass,real_RANS,bytes_consumed,bitstream_path,bitstream_sha256,feature_path,feature_sha256,loaded_receiver_module_hashes,revision,branch,checkpoint_update,dataset,validation_split,method,external_qp,QP,video_index,video,source_sha256,source_rgb_sha256,checkpoint,checkpoint_sha256,frame_metrics_path,frame_metrics_sha256,transitions_path,transitions_sha256,bits,actual_qps,force_zero_thres,physical_gpu,elapsed_seconds,proxy_RGB_L1,proxy_RGB_MSE,proxy_edge_difference,proxy_edge_definition
13023,13023,3255.75,0.001570095486111111,97.6725,30.0,32,32,31,0.14290530607104301,0.11379018984735012,25.139487104548405,0.940417094156146,0.8524648994207382,0.1681880191449196,25.139487104548405,"[1920, 1088]","[1920, 1080]",1,False,,0.1760527491569519,0f0c0e2358ceec024230154da4777ed5c444a8382af1ec9d7165f3d7886141cf,0f0c0e2358ceec024230154da4777ed5c444a8382af1ec9d7165f3d7886141cf,d30f76b3efa1217b21ca995e9aba37032d52e8e94932f0ca789880571db4aac3,True,True,True,13023,/Huang_group/zyyz/Projects/GVC-RT/experiments/gvcrt_neural_wrapper_v6_2_objective_calibration/bitstreams/fullqp/schedule_s1p0/step_1000/normal/video_00_qp0.bin,4048bd8bb47f29c8dd907034b0d5af4fac91f950075c1f916602bf42916ec9ff,/Huang_group/zyyz/Projects/GVC-RT/experiments/gvcrt_neural_wrapper_v6_2_objective_calibration/features/fullqp/schedule_s1p0/step_1000/normal/video_00_qp0.npz,2f14f6cd34b203400d2c7e5d5265d652386f83466147bf722c5670b2f84f6085,"{'bridge': '7394950d15fd97433ae4b017e4681bfc80143eb889910a34ed17b625ba08bcc9', 'generator': '97bf13e3c9e3693dc36e38e80ad0520349b58ba0320151a2fe2abcf43523b3ef'}",fullqp_schedule_v1,schedule_s1p0,1000,normal,normal,schedule_s1p0,0,0,0,264affb7-349d-48b5-850c-dc78d11c8f87,6d987ab116878342980f1e54264853c26029abc6d555fd625d887e25c4ccbbc8,9b6405c1978197158452bd1ed3cf2b5135df054756a47ea73e38c71c58d7c268,/Huang_group/zyyz/Projects/GVC-RT/experiments/gvcrt_neural_wrapper_v6_2_objective_calibration/branches/schedule_s1p0/checkpoints/step_1000.pt,fe63a6f00ca6bae59b23c8683146dbe64b6be67c1463a552af851bbfc31e9cba,/Huang_group/zyyz/Projects/GVC-RT/experiments/gvcrt_neural_wrapper_v6_2_objective_calibration/parts/fullqp/schedule_s1p0/step_1000/normal/video_00_qp0.frames.csv,2be5b3369fe62d269f724ed69c17f0f87b59e1f74fea86f61053e123d6e7923b,/Huang_group/zyyz/Projects/GVC-RT/experiments/gvcrt_neural_wrapper_v6_2_objective_calibration/features/fullqp/schedule_s1p0/step_1000/normal/video_00_qp0.transitions.csv,2013b00af170912a37feeb072f46d750cb3c9004aada570496de70e1ab74dc30,104184,"[0, 2, 0, 1, 0, 1, 0, 1, 0, 2, 0, 1, 0, 1, 0, 1, 0, 2, 0, 1, 0, 1, 0, 1, 0, 2, 0, 1, 0, 1, 0, 1]",0.12,4,21.903248071670532,0.04854391980916262,0.003552208698238246,0.0028468335440265946,Mean absolute RGB horizontal/vertical first-difference change
23145,23145,5786.25,0.0027904369212962965,173.5875,30.0,32,32,31,0.11678638076409698,0.10895763523876667,25.995831125633515,0.9501790106296539,0.8837711922824383,0.1392507002718987,25.995831125633515,"[1920, 1088]","[1920, 1080]",1,False,,0.1760527491569519,0f0c0e2358ceec024230154da4777ed5c444a8382af1ec9d7165f3d7886141cf,0f0c0e2358ceec024230154da4777ed5c444a8382af1ec9d7165f3d7886141cf,50a7e04befe6543369958d959dadd9ebdae53b1d31ffefe2f8709a84fdc2b829,True,True,True,23145,/Huang_group/zyyz/Projects/GVC-RT/experiments/gvcrt_neural_wrapper_v6_2_objective_calibration/bitstreams/fullqp/schedule_s1p0/step_1000/normal/video_00_qp2.bin,1ae3552522ada37db791e5b04309d6a1b1aca715fce753610b2994efc4920814,/Huang_group/zyyz/Projects/GVC-RT/experiments/gvcrt_neural_wrapper_v6_2_objective_calibration/features/fullqp/schedule_s1p0/step_1000/normal/video_00_qp2.npz,005c4a4806567b5595c0dee6bd311b390da396b9b601eb30de72621727b37866,"{'bridge': '7394950d15fd97433ae4b017e4681bfc80143eb889910a34ed17b625ba08bcc9', 'generator': '97bf13e3c9e3693dc36e38e80ad0520349b58ba0320151a2fe2abcf43523b3ef'}",fullqp_schedule_v1,schedule_s1p0,1000,normal,normal,schedule_s1p0,2,2,0,264affb7-349d-48b5-850c-dc78d11c8f87,6d987ab116878342980f1e54264853c26029abc6d555fd625d887e25c4ccbbc8,9b6405c1978197158452bd1ed3cf2b5135df054756a47ea73e38c71c58d7c268,/Huang_group/zyyz/Projects/GVC-RT/experiments/gvcrt_neural_wrapper_v6_2_objective_calibration/branches/schedule_s1p0/checkpoints/step_1000.pt,fe63a6f00ca6bae59b23c8683146dbe64b6be67c1463a552af851bbfc31e9cba,/Huang_group/zyyz/Projects/GVC-RT/experiments/gvcrt_neural_wrapper_v6_2_objective_calibration/parts/fullqp/schedule_s1p0/step_1000/normal/video_00_qp2.frames.csv,8261e087f07836184b44b4eed11ffc4e1e81f377c4e6122c1b836dd3b9cc51b6,/Huang_group/zyyz/Projects/GVC-RT/experiments/gvcrt_neural_wrapper_v6_2_objective_calibration/features/fullqp/schedule_s1p0/step_1000/normal/video_00_qp2.transitions.csv,5b64035623b4619bf211da385a3a22f31ccbf49972eb38d1fd6f9eea5a51b7ce,185160,"[2, 4, 2, 3, 2, 3, 2, 3, 2, 4, 2, 3, 2, 3, 2, 3, 2, 4, 2, 3, 2, 3, 2, 3, 2, 4, 2, 3, 2, 3, 2, 3]",0.12,4,21.844408988952637,0.04854391980916262,0.003552208698238246,0.0028468335440265946,Mean absolute RGB horizontal/vertical first-difference change
42765,42765,10691.25,0.005155888310185185,320.7375,30.0,32,32,31,0.09531121188774705,0.0945788137614727,26.95430110373541,0.9591896068304777,0.9110398832708597,0.11618806205449565,26.95430110373541,"[1920, 1088]","[1920, 1080]",1,False,,0.1760527491569519,0f0c0e2358ceec024230154da4777ed5c444a8382af1ec9d7165f3d7886141cf,0f0c0e2358ceec024230154da4777ed5c444a8382af1ec9d7165f3d7886141cf,6d9fa8102635938e7355a31079d8ebdfa8ef64ebcf2f856910d3f08b8cc70836,True,True,True,42765,/Huang_group/zyyz/Projects/GVC-RT/experiments/gvcrt_neural_wrapper_v6_2_objective_calibration/bitstreams/fullqp/schedule_s1p0/step_1000/normal/video_00_qp4.bin,6fb8a53a3922add8ad0f230e1827731bec6d3c99d8e63c84930bea3d961705e9,/Huang_group/zyyz/Projects/GVC-RT/experiments/gvcrt_neural_wrapper_v6_2_objective_calibration/features/fullqp/schedule_s1p0/step_1000/normal/video_00_qp4.npz,13d483ee50caf32b7b6aebaa553f6b9ec1be17b7703e8e85c3ddd5b36a70e4cf,"{'bridge': '7394950d15fd97433ae4b017e4681bfc80143eb889910a34ed17b625ba08bcc9', 'generator': '97bf13e3c9e3693dc36e38e80ad0520349b58ba0320151a2fe2abcf43523b3ef'}",fullqp_schedule_v1,schedule_s1p0,1000,normal,normal,schedule_s1p0,4,4,0,264affb7-349d-48b5-850c-dc78d11c8f87,6d987ab116878342980f1e54264853c26029abc6d555fd625d887e25c4ccbbc8,9b6405c1978197158452bd1ed3cf2b5135df054756a47ea73e38c71c58d7c268,/Huang_group/zyyz/Projects/GVC-RT/experiments/gvcrt_neural_wrapper_v6_2_objective_calibration/branches/schedule_s1p0/checkpoints/step_1000.pt,fe63a6f00ca6bae59b23c8683146dbe64b6be67c1463a552af851bbfc31e9cba,/Huang_group/zyyz/Projects/GVC-RT/experiments/gvcrt_neural_wrapper_v6_2_objective_calibration/parts/fullqp/schedule_s1p0/step_1000/normal/video_00_qp4.frames.csv,825cc2a5e1e1de30b1463f179574355c55a48da1a1cd7780505e60055a2fa670,/Huang_group/zyyz/Projects/GVC-RT/experiments/gvcrt_neural_wrapper_v6_2_objective_calibration/features/fullqp/schedule_s1p0/step_1000/normal/video_00_qp4.transitions.csv,e52bcc29986d87241a7a52395c14b2f4bfd81f21fc999ba0eadf8627a7ea86d0,342120,"[4, 6, 4, 5, 4, 5, 4, 5, 4, 6, 4, 5, 4, 5, 4, 5, 4, 6, 4, 5, 4, 5, 4, 5, 4, 6, 4, 5, 4, 5, 4, 5]",0.12,4,21.58009386062622,0.04854391980916262,0.003552208698238246,0.0028468335440265946,Mean absolute RGB horizontal/vertical first-difference change
70459,70459,17614.75,0.008494767554012345,528.4425,30.0,32,32,31,0.08253043470904231,0.08750269748270512,27.58027391353528,0.9643026757985353,0.9284401033073664,0.10051645891320321,27.58027391353528,"[1920, 1088]","[1920, 1080]",1,False,,0.1760527491569519,0f0c0e2358ceec024230154da4777ed5c444a8382af1ec9d7165f3d7886141cf,0f0c0e2358ceec024230154da4777ed5c444a8382af1ec9d7165f3d7886141cf,5d09365796e9010d84ece963651123cb3f1bd7425461c8c3a692a02140226d23,True,True,True,70459,/Huang_group/zyyz/Projects/GVC-RT/experiments/gvcrt_neural_wrapper_v6_2_objective_calibration/bitstreams/fullqp/schedule_s1p0/step_1000/normal/video_00_qp6.bin,d8b8821134f9ac884f7c89e2af00053957c6860ec3864b66d20cfbe6ccef33a8,/Huang_group/zyyz/Projects/GVC-RT/experiments/gvcrt_neural_wrapper_v6_2_objective_calibration/features/fullqp/schedule_s1p0/step_1000/normal/video_00_qp6.npz,780e4e549ebfee1fe5f19572e4f706378f8e666d3297d306e62d0fcdce9c2e69,"{'bridge': '7394950d15fd97433ae4b017e4681bfc80143eb889910a34ed17b625ba08bcc9', 'generator': '97bf13e3c9e3693dc36e38e80ad0520349b58ba0320151a2fe2abcf43523b3ef'}",fullqp_schedule_v1,schedule_s1p0,1000,normal,normal,schedule_s1p0,6,6,0,264affb7-349d-48b5-850c-dc78d11c8f87,6d987ab116878342980f1e54264853c26029abc6d555fd625d887e25c4ccbbc8,9b6405c1978197158452bd1ed3cf2b5135df054756a47ea73e38c71c58d7c268,/Huang_group/zyyz/Projects/GVC-RT/experiments/gvcrt_neural_wrapper_v6_2_objective_calibration/branches/schedule_s1p0/checkpoints/step_1000.pt,fe63a6f00ca6bae59b23c8683146dbe64b6be67c1463a552af851bbfc31e9cba,/Huang_group/zyyz/Projects/GVC-RT/experiments/gvcrt_neural_wrapper_v6_2_objective_calibration/parts/fullqp/schedule_s1p0/step_1000/normal/video_00_qp6.frames.csv,2866c9dfdb3c1be0b385dfdf0a4e8645b802f21c520045075b1f6fa208f0cb0d,/Huang_group/zyyz/Projects/GVC-RT/experiments/gvcrt_neural_wrapper_v6_2_objective_calibration/features/fullqp/schedule_s1p0/step_1000/normal/video_00_qp6.transitions.csv,7cf0472bf031715fe874f2a13b24b5e4a177a58015933b34c9a7d295363d3136,563672,"[6, 8, 6, 7, 6, 7, 6, 7, 6, 8, 6, 7, 6, 7, 6, 7, 6, 8, 6, 7, 6, 7, 6, 7, 6, 8, 6, 7, 6, 7, 6, 7]",0.12,4,22.64284062385559,0.04854391980916262,0.003552208698238246,0.0028468335440265946,Mean absolute RGB horizontal/vertical first-difference change
105047,105047,26261.75,0.01266480999228395,787.8525,30.0,32,32,31,0.07417033077217638,0.08023715950548649,28.063983890349384,0.967739000916481,0.9388904739171267,0.08999212807224642,28.063983890349384,"[1920, 1088]","[1920, 1080]",1,False,,0.1760527491569519,0f0c0e2358ceec024230154da4777ed5c444a8382af1ec9d7165f3d7886141cf,0f0c0e2358ceec024230154da4777ed5c444a8382af1ec9d7165f3d7886141cf,c0cd062b8fba23420fa6aa5226b17ca4e95440ad43c0f532f0b687ab08fcdfb9,True,True,True,105047,/Huang_group/zyyz/Projects/GVC-RT/experiments/gvcrt_neural_wrapper_v6_2_objective_calibration/bitstreams/fullqp/schedule_s1p0/step_1000/normal/video_00_qp8.bin,9fa737a5b17142719bf3ffa86e518feae24402466aa2f390cb0cc3be6ba0b4e3,/Huang_group/zyyz/Projects/GVC-RT/experiments/gvcrt_neural_wrapper_v6_2_objective_calibration/features/fullqp/schedule_s1p0/step_1000/normal/video_00_qp8.npz,824fa4738b56896651b9d2ad24043f72823568f8c5899c24b1f896bb50f9b841,"{'bridge': '7394950d15fd97433ae4b017e4681bfc80143eb889910a34ed17b625ba08bcc9', 'generator': '97bf13e3c9e3693dc36e38e80ad0520349b58ba0320151a2fe2abcf43523b3ef'}",fullqp_schedule_v1,schedule_s1p0,1000,normal,normal,schedule_s1p0,8,8,0,264affb7-349d-48b5-850c-dc78d11c8f87,6d987ab116878342980f1e54264853c26029abc6d555fd625d887e25c4ccbbc8,9b6405c1978197158452bd1ed3cf2b5135df054756a47ea73e38c71c58d7c268,/Huang_group/zyyz/Projects/GVC-RT/experiments/gvcrt_neural_wrapper_v6_2_objective_calibration/branches/schedule_s1p0/checkpoints/step_1000.pt,fe63a6f00ca6bae59b23c8683146dbe64b6be67c1463a552af851bbfc31e9cba,/Huang_group/zyyz/Projects/GVC-RT/experiments/gvcrt_neural_wrapper_v6_2_objective_calibration/parts/fullqp/schedule_s1p0/step_1000/normal/video_00_qp8.frames.csv,8173cb97586373200822e559cdd52143c1be5e3f5afab6abd695c09042400394,/Huang_group/zyyz/Projects/GVC-RT/experiments/gvcrt_neural_wrapper_v6_2_objective_calibration/features/fullqp/schedule_s1p0/step_1000/normal/video_00_qp8.transitions.csv,f54e115fc39af8db6fb4f9c372caf473404cf0af8d6293f9f9c531973d0a5adc,840376,"[8, 10, 8, 9, 8, 9, 8, 9, 8, 10, 8, 9, 8, 9, 8, 9, 8, 10, 8, 9, 8, 9, 8, 9, 8, 10, 8, 9, 8, 9, 8, 9]",0.12,4,21.85824227333069,0.04854391980916262,0.003552208698238246,0.0028468335440265946,Mean absolute RGB horizontal/vertical first-difference change
124136,124136,31034.0,0.014966242283950618,931.02,30.0,32,32,31,0.0713626763317734,0.07769430428743362,28.275042364888847,0.9691239520907402,0.9425247292965651,0.08712028471692916,28.275042364888847,"[1920, 1088]","[1920, 1080]",1,False,,0.1760527491569519,0f0c0e2358ceec024230154da4777ed5c444a8382af1ec9d7165f3d7886141cf,0f0c0e2358ceec024230154da4777ed5c444a8382af1ec9d7165f3d7886141cf,b8f85c8086e5fa36cbc71ed9231adedf14c9f5e20ae8097ff13389329c3bf09c,True,True,True,124136,/Huang_group/zyyz/Projects/GVC-RT/experiments/gvcrt_neural_wrapper_v6_2_objective_calibration/bitstreams/fullqp/schedule_s1p0/step_1000/normal/video_00_qp9.bin,c6fb693f80977f2e7e857be6175b192c84aa6f2a5d64b74f0c5ec6d8091333e8,/Huang_group/zyyz/Projects/GVC-RT/experiments/gvcrt_neural_wrapper_v6_2_objective_calibration/features/fullqp/schedule_s1p0/step_1000/normal/video_00_qp9.npz,d522c2b9e0c89f434411e2d8fa1aad788f89a73314e324bf82b5f279f256bf66,"{'bridge': '7394950d15fd97433ae4b017e4681bfc80143eb889910a34ed17b625ba08bcc9', 'generator': '97bf13e3c9e3693dc36e38e80ad0520349b58ba0320151a2fe2abcf43523b3ef'}",fullqp_schedule_v1,schedule_s1p0,1000,normal,normal,schedule_s1p0,9,9,0,264affb7-349d-48b5-850c-dc78d11c8f87,6d987ab116878342980f1e54264853c26029abc6d555fd625d887e25c4ccbbc8,9b6405c1978197158452bd1ed3cf2b5135df054756a47ea73e38c71c58d7c268,/Huang_group/zyyz/Projects/GVC-RT/experiments/gvcrt_neural_wrapper_v6_2_objective_calibration/branches/schedule_s1p0/checkpoints/step_1000.pt,fe63a6f00ca6bae59b23c8683146dbe64b6be67c1463a552af851bbfc31e9cba,/Huang_group/zyyz/Projects/GVC-RT/experiments/gvcrt_neural_wrapper_v6_2_objective_calibration/parts/fullqp/schedule_s1p0/step_1000/normal/video_00_qp9.frames.csv,47877758759138276cc348efba8d97c363829b036e4411d0634403636e173df8,/Huang_group/zyyz/Projects/GVC-RT/experiments/gvcrt_neural_wrapper_v6_2_objective_calibration/features/fullqp/schedule_s1p0/step_1000/normal/video_00_qp9.transitions.csv,62aacf8e472f84074bef76ecfd2b5daf68803d466338b93325b8e14425ba1d04,993088,"[9, 11, 9, 10, 9, 10, 9, 10, 9, 11, 9, 10, 9, 10, 9, 10, 9, 11, 9, 10, 9, 10, 9, 10, 9, 11, 9, 10, 9, 10, 9, 10]",0.12,4,21.01179337501526,0.04854391980916262,0.003552208698238246,0.0028468335440265946,Mean absolute RGB horizontal/vertical first-difference change
10827,10827,2706.75,0.0013053385416666667,81.12137862137862,29.97002997002997,32,32,31,0.10717602772638202,0.12092038244009018,25.475156944737734,0.9397801570594311,0.8640243522822857,0.024233090180543163,25.475156944737734,"[1920, 1088]","[1920, 1080]",1,False,,0.23451054096221924,0f0c0e2358ceec024230154da4777ed5c444a8382af1ec9d7165f3d7886141cf,0f0c0e2358ceec024230154da4777ed5c444a8382af1ec9d7165f3d7886141cf,52812a84cf133bdbe8e6a2dc272298d212d619123f1d1a243df1f2c80a3546f1,True,True,True,10827,/Huang_group/zyyz/Projects/GVC-RT/experiments/gvcrt_neural_wrapper_v6_2_objective_calibration/bitstreams/fullqp/schedule_s1p0/step_1000/normal/video_01_qp0.bin,8b2dfa0a3defdbe6cf2052043e76950220068dcb751d96c318940cbf0832e84d,/Huang_group/zyyz/Projects/GVC-RT/experiments/gvcrt_neural_wrapper_v6_2_objective_calibration/features/fullqp/schedule_s1p0/step_1000/normal/video_01_qp0.npz,17a45832895b8ba6d3bdf434aea2bb1c23cc6e28e78eace84c10683b0365dcc4,"{'bridge': '7394950d15fd97433ae4b017e4681bfc80143eb889910a34ed17b625ba08bcc9', 'generator': '97bf13e3c9e3693dc36e38e80ad0520349b58ba0320151a2fe2abcf43523b3ef'}",fullqp_schedule_v1,schedule_s1p0,1000,normal,normal,schedule_s1p0,0,0,1,1e1e0718-1ed3-4dde-b897-09cf61914ab0,954066cac744c83d986b3ee643711dadc72cec9ee18c4c9c05def062ae8d3240,27e077ac62595b0c70a6a2eae0ed3ecb2d36f723f14c86486503c6f7513405fb,/Huang_group/zyyz/Projects/GVC-RT/experiments/gvcrt_neural_wrapper_v6_2_objective_calibration/branches/schedule_s1p0/checkpoints/step_1000.pt,fe63a6f00ca6bae59b23c8683146dbe64b6be67c1463a552af851bbfc31e9cba,/Huang_group/zyyz/Projects/GVC-RT/experiments/gvcrt_neural_wrapper_v6_2_objective_calibration/parts/fullqp/schedule_s1p0/step_1000/normal/video_01_qp0.frames.csv,309fb5e4bdf5b00eb7ce219d426b73deb51cb0900eafbd907bd71844d904f862,/Huang_group/zyyz/Projects/GVC-RT/experiments/gvcrt_neural_wrapper_v6_2_objective_calibration/features/fullqp/schedule_s1p0/step_1000/normal/video_01_qp0.transitions.csv,c3a783405f3308d06d8250bf6fb898ae384153f118a134460f735a4ffb541bc0,86616,"[0, 2, 0, 1, 0, 1, 0, 1, 0, 2, 0, 1, 0, 1, 0, 1, 0, 2, 0, 1, 0, 1, 0, 1, 0, 2, 0, 1, 0, 1, 0, 1]",0.12,6,22.528928995132446,0.08041021227836609,0.008666903304401785,0.002711711007577833,Mean absolute RGB horizontal/vertical first-difference change
12802,12802,3200.5,0.0015434510030864197,95.91908091908093,29.97002997002997,32,32,31,0.0893772675190121,0.10732448473572731,26.317477772992582,0.9509264566004276,0.8905557785183191,0.0168073158711195,26.317477772992582,"[1920, 1088]","[1920, 1080]",1,False,,0.23451054096221924,0f0c0e2358ceec024230154da4777ed5c444a8382af1ec9d7165f3d7886141cf,0f0c0e2358ceec024230154da4777ed5c444a8382af1ec9d7165f3d7886141cf,2aefbc452997a7455054d226e072d6d04fc6601e78aa97551542ea6d5758373f,True,True,True,12802,/Huang_group/zyyz/Projects/GVC-RT/experiments/gvcrt_neural_wrapper_v6_2_objective_calibration/bitstreams/fullqp/schedule_s1p0/step_1000/normal/video_01_qp2.bin,bef5024d07c5c7cc1a0deb2edab94c0e15d1133df534179160f1dc3e6da8faf4,/Huang_group/zyyz/Projects/GVC-RT/experiments/gvcrt_neural_wrapper_v6_2_objective_calibration/features/fullqp/schedule_s1p0/step_1000/normal/video_01_qp2.npz,c729c401fe7a2ead675a98dd25411085b843a93e3587a1225b196ae684713d03,"{'bridge': '7394950d15fd97433ae4b017e4681bfc80143eb889910a34ed17b625ba08bcc9', 'generator': '97bf13e3c9e3693dc36e38e80ad0520349b58ba0320151a2fe2abcf43523b3ef'}",fullqp_schedule_v1,schedule_s1p0,1000,normal,normal,schedule_s1p0,2,2,1,1e1e0718-1ed3-4dde-b897-09cf61914ab0,954066cac744c83d986b3ee643711dadc72cec9ee18c4c9c05def062ae8d3240,27e077ac62595b0c70a6a2eae0ed3ecb2d36f723f14c86486503c6f7513405fb,/Huang_group/zyyz/Projects/GVC-RT/experiments/gvcrt_neural_wrapper_v6_2_objective_calibration/branches/schedule_s1p0/checkpoints/step_1000.pt,fe63a6f00ca6bae59b23c8683146dbe64b6be67c1463a552af851bbfc31e9cba,/Huang_group/zyyz/Projects/GVC-RT/experiments/gvcrt_neural_wrapper_v6_2_objective_calibration/parts/fullqp/schedule_s1p0/step_1000/normal/video_01_qp2.frames.csv,27781d52dbd0e12078564942e716229f800f03f31cba6d34a1cea17ec3427393,/Huang_group/zyyz/Projects/GVC-RT/experiments/gvcrt_neural_wrapper_v6_2_objective_calibration/features/fullqp/schedule_s1p0/step_1000/normal/video_01_qp2.transitions.csv,b09f611ff7df7f905ed24cc0e927860bb5a5942b29d2d0d35ec5826d9e28a504,102416,"[2, 4, 2, 3, 2, 3, 2, 3, 2, 4, 2, 3, 2, 3, 2, 3, 2, 4, 2, 3, 2, 3, 2, 3, 2, 4, 2, 3, 2, 3, 2, 3]",0.12,6,20.64102530479431,0.08041021227836609,0.008666903304401785,0.002711711007577833,Mean absolute RGB horizontal/vertical first-difference change
19783,19783,4945.75,0.002385103202160494,148.22427572427574,29.97002997002997,32,32,31,0.07692423812113702,0.0965735986828804,27.037977308612298,0.9582104664295912,0.9114744290709496,0.015510845388616286,27.037977308612298,"[1920, 1088]","[1920, 1080]",1,False,,0.23451054096221924,0f0c0e2358ceec024230154da4777ed5c444a8382af1ec9d7165f3d7886141cf,0f0c0e2358ceec024230154da4777ed5c444a8382af1ec9d7165f3d7886141cf,d24018125740163cf62374ef8d74482b81dc9db646ec4d80ade04fdd98ad690a,True,True,True,19783,/Huang_group/zyyz/Projects/GVC-RT/experiments/gvcrt_neural_wrapper_v6_2_objective_calibration/bitstreams/fullqp/schedule_s1p0/step_1000/normal/video_01_qp4.bin,b6aff67e05c4a1c143af1ee446f7ca70ce1d8c6c1eb98d2e24b03b14638a46d6,/Huang_group/zyyz/Projects/GVC-RT/experiments/gvcrt_neural_wrapper_v6_2_objective_calibration/features/fullqp/schedule_s1p0/step_1000/normal/video_01_qp4.npz,a8201157d5a54b99288169d6ca42e2f2694d6375008408998854c368cb394fa7,"{'bridge': '7394950d15fd97433ae4b017e4681bfc80143eb889910a34ed17b625ba08bcc9', 'generator': '97bf13e3c9e3693dc36e38e80ad0520349b58ba0320151a2fe2abcf43523b3ef'}",fullqp_schedule_v1,schedule_s1p0,1000,normal,normal,schedule_s1p0,4,4,1,1e1e0718-1ed3-4dde-b897-09cf61914ab0,954066cac744c83d986b3ee643711dadc72cec9ee18c4c9c05def062ae8d3240,27e077ac62595b0c70a6a2eae0ed3ecb2d36f723f14c86486503c6f7513405fb,/Huang_group/zyyz/Projects/GVC-RT/experiments/gvcrt_neural_wrapper_v6_2_objective_calibration/branches/schedule_s1p0/checkpoints/step_1000.pt,fe63a6f00ca6bae59b23c8683146dbe64b6be67c1463a552af851bbfc31e9cba,/Huang_group/zyyz/Projects/GVC-RT/experiments/gvcrt_neural_wrapper_v6_2_objective_calibration/parts/fullqp/schedule_s1p0/step_1000/normal/video_01_qp4.frames.csv,0ed53d59db33f10be8757b700f3f22d73f3f88ba8c536b84dd04340b3d75f01b,/Huang_group/zyyz/Projects/GVC-RT/experiments/gvcrt_neural_wrapper_v6_2_objective_calibration/features/fullqp/schedule_s1p0/step_1000/normal/video_01_qp4.transitions.csv,c7ab6d1a5b0973105b64d32204ae606140e62a2dd55b0c8853717a8b0d907017,158264,"[4, 6, 4, 5, 4, 5, 4, 5, 4, 6, 4, 5, 4, 5, 4, 5, 4, 6, 4, 5, 4, 5, 4, 5, 4, 6, 4, 5, 4, 5, 4, 5]",0.12,6,20.52876853942871,0.08041021227836609,0.008666903304401785,0.002711711007577833,Mean absolute RGB horizontal/vertical first-difference change
29435,29435,7358.75,0.003548779899691358,220.54195804195805,29.97002997002997,32,32,31,0.06936829397454858,0.0870119109749794,27.55011610512358,0.9627482909709215,0.9262500032782555,0.01496141055418599,27.55011610512358,"[1920, 1088]","[1920, 1080]",1,False,,0.23451054096221924,0f0c0e2358ceec024230154da4777ed5c444a8382af1ec9d7165f3d7886141cf,0f0c0e2358ceec024230154da4777ed5c444a8382af1ec9d7165f3d7886141cf,78c4534e568a61fc356a6405f49d8616943af237463fcf9cb8dc9a5bcae131b9,True,True,True,29435,/Huang_group/zyyz/Projects/GVC-RT/experiments/gvcrt_neural_wrapper_v6_2_objective_calibration/bitstreams/fullqp/schedule_s1p0/step_1000/normal/video_01_qp6.bin,75703203c8666a66b74e60c39ec619f24f20875d99a81cabf20217271cc5e8bc,/Huang_group/zyyz/Projects/GVC-RT/experiments/gvcrt_neural_wrapper_v6_2_objective_calibration/features/fullqp/schedule_s1p0/step_1000/normal/video_01_qp6.npz,70e4d61e5de4aeaf867f73735436bf0c673d167486de47280d35626c1a6a68ca,"{'bridge': '7394950d15fd97433ae4b017e4681bfc80143eb889910a34ed17b625ba08bcc9', 'generator': '97bf13e3c9e3693dc36e38e80ad0520349b58ba0320151a2fe2abcf43523b3ef'}",fullqp_schedule_v1,schedule_s1p0,1000,normal,normal,schedule_s1p0,6,6,1,1e1e0718-1ed3-4dde-b897-09cf61914ab0,954066cac744c83d986b3ee643711dadc72cec9ee18c4c9c05def062ae8d3240,27e077ac62595b0c70a6a2eae0ed3ecb2d36f723f14c86486503c6f7513405fb,/Huang_group/zyyz/Projects/GVC-RT/experiments/gvcrt_neural_wrapper_v6_2_objective_calibration/branches/schedule_s1p0/checkpoints/step_1000.pt,fe63a6f00ca6bae59b23c8683146dbe64b6be67c1463a552af851bbfc31e9cba,/Huang_group/zyyz/Projects/GVC-RT/experiments/gvcrt_neural_wrapper_v6_2_objective_calibration/parts/fullqp/schedule_s1p0/step_1000/normal/video_01_qp6.frames.csv,bb516180e594d62a173fac4b3d0e5a4c424356a14b58c97d84f684f10ebee141,/Huang_group/zyyz/Projects/GVC-RT/experiments/gvcrt_neural_wrapper_v6_2_objective_calibration/features/fullqp/schedule_s1p0/step_1000/normal/video_01_qp6.transitions.csv,395f94b3601537b12a8441837b672b1846b627b26ca82aabb16715c7a8931106,235480,"[6, 8, 6, 7, 6, 7, 6, 7, 6, 8, 6, 7, 6, 7, 6, 7, 6, 8, 6, 7, 6, 7, 6, 7, 6, 8, 6, 7, 6, 7, 6, 7]",0.12,6,20.567516088485718,0.08041021227836609,0.008666903304401785,0.002711711007577833,Mean absolute RGB horizontal/vertical first-difference change
43459,43459,10864.75,0.005239559220679012,325.6168831168831,29.97002997002997,32,32,31,0.06403617281466722,0.08578506298363209,27.670820201725338,0.9649180378764868,0.9354204293340445,0.01431121376733626,27.670820201725338,"[1920, 1088]","[1920, 1080]",1,False,,0.23451054096221924,0f0c0e2358ceec024230154da4777ed5c444a8382af1ec9d7165f3d7886141cf,0f0c0e2358ceec024230154da4777ed5c444a8382af1ec9d7165f3d7886141cf,008a3183081476892641cf57aa75aa2b7d6b2ab08ecb3c3fc7356118596c240b,True,True,True,43459,/Huang_group/zyyz/Projects/GVC-RT/experiments/gvcrt_neural_wrapper_v6_2_objective_calibration/bitstreams/fullqp/schedule_s1p0/step_1000/normal/video_01_qp8.bin,7a3e6225d8088bc5f5b8c7b06f2f21f7097c9a3cf5945afb51456dbc457dc3e4,/Huang_group/zyyz/Projects/GVC-RT/experiments/gvcrt_neural_wrapper_v6_2_objective_calibration/features/fullqp/schedule_s1p0/step_1000/normal/video_01_qp8.npz,b1aa98a26671cc110d986f0cbdd9dec94c7dbd8319c0a732d44cc6a69728279a,"{'bridge': '7394950d15fd97433ae4b017e4681bfc80143eb889910a34ed17b625ba08bcc9', 'generator': '97bf13e3c9e3693dc36e38e80ad0520349b58ba0320151a2fe2abcf43523b3ef'}",fullqp_schedule_v1,schedule_s1p0,1000,normal,normal,schedule_s1p0,8,8,1,1e1e0718-1ed3-4dde-b897-09cf61914ab0,954066cac744c83d986b3ee643711dadc72cec9ee18c4c9c05def062ae8d3240,27e077ac62595b0c70a6a2eae0ed3ecb2d36f723f14c86486503c6f7513405fb,/Huang_group/zyyz/Projects/GVC-RT/experiments/gvcrt_neural_wrapper_v6_2_objective_calibration/branches/schedule_s1p0/checkpoints/step_1000.pt,fe63a6f00ca6bae59b23c8683146dbe64b6be67c1463a552af851bbfc31e9cba,/Huang_group/zyyz/Projects/GVC-RT/experiments/gvcrt_neural_wrapper_v6_2_objective_calibration/parts/fullqp/schedule_s1p0/step_1000/normal/video_01_qp8.frames.csv,de1d976fc075b657ca5fb1f25135df5970197ce9a8accd5bd4cb446c3fde2ee1,/Huang_group/zyyz/Projects/GVC-RT/experiments/gvcrt_neural_wrapper_v6_2_objective_calibration/features/fullqp/schedule_s1p0/step_1000/normal/video_01_qp8.transitions.csv,5f918603db9b335c6eed5ea32541de79ca34636eaff23d7115d5fbba4d33796d,347672,"[8, 10, 8, 9, 8, 9, 8, 9, 8, 10, 8, 9, 8, 9, 8, 9, 8, 10, 8, 9, 8, 9, 8, 9, 8, 10, 8, 9, 8, 9, 8, 9]",0.12,6,20.54355525970459,0.08041021227836609,0.008666903304401785,0.002711711007577833,Mean absolute RGB horizontal/vertical first-difference change
53075,53075,13268.75,0.006398895640432099,397.66483516483515,29.97002997002997,32,32,31,0.06258704513311386,0.08992230147123337,27.666729020363917,0.9654309917241335,0.9382616840302944,0.014113227446233072,27.666729020363917,"[1920, 1088]","[1920, 1080]",1,False,,0.23451054096221924,0f0c0e2358ceec024230154da4777ed5c444a8382af1ec9d7165f3d7886141cf,0f0c0e2358ceec024230154da4777ed5c444a8382af1ec9d7165f3d7886141cf,e1391e3b3851e46fb085a89a3a45b882036a2a0fd3bc48238362068cd3289b11,True,True,True,53075,/Huang_group/zyyz/Projects/GVC-RT/experiments/gvcrt_neural_wrapper_v6_2_objective_calibration/bitstreams/fullqp/schedule_s1p0/step_1000/normal/video_01_qp9.bin,cc659e7b4b5b7b97dfbe4e87190db8405f44f228bb363ab04b4b5e3d79bc4e49,/Huang_group/zyyz/Projects/GVC-RT/experiments/gvcrt_neural_wrapper_v6_2_objective_calibration/features/fullqp/schedule_s1p0/step_1000/normal/video_01_qp9.npz,710fb4ad117963270135167807d6d0758cb806faec3a125a69a830a04d9163ec,"{'bridge': '7394950d15fd97433ae4b017e4681bfc80143eb889910a34ed17b625ba08bcc9', 'generator': '97bf13e3c9e3693dc36e38e80ad0520349b58ba0320151a2fe2abcf43523b3ef'}",fullqp_schedule_v1,schedule_s1p0,1000,normal,normal,schedule_s1p0,9,9,1,1e1e0718-1ed3-4dde-b897-09cf61914ab0,954066cac744c83d986b3ee643711dadc72cec9ee18c4c9c05def062ae8d3240,27e077ac62595b0c70a6a2eae0ed3ecb2d36f723f14c86486503c6f7513405fb,/Huang_group/zyyz/Projects/GVC-RT/experiments/gvcrt_neural_wrapper_v6_2_objective_calibration/branches/schedule_s1p0/checkpoints/step_1000.pt,fe63a6f00ca6bae59b23c8683146dbe64b6be67c1463a552af851bbfc31e9cba,/Huang_group/zyyz/Projects/GVC-RT/experiments/gvcrt_neural_wrapper_v6_2_objective_calibration/parts/fullqp/schedule_s1p0/step_1000/normal/video_01_qp9.frames.csv,9ef68cc23252c8d5ce2e856d9970023899c82d47606d51161de0bd1ec37bbfab,/Huang_group/zyyz/Projects/GVC-RT/experiments/gvcrt_neural_wrapper_v6_2_objective_calibration/features/fullqp/schedule_s1p0/step_1000/normal/video_01_qp9.transitions.csv,67b95f9072ed35c866939c1393874ff53ebd8114e7d81654e26e7071a13dfed7,424600,"[9, 11, 9, 10, 9, 10, 9, 10, 9, 11, 9, 10, 9, 10, 9, 10, 9, 11, 9, 10, 9, 10, 9, 10, 9, 11, 9, 10, 9, 10, 9, 10]",0.12,6,20.576989889144897,0.08041021227836609,0.008666903304401785,0.002711711007577833,Mean absolute RGB horizontal/vertical first-difference change
12199,12199,3049.75,0.001470751350308642,91.4925,30.0,32,32,31,0.24513166723772883,0.12613732181489468,23.250558696287577,0.9216787423938513,0.7621695604175329,0.21682278859999873,23.250558696287577,"[1920, 1088]","[1920, 1080]",1,False,,0.3194449543952942,0f0c0e2358ceec024230154da4777ed5c444a8382af1ec9d7165f3d7886141cf,0f0c0e2358ceec024230154da4777ed5c444a8382af1ec9d7165f3d7886141cf,492470002e70ce1014797f9e73a009e41ad7009e56f836a56a8f0614bf889071,True,True,True,12199,/Huang_group/zyyz/Projects/GVC-RT/experiments/gvcrt_neural_wrapper_v6_2_objective_calibration/bitstreams/fullqp/schedule_s1p0/step_1000/normal/video_02_qp0.bin,225eac5ce4a449ae35740c04e006c145f424bff9a86fd1e924b9c2b878788b76,/Huang_group/zyyz/Projects/GVC-RT/experiments/gvcrt_neural_wrapper_v6_2_objective_calibration/features/fullqp/schedule_s1p0/step_1000/normal/video_02_qp0.npz,814bf90b47aa4b0ae2593f17da95e12a0e48c82e7c006575747f3f4c1c02cff5,"{'bridge': '7394950d15fd97433ae4b017e4681bfc80143eb889910a34ed17b625ba08bcc9', 'generator': '97bf13e3c9e3693dc36e38e80ad0520349b58ba0320151a2fe2abcf43523b3ef'}",fullqp_schedule_v1,schedule_s1p0,1000,normal,normal,schedule_s1p0,0,0,2,0031fc12-5893-4920-b32e-01a2ea8fe7bc,c83b223f389043f2fd760dffcc652ffebefda813949b81fb6ff3560c592d60b5,a697638859a9e5676d68aff7b34ad593f176f2ca669016c75a5c699291e6ac31,/Huang_group/zyyz/Projects/GVC-RT/experiments/gvcrt_neural_wrapper_v6_2_objective_calibration/branches/schedule_s1p0/checkpoints/step_1000.pt,fe63a6f00ca6bae59b23c8683146dbe64b6be67c1463a552af851bbfc31e9cba,/Huang_group/zyyz/Projects/GVC-RT/experiments/gvcrt_neural_wrapper_v6_2_objective_calibration/parts/fullqp/schedule_s1p0/step_1000/normal/video_02_qp0.frames.csv,c2f59269fc6850bc38f1dd8da9460fcb409455e1cbf00cc329b26e191c56b96a,/Huang_group/zyyz/Projects/GVC-RT/experiments/gvcrt_neural_wrapper_v6_2_objective_calibration/features/fullqp/schedule_s1p0/step_1000/normal/video_02_qp0.transitions.csv,e62b8618cb377b70bcca3128cd17fd1baaef675fdd9381979188a1c1250e2ae3,97592,"[0, 2, 0, 1, 0, 1, 0, 1, 0, 2, 0, 1, 0, 1, 0, 1, 0, 2, 0, 1, 0, 1, 0, 1, 0, 2, 0, 1, 0, 1, 0, 1]",0.12,4,22.191243171691895,0.05407365772407502,0.004307416820665821,0.004887058428721502,Mean absolute RGB horizontal/vertical first-difference change
24067,24067,6016.75,0.0029015962577160492,180.5025,30.0,32,32,31,0.20150045957416296,0.11025826819241047,24.112344141713717,0.9343194905668497,0.8147979453206062,0.17509011203242886,24.112344141713717,"[1920, 1088]","[1920, 1080]",1,False,,0.3194449543952942,0f0c0e2358ceec024230154da4777ed5c444a8382af1ec9d7165f3d7886141cf,0f0c0e2358ceec024230154da4777ed5c444a8382af1ec9d7165f3d7886141cf,2ec75623ac19b8c1dc53cc7626e1ee68412cc8cbbd791ee291b42d6ce71f77af,True,True,True,24067,/Huang_group/zyyz/Projects/GVC-RT/experiments/gvcrt_neural_wrapper_v6_2_objective_calibration/bitstreams/fullqp/schedule_s1p0/step_1000/normal/video_02_qp2.bin,cddd4ca89fd8ad5420ed2551170247bfeb7790f8cb39915e2cd2051b3cc1d6aa,/Huang_group/zyyz/Projects/GVC-RT/experiments/gvcrt_neural_wrapper_v6_2_objective_calibration/features/fullqp/schedule_s1p0/step_1000/normal/video_02_qp2.npz,ef979655c2c47c4f034cadf011513ff280f769b0d09caa76be21ac8196ad4771,"{'bridge': '7394950d15fd97433ae4b017e4681bfc80143eb889910a34ed17b625ba08bcc9', 'generator': '97bf13e3c9e3693dc36e38e80ad0520349b58ba0320151a2fe2abcf43523b3ef'}",fullqp_schedule_v1,schedule_s1p0,1000,normal,normal,schedule_s1p0,2,2,2,0031fc12-5893-4920-b32e-01a2ea8fe7bc,c83b223f389043f2fd760dffcc652ffebefda813949b81fb6ff3560c592d60b5,a697638859a9e5676d68aff7b34ad593f176f2ca669016c75a5c699291e6ac31,/Huang_group/zyyz/Projects/GVC-RT/experiments/gvcrt_neural_wrapper_v6_2_objective_calibration/branches/schedule_s1p0/checkpoints/step_1000.pt,fe63a6f00ca6bae59b23c8683146dbe64b6be67c1463a552af851bbfc31e9cba,/Huang_group/zyyz/Projects/GVC-RT/experiments/gvcrt_neural_wrapper_v6_2_objective_calibration/parts/fullqp/schedule_s1p0/step_1000/normal/video_02_qp2.frames.csv,39d852b182865e2c1fe5ba80bc2e533b9dc6a8de87a9fa2cc3fb0b869c2f3941,/Huang_group/zyyz/Projects/GVC-RT/experiments/gvcrt_neural_wrapper_v6_2_objective_calibration/features/fullqp/schedule_s1p0/step_1000/normal/video_02_qp2.transitions.csv,1e1afbb8afbffa17b03c7492f3517b2c9be1b11e0abd47b364d4400477c46788,192536,"[2, 4, 2, 3, 2, 3, 2, 3, 2, 4, 2, 3, 2, 3, 2, 3, 2, 4, 2, 3, 2, 3, 2, 3, 2, 4, 2, 3, 2, 3, 2, 3]",0.12,4,21.153324127197266,0.05407365772407502,0.004307416820665821,0.004887058428721502,Mean absolute RGB horizontal/vertical first-difference change
40900,40900,10225.0,0.0049310378086419755,306.75,30.0,32,32,31,0.17440917482599616,0.10101128369569778,24.846073697086194,0.9435021057724953,0.8501255009323359,0.15056421968244738,24.846073697086194,"[1920, 1088]","[1920, 1080]",1,False,,0.3194449543952942,0f0c0e2358ceec024230154da4777ed5c444a8382af1ec9d7165f3d7886141cf,0f0c0e2358ceec024230154da4777ed5c444a8382af1ec9d7165f3d7886141cf,e60be3b5c9b7f0be88ca5aaa67c653d4628ad19df0baefca80104f917aa19661,True,True,True,40900,/Huang_group/zyyz/Projects/GVC-RT/experiments/gvcrt_neural_wrapper_v6_2_objective_calibration/bitstreams/fullqp/schedule_s1p0/step_1000/normal/video_02_qp4.bin,20387f2cd8776000e9f11bc90483900234016d5087200b1ae39c8fa42c9c191a,/Huang_group/zyyz/Projects/GVC-RT/experiments/gvcrt_neural_wrapper_v6_2_objective_calibration/features/fullqp/schedule_s1p0/step_1000/normal/video_02_qp4.npz,15f2419a6ecfc315b2965d7a8b989bae73f3dc191e562163e825bf195af84156,"{'bridge': '7394950d15fd97433ae4b017e4681bfc80143eb889910a34ed17b625ba08bcc9', 'generator': '97bf13e3c9e3693dc36e38e80ad0520349b58ba0320151a2fe2abcf43523b3ef'}",fullqp_schedule_v1,schedule_s1p0,1000,normal,normal,schedule_s1p0,4,4,2,0031fc12-5893-4920-b32e-01a2ea8fe7bc,c83b223f389043f2fd760dffcc652ffebefda813949b81fb6ff3560c592d60b5,a697638859a9e5676d68aff7b34ad593f176f2ca669016c75a5c699291e6ac31,/Huang_group/zyyz/Projects/GVC-RT/experiments/gvcrt_neural_wrapper_v6_2_objective_calibration/branches/schedule_s1p0/checkpoints/step_1000.pt,fe63a6f00ca6bae59b23c8683146dbe64b6be67c1463a552af851bbfc31e9cba,/Huang_group/zyyz/Projects/GVC-RT/experiments/gvcrt_neural_wrapper_v6_2_objective_calibration/parts/fullqp/schedule_s1p0/step_1000/normal/video_02_qp4.frames.csv,cd2a324dc8a72cd9a5caeca37e440afc90d25cc6bcc9ac2b85696e724bf6341d,/Huang_group/zyyz/Projects/GVC-RT/experiments/gvcrt_neural_wrapper_v6_2_objective_calibration/features/fullqp/schedule_s1p0/step_1000/normal/video_02_qp4.transitions.csv,e94cb3d706f74e7414d2f8fea07bdf3f7b45fd74ba83b099aa164db09ac81529,327200,"[4, 6, 4, 5, 4, 5, 4, 5, 4, 6, 4, 5, 4, 5, 4, 5, 4, 6, 4, 5, 4, 5, 4, 5, 4, 6, 4, 5, 4, 5, 4, 5]",0.12,4,22.083454608917236,0.05407365772407502,0.004307416820665821,0.004887058428721502,Mean absolute RGB horizontal/vertical first-difference change
65701,65701,16425.25,0.00792112750771605,492.7575,30.0,32,32,31,0.15025598043575883,0.09448283724486828,25.44775484422077,0.9501324612647295,0.876030595973134,0.1280482147009142,25.44775484422077,"[1920, 1088]","[1920, 1080]",1,False,,0.3194449543952942,0f0c0e2358ceec024230154da4777ed5c444a8382af1ec9d7165f3d7886141cf,0f0c0e2358ceec024230154da4777ed5c444a8382af1ec9d7165f3d7886141cf,cc6c81f75f4e5811188558a4ef6215372eb9ea2e36b84c6866f24106093ecc60,True,True,True,65701,/Huang_group/zyyz/Projects/GVC-RT/experiments/gvcrt_neural_wrapper_v6_2_objective_calibration/bitstreams/fullqp/schedule_s1p0/step_1000/normal/video_02_qp6.bin,a46d723ecc00a0b08fe12d7a08953efe556125c2dd2f9888b85f807126e12ccf,/Huang_group/zyyz/Projects/GVC-RT/experiments/gvcrt_neural_wrapper_v6_2_objective_calibration/features/fullqp/schedule_s1p0/step_1000/normal/video_02_qp6.npz,8ae44c0213e0820760d424fbef8e89afc797c64528a41d0e05063cb37e5edc8e,"{'bridge': '7394950d15fd97433ae4b017e4681bfc80143eb889910a34ed17b625ba08bcc9', 'generator': '97bf13e3c9e3693dc36e38e80ad0520349b58ba0320151a2fe2abcf43523b3ef'}",fullqp_schedule_v1,schedule_s1p0,1000,normal,normal,schedule_s1p0,6,6,2,0031fc12-5893-4920-b32e-01a2ea8fe7bc,c83b223f389043f2fd760dffcc652ffebefda813949b81fb6ff3560c592d60b5,a697638859a9e5676d68aff7b34ad593f176f2ca669016c75a5c699291e6ac31,/Huang_group/zyyz/Projects/GVC-RT/experiments/gvcrt_neural_wrapper_v6_2_objective_calibration/branches/schedule_s1p0/checkpoints/step_1000.pt,fe63a6f00ca6bae59b23c8683146dbe64b6be67c1463a552af851bbfc31e9cba,/Huang_group/zyyz/Projects/GVC-RT/experiments/gvcrt_neural_wrapper_v6_2_objective_calibration/parts/fullqp/schedule_s1p0/step_1000/normal/video_02_qp6.frames.csv,56a65301ed3cc3979fed20a46b7d1058f3cee4357e7ffb92fb3763ffba7d6082,/Huang_group/zyyz/Projects/GVC-RT/experiments/gvcrt_neural_wrapper_v6_2_objective_calibration/features/fullqp/schedule_s1p0/step_1000/normal/video_02_qp6.transitions.csv,7f196f7ca17c862480209438dfe174800dc6dfb3a89eca5524add31e90c9e425,525608,"[6, 8, 6, 7, 6, 7, 6, 7, 6, 8, 6, 7, 6, 7, 6, 7, 6, 8, 6, 7, 6, 7, 6, 7, 6, 8, 6, 7, 6, 7, 6, 7]",0.12,4,21.59320306777954,0.05407365772407502,0.004307416820665821,0.004887058428721502,Mean absolute RGB horizontal/vertical first-difference change
99223,99223,24805.75,0.01196264949845679,744.1725,30.0,32,32,31,0.13327476545237005,0.08759117498993874,25.92008975892028,0.9547926560044289,0.8925264999270439,0.11471525315315492,25.92008975892028,"[1920, 1088]","[1920, 1080]",1,False,,0.3194449543952942,0f0c0e2358ceec024230154da4777ed5c444a8382af1ec9d7165f3d7886141cf,0f0c0e2358ceec024230154da4777ed5c444a8382af1ec9d7165f3d7886141cf,94695472be6c1e69f741134a5ae64d509392e32662944dd224878a0061150c1e,True,True,True,99223,/Huang_group/zyyz/Projects/GVC-RT/experiments/gvcrt_neural_wrapper_v6_2_objective_calibration/bitstreams/fullqp/schedule_s1p0/step_1000/normal/video_02_qp8.bin,69f34a3a0510f9ac2119a0df02fa5ab7671c05e187c01a7650c94af3bad7b7eb,/Huang_group/zyyz/Projects/GVC-RT/experiments/gvcrt_neural_wrapper_v6_2_objective_calibration/features/fullqp/schedule_s1p0/step_1000/normal/video_02_qp8.npz,761ac15fc05aa2aa8e091227af8d0904b0cd826418c9445c8fe8262d83fedabb,"{'bridge': '7394950d15fd97433ae4b017e4681bfc80143eb889910a34ed17b625ba08bcc9', 'generator': '97bf13e3c9e3693dc36e38e80ad0520349b58ba0320151a2fe2abcf43523b3ef'}",fullqp_schedule_v1,schedule_s1p0,1000,normal,normal,schedule_s1p0,8,8,2,0031fc12-5893-4920-b32e-01a2ea8fe7bc,c83b223f389043f2fd760dffcc652ffebefda813949b81fb6ff3560c592d60b5,a697638859a9e5676d68aff7b34ad593f176f2ca669016c75a5c699291e6ac31,/Huang_group/zyyz/Projects/GVC-RT/experiments/gvcrt_neural_wrapper_v6_2_objective_calibration/branches/schedule_s1p0/checkpoints/step_1000.pt,fe63a6f00ca6bae59b23c8683146dbe64b6be67c1463a552af851bbfc31e9cba,/Huang_group/zyyz/Projects/GVC-RT/experiments/gvcrt_neural_wrapper_v6_2_objective_calibration/parts/fullqp/schedule_s1p0/step_1000/normal/video_02_qp8.frames.csv,07594ff4ed47434e096fd94c5a8f778726b07ef77445641e4cacdea90855ce90,/Huang_group/zyyz/Projects/GVC-RT/experiments/gvcrt_neural_wrapper_v6_2_objective_calibration/features/fullqp/schedule_s1p0/step_1000/normal/video_02_qp8.transitions.csv,8215bda623ac865c466fed2620d94dfa3c77efca1e18ab99c70f957436119325,793784,"[8, 10, 8, 9, 8, 9, 8, 9, 8, 10, 8, 9, 8, 9, 8, 9, 8, 10, 8, 9, 8, 9, 8, 9, 8, 10, 8, 9, 8, 9, 8, 9]",0.12,4,21.081642389297485,0.05407365772407502,0.004307416820665821,0.004887058428721502,Mean absolute RGB horizontal/vertical first-difference change
118382,118382,29595.5,0.014272521219135803,887.865,30.0,32,32,31,0.12732294225133955,0.08587002567946911,26.095560235220074,0.9564435593783855,0.8984568081796169,0.10828680929637724,26.095560235220074,"[1920, 1088]","[1920, 1080]",1,False,,0.3194449543952942,0f0c0e2358ceec024230154da4777ed5c444a8382af1ec9d7165f3d7886141cf,0f0c0e2358ceec024230154da4777ed5c444a8382af1ec9d7165f3d7886141cf,9e205f2d388469f679573591c88eda239c8ce1b8fc271a8ce514ab3e7f4ebd2e,True,True,True,118382,/Huang_group/zyyz/Projects/GVC-RT/experiments/gvcrt_neural_wrapper_v6_2_objective_calibration/bitstreams/fullqp/schedule_s1p0/step_1000/normal/video_02_qp9.bin,c1047a1b2bd45ec63b54481826ffd10234ac637855b3b3847df4cc25860a11c8,/Huang_group/zyyz/Projects/GVC-RT/experiments/gvcrt_neural_wrapper_v6_2_objective_calibration/features/fullqp/schedule_s1p0/step_1000/normal/video_02_qp9.npz,18dcadc7b75117aed8d811082baba6267fc317db28dab9d2babfd142255ba548,"{'bridge': '7394950d15fd97433ae4b017e4681bfc80143eb889910a34ed17b625ba08bcc9', 'generator': '97bf13e3c9e3693dc36e38e80ad0520349b58ba0320151a2fe2abcf43523b3ef'}",fullqp_schedule_v1,schedule_s1p0,1000,normal,normal,schedule_s1p0,9,9,2,0031fc12-5893-4920-b32e-01a2ea8fe7bc,c83b223f389043f2fd760dffcc652ffebefda813949b81fb6ff3560c592d60b5,a697638859a9e5676d68aff7b34ad593f176f2ca669016c75a5c699291e6ac31,/Huang_group/zyyz/Projects/GVC-RT/experiments/gvcrt_neural_wrapper_v6_2_objective_calibration/branches/schedule_s1p0/checkpoints/step_1000.pt,fe63a6f00ca6bae59b23c8683146dbe64b6be67c1463a552af851bbfc31e9cba,/Huang_group/zyyz/Projects/GVC-RT/experiments/gvcrt_neural_wrapper_v6_2_objective_calibration/parts/fullqp/schedule_s1p0/step_1000/normal/video_02_qp9.frames.csv,cc2198f34b1520ee5765522c92abb591a3b72bc4a2cc9fd24656c3249c80b692,/Huang_group/zyyz/Projects/GVC-RT/experiments/gvcrt_neural_wrapper_v6_2_objective_calibration/features/fullqp/schedule_s1p0/step_1000/normal/video_02_qp9.transitions.csv,c417ed9c4b2f67db4ab1a7c2cc8a376e58ccba08b11ddea906bc8523da360cba,947056,"[9, 11, 9, 10, 9, 10, 9, 10, 9, 11, 9, 10, 9, 10, 9, 10, 9, 11, 9, 10, 9, 10, 9, 10, 9, 11, 9, 10, 9, 10, 9, 10]",0.12,4,21.90412712097168,0.05407365772407502,0.004307416820665821,0.004887058428721502,Mean absolute RGB horizontal/vertical first-difference change
8006,8006,2001.5,0.0009652295524691358,59.985014985014985,29.97002997002997,32,32,31,0.05396802525501698,0.13140317238867283,24.36160295207832,0.9626542907208204,0.9580917321145535,0.02446878827627628,24.36160295207832,"[1920, 1088]","[1920, 1080]",1,False,,0.3059818148612976,0f0c0e2358ceec024230154da4777ed5c444a8382af1ec9d7165f3d7886141cf,0f0c0e2358ceec024230154da4777ed5c444a8382af1ec9d7165f3d7886141cf,d6cedfd3e9ec5e3666977159a47a7561c1050c780cf08cb00faa06775bfadc97,True,True,True,8006,/Huang_group/zyyz/Projects/GVC-RT/experiments/gvcrt_neural_wrapper_v6_2_objective_calibration/bitstreams/fullqp/schedule_s1p0/step_1000/normal/video_03_qp0.bin,e3d00276808ad2d3cde4f82cb3c0a6267a204465e95fa32da99db814dc6b7b6f,/Huang_group/zyyz/Projects/GVC-RT/experiments/gvcrt_neural_wrapper_v6_2_objective_calibration/features/fullqp/schedule_s1p0/step_1000/normal/video_03_qp0.npz,a10e0533884a8755cfe083498e2b062d98df5381013bd8de134192708ad6c96e,"{'bridge': '7394950d15fd97433ae4b017e4681bfc80143eb889910a34ed17b625ba08bcc9', 'generator': '97bf13e3c9e3693dc36e38e80ad0520349b58ba0320151a2fe2abcf43523b3ef'}",fullqp_schedule_v1,schedule_s1p0,1000,normal,normal,schedule_s1p0,0,0,3,56f4295e-d652-4e8b-902f-af4b8877a385,5707833b3197ede825a8014102ff6dd60232b72ec99f397cb4b70b30f3fabe67,f5ca04bf2f63cb8f3fdf823c3116cfdf458971b03d12b17e7f7d6af3d80451ad,/Huang_group/zyyz/Projects/GVC-RT/experiments/gvcrt_neural_wrapper_v6_2_objective_calibration/branches/schedule_s1p0/checkpoints/step_1000.pt,fe63a6f00ca6bae59b23c8683146dbe64b6be67c1463a552af851bbfc31e9cba,/Huang_group/zyyz/Projects/GVC-RT/experiments/gvcrt_neural_wrapper_v6_2_objective_calibration/parts/fullqp/schedule_s1p0/step_1000/normal/video_03_qp0.frames.csv,4fd0ab9af73598f7b0b10bcf9062a223518cc547900b0023b4bb90b6a8858108,/Huang_group/zyyz/Projects/GVC-RT/experiments/gvcrt_neural_wrapper_v6_2_objective_calibration/features/fullqp/schedule_s1p0/step_1000/normal/video_03_qp0.transitions.csv,657ae7059e8d612be1310968ffbdd97cf7a1595f5fdf040965424c438c817294,64048,"[0, 2, 0, 1, 0, 1, 0, 1, 0, 2, 0, 1, 0, 1, 0, 1, 0, 2, 0, 1, 0, 1, 0, 1, 0, 2, 0, 1, 0, 1, 0, 1]",0.12,6,21.191336154937744,0.11204782803542912,0.018854638328775764,0.0012521919343271293,Mean absolute RGB horizontal/vertical first-difference change
12215,12215,3053.75,0.001472680362654321,91.52097902097903,29.97002997002997,32,32,31,0.045853739022277296,0.10729959979653358,25.38199689396351,0.9700271356850863,0.9655711017549038,0.0247009250545694,25.38199689396351,"[1920, 1088]","[1920, 1080]",1,False,,0.3059818148612976,0f0c0e2358ceec024230154da4777ed5c444a8382af1ec9d7165f3d7886141cf,0f0c0e2358ceec024230154da4777ed5c444a8382af1ec9d7165f3d7886141cf,8f164e0172ab771be7cc40f45c828a5827bc100631c133691a23fe4fa9d5b50c,True,True,True,12215,/Huang_group/zyyz/Projects/GVC-RT/experiments/gvcrt_neural_wrapper_v6_2_objective_calibration/bitstreams/fullqp/schedule_s1p0/step_1000/normal/video_03_qp2.bin,4683939d899734d78e5a737b82f18c1479d875e81a5f6de69ede67ff4ce0a31b,/Huang_group/zyyz/Projects/GVC-RT/experiments/gvcrt_neural_wrapper_v6_2_objective_calibration/features/fullqp/schedule_s1p0/step_1000/normal/video_03_qp2.npz,942c677712f7b24f9e2cd023a34fa663ffca609397bb0d3af26e663150b70ddf,"{'bridge': '7394950d15fd97433ae4b017e4681bfc80143eb889910a34ed17b625ba08bcc9', 'generator': '97bf13e3c9e3693dc36e38e80ad0520349b58ba0320151a2fe2abcf43523b3ef'}",fullqp_schedule_v1,schedule_s1p0,1000,normal,normal,schedule_s1p0,2,2,3,56f4295e-d652-4e8b-902f-af4b8877a385,5707833b3197ede825a8014102ff6dd60232b72ec99f397cb4b70b30f3fabe67,f5ca04bf2f63cb8f3fdf823c3116cfdf458971b03d12b17e7f7d6af3d80451ad,/Huang_group/zyyz/Projects/GVC-RT/experiments/gvcrt_neural_wrapper_v6_2_objective_calibration/branches/schedule_s1p0/checkpoints/step_1000.pt,fe63a6f00ca6bae59b23c8683146dbe64b6be67c1463a552af851bbfc31e9cba,/Huang_group/zyyz/Projects/GVC-RT/experiments/gvcrt_neural_wrapper_v6_2_objective_calibration/parts/fullqp/schedule_s1p0/step_1000/normal/video_03_qp2.frames.csv,f9211acac3c5986503e015f15b1945aa1e87f71eae39b0904d51e9afe952d87b,/Huang_group/zyyz/Projects/GVC-RT/experiments/gvcrt_neural_wrapper_v6_2_objective_calibration/features/fullqp/schedule_s1p0/step_1000/normal/video_03_qp2.transitions.csv,511b30f783e7bb963b3201e43cf14dfe9f84848f677fda624e6231f85ffae743,97720,"[2, 4, 2, 3, 2, 3, 2, 3, 2, 4, 2, 3, 2, 3, 2, 3, 2, 4, 2, 3, 2, 3, 2, 3, 2, 4, 2, 3, 2, 3, 2, 3]",0.12,6,20.808732986450195,0.11204782803542912,0.018854638328775764,0.0012521919343271293,Mean absolute RGB horizontal/vertical first-difference change
17913,17913,4478.25,0.002159649884259259,134.21328671328672,29.97002997002997,32,32,31,0.04072809393983334,0.09680001810193062,25.9005627819366,0.9735013153403997,0.9710374530404806,0.023800175096238812,25.9005627819366,"[1920, 1088]","[1920, 1080]",1,False,,0.3059818148612976,0f0c0e2358ceec024230154da4777ed5c444a8382af1ec9d7165f3d7886141cf,0f0c0e2358ceec024230154da4777ed5c444a8382af1ec9d7165f3d7886141cf,7b016fc548cf347b045e9ead15043d881fcdca5a25dc201ec9222e09709e6410,True,True,True,17913,/Huang_group/zyyz/Projects/GVC-RT/experiments/gvcrt_neural_wrapper_v6_2_objective_calibration/bitstreams/fullqp/schedule_s1p0/step_1000/normal/video_03_qp4.bin,6459f3b77802ad5cab53f76265e98e95c7e35ea633d75d6e775577707b5add9f,/Huang_group/zyyz/Projects/GVC-RT/experiments/gvcrt_neural_wrapper_v6_2_objective_calibration/features/fullqp/schedule_s1p0/step_1000/normal/video_03_qp4.npz,4dc52ffb46f988b5ab0dc856b01ab86ba88acb5051f79baf90e474e1eac464c5,"{'bridge': '7394950d15fd97433ae4b017e4681bfc80143eb889910a34ed17b625ba08bcc9', 'generator': '97bf13e3c9e3693dc36e38e80ad0520349b58ba0320151a2fe2abcf43523b3ef'}",fullqp_schedule_v1,schedule_s1p0,1000,normal,normal,schedule_s1p0,4,4,3,56f4295e-d652-4e8b-902f-af4b8877a385,5707833b3197ede825a8014102ff6dd60232b72ec99f397cb4b70b30f3fabe67,f5ca04bf2f63cb8f3fdf823c3116cfdf458971b03d12b17e7f7d6af3d80451ad,/Huang_group/zyyz/Projects/GVC-RT/experiments/gvcrt_neural_wrapper_v6_2_objective_calibration/branches/schedule_s1p0/checkpoints/step_1000.pt,fe63a6f00ca6bae59b23c8683146dbe64b6be67c1463a552af851bbfc31e9cba,/Huang_group/zyyz/Projects/GVC-RT/experiments/gvcrt_neural_wrapper_v6_2_objective_calibration/parts/fullqp/schedule_s1p0/step_1000/normal/video_03_qp4.frames.csv,6fbc1daf47e7ca2270055b664016718ebe1d4c219fca3999c658aebdc77d1bef,/Huang_group/zyyz/Projects/GVC-RT/experiments/gvcrt_neural_wrapper_v6_2_objective_calibration/features/fullqp/schedule_s1p0/step_1000/normal/video_03_qp4.transitions.csv,ac134a3404b463b8574ad502627d77a271b2cd3d829ec413fc7667ec8805943a,143304,"[4, 6, 4, 5, 4, 5, 4, 5, 4, 6, 4, 5, 4, 5, 4, 5, 4, 6, 4, 5, 4, 5, 4, 5, 4, 6, 4, 5, 4, 5, 4, 5]",0.12,6,20.61549162864685,0.11204782803542912,0.018854638328775764,0.0012521919343271293,Mean absolute RGB horizontal/vertical first-difference change
26182,26182,6545.5,0.0031565875771604936,196.16883116883116,29.97002997002997,32,32,31,0.03707745927385986,0.08613806776702404,26.324295410507162,0.9760223608464003,0.9746315702795982,0.021557871672895648,26.324295410507162,"[1920, 1088]","[1920, 1080]",1,False,,0.3059818148612976,0f0c0e2358ceec024230154da4777ed5c444a8382af1ec9d7165f3d7886141cf,0f0c0e2358ceec024230154da4777ed5c444a8382af1ec9d7165f3d7886141cf,eb81e7a01d4fae969468940f098d98cfcf61c1b9470e64499176b3a0f0e19f51,True,True,True,26182,/Huang_group/zyyz/Projects/GVC-RT/experiments/gvcrt_neural_wrapper_v6_2_objective_calibration/bitstreams/fullqp/schedule_s1p0/step_1000/normal/video_03_qp6.bin,7da7f7b197a154b7e4b75c6196965452ac1562f62ac0e67b24e08f1db3b368a9,/Huang_group/zyyz/Projects/GVC-RT/experiments/gvcrt_neural_wrapper_v6_2_objective_calibration/features/fullqp/schedule_s1p0/step_1000/normal/video_03_qp6.npz,527be4de4063f9c0df4c63964529b452611ba2887f6579080b4c16fa11aae9c6,"{'bridge': '7394950d15fd97433ae4b017e4681bfc80143eb889910a34ed17b625ba08bcc9', 'generator': '97bf13e3c9e3693dc36e38e80ad0520349b58ba0320151a2fe2abcf43523b3ef'}",fullqp_schedule_v1,schedule_s1p0,1000,normal,normal,schedule_s1p0,6,6,3,56f4295e-d652-4e8b-902f-af4b8877a385,5707833b3197ede825a8014102ff6dd60232b72ec99f397cb4b70b30f3fabe67,f5ca04bf2f63cb8f3fdf823c3116cfdf458971b03d12b17e7f7d6af3d80451ad,/Huang_group/zyyz/Projects/GVC-RT/experiments/gvcrt_neural_wrapper_v6_2_objective_calibration/branches/schedule_s1p0/checkpoints/step_1000.pt,fe63a6f00ca6bae59b23c8683146dbe64b6be67c1463a552af851bbfc31e9cba,/Huang_group/zyyz/Projects/GVC-RT/experiments/gvcrt_neural_wrapper_v6_2_objective_calibration/parts/fullqp/schedule_s1p0/step_1000/normal/video_03_qp6.frames.csv,cf1e6704ef69f9dd7e8da02366949689312b656b64d5e5d675f3d9a4002c4771,/Huang_group/zyyz/Projects/GVC-RT/experiments/gvcrt_neural_wrapper_v6_2_objective_calibration/features/fullqp/schedule_s1p0/step_1000/normal/video_03_qp6.transitions.csv,c0742cd8a32d980affed86c9cc799c2f3bd3006182545f7c8e8825bd1276b243,209456,"[6, 8, 6, 7, 6, 7, 6, 7, 6, 8, 6, 7, 6, 7, 6, 7, 6, 8, 6, 7, 6, 7, 6, 7, 6, 8, 6, 7, 6, 7, 6, 7]",0.12,6,20.557329893112183,0.11204782803542912,0.018854638328775764,0.0012521919343271293,Mean absolute RGB horizontal/vertical first-difference change
38109,38109,9527.25,0.004594545717592592,285.53196803196806,29.97002997002997,32,32,31,0.03461794601753354,0.0814639963209629,26.562370626231782,0.9777016639709473,0.9767140038311481,0.02094086331705893,26.562370626231782,"[1920, 1088]","[1920, 1080]",1,False,,0.3059818148612976,0f0c0e2358ceec024230154da4777ed5c444a8382af1ec9d7165f3d7886141cf,0f0c0e2358ceec024230154da4777ed5c444a8382af1ec9d7165f3d7886141cf,3e6fbff19d310dea9543122518d3c6ebd6b123fdbd7f554f86834260655cf4cd,True,True,True,38109,/Huang_group/zyyz/Projects/GVC-RT/experiments/gvcrt_neural_wrapper_v6_2_objective_calibration/bitstreams/fullqp/schedule_s1p0/step_1000/normal/video_03_qp8.bin,1edb51e058ce940270b56fd3d2420d99646c103739e379133c8b180962ed09a9,/Huang_group/zyyz/Projects/GVC-RT/experiments/gvcrt_neural_wrapper_v6_2_objective_calibration/features/fullqp/schedule_s1p0/step_1000/normal/video_03_qp8.npz,a8e577e0df2b30d4ae0974c64f7bfafd7773f14d2f201fc0c5ac49811c87c400,"{'bridge': '7394950d15fd97433ae4b017e4681bfc80143eb889910a34ed17b625ba08bcc9', 'generator': '97bf13e3c9e3693dc36e38e80ad0520349b58ba0320151a2fe2abcf43523b3ef'}",fullqp_schedule_v1,schedule_s1p0,1000,normal,normal,schedule_s1p0,8,8,3,56f4295e-d652-4e8b-902f-af4b8877a385,5707833b3197ede825a8014102ff6dd60232b72ec99f397cb4b70b30f3fabe67,f5ca04bf2f63cb8f3fdf823c3116cfdf458971b03d12b17e7f7d6af3d80451ad,/Huang_group/zyyz/Projects/GVC-RT/experiments/gvcrt_neural_wrapper_v6_2_objective_calibration/branches/schedule_s1p0/checkpoints/step_1000.pt,fe63a6f00ca6bae59b23c8683146dbe64b6be67c1463a552af851bbfc31e9cba,/Huang_group/zyyz/Projects/GVC-RT/experiments/gvcrt_neural_wrapper_v6_2_objective_calibration/parts/fullqp/schedule_s1p0/step_1000/normal/video_03_qp8.frames.csv,1a79270413f1dc2ac060ccc0dc369cbfeda878d7feae8f861e5522bde6a6d5af,/Huang_group/zyyz/Projects/GVC-RT/experiments/gvcrt_neural_wrapper_v6_2_objective_calibration/features/fullqp/schedule_s1p0/step_1000/normal/video_03_qp8.transitions.csv,14041167adb57fb715d75dabc68c3b628a3c0b78a77c4ef86830621d3fcd33e9,304872,"[8, 10, 8, 9, 8, 9, 8, 9, 8, 10, 8, 9, 8, 9, 8, 9, 8, 10, 8, 9, 8, 9, 8, 9, 8, 10, 8, 9, 8, 9, 8, 9]",0.12,6,20.2955060005188,0.11204782803542912,0.018854638328775764,0.0012521919343271293,Mean absolute RGB horizontal/vertical first-difference change
45580,45580,11395.0,0.005495273919753086,341.5084915084915,29.97002997002997,32,32,31,0.03328235517255962,0.0795499850064516,26.659658701838424,0.9783707577735186,0.977573936805129,0.020042589715411587,26.659658701838424,"[1920, 1088]","[1920, 1080]",1,False,,0.3059818148612976,0f0c0e2358ceec024230154da4777ed5c444a8382af1ec9d7165f3d7886141cf,0f0c0e2358ceec024230154da4777ed5c444a8382af1ec9d7165f3d7886141cf,6c0ccd2649962da11db7d69eb9abf1d4a4b6913acf031f35dc9c46bbff149b31,True,True,True,45580,/Huang_group/zyyz/Projects/GVC-RT/experiments/gvcrt_neural_wrapper_v6_2_objective_calibration/bitstreams/fullqp/schedule_s1p0/step_1000/normal/video_03_qp9.bin,03fd42aad14feea946abdcf5e62ab8002b0a6c812ab2cac9bb3775b31913ec23,/Huang_group/zyyz/Projects/GVC-RT/experiments/gvcrt_neural_wrapper_v6_2_objective_calibration/features/fullqp/schedule_s1p0/step_1000/normal/video_03_qp9.npz,630999d90e71552908671cbc9ded5dfa1e76933f55fb7b5c3c2a8454edc2ee67,"{'bridge': '7394950d15fd97433ae4b017e4681bfc80143eb889910a34ed17b625ba08bcc9', 'generator': '97bf13e3c9e3693dc36e38e80ad0520349b58ba0320151a2fe2abcf43523b3ef'}",fullqp_schedule_v1,schedule_s1p0,1000,normal,normal,schedule_s1p0,9,9,3,56f4295e-d652-4e8b-902f-af4b8877a385,5707833b3197ede825a8014102ff6dd60232b72ec99f397cb4b70b30f3fabe67,f5ca04bf2f63cb8f3fdf823c3116cfdf458971b03d12b17e7f7d6af3d80451ad,/Huang_group/zyyz/Projects/GVC-RT/experiments/gvcrt_neural_wrapper_v6_2_objective_calibration/branches/schedule_s1p0/checkpoints/step_1000.pt,fe63a6f00ca6bae59b23c8683146dbe64b6be67c1463a552af851bbfc31e9cba,/Huang_group/zyyz/Projects/GVC-RT/experiments/gvcrt_neural_wrapper_v6_2_objective_calibration/parts/fullqp/schedule_s1p0/step_1000/normal/video_03_qp9.frames.csv,59a29d990112e6e82c8b881fb1a2b40ef511a5828c8bc668f6cbfc34af684035,/Huang_group/zyyz/Projects/GVC-RT/experiments/gvcrt_neural_wrapper_v6_2_objective_calibration/features/fullqp/schedule_s1p0/step_1000/normal/video_03_qp9.transitions.csv,81b928a5d0547525585df64e48ff497cec5ffe93caf169a2e6e30e22638424a3,364640,"[9, 11, 9, 10, 9, 10, 9, 10, 9, 11, 9, 10, 9, 10, 9, 10, 9, 11, 9, 10, 9, 10, 9, 10, 9, 11, 9, 10, 9, 10, 9, 10]",0.12,6,20.57551670074463,0.11204782803542912,0.018854638328775764,0.0012521919343271293,Mean absolute RGB horizontal/vertical first-difference change
12681,12681,3170.25,0.0015288628472222223,95.1075,30.0,32,32,31,0.11295685195364058,0.0972755141556263,27.117556989092158,0.9596974942833185,0.9267223551869392,0.11563361964879497,27.117556989092158,"[1920, 1088]","[1920, 1080]",1,False,,0.2101331651210785,0f0c0e2358ceec024230154da4777ed5c444a8382af1ec9d7165f3d7886141cf,0f0c0e2358ceec024230154da4777ed5c444a8382af1ec9d7165f3d7886141cf,856de6d6b20ba93a1ff2ab590d625e5f6fef0c0874969d9eac43db074da80301,True,True,True,12681,/Huang_group/zyyz/Projects/GVC-RT/experiments/gvcrt_neural_wrapper_v6_2_objective_calibration/bitstreams/fullqp/schedule_s1p0/step_1000/normal/video_04_qp0.bin,59b9c776e7616e02ff36da103a583eb3c33f12c5ce11d7a335263571de3fd786,/Huang_group/zyyz/Projects/GVC-RT/experiments/gvcrt_neural_wrapper_v6_2_objective_calibration/features/fullqp/schedule_s1p0/step_1000/normal/video_04_qp0.npz,e798c9b24d6271759bdf9b56ccc850907580372e7274f87b96cb4248de625aae,"{'bridge': '7394950d15fd97433ae4b017e4681bfc80143eb889910a34ed17b625ba08bcc9', 'generator': '97bf13e3c9e3693dc36e38e80ad0520349b58ba0320151a2fe2abcf43523b3ef'}",fullqp_schedule_v1,schedule_s1p0,1000,normal,normal,schedule_s1p0,0,0,4,1a076663-98ca-42cb-98a7-7fa30536a0f3,ea344f1c5b480abd7f695a2c3ef42dc4aa058bf3c324e6abee70248cedad4901,8008cf05a4bc40ea94ec439834d8e3ba61d893a6d554bcfc14618d0b19aa2205,/Huang_group/zyyz/Projects/GVC-RT/experiments/gvcrt_neural_wrapper_v6_2_objective_calibration/branches/schedule_s1p0/checkpoints/step_1000.pt,fe63a6f00ca6bae59b23c8683146dbe64b6be67c1463a552af851bbfc31e9cba,/Huang_group/zyyz/Projects/GVC-RT/experiments/gvcrt_neural_wrapper_v6_2_objective_calibration/parts/fullqp/schedule_s1p0/step_1000/normal/video_04_qp0.frames.csv,70585edfc67f638b086065a7fbfdae70f6a4b4c69509dd1fe53e479b9882ec48,/Huang_group/zyyz/Projects/GVC-RT/experiments/gvcrt_neural_wrapper_v6_2_objective_calibration/features/fullqp/schedule_s1p0/step_1000/normal/video_04_qp0.transitions.csv,8a146bbcfba36d5d7c73370b8e051159cb3c64902040096fd407ce7f3c3e1af3,101448,"[0, 2, 0, 1, 0, 1, 0, 1, 0, 2, 0, 1, 0, 1, 0, 1, 0, 2, 0, 1, 0, 1, 0, 1, 0, 2, 0, 1, 0, 1, 0, 1]",0.12,4,21.950307846069336,0.039897089591249824,0.0023805137898307294,0.0018402203822915908,Mean absolute RGB horizontal/vertical first-difference change
18399,18399,4599.75,0.002218243634259259,137.9925,30.0,32,32,31,0.08945605205371976,0.08492114022374153,28.36414512986188,0.9689412210136652,0.9440346341580153,0.0900446258244976,28.36414512986188,"[1920, 1088]","[1920, 1080]",1,False,,0.2101331651210785,0f0c0e2358ceec024230154da4777ed5c444a8382af1ec9d7165f3d7886141cf,0f0c0e2358ceec024230154da4777ed5c444a8382af1ec9d7165f3d7886141cf,782389a24109503a8335658a84ce1adc02c543f13c757a90a1cfeb6dedf0e81a,True,True,True,18399,/Huang_group/zyyz/Projects/GVC-RT/experiments/gvcrt_neural_wrapper_v6_2_objective_calibration/bitstreams/fullqp/schedule_s1p0/step_1000/normal/video_04_qp2.bin,b5aa97f081860a516f830826d647a71def203e7e0ae02f01a2ee2009da0e8c8d,/Huang_group/zyyz/Projects/GVC-RT/experiments/gvcrt_neural_wrapper_v6_2_objective_calibration/features/fullqp/schedule_s1p0/step_1000/normal/video_04_qp2.npz,f0026c7edd194d4e08926b1d26e69d1d279709f61997beff3c4ec150992f2801,"{'bridge': '7394950d15fd97433ae4b017e4681bfc80143eb889910a34ed17b625ba08bcc9', 'generator': '97bf13e3c9e3693dc36e38e80ad0520349b58ba0320151a2fe2abcf43523b3ef'}",fullqp_schedule_v1,schedule_s1p0,1000,normal,normal,schedule_s1p0,2,2,4,1a076663-98ca-42cb-98a7-7fa30536a0f3,ea344f1c5b480abd7f695a2c3ef42dc4aa058bf3c324e6abee70248cedad4901,8008cf05a4bc40ea94ec439834d8e3ba61d893a6d554bcfc14618d0b19aa2205,/Huang_group/zyyz/Projects/GVC-RT/experiments/gvcrt_neural_wrapper_v6_2_objective_calibration/branches/schedule_s1p0/checkpoints/step_1000.pt,fe63a6f00ca6bae59b23c8683146dbe64b6be67c1463a552af851bbfc31e9cba,/Huang_group/zyyz/Projects/GVC-RT/experiments/gvcrt_neural_wrapper_v6_2_objective_calibration/parts/fullqp/schedule_s1p0/step_1000/normal/video_04_qp2.frames.csv,b5c23d5825e9864bdf94e0463565cfa9734bfcf06f3d2d0599d941e28569403f,/Huang_group/zyyz/Projects/GVC-RT/experiments/gvcrt_neural_wrapper_v6_2_objective_calibration/features/fullqp/schedule_s1p0/step_1000/normal/video_04_qp2.transitions.csv,16c7eaf2a176af17748326a81154f2782a5e5de47bfd14b82a1fc7e1c8587366,147192,"[2, 4, 2, 3, 2, 3, 2, 3, 2, 4, 2, 3, 2, 3, 2, 3, 2, 4, 2, 3, 2, 3, 2, 3, 2, 4, 2, 3, 2, 3, 2, 3]",0.12,4,21.540823459625244,0.039897089591249824,0.0023805137898307294,0.0018402203822915908,Mean absolute RGB horizontal/vertical first-difference change
27655,27655,6913.75,0.003334177276234568,207.4125,30.0,32,32,31,0.07359507633373141,0.07860245183110237,29.377604109234262,0.974979292601347,0.9552938509732485,0.07316980126403994,29.377604109234262,"[1920, 1088]","[1920, 1080]",1,False,,0.2101331651210785,0f0c0e2358ceec024230154da4777ed5c444a8382af1ec9d7165f3d7886141cf,0f0c0e2358ceec024230154da4777ed5c444a8382af1ec9d7165f3d7886141cf,44b9b3dfc54863fd20f0a91939ec80e50c029c883eee6ee3932934fe70c56bd7,True,True,True,27655,/Huang_group/zyyz/Projects/GVC-RT/experiments/gvcrt_neural_wrapper_v6_2_objective_calibration/bitstreams/fullqp/schedule_s1p0/step_1000/normal/video_04_qp4.bin,814c0ea3ef9da1125d1f7eac6abc069d7701fca8029f2d9bc7750335814856c0,/Huang_group/zyyz/Projects/GVC-RT/experiments/gvcrt_neural_wrapper_v6_2_objective_calibration/features/fullqp/schedule_s1p0/step_1000/normal/video_04_qp4.npz,8e881cdeec661b5e8510517f1e5c1b152df451672c0850683ddd1696df454103,"{'bridge': '7394950d15fd97433ae4b017e4681bfc80143eb889910a34ed17b625ba08bcc9', 'generator': '97bf13e3c9e3693dc36e38e80ad0520349b58ba0320151a2fe2abcf43523b3ef'}",fullqp_schedule_v1,schedule_s1p0,1000,normal,normal,schedule_s1p0,4,4,4,1a076663-98ca-42cb-98a7-7fa30536a0f3,ea344f1c5b480abd7f695a2c3ef42dc4aa058bf3c324e6abee70248cedad4901,8008cf05a4bc40ea94ec439834d8e3ba61d893a6d554bcfc14618d0b19aa2205,/Huang_group/zyyz/Projects/GVC-RT/experiments/gvcrt_neural_wrapper_v6_2_objective_calibration/branches/schedule_s1p0/checkpoints/step_1000.pt,fe63a6f00ca6bae59b23c8683146dbe64b6be67c1463a552af851bbfc31e9cba,/Huang_group/zyyz/Projects/GVC-RT/experiments/gvcrt_neural_wrapper_v6_2_objective_calibration/parts/fullqp/schedule_s1p0/step_1000/normal/video_04_qp4.frames.csv,ee2b965ad992243d554608ec3a56925dec032db03404f3b81c475f3cc2224ea3,/Huang_group/zyyz/Projects/GVC-RT/experiments/gvcrt_neural_wrapper_v6_2_objective_calibration/features/fullqp/schedule_s1p0/step_1000/normal/video_04_qp4.transitions.csv,1e9812001431d1e2ac164cd392e42f44246af7bd8ad6ecca3f4a0fc8afb25add,221240,"[4, 6, 4, 5, 4, 5, 4, 5, 4, 6, 4, 5, 4, 5, 4, 5, 4, 6, 4, 5, 4, 5, 4, 5, 4, 6, 4, 5, 4, 5, 4, 5]",0.12,4,21.437472343444824,0.039897089591249824,0.0023805137898307294,0.0018402203822915908,Mean absolute RGB horizontal/vertical first-difference change
42251,42251,10562.75,0.005093918788580247,316.8825,30.0,32,32,31,0.06208364327903837,0.07316969335079193,30.066487628818265,0.9784534443169832,0.9628957230597734,0.06133014480433156,30.066487628818265,"[1920, 1088]","[1920, 1080]",1,False,,0.2101331651210785,0f0c0e2358ceec024230154da4777ed5c444a8382af1ec9d7165f3d7886141cf,0f0c0e2358ceec024230154da4777ed5c444a8382af1ec9d7165f3d7886141cf,7b41d83ab2c4292261dba930afcb679666f82aa33007dabacbcb65db9e3a0665,True,True,True,42251,/Huang_group/zyyz/Projects/GVC-RT/experiments/gvcrt_neural_wrapper_v6_2_objective_calibration/bitstreams/fullqp/schedule_s1p0/step_1000/normal/video_04_qp6.bin,4088c1008e3fdd2e3e95ca1ecc87baaab852a11a30006c7b0b1d280818169062,/Huang_group/zyyz/Projects/GVC-RT/experiments/gvcrt_neural_wrapper_v6_2_objective_calibration/features/fullqp/schedule_s1p0/step_1000/normal/video_04_qp6.npz,0322742cdcb85923f2b4caabb26109fc23dcda0840576742f6709d6d4451ad03,"{'bridge': '7394950d15fd97433ae4b017e4681bfc80143eb889910a34ed17b625ba08bcc9', 'generator': '97bf13e3c9e3693dc36e38e80ad0520349b58ba0320151a2fe2abcf43523b3ef'}",fullqp_schedule_v1,schedule_s1p0,1000,normal,normal,schedule_s1p0,6,6,4,1a076663-98ca-42cb-98a7-7fa30536a0f3,ea344f1c5b480abd7f695a2c3ef42dc4aa058bf3c324e6abee70248cedad4901,8008cf05a4bc40ea94ec439834d8e3ba61d893a6d554bcfc14618d0b19aa2205,/Huang_group/zyyz/Projects/GVC-RT/experiments/gvcrt_neural_wrapper_v6_2_objective_calibration/branches/schedule_s1p0/checkpoints/step_1000.pt,fe63a6f00ca6bae59b23c8683146dbe64b6be67c1463a552af851bbfc31e9cba,/Huang_group/zyyz/Projects/GVC-RT/experiments/gvcrt_neural_wrapper_v6_2_objective_calibration/parts/fullqp/schedule_s1p0/step_1000/normal/video_04_qp6.frames.csv,de5c16b8b4619a9bd1133a62f2f00c94625b8dcb1fcebb679b74fc8fd9bdb893,/Huang_group/zyyz/Projects/GVC-RT/experiments/gvcrt_neural_wrapper_v6_2_objective_calibration/features/fullqp/schedule_s1p0/step_1000/normal/video_04_qp6.transitions.csv,5c58a6a1a0f86f4b16f9124d61da6fb299d17ce65509c580aaf9723f2abac4f5,338008,"[6, 8, 6, 7, 6, 7, 6, 7, 6, 8, 6, 7, 6, 7, 6, 7, 6, 8, 6, 7, 6, 7, 6, 7, 6, 8, 6, 7, 6, 7, 6, 7]",0.12,4,21.355304956436157,0.039897089591249824,0.0023805137898307294,0.0018402203822915908,Mean absolute RGB horizontal/vertical first-difference change
65270,65270,16317.5,0.007869164737654321,489.525,30.0,32,32,31,0.054881159914657474,0.06931321695446968,30.59698625238827,0.9807948041707277,0.9677664637565613,0.053692144612150806,30.59698625238827,"[1920, 1088]","[1920, 1080]",1,False,,0.2101331651210785,0f0c0e2358ceec024230154da4777ed5c444a8382af1ec9d7165f3d7886141cf,0f0c0e2358ceec024230154da4777ed5c444a8382af1ec9d7165f3d7886141cf,857df5be4cae9af102eaa88e740859888ed3fdcc52be9689fd9e6da1137098a7,True,True,True,65270,/Huang_group/zyyz/Projects/GVC-RT/experiments/gvcrt_neural_wrapper_v6_2_objective_calibration/bitstreams/fullqp/schedule_s1p0/step_1000/normal/video_04_qp8.bin,870526ba1ae3089797a52b8d1f7940bf72597eb2285cd4d5e8856e49d474356f,/Huang_group/zyyz/Projects/GVC-RT/experiments/gvcrt_neural_wrapper_v6_2_objective_calibration/features/fullqp/schedule_s1p0/step_1000/normal/video_04_qp8.npz,285560c086d73e4562e7aaf4f96dbe27c8226b869044c4c1c39b7317ec0ee0f6,"{'bridge': '7394950d15fd97433ae4b017e4681bfc80143eb889910a34ed17b625ba08bcc9', 'generator': '97bf13e3c9e3693dc36e38e80ad0520349b58ba0320151a2fe2abcf43523b3ef'}",fullqp_schedule_v1,schedule_s1p0,1000,normal,normal,schedule_s1p0,8,8,4,1a076663-98ca-42cb-98a7-7fa30536a0f3,ea344f1c5b480abd7f695a2c3ef42dc4aa058bf3c324e6abee70248cedad4901,8008cf05a4bc40ea94ec439834d8e3ba61d893a6d554bcfc14618d0b19aa2205,/Huang_group/zyyz/Projects/GVC-RT/experiments/gvcrt_neural_wrapper_v6_2_objective_calibration/branches/schedule_s1p0/checkpoints/step_1000.pt,fe63a6f00ca6bae59b23c8683146dbe64b6be67c1463a552af851bbfc31e9cba,/Huang_group/zyyz/Projects/GVC-RT/experiments/gvcrt_neural_wrapper_v6_2_objective_calibration/parts/fullqp/schedule_s1p0/step_1000/normal/video_04_qp8.frames.csv,54b15d6b5165386133aebd08b5d4b2a870924de9b2969e93f0e90640022e884b,/Huang_group/zyyz/Projects/GVC-RT/experiments/gvcrt_neural_wrapper_v6_2_objective_calibration/features/fullqp/schedule_s1p0/step_1000/normal/video_04_qp8.transitions.csv,e7471cc7926672a5e6e0017237bb068c5af43b0700a3b34c48bab8ad42ececd7,522160,"[8, 10, 8, 9, 8, 9, 8, 9, 8, 10, 8, 9, 8, 9, 8, 9, 8, 10, 8, 9, 8, 9, 8, 9, 8, 10, 8, 9, 8, 9, 8, 9]",0.12,4,21.795981407165527,0.039897089591249824,0.0023805137898307294,0.0018402203822915908,Mean absolute RGB horizontal/vertical first-difference change
80099,80099,20024.75,0.00965699749228395,600.7425,30.0,32,32,31,0.05209667864255607,0.06657076440751553,30.894844909055976,0.9819925054907799,0.9696672074496746,0.05105675961221418,30.894844909055976,"[1920, 1088]","[1920, 1080]",1,False,,0.2101331651210785,0f0c0e2358ceec024230154da4777ed5c444a8382af1ec9d7165f3d7886141cf,0f0c0e2358ceec024230154da4777ed5c444a8382af1ec9d7165f3d7886141cf,f7af1d1c50c7496e6e696230fa6a254c20cde16dc03fb90b0df3d7cb74088899,True,True,True,80099,/Huang_group/zyyz/Projects/GVC-RT/experiments/gvcrt_neural_wrapper_v6_2_objective_calibration/bitstreams/fullqp/schedule_s1p0/step_1000/normal/video_04_qp9.bin,27cedda6fb331504dbb05b1e1c28d6181c41aa9c7e25c785126057e8fc213078,/Huang_group/zyyz/Projects/GVC-RT/experiments/gvcrt_neural_wrapper_v6_2_objective_calibration/features/fullqp/schedule_s1p0/step_1000/normal/video_04_qp9.npz,8e5880fcbe12d167c227ec674809c7146f102a2ee540d7b1c5a5bc94edf962dd,"{'bridge': '7394950d15fd97433ae4b017e4681bfc80143eb889910a34ed17b625ba08bcc9', 'generator': '97bf13e3c9e3693dc36e38e80ad0520349b58ba0320151a2fe2abcf43523b3ef'}",fullqp_schedule_v1,schedule_s1p0,1000,normal,normal,schedule_s1p0,9,9,4,1a076663-98ca-42cb-98a7-7fa30536a0f3,ea344f1c5b480abd7f695a2c3ef42dc4aa058bf3c324e6abee70248cedad4901,8008cf05a4bc40ea94ec439834d8e3ba61d893a6d554bcfc14618d0b19aa2205,/Huang_group/zyyz/Projects/GVC-RT/experiments/gvcrt_neural_wrapper_v6_2_objective_calibration/branches/schedule_s1p0/checkpoints/step_1000.pt,fe63a6f00ca6bae59b23c8683146dbe64b6be67c1463a552af851bbfc31e9cba,/Huang_group/zyyz/Projects/GVC-RT/experiments/gvcrt_neural_wrapper_v6_2_objective_calibration/parts/fullqp/schedule_s1p0/step_1000/normal/video_04_qp9.frames.csv,41fa5b2bec42d68023be8e03ffae099d2bef7b9502eaf273e4a2b7ce3a007696,/Huang_group/zyyz/Projects/GVC-RT/experiments/gvcrt_neural_wrapper_v6_2_objective_calibration/features/fullqp/schedule_s1p0/step_1000/normal/video_04_qp9.transitions.csv,b9ac6c69cd3a7c4aeb3fb71ff6aa1ecee3393e2693321b3117b3b4ed1896083c,640792,"[9, 11, 9, 10, 9, 10, 9, 10, 9, 11, 9, 10, 9, 10, 9, 10, 9, 11, 9, 10, 9, 10, 9, 10, 9, 11, 9, 10, 9, 10, 9, 10]",0.12,4,20.76564121246338,0.039897089591249824,0.0023805137898307294,0.0018402203822915908,Mean absolute RGB horizontal/vertical first-difference change
13289,13289,3322.25,0.0016021653163580246,99.6675,30.0,32,32,31,0.21538967173546553,0.125733507797122,19.964064056611626,0.7799642439931631,0.7769522313028574,0.2308796682665425,19.964064056611626,"[1920, 1088]","[1920, 1080]",1,False,,0.4898124039173126,0f0c0e2358ceec024230154da4777ed5c444a8382af1ec9d7165f3d7886141cf,0f0c0e2358ceec024230154da4777ed5c444a8382af1ec9d7165f3d7886141cf,0d80fc332fa0e7bb24d8cc147dd94ec6243af997a38a32ad07b65aaafd9253a1,True,True,True,13289,/Huang_group/zyyz/Projects/GVC-RT/experiments/gvcrt_neural_wrapper_v6_2_objective_calibration/bitstreams/fullqp/schedule_s1p0/step_1000/normal/video_05_qp0.bin,4b3ecd037a347b8726978dec565ef4a17a5c84004b485a0c3aafa486d7a1fefb,/Huang_group/zyyz/Projects/GVC-RT/experiments/gvcrt_neural_wrapper_v6_2_objective_calibration/features/fullqp/schedule_s1p0/step_1000/normal/video_05_qp0.npz,307164a809507c8b8568723c355e08015209f2e67ca31753185b160dc16e4d22,"{'bridge': '7394950d15fd97433ae4b017e4681bfc80143eb889910a34ed17b625ba08bcc9', 'generator': '97bf13e3c9e3693dc36e38e80ad0520349b58ba0320151a2fe2abcf43523b3ef'}",fullqp_schedule_v1,schedule_s1p0,1000,normal,normal,schedule_s1p0,0,0,5,4ffab9d2-254f-4dd4-9d49-6d1c332fab2f,4ee4fb642014d97bfa1b80f7028e67319b2747f856a9d4d8e8b13aeaaa8be8ee,63b1c5f1e574ab5ab1f58634db5a88e13ac41ed586454a9e1b74cd60ec056754,/Huang_group/zyyz/Projects/GVC-RT/experiments/gvcrt_neural_wrapper_v6_2_objective_calibration/branches/schedule_s1p0/checkpoints/step_1000.pt,fe63a6f00ca6bae59b23c8683146dbe64b6be67c1463a552af851bbfc31e9cba,/Huang_group/zyyz/Projects/GVC-RT/experiments/gvcrt_neural_wrapper_v6_2_objective_calibration/parts/fullqp/schedule_s1p0/step_1000/normal/video_05_qp0.frames.csv,2041f06e7ffbd230c787533c2b088881b042f47c8bfb17f7ef8863f980babc6a,/Huang_group/zyyz/Projects/GVC-RT/experiments/gvcrt_neural_wrapper_v6_2_objective_calibration/features/fullqp/schedule_s1p0/step_1000/normal/video_05_qp0.transitions.csv,baed34c2ec3aee2e1185830f17d955b9f11031b73b4375a9ccbc7669d0709321,106312,"[0, 2, 0, 1, 0, 1, 0, 1, 0, 2, 0, 1, 0, 1, 0, 1, 0, 2, 0, 1, 0, 1, 0, 1, 0, 2, 0, 1, 0, 1, 0, 1]",0.12,6,20.367661952972412,0.050654330174438655,0.0035522760881576687,0.008645671245176345,Mean absolute RGB horizontal/vertical first-difference change
21506,21506,5376.5,0.0025928337191358027,161.295,30.0,32,32,31,0.17975985212251544,0.11425253376364708,20.79003372117098,0.8166879303753376,0.8288343213498592,0.18474322365176293,20.79003372117098,"[1920, 1088]","[1920, 1080]",1,False,,0.4898124039173126,0f0c0e2358ceec024230154da4777ed5c444a8382af1ec9d7165f3d7886141cf,0f0c0e2358ceec024230154da4777ed5c444a8382af1ec9d7165f3d7886141cf,13aa087b3b8accd486c5a957720d16a695b2e2e6c029f7d1de12abe5ab4de7d1,True,True,True,21506,/Huang_group/zyyz/Projects/GVC-RT/experiments/gvcrt_neural_wrapper_v6_2_objective_calibration/bitstreams/fullqp/schedule_s1p0/step_1000/normal/video_05_qp2.bin,0e7116011656316b825c413a223c99042e07b6993e981f583a0e6588b53ebb74,/Huang_group/zyyz/Projects/GVC-RT/experiments/gvcrt_neural_wrapper_v6_2_objective_calibration/features/fullqp/schedule_s1p0/step_1000/normal/video_05_qp2.npz,a170601b6015b671832876e1393db0269df499703197fd6a291fa45122fda018,"{'bridge': '7394950d15fd97433ae4b017e4681bfc80143eb889910a34ed17b625ba08bcc9', 'generator': '97bf13e3c9e3693dc36e38e80ad0520349b58ba0320151a2fe2abcf43523b3ef'}",fullqp_schedule_v1,schedule_s1p0,1000,normal,normal,schedule_s1p0,2,2,5,4ffab9d2-254f-4dd4-9d49-6d1c332fab2f,4ee4fb642014d97bfa1b80f7028e67319b2747f856a9d4d8e8b13aeaaa8be8ee,63b1c5f1e574ab5ab1f58634db5a88e13ac41ed586454a9e1b74cd60ec056754,/Huang_group/zyyz/Projects/GVC-RT/experiments/gvcrt_neural_wrapper_v6_2_objective_calibration/branches/schedule_s1p0/checkpoints/step_1000.pt,fe63a6f00ca6bae59b23c8683146dbe64b6be67c1463a552af851bbfc31e9cba,/Huang_group/zyyz/Projects/GVC-RT/experiments/gvcrt_neural_wrapper_v6_2_objective_calibration/parts/fullqp/schedule_s1p0/step_1000/normal/video_05_qp2.frames.csv,c4279e05e40dd0f966fb4848abf8c2596ac78ce959887edf0d965fa2793e02aa,/Huang_group/zyyz/Projects/GVC-RT/experiments/gvcrt_neural_wrapper_v6_2_objective_calibration/features/fullqp/schedule_s1p0/step_1000/normal/video_05_qp2.transitions.csv,b374b02b22b113f7c39a6aa6ebcd17cca0203cbaa60a4150aec20925754ba26a,172048,"[2, 4, 2, 3, 2, 3, 2, 3, 2, 4, 2, 3, 2, 3, 2, 3, 2, 4, 2, 3, 2, 3, 2, 3, 2, 4, 2, 3, 2, 3, 2, 3]",0.12,6,20.317118644714355,0.050654330174438655,0.0035522760881576687,0.008645671245176345,Mean absolute RGB horizontal/vertical first-difference change
34283,34283,8570.75,0.0041332706404320985,257.1225,30.0,32,32,31,0.15237230248749256,0.1036889050155878,21.553094421620273,0.8461238536983728,0.8658541589975357,0.1514143366967478,21.553094421620273,"[1920, 1088]","[1920, 1080]",1,False,,0.4898124039173126,0f0c0e2358ceec024230154da4777ed5c444a8382af1ec9d7165f3d7886141cf,0f0c0e2358ceec024230154da4777ed5c444a8382af1ec9d7165f3d7886141cf,4b909f577f9ffdd4b0be15d37ef757470424068c642db4bf9b242747516638fd,True,True,True,34283,/Huang_group/zyyz/Projects/GVC-RT/experiments/gvcrt_neural_wrapper_v6_2_objective_calibration/bitstreams/fullqp/schedule_s1p0/step_1000/normal/video_05_qp4.bin,9b268b1f06468ef8d145df1cb01a68c9ec9a90054db1d63f9cb31708ea484867,/Huang_group/zyyz/Projects/GVC-RT/experiments/gvcrt_neural_wrapper_v6_2_objective_calibration/features/fullqp/schedule_s1p0/step_1000/normal/video_05_qp4.npz,911a99ef544e0a22c121d5450124b8e8c6ee2dd890dfb60587e60be27e6a7f0d,"{'bridge': '7394950d15fd97433ae4b017e4681bfc80143eb889910a34ed17b625ba08bcc9', 'generator': '97bf13e3c9e3693dc36e38e80ad0520349b58ba0320151a2fe2abcf43523b3ef'}",fullqp_schedule_v1,schedule_s1p0,1000,normal,normal,schedule_s1p0,4,4,5,4ffab9d2-254f-4dd4-9d49-6d1c332fab2f,4ee4fb642014d97bfa1b80f7028e67319b2747f856a9d4d8e8b13aeaaa8be8ee,63b1c5f1e574ab5ab1f58634db5a88e13ac41ed586454a9e1b74cd60ec056754,/Huang_group/zyyz/Projects/GVC-RT/experiments/gvcrt_neural_wrapper_v6_2_objective_calibration/branches/schedule_s1p0/checkpoints/step_1000.pt,fe63a6f00ca6bae59b23c8683146dbe64b6be67c1463a552af851bbfc31e9cba,/Huang_group/zyyz/Projects/GVC-RT/experiments/gvcrt_neural_wrapper_v6_2_objective_calibration/parts/fullqp/schedule_s1p0/step_1000/normal/video_05_qp4.frames.csv,a6a4c14ba5d6260c13eb220fec37a7ce64ec0fd42d466f6db32aa6f2568bf770,/Huang_group/zyyz/Projects/GVC-RT/experiments/gvcrt_neural_wrapper_v6_2_objective_calibration/features/fullqp/schedule_s1p0/step_1000/normal/video_05_qp4.transitions.csv,914bfc1a9d1bf6275d6c5e6a57e241314027a64b001102a322c062191a6674b5,274264,"[4, 6, 4, 5, 4, 5, 4, 5, 4, 6, 4, 5, 4, 5, 4, 5, 4, 6, 4, 5, 4, 5, 4, 5, 4, 6, 4, 5, 4, 5, 4, 5]",0.12,6,20.250191926956177,0.050654330174438655,0.0035522760881576687,0.008645671245176345,Mean absolute RGB horizontal/vertical first-difference change
53529,53529,13382.25,0.006453631365740741,401.4675,30.0,32,32,31,0.13310213712975383,0.09672027826309204,22.166440647189646,0.8654677458107471,0.888999218121171,0.1278586123258837,22.166440647189646,"[1920, 1088]","[1920, 1080]",1,False,,0.4898124039173126,0f0c0e2358ceec024230154da4777ed5c444a8382af1ec9d7165f3d7886141cf,0f0c0e2358ceec024230154da4777ed5c444a8382af1ec9d7165f3d7886141cf,d9c2beba745b2e4ac2c4b6669b58237ed57e04cf09f04861f0c62e12161ce103,True,True,True,53529,/Huang_group/zyyz/Projects/GVC-RT/experiments/gvcrt_neural_wrapper_v6_2_objective_calibration/bitstreams/fullqp/schedule_s1p0/step_1000/normal/video_05_qp6.bin,98658f618c75d6e98c1a275addd4fdf050f3dcea1794110b68f798d5cfec4f80,/Huang_group/zyyz/Projects/GVC-RT/experiments/gvcrt_neural_wrapper_v6_2_objective_calibration/features/fullqp/schedule_s1p0/step_1000/normal/video_05_qp6.npz,5736822ffda3009b840d06de7da484a8d6ed2f1f8cca684f067d8801f8e8ab32,"{'bridge': '7394950d15fd97433ae4b017e4681bfc80143eb889910a34ed17b625ba08bcc9', 'generator': '97bf13e3c9e3693dc36e38e80ad0520349b58ba0320151a2fe2abcf43523b3ef'}",fullqp_schedule_v1,schedule_s1p0,1000,normal,normal,schedule_s1p0,6,6,5,4ffab9d2-254f-4dd4-9d49-6d1c332fab2f,4ee4fb642014d97bfa1b80f7028e67319b2747f856a9d4d8e8b13aeaaa8be8ee,63b1c5f1e574ab5ab1f58634db5a88e13ac41ed586454a9e1b74cd60ec056754,/Huang_group/zyyz/Projects/GVC-RT/experiments/gvcrt_neural_wrapper_v6_2_objective_calibration/branches/schedule_s1p0/checkpoints/step_1000.pt,fe63a6f00ca6bae59b23c8683146dbe64b6be67c1463a552af851bbfc31e9cba,/Huang_group/zyyz/Projects/GVC-RT/experiments/gvcrt_neural_wrapper_v6_2_objective_calibration/parts/fullqp/schedule_s1p0/step_1000/normal/video_05_qp6.frames.csv,43bb4aed832591ce9a010d80d3d145a363fa063722081bf43de846a6f882147d,/Huang_group/zyyz/Projects/GVC-RT/experiments/gvcrt_neural_wrapper_v6_2_objective_calibration/features/fullqp/schedule_s1p0/step_1000/normal/video_05_qp6.transitions.csv,8260f5c777228425c5772df0e55f01fafa7a01e3f9d4ab44cfa11d422c5f5dbb,428232,"[6, 8, 6, 7, 6, 7, 6, 7, 6, 8, 6, 7, 6, 7, 6, 7, 6, 8, 6, 7, 6, 7, 6, 7, 6, 8, 6, 7, 6, 7, 6, 7]",0.12,6,20.25329041481018,0.050654330174438655,0.0035522760881576687,0.008645671245176345,Mean absolute RGB horizontal/vertical first-difference change
79431,79431,19857.75,0.009576461226851851,595.7325,30.0,32,32,31,0.12252196087501943,0.09473691135644913,22.58338852168633,0.8771761264652014,0.9022496473044157,0.11495715115339525,22.58338852168633,"[1920, 1088]","[1920, 1080]",1,False,,0.4898124039173126,0f0c0e2358ceec024230154da4777ed5c444a8382af1ec9d7165f3d7886141cf,0f0c0e2358ceec024230154da4777ed5c444a8382af1ec9d7165f3d7886141cf,9fe03df0fda53234d2a6400954c5f73afa4e942bd32a30380ff8ebc26d72fd26,True,True,True,79431,/Huang_group/zyyz/Projects/GVC-RT/experiments/gvcrt_neural_wrapper_v6_2_objective_calibration/bitstreams/fullqp/schedule_s1p0/step_1000/normal/video_05_qp8.bin,e0db5be9b5371a8deac0b37bfe95266c62f295a2c7d99aca2a21b6ba4e5ed8c9,/Huang_group/zyyz/Projects/GVC-RT/experiments/gvcrt_neural_wrapper_v6_2_objective_calibration/features/fullqp/schedule_s1p0/step_1000/normal/video_05_qp8.npz,968a6bff9d3d516bd5352aa57370dc6a04bde058fa24bd53c551c07c8c131fb8,"{'bridge': '7394950d15fd97433ae4b017e4681bfc80143eb889910a34ed17b625ba08bcc9', 'generator': '97bf13e3c9e3693dc36e38e80ad0520349b58ba0320151a2fe2abcf43523b3ef'}",fullqp_schedule_v1,schedule_s1p0,1000,normal,normal,schedule_s1p0,8,8,5,4ffab9d2-254f-4dd4-9d49-6d1c332fab2f,4ee4fb642014d97bfa1b80f7028e67319b2747f856a9d4d8e8b13aeaaa8be8ee,63b1c5f1e574ab5ab1f58634db5a88e13ac41ed586454a9e1b74cd60ec056754,/Huang_group/zyyz/Projects/GVC-RT/experiments/gvcrt_neural_wrapper_v6_2_objective_calibration/branches/schedule_s1p0/checkpoints/step_1000.pt,fe63a6f00ca6bae59b23c8683146dbe64b6be67c1463a552af851bbfc31e9cba,/Huang_group/zyyz/Projects/GVC-RT/experiments/gvcrt_neural_wrapper_v6_2_objective_calibration/parts/fullqp/schedule_s1p0/step_1000/normal/video_05_qp8.frames.csv,0262d75ea64794b753d16c518ab6eedea49c6cc6758226957b9a3bfc4c44e309,/Huang_group/zyyz/Projects/GVC-RT/experiments/gvcrt_neural_wrapper_v6_2_objective_calibration/features/fullqp/schedule_s1p0/step_1000/normal/video_05_qp8.transitions.csv,3f572b0b2f27b77d854740bbd79895ec08e642892443467e407207ef35c7ed69,635448,"[8, 10, 8, 9, 8, 9, 8, 9, 8, 10, 8, 9, 8, 9, 8, 9, 8, 10, 8, 9, 8, 9, 8, 9, 8, 10, 8, 9, 8, 9, 8, 9]",0.12,6,20.357783555984497,0.050654330174438655,0.0035522760881576687,0.008645671245176345,Mean absolute RGB horizontal/vertical first-difference change
94659,94659,23664.75,0.011412398726851852,709.9425,30.0,32,32,31,0.11862728139385581,0.09501111879944801,22.729718544560356,0.8808860816061497,0.9069931376725435,0.10929498581155654,22.729718544560356,"[1920, 1088]","[1920, 1080]",1,False,,0.4898124039173126,0f0c0e2358ceec024230154da4777ed5c444a8382af1ec9d7165f3d7886141cf,0f0c0e2358ceec024230154da4777ed5c444a8382af1ec9d7165f3d7886141cf,e0d9d40915f544f58a86e6e17767886a51918d322ab82a8c388f50ed6bdb6611,True,True,True,94659,/Huang_group/zyyz/Projects/GVC-RT/experiments/gvcrt_neural_wrapper_v6_2_objective_calibration/bitstreams/fullqp/schedule_s1p0/step_1000/normal/video_05_qp9.bin,27b5158563fc7e26e82249b989315425b00ba2c0a37d985e7880786518a67d9f,/Huang_group/zyyz/Projects/GVC-RT/experiments/gvcrt_neural_wrapper_v6_2_objective_calibration/features/fullqp/schedule_s1p0/step_1000/normal/video_05_qp9.npz,8ad46476f844336c49d1ab31cbdcfb718cc849f9f9d15b909b2a87625fe040f3,"{'bridge': '7394950d15fd97433ae4b017e4681bfc80143eb889910a34ed17b625ba08bcc9', 'generator': '97bf13e3c9e3693dc36e38e80ad0520349b58ba0320151a2fe2abcf43523b3ef'}",fullqp_schedule_v1,schedule_s1p0,1000,normal,normal,schedule_s1p0,9,9,5,4ffab9d2-254f-4dd4-9d49-6d1c332fab2f,4ee4fb642014d97bfa1b80f7028e67319b2747f856a9d4d8e8b13aeaaa8be8ee,63b1c5f1e574ab5ab1f58634db5a88e13ac41ed586454a9e1b74cd60ec056754,/Huang_group/zyyz/Projects/GVC-RT/experiments/gvcrt_neural_wrapper_v6_2_objective_calibration/branches/schedule_s1p0/checkpoints/step_1000.pt,fe63a6f00ca6bae59b23c8683146dbe64b6be67c1463a552af851bbfc31e9cba,/Huang_group/zyyz/Projects/GVC-RT/experiments/gvcrt_neural_wrapper_v6_2_objective_calibration/parts/fullqp/schedule_s1p0/step_1000/normal/video_05_qp9.frames.csv,4af535ae928137f5b2ba3eabf15118b00dfd60d9d80bbeac362c67c47a22ff1e,/Huang_group/zyyz/Projects/GVC-RT/experiments/gvcrt_neural_wrapper_v6_2_objective_calibration/features/fullqp/schedule_s1p0/step_1000/normal/video_05_qp9.transitions.csv,f80c23c97866c79a191e9baa5cb937c929b4f9df94bfe8c70a3a82e20bbb96e0,757272,"[9, 11, 9, 10, 9, 10, 9, 10, 9, 11, 9, 10, 9, 10, 9, 10, 9, 11, 9, 10, 9, 10, 9, 10, 9, 11, 9, 10, 9, 10, 9, 10]",0.12,6,20.3514986038208,0.050654330174438655,0.0035522760881576687,0.008645671245176345,Mean absolute RGB horizontal/vertical first-difference change
17220,17220,4305.0,0.002076099537037037,107.625,25.0,32,32,31,0.23015150288119912,0.08979273214936256,22.937682214503184,0.9638623856008053,0.7870126757770777,0.2567583716684772,22.937682214503184,"[1920, 1088]","[1920, 1080]",1,False,,0.34117645025253296,0f0c0e2358ceec024230154da4777ed5c444a8382af1ec9d7165f3d7886141cf,0f0c0e2358ceec024230154da4777ed5c444a8382af1ec9d7165f3d7886141cf,90c4a13ddf04ba6600f927903198edf7654aab922057c5d3b224c476e0f476a2,True,True,True,17220,/Huang_group/zyyz/Projects/GVC-RT/experiments/gvcrt_neural_wrapper_v6_2_objective_calibration/bitstreams/fullqp/schedule_s1p0/step_1000/normal/video_06_qp0.bin,690f8842a1f00b855b6c0db5a7d873678b46b7d2ae8bd57cf71d951ed6dcca23,/Huang_group/zyyz/Projects/GVC-RT/experiments/gvcrt_neural_wrapper_v6_2_objective_calibration/features/fullqp/schedule_s1p0/step_1000/normal/video_06_qp0.npz,e79f7e075d1919462b9b2513986eaad5e2f5d88a8d7517c858473479c4aca1a6,"{'bridge': '7394950d15fd97433ae4b017e4681bfc80143eb889910a34ed17b625ba08bcc9', 'generator': '97bf13e3c9e3693dc36e38e80ad0520349b58ba0320151a2fe2abcf43523b3ef'}",fullqp_schedule_v1,schedule_s1p0,1000,normal,normal,schedule_s1p0,0,0,6,5548e126-5401-426d-8636-e226cdf4bba7,bcaec1a140fe55bbb01a6e8d4f4868dd17b2978a8db32794eef7dabf5ec6a25b,7564397f36087c500a4a67b1315f28b081eaa273e5288d273e46e986c4fed9f1,/Huang_group/zyyz/Projects/GVC-RT/experiments/gvcrt_neural_wrapper_v6_2_objective_calibration/branches/schedule_s1p0/checkpoints/step_1000.pt,fe63a6f00ca6bae59b23c8683146dbe64b6be67c1463a552af851bbfc31e9cba,/Huang_group/zyyz/Projects/GVC-RT/experiments/gvcrt_neural_wrapper_v6_2_objective_calibration/parts/fullqp/schedule_s1p0/step_1000/normal/video_06_qp0.frames.csv,53aedb956a1572a9c6757840e5e9756656c414996bda5b53dcf1971716bd67c6,/Huang_group/zyyz/Projects/GVC-RT/experiments/gvcrt_neural_wrapper_v6_2_objective_calibration/features/fullqp/schedule_s1p0/step_1000/normal/video_06_qp0.transitions.csv,dc64228ff28d95cd87688c2c52d6ea6a4a0bbad0a859b83563c106fd1724050c,137760,"[0, 2, 0, 1, 0, 1, 0, 1, 0, 2, 0, 1, 0, 1, 0, 1, 0, 2, 0, 1, 0, 1, 0, 1, 0, 2, 0, 1, 0, 1, 0, 1]",0.12,4,21.392711639404297,0.058978959219530225,0.005209983457461931,0.00569629090023227,Mean absolute RGB horizontal/vertical first-difference change
26951,26951,6737.75,0.0032493007330246914,168.44375,25.0,32,32,31,0.1873851935379207,0.08179382421076298,23.899791868754928,0.970554556697607,0.8251844383776188,0.19609560408899862,23.899791868754928,"[1920, 1088]","[1920, 1080]",1,False,,0.34117645025253296,0f0c0e2358ceec024230154da4777ed5c444a8382af1ec9d7165f3d7886141cf,0f0c0e2358ceec024230154da4777ed5c444a8382af1ec9d7165f3d7886141cf,6e9375bdc881da3bb141e1c85cdf184e3abdf5872d4e3f9fae6a87ae64c5ec9c,True,True,True,26951,/Huang_group/zyyz/Projects/GVC-RT/experiments/gvcrt_neural_wrapper_v6_2_objective_calibration/bitstreams/fullqp/schedule_s1p0/step_1000/normal/video_06_qp2.bin,a40687639770c0bee8e0154e8147f9e5a21c650af858b1f3cb05a8b49e783455,/Huang_group/zyyz/Projects/GVC-RT/experiments/gvcrt_neural_wrapper_v6_2_objective_calibration/features/fullqp/schedule_s1p0/step_1000/normal/video_06_qp2.npz,b5d26ac6a3449cd8786cb0e502e2f41d51051d5d6816baab3e90c733dc68d3de,"{'bridge': '7394950d15fd97433ae4b017e4681bfc80143eb889910a34ed17b625ba08bcc9', 'generator': '97bf13e3c9e3693dc36e38e80ad0520349b58ba0320151a2fe2abcf43523b3ef'}",fullqp_schedule_v1,schedule_s1p0,1000,normal,normal,schedule_s1p0,2,2,6,5548e126-5401-426d-8636-e226cdf4bba7,bcaec1a140fe55bbb01a6e8d4f4868dd17b2978a8db32794eef7dabf5ec6a25b,7564397f36087c500a4a67b1315f28b081eaa273e5288d273e46e986c4fed9f1,/Huang_group/zyyz/Projects/GVC-RT/experiments/gvcrt_neural_wrapper_v6_2_objective_calibration/branches/schedule_s1p0/checkpoints/step_1000.pt,fe63a6f00ca6bae59b23c8683146dbe64b6be67c1463a552af851bbfc31e9cba,/Huang_group/zyyz/Projects/GVC-RT/experiments/gvcrt_neural_wrapper_v6_2_objective_calibration/parts/fullqp/schedule_s1p0/step_1000/normal/video_06_qp2.frames.csv,547d966a3ea1010b42911bdaba76a95e5a222a6443eb14818b9df616cc4b57c0,/Huang_group/zyyz/Projects/GVC-RT/experiments/gvcrt_neural_wrapper_v6_2_objective_calibration/features/fullqp/schedule_s1p0/step_1000/normal/video_06_qp2.transitions.csv,0bfcec3145ad9546334c80cd2b732d6bf40e66165ca321e0bcf474c8f2fabb93,215608,"[2, 4, 2, 3, 2, 3, 2, 3, 2, 4, 2, 3, 2, 3, 2, 3, 2, 4, 2, 3, 2, 3, 2, 3, 2, 4, 2, 3, 2, 3, 2, 3]",0.12,4,21.133302450180054,0.058978959219530225,0.005209983457461931,0.00569629090023227,Mean absolute RGB horizontal/vertical first-difference change
42456,42456,10614.0,0.005118634259259259,265.35,25.0,32,32,31,0.15866185072809458,0.07409539446234703,24.7080559702949,0.9752332735806704,0.853141363710165,0.15348983363759133,24.7080559702949,"[1920, 1088]","[1920, 1080]",1,False,,0.34117645025253296,0f0c0e2358ceec024230154da4777ed5c444a8382af1ec9d7165f3d7886141cf,0f0c0e2358ceec024230154da4777ed5c444a8382af1ec9d7165f3d7886141cf,2066d24d450a6aa35d094c0f32bb07e55b779e65a556581ae918e7ccb5047368,True,True,True,42456,/Huang_group/zyyz/Projects/GVC-RT/experiments/gvcrt_neural_wrapper_v6_2_objective_calibration/bitstreams/fullqp/schedule_s1p0/step_1000/normal/video_06_qp4.bin,4b0872dba7677c5166b609b29d784141aa1de686b182d1e90717d737b36c6209,/Huang_group/zyyz/Projects/GVC-RT/experiments/gvcrt_neural_wrapper_v6_2_objective_calibration/features/fullqp/schedule_s1p0/step_1000/normal/video_06_qp4.npz,2d58480d820319d3f9693d5c989a9ce0664f9568c1ab33c9ea7acb537efe5c58,"{'bridge': '7394950d15fd97433ae4b017e4681bfc80143eb889910a34ed17b625ba08bcc9', 'generator': '97bf13e3c9e3693dc36e38e80ad0520349b58ba0320151a2fe2abcf43523b3ef'}",fullqp_schedule_v1,schedule_s1p0,1000,normal,normal,schedule_s1p0,4,4,6,5548e126-5401-426d-8636-e226cdf4bba7,bcaec1a140fe55bbb01a6e8d4f4868dd17b2978a8db32794eef7dabf5ec6a25b,7564397f36087c500a4a67b1315f28b081eaa273e5288d273e46e986c4fed9f1,/Huang_group/zyyz/Projects/GVC-RT/experiments/gvcrt_neural_wrapper_v6_2_objective_calibration/branches/schedule_s1p0/checkpoints/step_1000.pt,fe63a6f00ca6bae59b23c8683146dbe64b6be67c1463a552af851bbfc31e9cba,/Huang_group/zyyz/Projects/GVC-RT/experiments/gvcrt_neural_wrapper_v6_2_objective_calibration/parts/fullqp/schedule_s1p0/step_1000/normal/video_06_qp4.frames.csv,da35679e6bf92d652454dea72ea880d4ee48b8b40c68c15d1f621e64dad13c0c,/Huang_group/zyyz/Projects/GVC-RT/experiments/gvcrt_neural_wrapper_v6_2_objective_calibration/features/fullqp/schedule_s1p0/step_1000/normal/video_06_qp4.transitions.csv,e6e92b6cb6a35d0b4928daf2ddfff05f74ebbc33d2b3dca318716e7363516670,339648,"[4, 6, 4, 5, 4, 5, 4, 5, 4, 6, 4, 5, 4, 5, 4, 5, 4, 6, 4, 5, 4, 5, 4, 5, 4, 6, 4, 5, 4, 5, 4, 5]",0.12,4,21.251328229904175,0.058978959219530225,0.005209983457461931,0.00569629090023227,Mean absolute RGB horizontal/vertical first-difference change
64255,64255,16063.75,0.007746793016975308,401.59375,25.0,32,32,31,0.13607070641592145,0.06835198774933815,25.32343716470386,0.9783121254295111,0.8746125716716051,0.12388507949729119,25.32343716470386,"[1920, 1088]","[1920, 1080]",1,False,,0.34117645025253296,0f0c0e2358ceec024230154da4777ed5c444a8382af1ec9d7165f3d7886141cf,0f0c0e2358ceec024230154da4777ed5c444a8382af1ec9d7165f3d7886141cf,6d9e845f070cab94276cbdd017fd67f20bad8ad30e20b072e2cfff32bdac908a,True,True,True,64255,/Huang_group/zyyz/Projects/GVC-RT/experiments/gvcrt_neural_wrapper_v6_2_objective_calibration/bitstreams/fullqp/schedule_s1p0/step_1000/normal/video_06_qp6.bin,4c2202157790de6ca4099fee961ea8424652797ead8cd6caf991a696c1c61214,/Huang_group/zyyz/Projects/GVC-RT/experiments/gvcrt_neural_wrapper_v6_2_objective_calibration/features/fullqp/schedule_s1p0/step_1000/normal/video_06_qp6.npz,066aef503268e7dc637356660313c43c53d0cfdedde119a6ae2f5de70561328b,"{'bridge': '7394950d15fd97433ae4b017e4681bfc80143eb889910a34ed17b625ba08bcc9', 'generator': '97bf13e3c9e3693dc36e38e80ad0520349b58ba0320151a2fe2abcf43523b3ef'}",fullqp_schedule_v1,schedule_s1p0,1000,normal,normal,schedule_s1p0,6,6,6,5548e126-5401-426d-8636-e226cdf4bba7,bcaec1a140fe55bbb01a6e8d4f4868dd17b2978a8db32794eef7dabf5ec6a25b,7564397f36087c500a4a67b1315f28b081eaa273e5288d273e46e986c4fed9f1,/Huang_group/zyyz/Projects/GVC-RT/experiments/gvcrt_neural_wrapper_v6_2_objective_calibration/branches/schedule_s1p0/checkpoints/step_1000.pt,fe63a6f00ca6bae59b23c8683146dbe64b6be67c1463a552af851bbfc31e9cba,/Huang_group/zyyz/Projects/GVC-RT/experiments/gvcrt_neural_wrapper_v6_2_objective_calibration/parts/fullqp/schedule_s1p0/step_1000/normal/video_06_qp6.frames.csv,19c11d39f8caf294afd8385fedb20aefa59572e52d0c950acb500d508086a27e,/Huang_group/zyyz/Projects/GVC-RT/experiments/gvcrt_neural_wrapper_v6_2_objective_calibration/features/fullqp/schedule_s1p0/step_1000/normal/video_06_qp6.transitions.csv,06481bc3d88030eca6be2c3f6e689f223926d08e1087b45c15da10c152924487,514040,"[6, 8, 6, 7, 6, 7, 6, 7, 6, 8, 6, 7, 6, 7, 6, 7, 6, 8, 6, 7, 6, 7, 6, 7, 6, 8, 6, 7, 6, 7, 6, 7]",0.12,4,20.84243130683899,0.058978959219530225,0.005209983457461931,0.00569629090023227,Mean absolute RGB horizontal/vertical first-difference change
93731,93731,23432.75,0.011300516010802468,585.81875,25.0,32,32,31,0.12299447203986347,0.06342562474310398,25.76851159867363,0.980292035266757,0.8893898595124483,0.10619975506298003,25.76851159867363,"[1920, 1088]","[1920, 1080]",1,False,,0.34117645025253296,0f0c0e2358ceec024230154da4777ed5c444a8382af1ec9d7165f3d7886141cf,0f0c0e2358ceec024230154da4777ed5c444a8382af1ec9d7165f3d7886141cf,8f19cf10d15f3b45eb8f37489095ca9f03c4ec4e2cefa3ea8ef2f380c9291495,True,True,True,93731,/Huang_group/zyyz/Projects/GVC-RT/experiments/gvcrt_neural_wrapper_v6_2_objective_calibration/bitstreams/fullqp/schedule_s1p0/step_1000/normal/video_06_qp8.bin,c7c3d4366fd36636527c9dcc2493a591d7579cf5b22b53ef2910f70742cf3de2,/Huang_group/zyyz/Projects/GVC-RT/experiments/gvcrt_neural_wrapper_v6_2_objective_calibration/features/fullqp/schedule_s1p0/step_1000/normal/video_06_qp8.npz,23895de27470393bd9b259b0a8e729abe765422f5d31d1598c15502f007aa7b4,"{'bridge': '7394950d15fd97433ae4b017e4681bfc80143eb889910a34ed17b625ba08bcc9', 'generator': '97bf13e3c9e3693dc36e38e80ad0520349b58ba0320151a2fe2abcf43523b3ef'}",fullqp_schedule_v1,schedule_s1p0,1000,normal,normal,schedule_s1p0,8,8,6,5548e126-5401-426d-8636-e226cdf4bba7,bcaec1a140fe55bbb01a6e8d4f4868dd17b2978a8db32794eef7dabf5ec6a25b,7564397f36087c500a4a67b1315f28b081eaa273e5288d273e46e986c4fed9f1,/Huang_group/zyyz/Projects/GVC-RT/experiments/gvcrt_neural_wrapper_v6_2_objective_calibration/branches/schedule_s1p0/checkpoints/step_1000.pt,fe63a6f00ca6bae59b23c8683146dbe64b6be67c1463a552af851bbfc31e9cba,/Huang_group/zyyz/Projects/GVC-RT/experiments/gvcrt_neural_wrapper_v6_2_objective_calibration/parts/fullqp/schedule_s1p0/step_1000/normal/video_06_qp8.frames.csv,5e00c85b31cb8171803a74a67afbbe31404894615e8d9e9d9a44add13181cd14,/Huang_group/zyyz/Projects/GVC-RT/experiments/gvcrt_neural_wrapper_v6_2_objective_calibration/features/fullqp/schedule_s1p0/step_1000/normal/video_06_qp8.transitions.csv,b91731ef52102d66ef572e77f4622839c1846bdaeeddc313a4b05fb5cc649560,749848,"[8, 10, 8, 9, 8, 9, 8, 9, 8, 10, 8, 9, 8, 9, 8, 9, 8, 10, 8, 9, 8, 9, 8, 9, 8, 10, 8, 9, 8, 9, 8, 9]",0.12,4,20.989251375198364,0.058978959219530225,0.005209983457461931,0.00569629090023227,Mean absolute RGB horizontal/vertical first-difference change
110272,110272,27568.0,0.013294753086419753,689.2,25.0,32,32,31,0.11722888704389334,0.06168198399245739,25.909954088640816,0.9808883797377348,0.8942052312195301,0.10115063358699122,25.909954088640816,"[1920, 1088]","[1920, 1080]",1,False,,0.34117645025253296,0f0c0e2358ceec024230154da4777ed5c444a8382af1ec9d7165f3d7886141cf,0f0c0e2358ceec024230154da4777ed5c444a8382af1ec9d7165f3d7886141cf,c064efb607c79227cde9d4a64c66b3aefd0a359e73aff85a43b6d1235a333b0b,True,True,True,110272,/Huang_group/zyyz/Projects/GVC-RT/experiments/gvcrt_neural_wrapper_v6_2_objective_calibration/bitstreams/fullqp/schedule_s1p0/step_1000/normal/video_06_qp9.bin,9afbd21222ef79ec67635306622a72f7509d686d011ca24c972ddafbd206b3ad,/Huang_group/zyyz/Projects/GVC-RT/experiments/gvcrt_neural_wrapper_v6_2_objective_calibration/features/fullqp/schedule_s1p0/step_1000/normal/video_06_qp9.npz,235a86116e232cfec76179e44fa353f8dce9f53d10760b4308860a448f0707ce,"{'bridge': '7394950d15fd97433ae4b017e4681bfc80143eb889910a34ed17b625ba08bcc9', 'generator': '97bf13e3c9e3693dc36e38e80ad0520349b58ba0320151a2fe2abcf43523b3ef'}",fullqp_schedule_v1,schedule_s1p0,1000,normal,normal,schedule_s1p0,9,9,6,5548e126-5401-426d-8636-e226cdf4bba7,bcaec1a140fe55bbb01a6e8d4f4868dd17b2978a8db32794eef7dabf5ec6a25b,7564397f36087c500a4a67b1315f28b081eaa273e5288d273e46e986c4fed9f1,/Huang_group/zyyz/Projects/GVC-RT/experiments/gvcrt_neural_wrapper_v6_2_objective_calibration/branches/schedule_s1p0/checkpoints/step_1000.pt,fe63a6f00ca6bae59b23c8683146dbe64b6be67c1463a552af851bbfc31e9cba,/Huang_group/zyyz/Projects/GVC-RT/experiments/gvcrt_neural_wrapper_v6_2_objective_calibration/parts/fullqp/schedule_s1p0/step_1000/normal/video_06_qp9.frames.csv,936aeaf72adc8c168947eec57b448f52490a14c081312e06590e2757737627be,/Huang_group/zyyz/Projects/GVC-RT/experiments/gvcrt_neural_wrapper_v6_2_objective_calibration/features/fullqp/schedule_s1p0/step_1000/normal/video_06_qp9.transitions.csv,66174c9e9ec9a826bdcfb71683ea027552976bc815b750b45bed7c3ff304677e,882176,"[9, 11, 9, 10, 9, 10, 9, 10, 9, 11, 9, 10, 9, 10, 9, 10, 9, 11, 9, 10, 9, 10, 9, 10, 9, 11, 9, 10, 9, 10, 9, 10]",0.12,4,21.183019399642944,0.058978959219530225,0.005209983457461931,0.00569629090023227,Mean absolute RGB horizontal/vertical first-difference change
22262,22262,5565.5,0.002683979552469136,166.965,30.0,32,32,31,0.2979532405734062,0.14796997606754303,15.494386115796853,0.8474662341177464,0.6429592426866293,0.336956302965841,15.494386115796853,"[1920, 1088]","[1920, 1080]",1,False,,0.4871281087398529,0f0c0e2358ceec024230154da4777ed5c444a8382af1ec9d7165f3d7886141cf,0f0c0e2358ceec024230154da4777ed5c444a8382af1ec9d7165f3d7886141cf,ca35cb74b3cceb416ddd38ece0a16182743a66d4a4de109952f1907d2d4733f6,True,True,True,22262,/Huang_group/zyyz/Projects/GVC-RT/experiments/gvcrt_neural_wrapper_v6_2_objective_calibration/bitstreams/fullqp/schedule_s1p0/step_1000/normal/video_07_qp0.bin,031545a555b9e6f4fdf646d560aa02d7ea4e48f58c23b39527e8cd12f72d3f60,/Huang_group/zyyz/Projects/GVC-RT/experiments/gvcrt_neural_wrapper_v6_2_objective_calibration/features/fullqp/schedule_s1p0/step_1000/normal/video_07_qp0.npz,90cb87fe728930d51a639060c4574c2f36a675bb846c224368c7525df8afd2f4,"{'bridge': '7394950d15fd97433ae4b017e4681bfc80143eb889910a34ed17b625ba08bcc9', 'generator': '97bf13e3c9e3693dc36e38e80ad0520349b58ba0320151a2fe2abcf43523b3ef'}",fullqp_schedule_v1,schedule_s1p0,1000,normal,normal,schedule_s1p0,0,0,7,72e7a7f7-4bb5-4434-a94b-38217ca6c3d3,433c3b310fbb0c740a665e68edff43c1cc8bf19bcdd917daf8c6fc02749b18b9,7b899e143a79c8300f7f23a00e50190bb32b76c7f974f34d4e48448c48b1fa99,/Huang_group/zyyz/Projects/GVC-RT/experiments/gvcrt_neural_wrapper_v6_2_objective_calibration/branches/schedule_s1p0/checkpoints/step_1000.pt,fe63a6f00ca6bae59b23c8683146dbe64b6be67c1463a552af851bbfc31e9cba,/Huang_group/zyyz/Projects/GVC-RT/experiments/gvcrt_neural_wrapper_v6_2_objective_calibration/parts/fullqp/schedule_s1p0/step_1000/normal/video_07_qp0.frames.csv,9eab87a261f04e16d7c36972757813244ad6eeb4eb093f9bdb35cb6dc6bee57c,/Huang_group/zyyz/Projects/GVC-RT/experiments/gvcrt_neural_wrapper_v6_2_objective_calibration/features/fullqp/schedule_s1p0/step_1000/normal/video_07_qp0.transitions.csv,41758d2b580ed948a0bfd8e18fd6d1eb5997d345b74339f211d43e474633b13b,178096,"[0, 2, 0, 1, 0, 1, 0, 1, 0, 2, 0, 1, 0, 1, 0, 1, 0, 2, 0, 1, 0, 1, 0, 1, 0, 2, 0, 1, 0, 1, 0, 1]",0.12,6,20.308237552642822,0.06843380280770361,0.00713163054024335,0.01645364085561596,Mean absolute RGB horizontal/vertical first-difference change
38092,38092,9523.0,0.004592496141975309,285.69,30.0,32,32,31,0.2527823722921312,0.12914029136300087,16.293498393270266,0.8717250507324934,0.7159808296710253,0.2835518381287975,16.293498393270266,"[1920, 1088]","[1920, 1080]",1,False,,0.4871281087398529,0f0c0e2358ceec024230154da4777ed5c444a8382af1ec9d7165f3d7886141cf,0f0c0e2358ceec024230154da4777ed5c444a8382af1ec9d7165f3d7886141cf,68f5cd621025f480e09007efb43e5b0caea035e23cc17cb6b813ebcc5904fb50,True,True,True,38092,/Huang_group/zyyz/Projects/GVC-RT/experiments/gvcrt_neural_wrapper_v6_2_objective_calibration/bitstreams/fullqp/schedule_s1p0/step_1000/normal/video_07_qp2.bin,56e7a032d8d7b253989b767381bf29e1a43bcb54208c6fed7348fd032bac2917,/Huang_group/zyyz/Projects/GVC-RT/experiments/gvcrt_neural_wrapper_v6_2_objective_calibration/features/fullqp/schedule_s1p0/step_1000/normal/video_07_qp2.npz,be3c1a3215e8f1b7ac861102d277d50fe00bb641560c88d9bc16f9ebbafe1017,"{'bridge': '7394950d15fd97433ae4b017e4681bfc80143eb889910a34ed17b625ba08bcc9', 'generator': '97bf13e3c9e3693dc36e38e80ad0520349b58ba0320151a2fe2abcf43523b3ef'}",fullqp_schedule_v1,schedule_s1p0,1000,normal,normal,schedule_s1p0,2,2,7,72e7a7f7-4bb5-4434-a94b-38217ca6c3d3,433c3b310fbb0c740a665e68edff43c1cc8bf19bcdd917daf8c6fc02749b18b9,7b899e143a79c8300f7f23a00e50190bb32b76c7f974f34d4e48448c48b1fa99,/Huang_group/zyyz/Projects/GVC-RT/experiments/gvcrt_neural_wrapper_v6_2_objective_calibration/branches/schedule_s1p0/checkpoints/step_1000.pt,fe63a6f00ca6bae59b23c8683146dbe64b6be67c1463a552af851bbfc31e9cba,/Huang_group/zyyz/Projects/GVC-RT/experiments/gvcrt_neural_wrapper_v6_2_objective_calibration/parts/fullqp/schedule_s1p0/step_1000/normal/video_07_qp2.frames.csv,295dd564dd2b14e148c64dccf63962b09b8b6c43877eb7a55a15a039f1f4f293,/Huang_group/zyyz/Projects/GVC-RT/experiments/gvcrt_neural_wrapper_v6_2_objective_calibration/features/fullqp/schedule_s1p0/step_1000/normal/video_07_qp2.transitions.csv,4c541f9522f4b3aeb6baf86a802447b813367e9da9c822aed9cb64eedadd6b7b,304736,"[2, 4, 2, 3, 2, 3, 2, 3, 2, 4, 2, 3, 2, 3, 2, 3, 2, 4, 2, 3, 2, 3, 2, 3, 2, 4, 2, 3, 2, 3, 2, 3]",0.12,6,20.274383306503296,0.06843380280770361,0.00713163054024335,0.01645364085561596,Mean absolute RGB horizontal/vertical first-difference change
61799,61799,15449.75,0.0074506896219135805,463.4925,30.0,32,32,31,0.21677885577082634,0.11682995595037937,16.97746181603083,0.8898906204849482,0.7704081553965807,0.24171730875968933,16.97746181603083,"[1920, 1088]","[1920, 1080]",1,False,,0.4871281087398529,0f0c0e2358ceec024230154da4777ed5c444a8382af1ec9d7165f3d7886141cf,0f0c0e2358ceec024230154da4777ed5c444a8382af1ec9d7165f3d7886141cf,43618e9d38cb4d96e4d8598164d72470681b93f45f0a4df4162921bc8adfd3fd,True,True,True,61799,/Huang_group/zyyz/Projects/GVC-RT/experiments/gvcrt_neural_wrapper_v6_2_objective_calibration/bitstreams/fullqp/schedule_s1p0/step_1000/normal/video_07_qp4.bin,b1e3566a8664e8bcf38080f09760ed0e6e82df4bf7bca1761b3c7f18c823c2a5,/Huang_group/zyyz/Projects/GVC-RT/experiments/gvcrt_neural_wrapper_v6_2_objective_calibration/features/fullqp/schedule_s1p0/step_1000/normal/video_07_qp4.npz,1b4dd297982c2a1bf534ba81a12402019a220e9e83b7d40f2d8099aa2ffd7d70,"{'bridge': '7394950d15fd97433ae4b017e4681bfc80143eb889910a34ed17b625ba08bcc9', 'generator': '97bf13e3c9e3693dc36e38e80ad0520349b58ba0320151a2fe2abcf43523b3ef'}",fullqp_schedule_v1,schedule_s1p0,1000,normal,normal,schedule_s1p0,4,4,7,72e7a7f7-4bb5-4434-a94b-38217ca6c3d3,433c3b310fbb0c740a665e68edff43c1cc8bf19bcdd917daf8c6fc02749b18b9,7b899e143a79c8300f7f23a00e50190bb32b76c7f974f34d4e48448c48b1fa99,/Huang_group/zyyz/Projects/GVC-RT/experiments/gvcrt_neural_wrapper_v6_2_objective_calibration/branches/schedule_s1p0/checkpoints/step_1000.pt,fe63a6f00ca6bae59b23c8683146dbe64b6be67c1463a552af851bbfc31e9cba,/Huang_group/zyyz/Projects/GVC-RT/experiments/gvcrt_neural_wrapper_v6_2_objective_calibration/parts/fullqp/schedule_s1p0/step_1000/normal/video_07_qp4.frames.csv,2acc879fcd7486d4feb8551e079e8ac1402bc674f88aa7dad0b00d6ad520d8c9,/Huang_group/zyyz/Projects/GVC-RT/experiments/gvcrt_neural_wrapper_v6_2_objective_calibration/features/fullqp/schedule_s1p0/step_1000/normal/video_07_qp4.transitions.csv,bc4ef4cbb2cebc9625eba4d8e85f402528bc2f929ff8454a58d76119c4fe3958,494392,"[4, 6, 4, 5, 4, 5, 4, 5, 4, 6, 4, 5, 4, 5, 4, 5, 4, 6, 4, 5, 4, 5, 4, 5, 4, 6, 4, 5, 4, 5, 4, 5]",0.12,6,20.412481784820557,0.06843380280770361,0.00713163054024335,0.01645364085561596,Mean absolute RGB horizontal/vertical first-difference change
94101,94101,23525.25,0.011345124421296296,705.7575,30.0,32,32,31,0.19155929004773498,0.1061475109308958,17.563934251928046,0.9032050222158432,0.8081573396921158,0.2142058370574828,17.563934251928046,"[1920, 1088]","[1920, 1080]",1,False,,0.4871281087398529,0f0c0e2358ceec024230154da4777ed5c444a8382af1ec9d7165f3d7886141cf,0f0c0e2358ceec024230154da4777ed5c444a8382af1ec9d7165f3d7886141cf,f9f57b019faefc12bbd651f6a5489883fadc154d484afaae5f09b00ea403def0,True,True,True,94101,/Huang_group/zyyz/Projects/GVC-RT/experiments/gvcrt_neural_wrapper_v6_2_objective_calibration/bitstreams/fullqp/schedule_s1p0/step_1000/normal/video_07_qp6.bin,60eb50609a970536c179cecad7b8c5bbddff73f42e43418d47548f65399f86d6,/Huang_group/zyyz/Projects/GVC-RT/experiments/gvcrt_neural_wrapper_v6_2_objective_calibration/features/fullqp/schedule_s1p0/step_1000/normal/video_07_qp6.npz,43f05988e223fd9ec48d4edc88208e7b35e51f15976910322c922b7e507ee135,"{'bridge': '7394950d15fd97433ae4b017e4681bfc80143eb889910a34ed17b625ba08bcc9', 'generator': '97bf13e3c9e3693dc36e38e80ad0520349b58ba0320151a2fe2abcf43523b3ef'}",fullqp_schedule_v1,schedule_s1p0,1000,normal,normal,schedule_s1p0,6,6,7,72e7a7f7-4bb5-4434-a94b-38217ca6c3d3,433c3b310fbb0c740a665e68edff43c1cc8bf19bcdd917daf8c6fc02749b18b9,7b899e143a79c8300f7f23a00e50190bb32b76c7f974f34d4e48448c48b1fa99,/Huang_group/zyyz/Projects/GVC-RT/experiments/gvcrt_neural_wrapper_v6_2_objective_calibration/branches/schedule_s1p0/checkpoints/step_1000.pt,fe63a6f00ca6bae59b23c8683146dbe64b6be67c1463a552af851bbfc31e9cba,/Huang_group/zyyz/Projects/GVC-RT/experiments/gvcrt_neural_wrapper_v6_2_objective_calibration/parts/fullqp/schedule_s1p0/step_1000/normal/video_07_qp6.frames.csv,f0e295bcdac6998e6e773634f60115cd676f13cf896720130f62da0ea994c448,/Huang_group/zyyz/Projects/GVC-RT/experiments/gvcrt_neural_wrapper_v6_2_objective_calibration/features/fullqp/schedule_s1p0/step_1000/normal/video_07_qp6.transitions.csv,330295a12148e04e45efd7659044600a7aad85edbb999acda1409bf39560ac55,752808,"[6, 8, 6, 7, 6, 7, 6, 7, 6, 8, 6, 7, 6, 7, 6, 7, 6, 8, 6, 7, 6, 7, 6, 7, 6, 8, 6, 7, 6, 7, 6, 7]",0.12,6,20.07654619216919,0.06843380280770361,0.00713163054024335,0.01645364085561596,Mean absolute RGB horizontal/vertical first-difference change
132060,132060,33015.0,0.015921585648148148,990.45,30.0,32,32,31,0.1761683407239616,0.0994429960846901,17.95747311633088,0.9112081099301577,0.8306280914694071,0.1950724139328926,17.95747311633088,"[1920, 1088]","[1920, 1080]",1,False,,0.4871281087398529,0f0c0e2358ceec024230154da4777ed5c444a8382af1ec9d7165f3d7886141cf,0f0c0e2358ceec024230154da4777ed5c444a8382af1ec9d7165f3d7886141cf,007200b918c082efc13b37a2de27cd239d295c3798e35d38427b43bc814c1c15,True,True,True,132060,/Huang_group/zyyz/Projects/GVC-RT/experiments/gvcrt_neural_wrapper_v6_2_objective_calibration/bitstreams/fullqp/schedule_s1p0/step_1000/normal/video_07_qp8.bin,a3d1ef77201afa32373c67197d666ee854c906235a796d52cbbda0d2f33684a6,/Huang_group/zyyz/Projects/GVC-RT/experiments/gvcrt_neural_wrapper_v6_2_objective_calibration/features/fullqp/schedule_s1p0/step_1000/normal/video_07_qp8.npz,0a89a1256ae8ded4e115b5b5195c3e6b8b6a6b9adae86f28ba7cd21e400690f8,"{'bridge': '7394950d15fd97433ae4b017e4681bfc80143eb889910a34ed17b625ba08bcc9', 'generator': '97bf13e3c9e3693dc36e38e80ad0520349b58ba0320151a2fe2abcf43523b3ef'}",fullqp_schedule_v1,schedule_s1p0,1000,normal,normal,schedule_s1p0,8,8,7,72e7a7f7-4bb5-4434-a94b-38217ca6c3d3,433c3b310fbb0c740a665e68edff43c1cc8bf19bcdd917daf8c6fc02749b18b9,7b899e143a79c8300f7f23a00e50190bb32b76c7f974f34d4e48448c48b1fa99,/Huang_group/zyyz/Projects/GVC-RT/experiments/gvcrt_neural_wrapper_v6_2_objective_calibration/branches/schedule_s1p0/checkpoints/step_1000.pt,fe63a6f00ca6bae59b23c8683146dbe64b6be67c1463a552af851bbfc31e9cba,/Huang_group/zyyz/Projects/GVC-RT/experiments/gvcrt_neural_wrapper_v6_2_objective_calibration/parts/fullqp/schedule_s1p0/step_1000/normal/video_07_qp8.frames.csv,f4766c3c3f5e9bb64ab92f26fc2465c9ea1a502f93f8c2d4267751912051d426,/Huang_group/zyyz/Projects/GVC-RT/experiments/gvcrt_neural_wrapper_v6_2_objective_calibration/features/fullqp/schedule_s1p0/step_1000/normal/video_07_qp8.transitions.csv,f3ffd78cb831019892beefd93d1006c8505be1b956e0ba68c15c4b477c1d3647,1056480,"[8, 10, 8, 9, 8, 9, 8, 9, 8, 10, 8, 9, 8, 9, 8, 9, 8, 10, 8, 9, 8, 9, 8, 9, 8, 10, 8, 9, 8, 9, 8, 9]",0.12,6,20.339016437530518,0.06843380280770361,0.00713163054024335,0.01645364085561596,Mean absolute RGB horizontal/vertical first-difference change
152235,152235,38058.75,0.018353949652777778,1141.7625,30.0,32,32,31,0.17202375456690788,0.09690911136567593,18.07903367892396,0.9135279767215252,0.8375513628125191,0.18879402693240874,18.07903367892396,"[1920, 1088]","[1920, 1080]",1,False,,0.4871281087398529,0f0c0e2358ceec024230154da4777ed5c444a8382af1ec9d7165f3d7886141cf,0f0c0e2358ceec024230154da4777ed5c444a8382af1ec9d7165f3d7886141cf,2136aae92d7cfb244a684e5730f5a719a80f80b176ad0e61675f2856008bd509,True,True,True,152235,/Huang_group/zyyz/Projects/GVC-RT/experiments/gvcrt_neural_wrapper_v6_2_objective_calibration/bitstreams/fullqp/schedule_s1p0/step_1000/normal/video_07_qp9.bin,5aeee91c6284c4fcb95b31c5e8978cbbb3ceebd42d20a2d587797a688b7daf89,/Huang_group/zyyz/Projects/GVC-RT/experiments/gvcrt_neural_wrapper_v6_2_objective_calibration/features/fullqp/schedule_s1p0/step_1000/normal/video_07_qp9.npz,6353ce00434aca7bc4ee9233cd81d79cc0598f5489d7873a5ebb15465b2542bc,"{'bridge': '7394950d15fd97433ae4b017e4681bfc80143eb889910a34ed17b625ba08bcc9', 'generator': '97bf13e3c9e3693dc36e38e80ad0520349b58ba0320151a2fe2abcf43523b3ef'}",fullqp_schedule_v1,schedule_s1p0,1000,normal,normal,schedule_s1p0,9,9,7,72e7a7f7-4bb5-4434-a94b-38217ca6c3d3,433c3b310fbb0c740a665e68edff43c1cc8bf19bcdd917daf8c6fc02749b18b9,7b899e143a79c8300f7f23a00e50190bb32b76c7f974f34d4e48448c48b1fa99,/Huang_group/zyyz/Projects/GVC-RT/experiments/gvcrt_neural_wrapper_v6_2_objective_calibration/branches/schedule_s1p0/checkpoints/step_1000.pt,fe63a6f00ca6bae59b23c8683146dbe64b6be67c1463a552af851bbfc31e9cba,/Huang_group/zyyz/Projects/GVC-RT/experiments/gvcrt_neural_wrapper_v6_2_objective_calibration/parts/fullqp/schedule_s1p0/step_1000/normal/video_07_qp9.frames.csv,ee5aa6bdc40218c60a378de335dc0650fd85ca158c8535f468d9334f203eb95c,/Huang_group/zyyz/Projects/GVC-RT/experiments/gvcrt_neural_wrapper_v6_2_objective_calibration/features/fullqp/schedule_s1p0/step_1000/normal/video_07_qp9.transitions.csv,8a99c841fda281dbcdb256ec3abfc1071beeb47988160c36eb5ba035199d6775,1217880,"[9, 11, 9, 10, 9, 10, 9, 10, 9, 11, 9, 10, 9, 10, 9, 10, 9, 11, 9, 10, 9, 10, 9, 10, 9, 11, 9, 10, 9, 10, 9, 10]",0.12,6,20.351507663726807,0.06843380280770361,0.00713163054024335,0.01645364085561596,Mean absolute RGB horizontal/vertical first-difference change
13539,13539,3384.75,0.0016323061342592593,101.5425,30.0,32,32,31,0.09735297947190702,0.09093797020614147,26.871648208697824,0.9239786881953478,0.9111445229500532,0.1130903831893398,26.871648208697824,"[1920, 1088]","[1920, 1080]",1,False,,0.1929587423801422,0f0c0e2358ceec024230154da4777ed5c444a8382af1ec9d7165f3d7886141cf,0f0c0e2358ceec024230154da4777ed5c444a8382af1ec9d7165f3d7886141cf,bb3cb1fabb216aa221f8bbde18eb080e135b283a6bb5181f9257304f24cf6a1d,True,True,True,13539,/Huang_group/zyyz/Projects/GVC-RT/experiments/gvcrt_neural_wrapper_v6_2_objective_calibration/bitstreams/fullqp/schedule_s1p0/step_1000/normal/video_08_qp0.bin,d84fdd3436245ba674a481dddd232aa3bf344a7a290ae38b3ed26b88ba286ffc,/Huang_group/zyyz/Projects/GVC-RT/experiments/gvcrt_neural_wrapper_v6_2_objective_calibration/features/fullqp/schedule_s1p0/step_1000/normal/video_08_qp0.npz,b4c90dbab2811acb7b8c72b11998fb43fe26020aa8a3d389ee71624d762e8e24,"{'bridge': '7394950d15fd97433ae4b017e4681bfc80143eb889910a34ed17b625ba08bcc9', 'generator': '97bf13e3c9e3693dc36e38e80ad0520349b58ba0320151a2fe2abcf43523b3ef'}",fullqp_schedule_v1,schedule_s1p0,1000,normal,normal,schedule_s1p0,0,0,8,e2bc01fa-5c53-4d42-9024-f31ade141f6b,a9913949275fb3da7c2d09cab8b40713c87655cc206d42ed4344546a597f2d3d,c28ab8c90ec873a0d2dd52c4caea1091aad7b009b7b8dacf657527f79f153c8f,/Huang_group/zyyz/Projects/GVC-RT/experiments/gvcrt_neural_wrapper_v6_2_objective_calibration/branches/schedule_s1p0/checkpoints/step_1000.pt,fe63a6f00ca6bae59b23c8683146dbe64b6be67c1463a552af851bbfc31e9cba,/Huang_group/zyyz/Projects/GVC-RT/experiments/gvcrt_neural_wrapper_v6_2_objective_calibration/parts/fullqp/schedule_s1p0/step_1000/normal/video_08_qp0.frames.csv,5893dfe841e6584f814bbb1c53949de45c5c11aeb1549305b716ed2cf4728758,/Huang_group/zyyz/Projects/GVC-RT/experiments/gvcrt_neural_wrapper_v6_2_objective_calibration/features/fullqp/schedule_s1p0/step_1000/normal/video_08_qp0.transitions.csv,e01c4b301fd77712f24b9f61e61a839a2fd26d8cf327a4d820acc10b13b2399a,108312,"[0, 2, 0, 1, 0, 1, 0, 1, 0, 2, 0, 1, 0, 1, 0, 1, 0, 2, 0, 1, 0, 1, 0, 1, 0, 2, 0, 1, 0, 1, 0, 1]",0.12,4,20.192986249923706,0.05905298620928079,0.005291174238664098,0.0020252595641068183,Mean absolute RGB horizontal/vertical first-difference change
23225,23225,5806.25,0.0028000819830246914,174.1875,30.0,32,32,31,0.07783299358561635,0.07555555924773216,28.018452898177348,0.9405588153749704,0.9306614883244038,0.08763648641686286,28.018452898177348,"[1920, 1088]","[1920, 1080]",1,False,,0.1929587423801422,0f0c0e2358ceec024230154da4777ed5c444a8382af1ec9d7165f3d7886141cf,0f0c0e2358ceec024230154da4777ed5c444a8382af1ec9d7165f3d7886141cf,19010fccf79414c029a5d60feb6087f393daf91c7adce6354770453c4521995b,True,True,True,23225,/Huang_group/zyyz/Projects/GVC-RT/experiments/gvcrt_neural_wrapper_v6_2_objective_calibration/bitstreams/fullqp/schedule_s1p0/step_1000/normal/video_08_qp2.bin,6a339bd52eec9768ef71aea108407429c6a64650d5ba5ed322d5f2a10b3c9b59,/Huang_group/zyyz/Projects/GVC-RT/experiments/gvcrt_neural_wrapper_v6_2_objective_calibration/features/fullqp/schedule_s1p0/step_1000/normal/video_08_qp2.npz,8cc03099aa2d1dee597cb030560d94c5f320882862ac69dbdb594e3e08f1e641,"{'bridge': '7394950d15fd97433ae4b017e4681bfc80143eb889910a34ed17b625ba08bcc9', 'generator': '97bf13e3c9e3693dc36e38e80ad0520349b58ba0320151a2fe2abcf43523b3ef'}",fullqp_schedule_v1,schedule_s1p0,1000,normal,normal,schedule_s1p0,2,2,8,e2bc01fa-5c53-4d42-9024-f31ade141f6b,a9913949275fb3da7c2d09cab8b40713c87655cc206d42ed4344546a597f2d3d,c28ab8c90ec873a0d2dd52c4caea1091aad7b009b7b8dacf657527f79f153c8f,/Huang_group/zyyz/Projects/GVC-RT/experiments/gvcrt_neural_wrapper_v6_2_objective_calibration/branches/schedule_s1p0/checkpoints/step_1000.pt,fe63a6f00ca6bae59b23c8683146dbe64b6be67c1463a552af851bbfc31e9cba,/Huang_group/zyyz/Projects/GVC-RT/experiments/gvcrt_neural_wrapper_v6_2_objective_calibration/parts/fullqp/schedule_s1p0/step_1000/normal/video_08_qp2.frames.csv,d20e2d7fe0ef2641f85bedb87c0f98a94ef15e6dce6399bc0842ce53b9b80846,/Huang_group/zyyz/Projects/GVC-RT/experiments/gvcrt_neural_wrapper_v6_2_objective_calibration/features/fullqp/schedule_s1p0/step_1000/normal/video_08_qp2.transitions.csv,385b0cd401727015adc0108077fae448cb2c243c8cb7d51a48105bb83a66998f,185800,"[2, 4, 2, 3, 2, 3, 2, 3, 2, 4, 2, 3, 2, 3, 2, 3, 2, 4, 2, 3, 2, 3, 2, 3, 2, 4, 2, 3, 2, 3, 2, 3]",0.12,4,20.142053604125977,0.05905298620928079,0.005291174238664098,0.0020252595641068183,Mean absolute RGB horizontal/vertical first-difference change
38517,38517,9629.25,0.004643735532407408,288.8775,30.0,32,32,31,0.06377825583331287,0.06307424232363701,28.933157772366606,0.9511638190597296,0.9443375617265701,0.07081703661430266,28.933157772366606,"[1920, 1088]","[1920, 1080]",1,False,,0.1929587423801422,0f0c0e2358ceec024230154da4777ed5c444a8382af1ec9d7165f3d7886141cf,0f0c0e2358ceec024230154da4777ed5c444a8382af1ec9d7165f3d7886141cf,7caecb197fd73093a638b9acf27bc2dce81f8d9ee8fb81540a574b561f47b68d,True,True,True,38517,/Huang_group/zyyz/Projects/GVC-RT/experiments/gvcrt_neural_wrapper_v6_2_objective_calibration/bitstreams/fullqp/schedule_s1p0/step_1000/normal/video_08_qp4.bin,5cc0884916117a7b4d2fffaeee16661a1d3924da6200302b2f6f5cb85eb05e89,/Huang_group/zyyz/Projects/GVC-RT/experiments/gvcrt_neural_wrapper_v6_2_objective_calibration/features/fullqp/schedule_s1p0/step_1000/normal/video_08_qp4.npz,7704bc0fca238dd486c6d6c61e824288a414be7dd80c4d80e746930eaa504a02,"{'bridge': '7394950d15fd97433ae4b017e4681bfc80143eb889910a34ed17b625ba08bcc9', 'generator': '97bf13e3c9e3693dc36e38e80ad0520349b58ba0320151a2fe2abcf43523b3ef'}",fullqp_schedule_v1,schedule_s1p0,1000,normal,normal,schedule_s1p0,4,4,8,e2bc01fa-5c53-4d42-9024-f31ade141f6b,a9913949275fb3da7c2d09cab8b40713c87655cc206d42ed4344546a597f2d3d,c28ab8c90ec873a0d2dd52c4caea1091aad7b009b7b8dacf657527f79f153c8f,/Huang_group/zyyz/Projects/GVC-RT/experiments/gvcrt_neural_wrapper_v6_2_objective_calibration/branches/schedule_s1p0/checkpoints/step_1000.pt,fe63a6f00ca6bae59b23c8683146dbe64b6be67c1463a552af851bbfc31e9cba,/Huang_group/zyyz/Projects/GVC-RT/experiments/gvcrt_neural_wrapper_v6_2_objective_calibration/parts/fullqp/schedule_s1p0/step_1000/normal/video_08_qp4.frames.csv,e09ccf675567f2052cbe7e324b0b52e68f88e639682b78fcc6c0e96111d18c3b,/Huang_group/zyyz/Projects/GVC-RT/experiments/gvcrt_neural_wrapper_v6_2_objective_calibration/features/fullqp/schedule_s1p0/step_1000/normal/video_08_qp4.transitions.csv,48d4a874ca94e4e0cc384a00a31686bc2082bdf9d1b41b18e01bc3a798b9e3c9,308136,"[4, 6, 4, 5, 4, 5, 4, 5, 4, 6, 4, 5, 4, 5, 4, 5, 4, 6, 4, 5, 4, 5, 4, 5, 4, 6, 4, 5, 4, 5, 4, 5]",0.12,4,20.526427507400513,0.05905298620928079,0.005291174238664098,0.0020252595641068183,Mean absolute RGB horizontal/vertical first-difference change
61773,61773,15443.25,0.0074475549768518515,463.2975,30.0,32,32,31,0.05454281356651336,0.05479172803461552,29.748403467560745,0.9590421710163355,0.9541117735207081,0.05994866932592084,29.748403467560745,"[1920, 1088]","[1920, 1080]",1,False,,0.1929587423801422,0f0c0e2358ceec024230154da4777ed5c444a8382af1ec9d7165f3d7886141cf,0f0c0e2358ceec024230154da4777ed5c444a8382af1ec9d7165f3d7886141cf,4c43bec9f534849aac78a028d938fb6c02d22ddfa5f337009b6d76e7e5063f4b,True,True,True,61773,/Huang_group/zyyz/Projects/GVC-RT/experiments/gvcrt_neural_wrapper_v6_2_objective_calibration/bitstreams/fullqp/schedule_s1p0/step_1000/normal/video_08_qp6.bin,66835d162f36c7e3f12d5437750fc8504c5fffe837eb1eb28d987fbc3c97bd7c,/Huang_group/zyyz/Projects/GVC-RT/experiments/gvcrt_neural_wrapper_v6_2_objective_calibration/features/fullqp/schedule_s1p0/step_1000/normal/video_08_qp6.npz,a9e43d7905fbdd4100b88d31d3e043ebfd09b64e284ccb418da50aca678022e2,"{'bridge': '7394950d15fd97433ae4b017e4681bfc80143eb889910a34ed17b625ba08bcc9', 'generator': '97bf13e3c9e3693dc36e38e80ad0520349b58ba0320151a2fe2abcf43523b3ef'}",fullqp_schedule_v1,schedule_s1p0,1000,normal,normal,schedule_s1p0,6,6,8,e2bc01fa-5c53-4d42-9024-f31ade141f6b,a9913949275fb3da7c2d09cab8b40713c87655cc206d42ed4344546a597f2d3d,c28ab8c90ec873a0d2dd52c4caea1091aad7b009b7b8dacf657527f79f153c8f,/Huang_group/zyyz/Projects/GVC-RT/experiments/gvcrt_neural_wrapper_v6_2_objective_calibration/branches/schedule_s1p0/checkpoints/step_1000.pt,fe63a6f00ca6bae59b23c8683146dbe64b6be67c1463a552af851bbfc31e9cba,/Huang_group/zyyz/Projects/GVC-RT/experiments/gvcrt_neural_wrapper_v6_2_objective_calibration/parts/fullqp/schedule_s1p0/step_1000/normal/video_08_qp6.frames.csv,449a4f9efa7082ac34428e09689b3f5517cae0f624ba984710f389f1baea2aa4,/Huang_group/zyyz/Projects/GVC-RT/experiments/gvcrt_neural_wrapper_v6_2_objective_calibration/features/fullqp/schedule_s1p0/step_1000/normal/video_08_qp6.transitions.csv,f2e72989a3bfbd957aaed2a6d6aea9cad9a411cf71f9dabb58e4933145ac4dfc,494184,"[6, 8, 6, 7, 6, 7, 6, 7, 6, 8, 6, 7, 6, 7, 6, 7, 6, 8, 6, 7, 6, 7, 6, 7, 6, 8, 6, 7, 6, 7, 6, 7]",0.12,4,20.12570285797119,0.05905298620928079,0.005291174238664098,0.0020252595641068183,Mean absolute RGB horizontal/vertical first-difference change
96115,96115,24028.75,0.011587938850308642,720.8625,30.0,32,32,31,0.0484568034298718,0.04998181574046612,30.28482351352819,0.963558703660965,0.960324252024293,0.052816075783583424,30.28482351352819,"[1920, 1088]","[1920, 1080]",1,False,,0.1929587423801422,0f0c0e2358ceec024230154da4777ed5c444a8382af1ec9d7165f3d7886141cf,0f0c0e2358ceec024230154da4777ed5c444a8382af1ec9d7165f3d7886141cf,58dcfdb31d57ff6b44cdcc6926339f58f3ccc8ac625f8557fe4c89ac4bc1ec67,True,True,True,96115,/Huang_group/zyyz/Projects/GVC-RT/experiments/gvcrt_neural_wrapper_v6_2_objective_calibration/bitstreams/fullqp/schedule_s1p0/step_1000/normal/video_08_qp8.bin,291f4c121e3fe829c427a202ad9e452116c0b5e51eac8d1ad0e4653ea2f4949d,/Huang_group/zyyz/Projects/GVC-RT/experiments/gvcrt_neural_wrapper_v6_2_objective_calibration/features/fullqp/schedule_s1p0/step_1000/normal/video_08_qp8.npz,2db87bed6e1cc306035977bad96a40bb0f66660ea0a792595ddbcae3ea29e182,"{'bridge': '7394950d15fd97433ae4b017e4681bfc80143eb889910a34ed17b625ba08bcc9', 'generator': '97bf13e3c9e3693dc36e38e80ad0520349b58ba0320151a2fe2abcf43523b3ef'}",fullqp_schedule_v1,schedule_s1p0,1000,normal,normal,schedule_s1p0,8,8,8,e2bc01fa-5c53-4d42-9024-f31ade141f6b,a9913949275fb3da7c2d09cab8b40713c87655cc206d42ed4344546a597f2d3d,c28ab8c90ec873a0d2dd52c4caea1091aad7b009b7b8dacf657527f79f153c8f,/Huang_group/zyyz/Projects/GVC-RT/experiments/gvcrt_neural_wrapper_v6_2_objective_calibration/branches/schedule_s1p0/checkpoints/step_1000.pt,fe63a6f00ca6bae59b23c8683146dbe64b6be67c1463a552af851bbfc31e9cba,/Huang_group/zyyz/Projects/GVC-RT/experiments/gvcrt_neural_wrapper_v6_2_objective_calibration/parts/fullqp/schedule_s1p0/step_1000/normal/video_08_qp8.frames.csv,111e4ba8bc66e711f100636a3f0b73d9eceee2a223ad334a897baefdf08e219a,/Huang_group/zyyz/Projects/GVC-RT/experiments/gvcrt_neural_wrapper_v6_2_objective_calibration/features/fullqp/schedule_s1p0/step_1000/normal/video_08_qp8.transitions.csv,7a5920cba3c82cc3cc42b2865c174f90d5910ad9d16f294048f135bf31454063,768920,"[8, 10, 8, 9, 8, 9, 8, 9, 8, 10, 8, 9, 8, 9, 8, 9, 8, 10, 8, 9, 8, 9, 8, 9, 8, 10, 8, 9, 8, 9, 8, 9]",0.12,4,20.161781549453735,0.05905298620928079,0.005291174238664098,0.0020252595641068183,Mean absolute RGB horizontal/vertical first-difference change
117500,117500,29375.0,0.014166184413580247,881.25,30.0,32,32,31,0.046330159646458924,0.04831424541771412,30.521635706717127,0.9653217196464539,0.9625658988952637,0.050053833713454586,30.521635706717127,"[1920, 1088]","[1920, 1080]",1,False,,0.1929587423801422,0f0c0e2358ceec024230154da4777ed5c444a8382af1ec9d7165f3d7886141cf,0f0c0e2358ceec024230154da4777ed5c444a8382af1ec9d7165f3d7886141cf,523b9b4987197e6b00d63f937868da39204d1a63bb956febe4f56de333a4eecf,True,True,True,117500,/Huang_group/zyyz/Projects/GVC-RT/experiments/gvcrt_neural_wrapper_v6_2_objective_calibration/bitstreams/fullqp/schedule_s1p0/step_1000/normal/video_08_qp9.bin,f97f5b242ba15d7a82c8f823d74fd310d12941799f4d989845c6b21f46495542,/Huang_group/zyyz/Projects/GVC-RT/experiments/gvcrt_neural_wrapper_v6_2_objective_calibration/features/fullqp/schedule_s1p0/step_1000/normal/video_08_qp9.npz,50dbe2b475c28cf1fed465f50cec1a2c27580a25b90df19082c6cee0a3e91fc8,"{'bridge': '7394950d15fd97433ae4b017e4681bfc80143eb889910a34ed17b625ba08bcc9', 'generator': '97bf13e3c9e3693dc36e38e80ad0520349b58ba0320151a2fe2abcf43523b3ef'}",fullqp_schedule_v1,schedule_s1p0,1000,normal,normal,schedule_s1p0,9,9,8,e2bc01fa-5c53-4d42-9024-f31ade141f6b,a9913949275fb3da7c2d09cab8b40713c87655cc206d42ed4344546a597f2d3d,c28ab8c90ec873a0d2dd52c4caea1091aad7b009b7b8dacf657527f79f153c8f,/Huang_group/zyyz/Projects/GVC-RT/experiments/gvcrt_neural_wrapper_v6_2_objective_calibration/branches/schedule_s1p0/checkpoints/step_1000.pt,fe63a6f00ca6bae59b23c8683146dbe64b6be67c1463a552af851bbfc31e9cba,/Huang_group/zyyz/Projects/GVC-RT/experiments/gvcrt_neural_wrapper_v6_2_objective_calibration/parts/fullqp/schedule_s1p0/step_1000/normal/video_08_qp9.frames.csv,ed31efa2cecc39910a1fcdc5677ceca543436a75fc267c5c30e66a2ae6a4c83f,/Huang_group/zyyz/Projects/GVC-RT/experiments/gvcrt_neural_wrapper_v6_2_objective_calibration/features/fullqp/schedule_s1p0/step_1000/normal/video_08_qp9.transitions.csv,bfede14a3bab5587cf048fb7112e8b45b69e66b256b9826b44eb5ec77cee27f9,940000,"[9, 11, 9, 10, 9, 10, 9, 10, 9, 11, 9, 10, 9, 10, 9, 10, 9, 11, 9, 10, 9, 10, 9, 10, 9, 11, 9, 10, 9, 10, 9, 10]",0.12,4,20.295364141464233,0.05905298620928079,0.005291174238664098,0.0020252595641068183,Mean absolute RGB horizontal/vertical first-difference change
10875,10875,2718.75,0.0013111255787037037,81.5625,30.0,32,32,31,0.1255001111421734,0.1039197351783514,23.971966269219113,0.9524162504822016,0.9390846900641918,0.14510478511933358,23.971966269219113,"[1920, 1088]","[1920, 1080]",1,False,,0.28654831647872925,0f0c0e2358ceec024230154da4777ed5c444a8382af1ec9d7165f3d7886141cf,0f0c0e2358ceec024230154da4777ed5c444a8382af1ec9d7165f3d7886141cf,6f877ee6d911a3b64385785ba77d730b737b1ef72b7f7f0f446ec286ed6aef5d,True,True,True,10875,/Huang_group/zyyz/Projects/GVC-RT/experiments/gvcrt_neural_wrapper_v6_2_objective_calibration/bitstreams/fullqp/schedule_s1p0/step_1000/normal/video_09_qp0.bin,22a19ad3f531c40f82368a3b3701b7914b5baa8bf96b4f3c809d6c42d77dccd2,/Huang_group/zyyz/Projects/GVC-RT/experiments/gvcrt_neural_wrapper_v6_2_objective_calibration/features/fullqp/schedule_s1p0/step_1000/normal/video_09_qp0.npz,d0979c46e43e5e64261a7718101bcce50ce80b4a0a1b679490009ca8dd0af299,"{'bridge': '7394950d15fd97433ae4b017e4681bfc80143eb889910a34ed17b625ba08bcc9', 'generator': '97bf13e3c9e3693dc36e38e80ad0520349b58ba0320151a2fe2abcf43523b3ef'}",fullqp_schedule_v1,schedule_s1p0,1000,normal,normal,schedule_s1p0,0,0,9,49d6b04e-94b9-41e7-920b-ff925c358ec4,67a04d28c5de109ffe638f8c2ac400353fd207eaf655292268bf8d88edfc3806,805492d764bb3e22ce4e096ec77ec0c5f9500369b562ee83ab10214d95a9c6a6,/Huang_group/zyyz/Projects/GVC-RT/experiments/gvcrt_neural_wrapper_v6_2_objective_calibration/branches/schedule_s1p0/checkpoints/step_1000.pt,fe63a6f00ca6bae59b23c8683146dbe64b6be67c1463a552af851bbfc31e9cba,/Huang_group/zyyz/Projects/GVC-RT/experiments/gvcrt_neural_wrapper_v6_2_objective_calibration/parts/fullqp/schedule_s1p0/step_1000/normal/video_09_qp0.frames.csv,557da08e697d9e1b1812464311427fe8ea34c0ab08a17520a488108f28d1e6d1,/Huang_group/zyyz/Projects/GVC-RT/experiments/gvcrt_neural_wrapper_v6_2_objective_calibration/features/fullqp/schedule_s1p0/step_1000/normal/video_09_qp0.transitions.csv,108375d35c2eeb35bc2f5b1e076a246989aa091691e42107440df7e85c0efdb7,87000,"[0, 2, 0, 1, 0, 1, 0, 1, 0, 2, 0, 1, 0, 1, 0, 1, 0, 2, 0, 1, 0, 1, 0, 1, 0, 2, 0, 1, 0, 1, 0, 1]",0.12,6,20.196798086166382,0.04184864414855838,0.0029960329484310932,0.0013178434091969393,Mean absolute RGB horizontal/vertical first-difference change
16494,16494,4123.5,0.001988570601851852,123.705,30.0,32,32,31,0.10128672863356769,0.09002774208784103,24.92443943131949,0.9608358275145292,0.9508353881537914,0.11858375514707258,24.92443943131949,"[1920, 1088]","[1920, 1080]",1,False,,0.28654831647872925,0f0c0e2358ceec024230154da4777ed5c444a8382af1ec9d7165f3d7886141cf,0f0c0e2358ceec024230154da4777ed5c444a8382af1ec9d7165f3d7886141cf,e834257928fb0f24e04ec89fc5cd2fab8bf164afb1be6bec4d6abf97910871b3,True,True,True,16494,/Huang_group/zyyz/Projects/GVC-RT/experiments/gvcrt_neural_wrapper_v6_2_objective_calibration/bitstreams/fullqp/schedule_s1p0/step_1000/normal/video_09_qp2.bin,6a7e1348ca3071f0cb7d0636b4bfbf70b2bb3262bce9acb25e2feea4198fed71,/Huang_group/zyyz/Projects/GVC-RT/experiments/gvcrt_neural_wrapper_v6_2_objective_calibration/features/fullqp/schedule_s1p0/step_1000/normal/video_09_qp2.npz,8f936f147cf8ae7eaa1cbc1a64756c61f6d22c4ba51efa090421452c0f1633e2,"{'bridge': '7394950d15fd97433ae4b017e4681bfc80143eb889910a34ed17b625ba08bcc9', 'generator': '97bf13e3c9e3693dc36e38e80ad0520349b58ba0320151a2fe2abcf43523b3ef'}",fullqp_schedule_v1,schedule_s1p0,1000,normal,normal,schedule_s1p0,2,2,9,49d6b04e-94b9-41e7-920b-ff925c358ec4,67a04d28c5de109ffe638f8c2ac400353fd207eaf655292268bf8d88edfc3806,805492d764bb3e22ce4e096ec77ec0c5f9500369b562ee83ab10214d95a9c6a6,/Huang_group/zyyz/Projects/GVC-RT/experiments/gvcrt_neural_wrapper_v6_2_objective_calibration/branches/schedule_s1p0/checkpoints/step_1000.pt,fe63a6f00ca6bae59b23c8683146dbe64b6be67c1463a552af851bbfc31e9cba,/Huang_group/zyyz/Projects/GVC-RT/experiments/gvcrt_neural_wrapper_v6_2_objective_calibration/parts/fullqp/schedule_s1p0/step_1000/normal/video_09_qp2.frames.csv,415d45c5de56482962c0c62885c18b71eb2ff300b54fabab443e5f83937546a3,/Huang_group/zyyz/Projects/GVC-RT/experiments/gvcrt_neural_wrapper_v6_2_objective_calibration/features/fullqp/schedule_s1p0/step_1000/normal/video_09_qp2.transitions.csv,f7152d2bd00f745d2a105a66d1fd605aa0026979af43e1a62ab7ddb81682bc8e,131952,"[2, 4, 2, 3, 2, 3, 2, 3, 2, 4, 2, 3, 2, 3, 2, 3, 2, 4, 2, 3, 2, 3, 2, 3, 2, 4, 2, 3, 2, 3, 2, 3]",0.12,6,20.202852487564087,0.04184864414855838,0.0029960329484310932,0.0013178434091969393,Mean absolute RGB horizontal/vertical first-difference change
27052,27052,6763.0,0.00326147762345679,202.89,30.0,32,32,31,0.08432612591423094,0.07846497558057308,25.844309340922386,0.9676487594842911,0.9592894092202187,0.09344199516119496,25.844309340922386,"[1920, 1088]","[1920, 1080]",1,False,,0.28654831647872925,0f0c0e2358ceec024230154da4777ed5c444a8382af1ec9d7165f3d7886141cf,0f0c0e2358ceec024230154da4777ed5c444a8382af1ec9d7165f3d7886141cf,b9cbabbbbb3b5df0dc3839ab39e3ef3705d37273a435d9a02c1235131008b165,True,True,True,27052,/Huang_group/zyyz/Projects/GVC-RT/experiments/gvcrt_neural_wrapper_v6_2_objective_calibration/bitstreams/fullqp/schedule_s1p0/step_1000/normal/video_09_qp4.bin,2f19881f12e68cd3f42d6e0923f5bcf856fa7d55774ee0545265070500ff6740,/Huang_group/zyyz/Projects/GVC-RT/experiments/gvcrt_neural_wrapper_v6_2_objective_calibration/features/fullqp/schedule_s1p0/step_1000/normal/video_09_qp4.npz,1bd951a5d930cacbfea777f69d5e9bf62026b9050a4e21429e70b93316e66472,"{'bridge': '7394950d15fd97433ae4b017e4681bfc80143eb889910a34ed17b625ba08bcc9', 'generator': '97bf13e3c9e3693dc36e38e80ad0520349b58ba0320151a2fe2abcf43523b3ef'}",fullqp_schedule_v1,schedule_s1p0,1000,normal,normal,schedule_s1p0,4,4,9,49d6b04e-94b9-41e7-920b-ff925c358ec4,67a04d28c5de109ffe638f8c2ac400353fd207eaf655292268bf8d88edfc3806,805492d764bb3e22ce4e096ec77ec0c5f9500369b562ee83ab10214d95a9c6a6,/Huang_group/zyyz/Projects/GVC-RT/experiments/gvcrt_neural_wrapper_v6_2_objective_calibration/branches/schedule_s1p0/checkpoints/step_1000.pt,fe63a6f00ca6bae59b23c8683146dbe64b6be67c1463a552af851bbfc31e9cba,/Huang_group/zyyz/Projects/GVC-RT/experiments/gvcrt_neural_wrapper_v6_2_objective_calibration/parts/fullqp/schedule_s1p0/step_1000/normal/video_09_qp4.frames.csv,7bdfcc92ea852ee6111c70b74db681a511cae9fffe4a79e44f1026cac6c81c51,/Huang_group/zyyz/Projects/GVC-RT/experiments/gvcrt_neural_wrapper_v6_2_objective_calibration/features/fullqp/schedule_s1p0/step_1000/normal/video_09_qp4.transitions.csv,aa94cc27feae663fdd4c582209d8e1956060eb2bdca654267d69c8ae9c7f5c08,216416,"[4, 6, 4, 5, 4, 5, 4, 5, 4, 6, 4, 5, 4, 5, 4, 5, 4, 6, 4, 5, 4, 5, 4, 5, 4, 6, 4, 5, 4, 5, 4, 5]",0.12,6,20.225655794143677,0.04184864414855838,0.0029960329484310932,0.0013178434091969393,Mean absolute RGB horizontal/vertical first-difference change
44662,44662,11165.5,0.005384596836419753,334.965,30.0,32,32,31,0.07335691945627332,0.06975331157445908,26.38911096981705,0.9711953941732645,0.9644912537187338,0.07852441529112478,26.38911096981705,"[1920, 1088]","[1920, 1080]",1,False,,0.28654831647872925,0f0c0e2358ceec024230154da4777ed5c444a8382af1ec9d7165f3d7886141cf,0f0c0e2358ceec024230154da4777ed5c444a8382af1ec9d7165f3d7886141cf,38dfd1528cc5632b5b70f5ebd5a144f38a5e32148d9c49b6759ee8c23ed6f3d5,True,True,True,44662,/Huang_group/zyyz/Projects/GVC-RT/experiments/gvcrt_neural_wrapper_v6_2_objective_calibration/bitstreams/fullqp/schedule_s1p0/step_1000/normal/video_09_qp6.bin,5db2e5aad764fecd9629a0862e04fce2979b18687efdc613a84844dca1f99402,/Huang_group/zyyz/Projects/GVC-RT/experiments/gvcrt_neural_wrapper_v6_2_objective_calibration/features/fullqp/schedule_s1p0/step_1000/normal/video_09_qp6.npz,a0a0ebbda36cf2c405b4d2a1376f372997c2bea2484536f1328b5e0254f54bf7,"{'bridge': '7394950d15fd97433ae4b017e4681bfc80143eb889910a34ed17b625ba08bcc9', 'generator': '97bf13e3c9e3693dc36e38e80ad0520349b58ba0320151a2fe2abcf43523b3ef'}",fullqp_schedule_v1,schedule_s1p0,1000,normal,normal,schedule_s1p0,6,6,9,49d6b04e-94b9-41e7-920b-ff925c358ec4,67a04d28c5de109ffe638f8c2ac400353fd207eaf655292268bf8d88edfc3806,805492d764bb3e22ce4e096ec77ec0c5f9500369b562ee83ab10214d95a9c6a6,/Huang_group/zyyz/Projects/GVC-RT/experiments/gvcrt_neural_wrapper_v6_2_objective_calibration/branches/schedule_s1p0/checkpoints/step_1000.pt,fe63a6f00ca6bae59b23c8683146dbe64b6be67c1463a552af851bbfc31e9cba,/Huang_group/zyyz/Projects/GVC-RT/experiments/gvcrt_neural_wrapper_v6_2_objective_calibration/parts/fullqp/schedule_s1p0/step_1000/normal/video_09_qp6.frames.csv,b6db874867e80e3a3b32979760e8a0f99a2b85f3ddff3f75f449337af2ac448c,/Huang_group/zyyz/Projects/GVC-RT/experiments/gvcrt_neural_wrapper_v6_2_objective_calibration/features/fullqp/schedule_s1p0/step_1000/normal/video_09_qp6.transitions.csv,f7f14680246f7bc36dace63c20d354a064650c1ec1ae40a83e9945f31d77ad2e,357296,"[6, 8, 6, 7, 6, 7, 6, 7, 6, 8, 6, 7, 6, 7, 6, 7, 6, 8, 6, 7, 6, 7, 6, 7, 6, 8, 6, 7, 6, 7, 6, 7]",0.12,6,20.347689628601074,0.04184864414855838,0.0029960329484310932,0.0013178434091969393,Mean absolute RGB horizontal/vertical first-difference change
74982,74982,18745.5,0.009040075231481481,562.365,30.0,32,32,31,0.06539630948100239,0.06271973624825478,26.794225863778678,0.9735643640160561,0.9683395307511091,0.06836494815445715,26.794225863778678,"[1920, 1088]","[1920, 1080]",1,False,,0.28654831647872925,0f0c0e2358ceec024230154da4777ed5c444a8382af1ec9d7165f3d7886141cf,0f0c0e2358ceec024230154da4777ed5c444a8382af1ec9d7165f3d7886141cf,a89b9435ecdcf91f914bd67a874d3d5d9ee92ea6e6acd997b570a784b0738785,True,True,True,74982,/Huang_group/zyyz/Projects/GVC-RT/experiments/gvcrt_neural_wrapper_v6_2_objective_calibration/bitstreams/fullqp/schedule_s1p0/step_1000/normal/video_09_qp8.bin,9b264433706cf1afde4ec03c9f1c0df45c5fe6efe0ab87cf12450d02b9dc5476,/Huang_group/zyyz/Projects/GVC-RT/experiments/gvcrt_neural_wrapper_v6_2_objective_calibration/features/fullqp/schedule_s1p0/step_1000/normal/video_09_qp8.npz,fcc9aacac4dce785db29f5deb18de3b854fb2ba4399431b15362b81422bb2e28,"{'bridge': '7394950d15fd97433ae4b017e4681bfc80143eb889910a34ed17b625ba08bcc9', 'generator': '97bf13e3c9e3693dc36e38e80ad0520349b58ba0320151a2fe2abcf43523b3ef'}",fullqp_schedule_v1,schedule_s1p0,1000,normal,normal,schedule_s1p0,8,8,9,49d6b04e-94b9-41e7-920b-ff925c358ec4,67a04d28c5de109ffe638f8c2ac400353fd207eaf655292268bf8d88edfc3806,805492d764bb3e22ce4e096ec77ec0c5f9500369b562ee83ab10214d95a9c6a6,/Huang_group/zyyz/Projects/GVC-RT/experiments/gvcrt_neural_wrapper_v6_2_objective_calibration/branches/schedule_s1p0/checkpoints/step_1000.pt,fe63a6f00ca6bae59b23c8683146dbe64b6be67c1463a552af851bbfc31e9cba,/Huang_group/zyyz/Projects/GVC-RT/experiments/gvcrt_neural_wrapper_v6_2_objective_calibration/parts/fullqp/schedule_s1p0/step_1000/normal/video_09_qp8.frames.csv,317931f7dfcc1b869ab3a812fbb3082d14bde4230cfd6f2efab64ea20f38ca17,/Huang_group/zyyz/Projects/GVC-RT/experiments/gvcrt_neural_wrapper_v6_2_objective_calibration/features/fullqp/schedule_s1p0/step_1000/normal/video_09_qp8.transitions.csv,4acddef335c8f72f219cc7931b5032dae0034bfa337c06552bd1345c8238e918,599856,"[8, 10, 8, 9, 8, 9, 8, 9, 8, 10, 8, 9, 8, 9, 8, 9, 8, 10, 8, 9, 8, 9, 8, 9, 8, 10, 8, 9, 8, 9, 8, 9]",0.12,6,20.314571857452393,0.04184864414855838,0.0029960329484310932,0.0013178434091969393,Mean absolute RGB horizontal/vertical first-difference change
94776,94776,23694.0,0.01142650462962963,710.82,30.0,32,32,31,0.06269268691539764,0.06123758293688297,27.048775495618184,0.9749287348240614,0.9699776507914066,0.06500054559400005,27.048775495618184,"[1920, 1088]","[1920, 1080]",1,False,,0.28654831647872925,0f0c0e2358ceec024230154da4777ed5c444a8382af1ec9d7165f3d7886141cf,0f0c0e2358ceec024230154da4777ed5c444a8382af1ec9d7165f3d7886141cf,8f21e8c9a5a936aa92e5d80a8ba76b7802c962895a9d338071650e62f11c6821,True,True,True,94776,/Huang_group/zyyz/Projects/GVC-RT/experiments/gvcrt_neural_wrapper_v6_2_objective_calibration/bitstreams/fullqp/schedule_s1p0/step_1000/normal/video_09_qp9.bin,58e37ecf7351ab802d906a721626a1d3b1702e609e71a3478f5d7b2062024b0e,/Huang_group/zyyz/Projects/GVC-RT/experiments/gvcrt_neural_wrapper_v6_2_objective_calibration/features/fullqp/schedule_s1p0/step_1000/normal/video_09_qp9.npz,1fc3b45894fdcb427a3e2531380f4a2f04a0761310a56db5998300e26571e8ab,"{'bridge': '7394950d15fd97433ae4b017e4681bfc80143eb889910a34ed17b625ba08bcc9', 'generator': '97bf13e3c9e3693dc36e38e80ad0520349b58ba0320151a2fe2abcf43523b3ef'}",fullqp_schedule_v1,schedule_s1p0,1000,normal,normal,schedule_s1p0,9,9,9,49d6b04e-94b9-41e7-920b-ff925c358ec4,67a04d28c5de109ffe638f8c2ac400353fd207eaf655292268bf8d88edfc3806,805492d764bb3e22ce4e096ec77ec0c5f9500369b562ee83ab10214d95a9c6a6,/Huang_group/zyyz/Projects/GVC-RT/experiments/gvcrt_neural_wrapper_v6_2_objective_calibration/branches/schedule_s1p0/checkpoints/step_1000.pt,fe63a6f00ca6bae59b23c8683146dbe64b6be67c1463a552af851bbfc31e9cba,/Huang_group/zyyz/Projects/GVC-RT/experiments/gvcrt_neural_wrapper_v6_2_objective_calibration/parts/fullqp/schedule_s1p0/step_1000/normal/video_09_qp9.frames.csv,80e79c9b439b48a58468fc41d5d83866e3ec1fbdd98b318ac6c1d957137eafbf,/Huang_group/zyyz/Projects/GVC-RT/experiments/gvcrt_neural_wrapper_v6_2_objective_calibration/features/fullqp/schedule_s1p0/step_1000/normal/video_09_qp9.transitions.csv,230fbe8f8b20efac50459f239c78ce69844b389d03e537b54920764142124e0d,758208,"[9, 11, 9, 10, 9, 10, 9, 10, 9, 11, 9, 10, 9, 10, 9, 10, 9, 11, 9, 10, 9, 10, 9, 10, 9, 11, 9, 10, 9, 10, 9, 10]",0.12,6,20.2791485786438,0.04184864414855838,0.0029960329484310932,0.0013178434091969393,Mean absolute RGB horizontal/vertical first-difference change
10550,10550,2637.5,0.0012719425154320988,79.125,30.0,32,32,31,0.2691016402095556,0.1578933596611023,20.102068112726744,0.854894021525979,0.6255122534930706,0.3076601638909309,20.102068112726744,"[1920, 1088]","[1920, 1080]",1,False,,0.30554208159446716,0f0c0e2358ceec024230154da4777ed5c444a8382af1ec9d7165f3d7886141cf,0f0c0e2358ceec024230154da4777ed5c444a8382af1ec9d7165f3d7886141cf,145dbcfc747f97e26858adf557c0d8895f1d58b1bc00f63f95c733c3aee8f0d3,True,True,True,10550,/Huang_group/zyyz/Projects/GVC-RT/experiments/gvcrt_neural_wrapper_v6_2_objective_calibration/bitstreams/fullqp/schedule_s1p0/step_1000/normal/video_10_qp0.bin,9af470749d33acb77931137161727a2906ff0da2cd94fa840aac6d097ad4c5d3,/Huang_group/zyyz/Projects/GVC-RT/experiments/gvcrt_neural_wrapper_v6_2_objective_calibration/features/fullqp/schedule_s1p0/step_1000/normal/video_10_qp0.npz,c7f19b70aef80562737c65259499e9a764c5f3adfca8443c04469d40150a37bc,"{'bridge': '7394950d15fd97433ae4b017e4681bfc80143eb889910a34ed17b625ba08bcc9', 'generator': '97bf13e3c9e3693dc36e38e80ad0520349b58ba0320151a2fe2abcf43523b3ef'}",fullqp_schedule_v1,schedule_s1p0,1000,normal,normal,schedule_s1p0,0,0,10,89633b73-550c-4229-a6a0-15e10ea26e4f,dcdf00943ab610b741b5768ce1697b31c85f596444312d326f688306346be855,cbe81c20702d2c99bcd9d9a08c617eada0243eadf534fdf4bd14188c6d7d2a91,/Huang_group/zyyz/Projects/GVC-RT/experiments/gvcrt_neural_wrapper_v6_2_objective_calibration/branches/schedule_s1p0/checkpoints/step_1000.pt,fe63a6f00ca6bae59b23c8683146dbe64b6be67c1463a552af851bbfc31e9cba,/Huang_group/zyyz/Projects/GVC-RT/experiments/gvcrt_neural_wrapper_v6_2_objective_calibration/parts/fullqp/schedule_s1p0/step_1000/normal/video_10_qp0.frames.csv,03b0dfbc435bd677a61e342d07c4a2b8182029335ebbdfa624706844af170fe1,/Huang_group/zyyz/Projects/GVC-RT/experiments/gvcrt_neural_wrapper_v6_2_objective_calibration/features/fullqp/schedule_s1p0/step_1000/normal/video_10_qp0.transitions.csv,43c81ff75fc402299f661d4e6d02556aafbb4fd000d71510555dfdc5254f9a35,84400,"[0, 2, 0, 1, 0, 1, 0, 1, 0, 2, 0, 1, 0, 1, 0, 1, 0, 2, 0, 1, 0, 1, 0, 1, 0, 2, 0, 1, 0, 1, 0, 1]",0.12,4,20.634737968444824,0.047946090693585575,0.0035857841940014623,0.009601769357686862,Mean absolute RGB horizontal/vertical first-difference change
17075,17075,4268.75,0.002058617862654321,128.0625,30.0,32,32,31,0.2294449144974351,0.14062160812318325,20.81206177597455,0.8725258875638247,0.6852265987545252,0.24542029346189193,20.81206177597455,"[1920, 1088]","[1920, 1080]",1,False,,0.30554208159446716,0f0c0e2358ceec024230154da4777ed5c444a8382af1ec9d7165f3d7886141cf,0f0c0e2358ceec024230154da4777ed5c444a8382af1ec9d7165f3d7886141cf,018907b4fd464fff5ad01a2a2b447c1c16e26ce2fa9ebb3e152c1b3c6446a82f,True,True,True,17075,/Huang_group/zyyz/Projects/GVC-RT/experiments/gvcrt_neural_wrapper_v6_2_objective_calibration/bitstreams/fullqp/schedule_s1p0/step_1000/normal/video_10_qp2.bin,98ff2f3f82e8939347455b921ba06cd83210438b12e825b3586124ee80c95058,/Huang_group/zyyz/Projects/GVC-RT/experiments/gvcrt_neural_wrapper_v6_2_objective_calibration/features/fullqp/schedule_s1p0/step_1000/normal/video_10_qp2.npz,48cdc2002b2f44be64f9b8b1098afcf46fec9bc6b00db43c52306e5c5c03d684,"{'bridge': '7394950d15fd97433ae4b017e4681bfc80143eb889910a34ed17b625ba08bcc9', 'generator': '97bf13e3c9e3693dc36e38e80ad0520349b58ba0320151a2fe2abcf43523b3ef'}",fullqp_schedule_v1,schedule_s1p0,1000,normal,normal,schedule_s1p0,2,2,10,89633b73-550c-4229-a6a0-15e10ea26e4f,dcdf00943ab610b741b5768ce1697b31c85f596444312d326f688306346be855,cbe81c20702d2c99bcd9d9a08c617eada0243eadf534fdf4bd14188c6d7d2a91,/Huang_group/zyyz/Projects/GVC-RT/experiments/gvcrt_neural_wrapper_v6_2_objective_calibration/branches/schedule_s1p0/checkpoints/step_1000.pt,fe63a6f00ca6bae59b23c8683146dbe64b6be67c1463a552af851bbfc31e9cba,/Huang_group/zyyz/Projects/GVC-RT/experiments/gvcrt_neural_wrapper_v6_2_objective_calibration/parts/fullqp/schedule_s1p0/step_1000/normal/video_10_qp2.frames.csv,6d5776a17dc469854717f4127a2816f17f148bd707229d6f05fb2d0f64832e34,/Huang_group/zyyz/Projects/GVC-RT/experiments/gvcrt_neural_wrapper_v6_2_objective_calibration/features/fullqp/schedule_s1p0/step_1000/normal/video_10_qp2.transitions.csv,7e8964de1ce42dc08f0868827b90b8b63a39794c6460cd2f0c43b11bb5bd150f,136600,"[2, 4, 2, 3, 2, 3, 2, 3, 2, 4, 2, 3, 2, 3, 2, 3, 2, 4, 2, 3, 2, 3, 2, 3, 2, 4, 2, 3, 2, 3, 2, 3]",0.12,4,20.43991446495056,0.047946090693585575,0.0035857841940014623,0.009601769357686862,Mean absolute RGB horizontal/vertical first-difference change
29793,29793,7448.25,0.003591941550925926,223.4475,30.0,32,32,31,0.1914014844223857,0.12966378405690193,21.48125926668753,0.8880419582128525,0.73641062900424,0.199683454248213,21.48125926668753,"[1920, 1088]","[1920, 1080]",1,False,,0.30554208159446716,0f0c0e2358ceec024230154da4777ed5c444a8382af1ec9d7165f3d7886141cf,0f0c0e2358ceec024230154da4777ed5c444a8382af1ec9d7165f3d7886141cf,eed09373efd36dc5356be3cc50ce0ec6bfa193322eac64f476a1b4f007b905df,True,True,True,29793,/Huang_group/zyyz/Projects/GVC-RT/experiments/gvcrt_neural_wrapper_v6_2_objective_calibration/bitstreams/fullqp/schedule_s1p0/step_1000/normal/video_10_qp4.bin,4829b3438209aa1cf24fd1b9185a2c3e132d4288730533746ecf3cbba8182cd6,/Huang_group/zyyz/Projects/GVC-RT/experiments/gvcrt_neural_wrapper_v6_2_objective_calibration/features/fullqp/schedule_s1p0/step_1000/normal/video_10_qp4.npz,2d1f9a9e3d66c1ba6d781de5fd571bcbeed4bc1a7ad4d681bbb51e4ca564c26d,"{'bridge': '7394950d15fd97433ae4b017e4681bfc80143eb889910a34ed17b625ba08bcc9', 'generator': '97bf13e3c9e3693dc36e38e80ad0520349b58ba0320151a2fe2abcf43523b3ef'}",fullqp_schedule_v1,schedule_s1p0,1000,normal,normal,schedule_s1p0,4,4,10,89633b73-550c-4229-a6a0-15e10ea26e4f,dcdf00943ab610b741b5768ce1697b31c85f596444312d326f688306346be855,cbe81c20702d2c99bcd9d9a08c617eada0243eadf534fdf4bd14188c6d7d2a91,/Huang_group/zyyz/Projects/GVC-RT/experiments/gvcrt_neural_wrapper_v6_2_objective_calibration/branches/schedule_s1p0/checkpoints/step_1000.pt,fe63a6f00ca6bae59b23c8683146dbe64b6be67c1463a552af851bbfc31e9cba,/Huang_group/zyyz/Projects/GVC-RT/experiments/gvcrt_neural_wrapper_v6_2_objective_calibration/parts/fullqp/schedule_s1p0/step_1000/normal/video_10_qp4.frames.csv,3973f48e1c139903f850be0e7f0cd52ff11e06181cd2330159a4422c003a59a8,/Huang_group/zyyz/Projects/GVC-RT/experiments/gvcrt_neural_wrapper_v6_2_objective_calibration/features/fullqp/schedule_s1p0/step_1000/normal/video_10_qp4.transitions.csv,77420e85ec59db4155ca7e6231a3c5b91ef2d719761735fee0c471242a9cf20f,238344,"[4, 6, 4, 5, 4, 5, 4, 5, 4, 6, 4, 5, 4, 5, 4, 5, 4, 6, 4, 5, 4, 5, 4, 5, 4, 6, 4, 5, 4, 5, 4, 5]",0.12,4,20.45288062095642,0.047946090693585575,0.0035857841940014623,0.009601769357686862,Mean absolute RGB horizontal/vertical first-difference change
49339,49339,12334.75,0.005948471257716049,370.0425,30.0,32,32,31,0.16789332078769803,0.11603840626776218,22.035631302556936,0.8995671477168798,0.7742703352123499,0.1723206997398407,22.035631302556936,"[1920, 1088]","[1920, 1080]",1,False,,0.30554208159446716,0f0c0e2358ceec024230154da4777ed5c444a8382af1ec9d7165f3d7886141cf,0f0c0e2358ceec024230154da4777ed5c444a8382af1ec9d7165f3d7886141cf,2c1a9cfb87b023b170c7e080485a5e06c2e0594ce9564e1e10444eaa9836384c,True,True,True,49339,/Huang_group/zyyz/Projects/GVC-RT/experiments/gvcrt_neural_wrapper_v6_2_objective_calibration/bitstreams/fullqp/schedule_s1p0/step_1000/normal/video_10_qp6.bin,bdbef1d4a5e6ef63b1735f614dd56d7214e69701021107416f6d88c2dd81aefa,/Huang_group/zyyz/Projects/GVC-RT/experiments/gvcrt_neural_wrapper_v6_2_objective_calibration/features/fullqp/schedule_s1p0/step_1000/normal/video_10_qp6.npz,1fa525395ba360a9e14499503979a119c9e8139f8f8c91f600e18f0a681a56bc,"{'bridge': '7394950d15fd97433ae4b017e4681bfc80143eb889910a34ed17b625ba08bcc9', 'generator': '97bf13e3c9e3693dc36e38e80ad0520349b58ba0320151a2fe2abcf43523b3ef'}",fullqp_schedule_v1,schedule_s1p0,1000,normal,normal,schedule_s1p0,6,6,10,89633b73-550c-4229-a6a0-15e10ea26e4f,dcdf00943ab610b741b5768ce1697b31c85f596444312d326f688306346be855,cbe81c20702d2c99bcd9d9a08c617eada0243eadf534fdf4bd14188c6d7d2a91,/Huang_group/zyyz/Projects/GVC-RT/experiments/gvcrt_neural_wrapper_v6_2_objective_calibration/branches/schedule_s1p0/checkpoints/step_1000.pt,fe63a6f00ca6bae59b23c8683146dbe64b6be67c1463a552af851bbfc31e9cba,/Huang_group/zyyz/Projects/GVC-RT/experiments/gvcrt_neural_wrapper_v6_2_objective_calibration/parts/fullqp/schedule_s1p0/step_1000/normal/video_10_qp6.frames.csv,b6e2c8195a34c2a57d97f590bdd5eaf9fc83d010a9d76cc25d49434f03c7a169,/Huang_group/zyyz/Projects/GVC-RT/experiments/gvcrt_neural_wrapper_v6_2_objective_calibration/features/fullqp/schedule_s1p0/step_1000/normal/video_10_qp6.transitions.csv,7641d8d9ab59883b304ea8eb72141354d5d94a33f6aa0a13507213e9501b8b73,394712,"[6, 8, 6, 7, 6, 7, 6, 7, 6, 8, 6, 7, 6, 7, 6, 7, 6, 8, 6, 7, 6, 7, 6, 7, 6, 8, 6, 7, 6, 7, 6, 7]",0.12,4,20.274483919143677,0.047946090693585575,0.0035857841940014623,0.009601769357686862,Mean absolute RGB horizontal/vertical first-difference change
77493,77493,19373.25,0.009342809606481482,581.1975,30.0,32,32,31,0.15331689594313502,0.11133891344070435,22.444136267684346,0.9072785023599863,0.8009920343756676,0.15737527512734936,22.444136267684346,"[1920, 1088]","[1920, 1080]",1,False,,0.30554208159446716,0f0c0e2358ceec024230154da4777ed5c444a8382af1ec9d7165f3d7886141cf,0f0c0e2358ceec024230154da4777ed5c444a8382af1ec9d7165f3d7886141cf,2305697d45c2f415937d18b10da6d3b573e4e56f2e3ce6e7325c62eaf1fd4bc4,True,True,True,77493,/Huang_group/zyyz/Projects/GVC-RT/experiments/gvcrt_neural_wrapper_v6_2_objective_calibration/bitstreams/fullqp/schedule_s1p0/step_1000/normal/video_10_qp8.bin,2bbef929e5a36c6c8049f7a46ae2f8584e165f1e74d506d9d0bc74144bd04a1d,/Huang_group/zyyz/Projects/GVC-RT/experiments/gvcrt_neural_wrapper_v6_2_objective_calibration/features/fullqp/schedule_s1p0/step_1000/normal/video_10_qp8.npz,53b0226c71cf7fc527b9ba0fb19035d2ef4c5a40733bda862d7bea13d763343e,"{'bridge': '7394950d15fd97433ae4b017e4681bfc80143eb889910a34ed17b625ba08bcc9', 'generator': '97bf13e3c9e3693dc36e38e80ad0520349b58ba0320151a2fe2abcf43523b3ef'}",fullqp_schedule_v1,schedule_s1p0,1000,normal,normal,schedule_s1p0,8,8,10,89633b73-550c-4229-a6a0-15e10ea26e4f,dcdf00943ab610b741b5768ce1697b31c85f596444312d326f688306346be855,cbe81c20702d2c99bcd9d9a08c617eada0243eadf534fdf4bd14188c6d7d2a91,/Huang_group/zyyz/Projects/GVC-RT/experiments/gvcrt_neural_wrapper_v6_2_objective_calibration/branches/schedule_s1p0/checkpoints/step_1000.pt,fe63a6f00ca6bae59b23c8683146dbe64b6be67c1463a552af851bbfc31e9cba,/Huang_group/zyyz/Projects/GVC-RT/experiments/gvcrt_neural_wrapper_v6_2_objective_calibration/parts/fullqp/schedule_s1p0/step_1000/normal/video_10_qp8.frames.csv,7856be16eab8068cdcaf16ae0d5dd4acb944c9eee2783bb7d884f6126f7de097,/Huang_group/zyyz/Projects/GVC-RT/experiments/gvcrt_neural_wrapper_v6_2_objective_calibration/features/fullqp/schedule_s1p0/step_1000/normal/video_10_qp8.transitions.csv,d77bc3d9118f2bb21200df43e0e8d872df175c7674dd07ac5ae6f2c3441cda39,619944,"[8, 10, 8, 9, 8, 9, 8, 9, 8, 10, 8, 9, 8, 9, 8, 9, 8, 10, 8, 9, 8, 9, 8, 9, 8, 10, 8, 9, 8, 9, 8, 9]",0.12,4,20.303723573684692,0.047946090693585575,0.0035857841940014623,0.009601769357686862,Mean absolute RGB horizontal/vertical first-difference change
93255,93255,23313.75,0.011243127893518518,699.4125,30.0,32,32,31,0.1490822620689869,0.10931005887687206,22.556662868164373,0.909385334700346,0.8090135678648949,0.15434055414892012,22.556662868164373,"[1920, 1088]","[1920, 1080]",1,False,,0.30554208159446716,0f0c0e2358ceec024230154da4777ed5c444a8382af1ec9d7165f3d7886141cf,0f0c0e2358ceec024230154da4777ed5c444a8382af1ec9d7165f3d7886141cf,e1e56539448e7cbe0df9c6f2a4464dde6e5efebe6b3c29e1b3def0f3146ee129,True,True,True,93255,/Huang_group/zyyz/Projects/GVC-RT/experiments/gvcrt_neural_wrapper_v6_2_objective_calibration/bitstreams/fullqp/schedule_s1p0/step_1000/normal/video_10_qp9.bin,7d515e92e3310ac93a706d462b695e71b91080177f4f44602ecb5cbdc851f546,/Huang_group/zyyz/Projects/GVC-RT/experiments/gvcrt_neural_wrapper_v6_2_objective_calibration/features/fullqp/schedule_s1p0/step_1000/normal/video_10_qp9.npz,487fb37781cd6c1ebdee90c97c4215bf8da41fa9f368899f5d8a094bbe5d3183,"{'bridge': '7394950d15fd97433ae4b017e4681bfc80143eb889910a34ed17b625ba08bcc9', 'generator': '97bf13e3c9e3693dc36e38e80ad0520349b58ba0320151a2fe2abcf43523b3ef'}",fullqp_schedule_v1,schedule_s1p0,1000,normal,normal,schedule_s1p0,9,9,10,89633b73-550c-4229-a6a0-15e10ea26e4f,dcdf00943ab610b741b5768ce1697b31c85f596444312d326f688306346be855,cbe81c20702d2c99bcd9d9a08c617eada0243eadf534fdf4bd14188c6d7d2a91,/Huang_group/zyyz/Projects/GVC-RT/experiments/gvcrt_neural_wrapper_v6_2_objective_calibration/branches/schedule_s1p0/checkpoints/step_1000.pt,fe63a6f00ca6bae59b23c8683146dbe64b6be67c1463a552af851bbfc31e9cba,/Huang_group/zyyz/Projects/GVC-RT/experiments/gvcrt_neural_wrapper_v6_2_objective_calibration/parts/fullqp/schedule_s1p0/step_1000/normal/video_10_qp9.frames.csv,d5293fe4fe5bc86ff6e16d43f2f77eef71bfd1da92dd54fb8f24b65c0344ccca,/Huang_group/zyyz/Projects/GVC-RT/experiments/gvcrt_neural_wrapper_v6_2_objective_calibration/features/fullqp/schedule_s1p0/step_1000/normal/video_10_qp9.transitions.csv,ac8fa6630085e0966cb081ed3c0d2e631f5c07dd5703e0fb60a9f4fc1faee6d4,746040,"[9, 11, 9, 10, 9, 10, 9, 10, 9, 11, 9, 10, 9, 10, 9, 10, 9, 11, 9, 10, 9, 10, 9, 10, 9, 11, 9, 10, 9, 10, 9, 10]",0.12,4,20.37155508995056,0.047946090693585575,0.0035857841940014623,0.009601769357686862,Mean absolute RGB horizontal/vertical first-difference change
10472,10472,2618.0,0.0012625385802469136,78.54,30.0,32,32,31,0.24707916472107172,0.14748290926218033,20.88401290164825,0.8450334966182709,0.6572657562792301,0.22738307089574875,20.88401290164825,"[1920, 1088]","[1920, 1080]",1,False,,0.24212414026260376,0f0c0e2358ceec024230154da4777ed5c444a8382af1ec9d7165f3d7886141cf,0f0c0e2358ceec024230154da4777ed5c444a8382af1ec9d7165f3d7886141cf,60effd53c7dba188c72d1c5738e0949598d4349142cf33468c6ee959bbfeb86f,True,True,True,10472,/Huang_group/zyyz/Projects/GVC-RT/experiments/gvcrt_neural_wrapper_v6_2_objective_calibration/bitstreams/fullqp/schedule_s1p0/step_1000/normal/video_11_qp0.bin,88784f4e4f0138553d6f7b7d9529d4996cf718bd36da97192c1ff35e793e108d,/Huang_group/zyyz/Projects/GVC-RT/experiments/gvcrt_neural_wrapper_v6_2_objective_calibration/features/fullqp/schedule_s1p0/step_1000/normal/video_11_qp0.npz,c9f8c136fddbe254f6e619dad4f63541b69523f8a218c9c7cbfd0a94b2ecfbd8,"{'bridge': '7394950d15fd97433ae4b017e4681bfc80143eb889910a34ed17b625ba08bcc9', 'generator': '97bf13e3c9e3693dc36e38e80ad0520349b58ba0320151a2fe2abcf43523b3ef'}",fullqp_schedule_v1,schedule_s1p0,1000,normal,normal,schedule_s1p0,0,0,11,b6a736a4-1f15-4af5-8c89-b0d75c611575,1e023b04d726dbac95b873f9ec7487ea647e20b9f23ed5c7fe3b8d023274865d,807946381b3a82cdb6564275f9dedd99233b15a9b8054bd53ee4f80b58de1a16,/Huang_group/zyyz/Projects/GVC-RT/experiments/gvcrt_neural_wrapper_v6_2_objective_calibration/branches/schedule_s1p0/checkpoints/step_1000.pt,fe63a6f00ca6bae59b23c8683146dbe64b6be67c1463a552af851bbfc31e9cba,/Huang_group/zyyz/Projects/GVC-RT/experiments/gvcrt_neural_wrapper_v6_2_objective_calibration/parts/fullqp/schedule_s1p0/step_1000/normal/video_11_qp0.frames.csv,f92c8dfd9451c3aee74ee1202bc97dd620c5e960ddd63bd0f11211a1d692ca7b,/Huang_group/zyyz/Projects/GVC-RT/experiments/gvcrt_neural_wrapper_v6_2_objective_calibration/features/fullqp/schedule_s1p0/step_1000/normal/video_11_qp0.transitions.csv,c72b28c865cf287a5c2a02820bb33e4a441f7b85ffda99a7a5968ad686164f85,83776,"[0, 2, 0, 1, 0, 1, 0, 1, 0, 2, 0, 1, 0, 1, 0, 1, 0, 2, 0, 1, 0, 1, 0, 1, 0, 2, 0, 1, 0, 1, 0, 1]",0.12,6,20.34157395362854,0.04270573484245688,0.0027811352265416645,0.009969823237042874,Mean absolute RGB horizontal/vertical first-difference change
17546,17546,4386.5,0.002115403163580247,131.595,30.0,32,32,31,0.2098742569796741,0.13281499221920967,21.653062227177927,0.8674543909728527,0.7117256987839937,0.19124519536572118,21.653062227177927,"[1920, 1088]","[1920, 1080]",1,False,,0.24212414026260376,0f0c0e2358ceec024230154da4777ed5c444a8382af1ec9d7165f3d7886141cf,0f0c0e2358ceec024230154da4777ed5c444a8382af1ec9d7165f3d7886141cf,519b344e0d94cf07d8d92b92fc7a6189eb44aae3ddae04ef7d6ebf0488000540,True,True,True,17546,/Huang_group/zyyz/Projects/GVC-RT/experiments/gvcrt_neural_wrapper_v6_2_objective_calibration/bitstreams/fullqp/schedule_s1p0/step_1000/normal/video_11_qp2.bin,433fa0e61f2397180f0be970ac257e97d839a6ce205ff1f9262900c3ef1fcecd,/Huang_group/zyyz/Projects/GVC-RT/experiments/gvcrt_neural_wrapper_v6_2_objective_calibration/features/fullqp/schedule_s1p0/step_1000/normal/video_11_qp2.npz,882d68d27653f6b918d546486d5a457cf36eeacb00fb95e853980aac19ee4024,"{'bridge': '7394950d15fd97433ae4b017e4681bfc80143eb889910a34ed17b625ba08bcc9', 'generator': '97bf13e3c9e3693dc36e38e80ad0520349b58ba0320151a2fe2abcf43523b3ef'}",fullqp_schedule_v1,schedule_s1p0,1000,normal,normal,schedule_s1p0,2,2,11,b6a736a4-1f15-4af5-8c89-b0d75c611575,1e023b04d726dbac95b873f9ec7487ea647e20b9f23ed5c7fe3b8d023274865d,807946381b3a82cdb6564275f9dedd99233b15a9b8054bd53ee4f80b58de1a16,/Huang_group/zyyz/Projects/GVC-RT/experiments/gvcrt_neural_wrapper_v6_2_objective_calibration/branches/schedule_s1p0/checkpoints/step_1000.pt,fe63a6f00ca6bae59b23c8683146dbe64b6be67c1463a552af851bbfc31e9cba,/Huang_group/zyyz/Projects/GVC-RT/experiments/gvcrt_neural_wrapper_v6_2_objective_calibration/parts/fullqp/schedule_s1p0/step_1000/normal/video_11_qp2.frames.csv,634c70abea41cbc005cc0cf61457c74eb8980588d0a2df74f70df436934573a2,/Huang_group/zyyz/Projects/GVC-RT/experiments/gvcrt_neural_wrapper_v6_2_objective_calibration/features/fullqp/schedule_s1p0/step_1000/normal/video_11_qp2.transitions.csv,8ddc1a0319e3034d8e35559aad0850f3d3a2d0798726bf753a350e4307e9c9c7,140368,"[2, 4, 2, 3, 2, 3, 2, 3, 2, 4, 2, 3, 2, 3, 2, 3, 2, 4, 2, 3, 2, 3, 2, 3, 2, 4, 2, 3, 2, 3, 2, 3]",0.12,6,20.21275758743286,0.04270573484245688,0.0027811352265416645,0.009969823237042874,Mean absolute RGB horizontal/vertical first-difference change
33687,33687,8421.75,0.0040614149305555555,252.6525,30.0,32,32,31,0.1760820709168911,0.12141355127096176,22.36639863875134,0.8842774927616119,0.7553958799690008,0.16028034687042236,22.36639863875134,"[1920, 1088]","[1920, 1080]",1,False,,0.24212414026260376,0f0c0e2358ceec024230154da4777ed5c444a8382af1ec9d7165f3d7886141cf,0f0c0e2358ceec024230154da4777ed5c444a8382af1ec9d7165f3d7886141cf,db6f0a4b7358e6b493ae54dbb9d33773930f15ac955252c2e3ee33b07dcc132a,True,True,True,33687,/Huang_group/zyyz/Projects/GVC-RT/experiments/gvcrt_neural_wrapper_v6_2_objective_calibration/bitstreams/fullqp/schedule_s1p0/step_1000/normal/video_11_qp4.bin,f70554e851078566e884fa0713c0786074ce16b1df0d0b8bd60c5be800faecd7,/Huang_group/zyyz/Projects/GVC-RT/experiments/gvcrt_neural_wrapper_v6_2_objective_calibration/features/fullqp/schedule_s1p0/step_1000/normal/video_11_qp4.npz,a5191e7bde3d76f08d24ee2d57d87870ad36295ff403333c8548507a5b9b073b,"{'bridge': '7394950d15fd97433ae4b017e4681bfc80143eb889910a34ed17b625ba08bcc9', 'generator': '97bf13e3c9e3693dc36e38e80ad0520349b58ba0320151a2fe2abcf43523b3ef'}",fullqp_schedule_v1,schedule_s1p0,1000,normal,normal,schedule_s1p0,4,4,11,b6a736a4-1f15-4af5-8c89-b0d75c611575,1e023b04d726dbac95b873f9ec7487ea647e20b9f23ed5c7fe3b8d023274865d,807946381b3a82cdb6564275f9dedd99233b15a9b8054bd53ee4f80b58de1a16,/Huang_group/zyyz/Projects/GVC-RT/experiments/gvcrt_neural_wrapper_v6_2_objective_calibration/branches/schedule_s1p0/checkpoints/step_1000.pt,fe63a6f00ca6bae59b23c8683146dbe64b6be67c1463a552af851bbfc31e9cba,/Huang_group/zyyz/Projects/GVC-RT/experiments/gvcrt_neural_wrapper_v6_2_objective_calibration/parts/fullqp/schedule_s1p0/step_1000/normal/video_11_qp4.frames.csv,2cf841ec97f51bc719e62799f638a70e6922abfd2d3e5767de9fadcc81d6fab9,/Huang_group/zyyz/Projects/GVC-RT/experiments/gvcrt_neural_wrapper_v6_2_objective_calibration/features/fullqp/schedule_s1p0/step_1000/normal/video_11_qp4.transitions.csv,4b606fe2044f3c2f73a78b46adb0e3fe4e920ba94a2a0180bcd62d6846871ae8,269496,"[4, 6, 4, 5, 4, 5, 4, 5, 4, 6, 4, 5, 4, 5, 4, 5, 4, 6, 4, 5, 4, 5, 4, 5, 4, 6, 4, 5, 4, 5, 4, 5]",0.12,6,21.09775185585022,0.04270573484245688,0.0027811352265416645,0.009969823237042874,Mean absolute RGB horizontal/vertical first-difference change
59418,59418,14854.5,0.007163628472222222,445.635,30.0,32,32,31,0.15539681445807219,0.10753148794174194,22.94816865643842,0.8967484552413225,0.7914469502866268,0.14048368555884208,22.94816865643842,"[1920, 1088]","[1920, 1080]",1,False,,0.24212414026260376,0f0c0e2358ceec024230154da4777ed5c444a8382af1ec9d7165f3d7886141cf,0f0c0e2358ceec024230154da4777ed5c444a8382af1ec9d7165f3d7886141cf,8e3b115747c575c419d5e8e11d1ddca7b8e596ccecf2b9ade14c70eba574d5ad,True,True,True,59418,/Huang_group/zyyz/Projects/GVC-RT/experiments/gvcrt_neural_wrapper_v6_2_objective_calibration/bitstreams/fullqp/schedule_s1p0/step_1000/normal/video_11_qp6.bin,52f82fe2741b7b030d0deb7305dfbbf38a0a543a0dd8e3971b0174251c7aa024,/Huang_group/zyyz/Projects/GVC-RT/experiments/gvcrt_neural_wrapper_v6_2_objective_calibration/features/fullqp/schedule_s1p0/step_1000/normal/video_11_qp6.npz,3fed0cff3ff2e968f55e938a7a5edcdc2595358fad7015358415fb5648becb85,"{'bridge': '7394950d15fd97433ae4b017e4681bfc80143eb889910a34ed17b625ba08bcc9', 'generator': '97bf13e3c9e3693dc36e38e80ad0520349b58ba0320151a2fe2abcf43523b3ef'}",fullqp_schedule_v1,schedule_s1p0,1000,normal,normal,schedule_s1p0,6,6,11,b6a736a4-1f15-4af5-8c89-b0d75c611575,1e023b04d726dbac95b873f9ec7487ea647e20b9f23ed5c7fe3b8d023274865d,807946381b3a82cdb6564275f9dedd99233b15a9b8054bd53ee4f80b58de1a16,/Huang_group/zyyz/Projects/GVC-RT/experiments/gvcrt_neural_wrapper_v6_2_objective_calibration/branches/schedule_s1p0/checkpoints/step_1000.pt,fe63a6f00ca6bae59b23c8683146dbe64b6be67c1463a552af851bbfc31e9cba,/Huang_group/zyyz/Projects/GVC-RT/experiments/gvcrt_neural_wrapper_v6_2_objective_calibration/parts/fullqp/schedule_s1p0/step_1000/normal/video_11_qp6.frames.csv,8eadda77dcf645ce18e352f0956c03b8f1230360158dc7f83c56ae68ad39799b,/Huang_group/zyyz/Projects/GVC-RT/experiments/gvcrt_neural_wrapper_v6_2_objective_calibration/features/fullqp/schedule_s1p0/step_1000/normal/video_11_qp6.transitions.csv,4073171dd059cd45708d220dcfd58bfc345062c44b5d123f49179c2863555a4e,475344,"[6, 8, 6, 7, 6, 7, 6, 7, 6, 8, 6, 7, 6, 7, 6, 7, 6, 8, 6, 7, 6, 7, 6, 7, 6, 8, 6, 7, 6, 7, 6, 7]",0.12,6,20.3012797832489,0.04270573484245688,0.0027811352265416645,0.009969823237042874,Mean absolute RGB horizontal/vertical first-difference change
91134,91134,22783.5,0.010987413194444445,683.505,30.0,32,32,31,0.14184027025476098,0.09795638546347618,23.326638741665246,0.9043793641030788,0.8141603115946054,0.12929939142157953,23.326638741665246,"[1920, 1088]","[1920, 1080]",1,False,,0.24212414026260376,0f0c0e2358ceec024230154da4777ed5c444a8382af1ec9d7165f3d7886141cf,0f0c0e2358ceec024230154da4777ed5c444a8382af1ec9d7165f3d7886141cf,d8fb77764690e9bb4a9d59f91f81a1a366e2e5e2b7e8d452987784d36f1152b4,True,True,True,91134,/Huang_group/zyyz/Projects/GVC-RT/experiments/gvcrt_neural_wrapper_v6_2_objective_calibration/bitstreams/fullqp/schedule_s1p0/step_1000/normal/video_11_qp8.bin,3a9f338c8ebcaaec549b131fc7b6c71b02e68a309c5619dcb2dd20f1df7fe026,/Huang_group/zyyz/Projects/GVC-RT/experiments/gvcrt_neural_wrapper_v6_2_objective_calibration/features/fullqp/schedule_s1p0/step_1000/normal/video_11_qp8.npz,673e2b0aae2a657678af6a1652df8f2f50349a8136a390809b3708829f9496a0,"{'bridge': '7394950d15fd97433ae4b017e4681bfc80143eb889910a34ed17b625ba08bcc9', 'generator': '97bf13e3c9e3693dc36e38e80ad0520349b58ba0320151a2fe2abcf43523b3ef'}",fullqp_schedule_v1,schedule_s1p0,1000,normal,normal,schedule_s1p0,8,8,11,b6a736a4-1f15-4af5-8c89-b0d75c611575,1e023b04d726dbac95b873f9ec7487ea647e20b9f23ed5c7fe3b8d023274865d,807946381b3a82cdb6564275f9dedd99233b15a9b8054bd53ee4f80b58de1a16,/Huang_group/zyyz/Projects/GVC-RT/experiments/gvcrt_neural_wrapper_v6_2_objective_calibration/branches/schedule_s1p0/checkpoints/step_1000.pt,fe63a6f00ca6bae59b23c8683146dbe64b6be67c1463a552af851bbfc31e9cba,/Huang_group/zyyz/Projects/GVC-RT/experiments/gvcrt_neural_wrapper_v6_2_objective_calibration/parts/fullqp/schedule_s1p0/step_1000/normal/video_11_qp8.frames.csv,fedb3e5fdeca88ed166786071911ae34ae5b79aac51935b564bfe34a2fb6651a,/Huang_group/zyyz/Projects/GVC-RT/experiments/gvcrt_neural_wrapper_v6_2_objective_calibration/features/fullqp/schedule_s1p0/step_1000/normal/video_11_qp8.transitions.csv,288fe6fe25860aa5614dffe32e2dc01ff35c0d443cc6992e0a0014e54f41a48d,729072,"[8, 10, 8, 9, 8, 9, 8, 9, 8, 10, 8, 9, 8, 9, 8, 9, 8, 10, 8, 9, 8, 9, 8, 9, 8, 10, 8, 9, 8, 9, 8, 9]",0.12,6,20.30271029472351,0.04270573484245688,0.0027811352265416645,0.009969823237042874,Mean absolute RGB horizontal/vertical first-difference change
109276,109276,27319.0,0.013174672067901235,819.57,30.0,32,32,31,0.1380038047209382,0.09543171897530556,23.444557273854127,0.9066714849323034,0.821883037686348,0.1258917523007239,23.444557273854127,"[1920, 1088]","[1920, 1080]",1,False,,0.24212414026260376,0f0c0e2358ceec024230154da4777ed5c444a8382af1ec9d7165f3d7886141cf,0f0c0e2358ceec024230154da4777ed5c444a8382af1ec9d7165f3d7886141cf,307c9d36f409687caeb413a29b641c3ceb7d2ced008383fa345bfb8236c30977,True,True,True,109276,/Huang_group/zyyz/Projects/GVC-RT/experiments/gvcrt_neural_wrapper_v6_2_objective_calibration/bitstreams/fullqp/schedule_s1p0/step_1000/normal/video_11_qp9.bin,e4ead641cf610fcbed18db9b39b0a95c61674f556b292309cda61e59b73b5519,/Huang_group/zyyz/Projects/GVC-RT/experiments/gvcrt_neural_wrapper_v6_2_objective_calibration/features/fullqp/schedule_s1p0/step_1000/normal/video_11_qp9.npz,02f3f020eb6b650e8f576c09fc7d19d1cd340042e7716441da2f5548fdb367bc,"{'bridge': '7394950d15fd97433ae4b017e4681bfc80143eb889910a34ed17b625ba08bcc9', 'generator': '97bf13e3c9e3693dc36e38e80ad0520349b58ba0320151a2fe2abcf43523b3ef'}",fullqp_schedule_v1,schedule_s1p0,1000,normal,normal,schedule_s1p0,9,9,11,b6a736a4-1f15-4af5-8c89-b0d75c611575,1e023b04d726dbac95b873f9ec7487ea647e20b9f23ed5c7fe3b8d023274865d,807946381b3a82cdb6564275f9dedd99233b15a9b8054bd53ee4f80b58de1a16,/Huang_group/zyyz/Projects/GVC-RT/experiments/gvcrt_neural_wrapper_v6_2_objective_calibration/branches/schedule_s1p0/checkpoints/step_1000.pt,fe63a6f00ca6bae59b23c8683146dbe64b6be67c1463a552af851bbfc31e9cba,/Huang_group/zyyz/Projects/GVC-RT/experiments/gvcrt_neural_wrapper_v6_2_objective_calibration/parts/fullqp/schedule_s1p0/step_1000/normal/video_11_qp9.frames.csv,5e8a1821953b5cf4f62aaa4179881e8689cd7fa647cdd179e97b56bf8e022414,/Huang_group/zyyz/Projects/GVC-RT/experiments/gvcrt_neural_wrapper_v6_2_objective_calibration/features/fullqp/schedule_s1p0/step_1000/normal/video_11_qp9.transitions.csv,ef5ada4f15a94f0ad6d8ba8e678c8578dca2ffa1a8ea59739848ae9dc23a2aca,874208,"[9, 11, 9, 10, 9, 10, 9, 10, 9, 11, 9, 10, 9, 10, 9, 10, 9, 11, 9, 10, 9, 10, 9, 10, 9, 11, 9, 10, 9, 10, 9, 10]",0.12,6,20.179888010025024,0.04270573484245688,0.0027811352265416645,0.009969823237042874,Mean absolute RGB horizontal/vertical first-difference change
18172,18172,4543.0,0.0021908757716049385,136.29,30.0,32,32,31,0.2311844900250435,0.1471549067646265,23.80215507228805,0.9160183630883694,0.7777580618858337,0.25286224965126286,23.80215507228805,"[1920, 1088]","[1920, 1080]",1,False,,0.3333333432674408,0f0c0e2358ceec024230154da4777ed5c444a8382af1ec9d7165f3d7886141cf,0f0c0e2358ceec024230154da4777ed5c444a8382af1ec9d7165f3d7886141cf,ab11a0e5d0c2e05d66d32ab33dc8599d61feac7f551510cea1d6e251fcc2fd37,True,True,True,18172,/Huang_group/zyyz/Projects/GVC-RT/experiments/gvcrt_neural_wrapper_v6_2_objective_calibration/bitstreams/fullqp/schedule_s1p0/step_1000/normal/video_12_qp0.bin,aa5d8d3a19946d3f62a504f52dd5619109c469a6a77d6b0a36bc875ab3a920f2,/Huang_group/zyyz/Projects/GVC-RT/experiments/gvcrt_neural_wrapper_v6_2_objective_calibration/features/fullqp/schedule_s1p0/step_1000/normal/video_12_qp0.npz,7829857e17d0589b127c881bfb4144d10c5d3bca45495024cbcb128f9d7915c4,"{'bridge': '7394950d15fd97433ae4b017e4681bfc80143eb889910a34ed17b625ba08bcc9', 'generator': '97bf13e3c9e3693dc36e38e80ad0520349b58ba0320151a2fe2abcf43523b3ef'}",fullqp_schedule_v1,schedule_s1p0,1000,normal,normal,schedule_s1p0,0,0,12,1fb691fe-ceac-49ea-8a41-8c25954d4042,8957530c1ffff38300f4880854e018deb8bb3ec1a8c97d33eed62aeee60b357b,04e116b01df304baeac4b71bda59e83ff6076880daa07f9ccbf7a6a8cea1c62c,/Huang_group/zyyz/Projects/GVC-RT/experiments/gvcrt_neural_wrapper_v6_2_objective_calibration/branches/schedule_s1p0/checkpoints/step_1000.pt,fe63a6f00ca6bae59b23c8683146dbe64b6be67c1463a552af851bbfc31e9cba,/Huang_group/zyyz/Projects/GVC-RT/experiments/gvcrt_neural_wrapper_v6_2_objective_calibration/parts/fullqp/schedule_s1p0/step_1000/normal/video_12_qp0.frames.csv,924a3e443b563d95eb1a4bbb2db37f9246c40803862bcba60576c394faf57f7a,/Huang_group/zyyz/Projects/GVC-RT/experiments/gvcrt_neural_wrapper_v6_2_objective_calibration/features/fullqp/schedule_s1p0/step_1000/normal/video_12_qp0.transitions.csv,27115f2ef28c9d430f3975528e734f4ebd1cccdad2f6861c3501574f1a23c87f,145376,"[0, 2, 0, 1, 0, 1, 0, 1, 0, 2, 0, 1, 0, 1, 0, 1, 0, 2, 0, 1, 0, 1, 0, 1, 0, 2, 0, 1, 0, 1, 0, 1]",0.12,4,20.059584379196167,0.039593502413481474,0.0023485188503400423,0.004393147304654121,Mean absolute RGB horizontal/vertical first-difference change
30278,30278,7569.5,0.003650414737654321,227.085,30.0,32,32,31,0.18716245610266924,0.12840733490884304,25.14189697404054,0.9369381107389927,0.8386352825909853,0.20427295373332116,25.14189697404054,"[1920, 1088]","[1920, 1080]",1,False,,0.3333333432674408,0f0c0e2358ceec024230154da4777ed5c444a8382af1ec9d7165f3d7886141cf,0f0c0e2358ceec024230154da4777ed5c444a8382af1ec9d7165f3d7886141cf,b7b568b30d142fcbfab45f038a1a1854d4db11f87c2e655fc3187fac38e0c449,True,True,True,30278,/Huang_group/zyyz/Projects/GVC-RT/experiments/gvcrt_neural_wrapper_v6_2_objective_calibration/bitstreams/fullqp/schedule_s1p0/step_1000/normal/video_12_qp2.bin,e9bee4341b5a74e185457431b10409bb3abe8f2226f6d467887706ad42ade7f2,/Huang_group/zyyz/Projects/GVC-RT/experiments/gvcrt_neural_wrapper_v6_2_objective_calibration/features/fullqp/schedule_s1p0/step_1000/normal/video_12_qp2.npz,54188457280caac87e125dc2e7b4e5e451e33dd563595cdd114d3b974d8784e6,"{'bridge': '7394950d15fd97433ae4b017e4681bfc80143eb889910a34ed17b625ba08bcc9', 'generator': '97bf13e3c9e3693dc36e38e80ad0520349b58ba0320151a2fe2abcf43523b3ef'}",fullqp_schedule_v1,schedule_s1p0,1000,normal,normal,schedule_s1p0,2,2,12,1fb691fe-ceac-49ea-8a41-8c25954d4042,8957530c1ffff38300f4880854e018deb8bb3ec1a8c97d33eed62aeee60b357b,04e116b01df304baeac4b71bda59e83ff6076880daa07f9ccbf7a6a8cea1c62c,/Huang_group/zyyz/Projects/GVC-RT/experiments/gvcrt_neural_wrapper_v6_2_objective_calibration/branches/schedule_s1p0/checkpoints/step_1000.pt,fe63a6f00ca6bae59b23c8683146dbe64b6be67c1463a552af851bbfc31e9cba,/Huang_group/zyyz/Projects/GVC-RT/experiments/gvcrt_neural_wrapper_v6_2_objective_calibration/parts/fullqp/schedule_s1p0/step_1000/normal/video_12_qp2.frames.csv,6b77bdda66db37362fdf418e97994544abacde6ce5ee67c3df6537365685fe94,/Huang_group/zyyz/Projects/GVC-RT/experiments/gvcrt_neural_wrapper_v6_2_objective_calibration/features/fullqp/schedule_s1p0/step_1000/normal/video_12_qp2.transitions.csv,2e372a98589f4af70cf5e94f4cb72d610eded03de8e1c32b87d35b5faad88aab,242224,"[2, 4, 2, 3, 2, 3, 2, 3, 2, 4, 2, 3, 2, 3, 2, 3, 2, 4, 2, 3, 2, 3, 2, 3, 2, 4, 2, 3, 2, 3, 2, 3]",0.12,4,20.357917308807373,0.039593502413481474,0.0023485188503400423,0.004393147304654121,Mean absolute RGB horizontal/vertical first-difference change
47888,47888,11972.0,0.005773533950617284,359.16,30.0,32,32,31,0.15058594895526767,0.11317618936300278,26.332690948487652,0.9512548949569464,0.8787578195333481,0.16388004345278587,26.332690948487652,"[1920, 1088]","[1920, 1080]",1,False,,0.3333333432674408,0f0c0e2358ceec024230154da4777ed5c444a8382af1ec9d7165f3d7886141cf,0f0c0e2358ceec024230154da4777ed5c444a8382af1ec9d7165f3d7886141cf,3f8b82ad01dd9100558e5646c8473eb5aaffc667687aaebb4510c0beba0a437d,True,True,True,47888,/Huang_group/zyyz/Projects/GVC-RT/experiments/gvcrt_neural_wrapper_v6_2_objective_calibration/bitstreams/fullqp/schedule_s1p0/step_1000/normal/video_12_qp4.bin,ae72e7b4def81c23f76113b73d0dbe7613934af91fe7f75ee48646ea51974d48,/Huang_group/zyyz/Projects/GVC-RT/experiments/gvcrt_neural_wrapper_v6_2_objective_calibration/features/fullqp/schedule_s1p0/step_1000/normal/video_12_qp4.npz,45c642223e700346baed98cff66c7e4e260f7b16edd0379e81817b20f3872733,"{'bridge': '7394950d15fd97433ae4b017e4681bfc80143eb889910a34ed17b625ba08bcc9', 'generator': '97bf13e3c9e3693dc36e38e80ad0520349b58ba0320151a2fe2abcf43523b3ef'}",fullqp_schedule_v1,schedule_s1p0,1000,normal,normal,schedule_s1p0,4,4,12,1fb691fe-ceac-49ea-8a41-8c25954d4042,8957530c1ffff38300f4880854e018deb8bb3ec1a8c97d33eed62aeee60b357b,04e116b01df304baeac4b71bda59e83ff6076880daa07f9ccbf7a6a8cea1c62c,/Huang_group/zyyz/Projects/GVC-RT/experiments/gvcrt_neural_wrapper_v6_2_objective_calibration/branches/schedule_s1p0/checkpoints/step_1000.pt,fe63a6f00ca6bae59b23c8683146dbe64b6be67c1463a552af851bbfc31e9cba,/Huang_group/zyyz/Projects/GVC-RT/experiments/gvcrt_neural_wrapper_v6_2_objective_calibration/parts/fullqp/schedule_s1p0/step_1000/normal/video_12_qp4.frames.csv,f2455a18bc755a4083e00193229c05c140276ba5014dc72367dd535a35ef6757,/Huang_group/zyyz/Projects/GVC-RT/experiments/gvcrt_neural_wrapper_v6_2_objective_calibration/features/fullqp/schedule_s1p0/step_1000/normal/video_12_qp4.transitions.csv,26e44514e4407433199a004ccf1d36fe73682cf12b2004981a17147301096433,383104,"[4, 6, 4, 5, 4, 5, 4, 5, 4, 6, 4, 5, 4, 5, 4, 5, 4, 6, 4, 5, 4, 5, 4, 5, 4, 6, 4, 5, 4, 5, 4, 5]",0.12,4,20.33889651298523,0.039593502413481474,0.0023485188503400423,0.004393147304654121,Mean absolute RGB horizontal/vertical first-difference change
71987,71987,17996.75,0.008678988233024692,539.9025,30.0,32,32,31,0.12593945465050638,0.099959472194314,27.22610247169447,0.9598292745649815,0.9044675752520561,0.13805197948409664,27.22610247169447,"[1920, 1088]","[1920, 1080]",1,False,,0.3333333432674408,0f0c0e2358ceec024230154da4777ed5c444a8382af1ec9d7165f3d7886141cf,0f0c0e2358ceec024230154da4777ed5c444a8382af1ec9d7165f3d7886141cf,f42e4f6f7d81e9e3bb9f81a5e8be19c54c12c3292aece61ad85a70f6b23d93c6,True,True,True,71987,/Huang_group/zyyz/Projects/GVC-RT/experiments/gvcrt_neural_wrapper_v6_2_objective_calibration/bitstreams/fullqp/schedule_s1p0/step_1000/normal/video_12_qp6.bin,1d2667cd6f58e146ebf4fdf413c0a360b77564c98dbd61658643792a02558bea,/Huang_group/zyyz/Projects/GVC-RT/experiments/gvcrt_neural_wrapper_v6_2_objective_calibration/features/fullqp/schedule_s1p0/step_1000/normal/video_12_qp6.npz,5206a46d13c270f47d1993582c051e45c211c8cdee5b138e5273e8e74b70f968,"{'bridge': '7394950d15fd97433ae4b017e4681bfc80143eb889910a34ed17b625ba08bcc9', 'generator': '97bf13e3c9e3693dc36e38e80ad0520349b58ba0320151a2fe2abcf43523b3ef'}",fullqp_schedule_v1,schedule_s1p0,1000,normal,normal,schedule_s1p0,6,6,12,1fb691fe-ceac-49ea-8a41-8c25954d4042,8957530c1ffff38300f4880854e018deb8bb3ec1a8c97d33eed62aeee60b357b,04e116b01df304baeac4b71bda59e83ff6076880daa07f9ccbf7a6a8cea1c62c,/Huang_group/zyyz/Projects/GVC-RT/experiments/gvcrt_neural_wrapper_v6_2_objective_calibration/branches/schedule_s1p0/checkpoints/step_1000.pt,fe63a6f00ca6bae59b23c8683146dbe64b6be67c1463a552af851bbfc31e9cba,/Huang_group/zyyz/Projects/GVC-RT/experiments/gvcrt_neural_wrapper_v6_2_objective_calibration/parts/fullqp/schedule_s1p0/step_1000/normal/video_12_qp6.frames.csv,cf766ad775f2adef38726535e3d36e8b8f212cfa79b4d1fb680a732ad45cda5b,/Huang_group/zyyz/Projects/GVC-RT/experiments/gvcrt_neural_wrapper_v6_2_objective_calibration/features/fullqp/schedule_s1p0/step_1000/normal/video_12_qp6.transitions.csv,4e4a4ebfd2b64b33a124a8e9c4b62ff5fa5f021ec9249c9a6969b5437f705524,575896,"[6, 8, 6, 7, 6, 7, 6, 7, 6, 8, 6, 7, 6, 7, 6, 7, 6, 8, 6, 7, 6, 7, 6, 7, 6, 8, 6, 7, 6, 7, 6, 7]",0.12,4,20.258678436279297,0.039593502413481474,0.0023485188503400423,0.004393147304654121,Mean absolute RGB horizontal/vertical first-difference change
101877,101877,25469.25,0.012282624421296297,764.0775,30.0,32,32,31,0.11072005960159004,0.08741817437112331,27.898270884010138,0.9652722161263227,0.9199744686484337,0.12144861947144231,27.898270884010138,"[1920, 1088]","[1920, 1080]",1,False,,0.3333333432674408,0f0c0e2358ceec024230154da4777ed5c444a8382af1ec9d7165f3d7886141cf,0f0c0e2358ceec024230154da4777ed5c444a8382af1ec9d7165f3d7886141cf,fb1d8ea58613a82b909ab781897ea7317f51b66510d0e0c50d9d43fe0f06a31e,True,True,True,101877,/Huang_group/zyyz/Projects/GVC-RT/experiments/gvcrt_neural_wrapper_v6_2_objective_calibration/bitstreams/fullqp/schedule_s1p0/step_1000/normal/video_12_qp8.bin,8abe87cf5492e252144ddc95fd2c52b68fa65831677fbc30ad8e32e594f9b633,/Huang_group/zyyz/Projects/GVC-RT/experiments/gvcrt_neural_wrapper_v6_2_objective_calibration/features/fullqp/schedule_s1p0/step_1000/normal/video_12_qp8.npz,fb3307c61b7abc27a329ca3c974255684bd03343f830f9ae14a56c156c7ab5c8,"{'bridge': '7394950d15fd97433ae4b017e4681bfc80143eb889910a34ed17b625ba08bcc9', 'generator': '97bf13e3c9e3693dc36e38e80ad0520349b58ba0320151a2fe2abcf43523b3ef'}",fullqp_schedule_v1,schedule_s1p0,1000,normal,normal,schedule_s1p0,8,8,12,1fb691fe-ceac-49ea-8a41-8c25954d4042,8957530c1ffff38300f4880854e018deb8bb3ec1a8c97d33eed62aeee60b357b,04e116b01df304baeac4b71bda59e83ff6076880daa07f9ccbf7a6a8cea1c62c,/Huang_group/zyyz/Projects/GVC-RT/experiments/gvcrt_neural_wrapper_v6_2_objective_calibration/branches/schedule_s1p0/checkpoints/step_1000.pt,fe63a6f00ca6bae59b23c8683146dbe64b6be67c1463a552af851bbfc31e9cba,/Huang_group/zyyz/Projects/GVC-RT/experiments/gvcrt_neural_wrapper_v6_2_objective_calibration/parts/fullqp/schedule_s1p0/step_1000/normal/video_12_qp8.frames.csv,ccbde14e5de801c744af40f092f3d6cba73b33673586f7c6adf3f493c0fdaddd,/Huang_group/zyyz/Projects/GVC-RT/experiments/gvcrt_neural_wrapper_v6_2_objective_calibration/features/fullqp/schedule_s1p0/step_1000/normal/video_12_qp8.transitions.csv,8ed5578473efe61e3c48c47f14bb1d477bbf5c3454a037c231a1dc101dea3c85,815016,"[8, 10, 8, 9, 8, 9, 8, 9, 8, 10, 8, 9, 8, 9, 8, 9, 8, 10, 8, 9, 8, 9, 8, 9, 8, 10, 8, 9, 8, 9, 8, 9]",0.12,4,20.326340436935425,0.039593502413481474,0.0023485188503400423,0.004393147304654121,Mean absolute RGB horizontal/vertical first-difference change
119028,119028,29757.0,0.014350405092592593,892.71,30.0,32,32,31,0.105185866355896,0.08301357179880142,28.186523846572676,0.9673438258469105,0.9251118786633015,0.11413276243594385,28.186523846572676,"[1920, 1088]","[1920, 1080]",1,False,,0.3333333432674408,0f0c0e2358ceec024230154da4777ed5c444a8382af1ec9d7165f3d7886141cf,0f0c0e2358ceec024230154da4777ed5c444a8382af1ec9d7165f3d7886141cf,40a8ed9a686f8913848caa9856e07bd0ee3e6cb283adb2f2ca78514b1320505f,True,True,True,119028,/Huang_group/zyyz/Projects/GVC-RT/experiments/gvcrt_neural_wrapper_v6_2_objective_calibration/bitstreams/fullqp/schedule_s1p0/step_1000/normal/video_12_qp9.bin,257ddae42343fc70071f17597118265c525f31cd2c5434100f4c63c34a33577f,/Huang_group/zyyz/Projects/GVC-RT/experiments/gvcrt_neural_wrapper_v6_2_objective_calibration/features/fullqp/schedule_s1p0/step_1000/normal/video_12_qp9.npz,2caf5ed61c653dac47e9b23e295d1673b8cf4bec6d711c857da32d42018457d7,"{'bridge': '7394950d15fd97433ae4b017e4681bfc80143eb889910a34ed17b625ba08bcc9', 'generator': '97bf13e3c9e3693dc36e38e80ad0520349b58ba0320151a2fe2abcf43523b3ef'}",fullqp_schedule_v1,schedule_s1p0,1000,normal,normal,schedule_s1p0,9,9,12,1fb691fe-ceac-49ea-8a41-8c25954d4042,8957530c1ffff38300f4880854e018deb8bb3ec1a8c97d33eed62aeee60b357b,04e116b01df304baeac4b71bda59e83ff6076880daa07f9ccbf7a6a8cea1c62c,/Huang_group/zyyz/Projects/GVC-RT/experiments/gvcrt_neural_wrapper_v6_2_objective_calibration/branches/schedule_s1p0/checkpoints/step_1000.pt,fe63a6f00ca6bae59b23c8683146dbe64b6be67c1463a552af851bbfc31e9cba,/Huang_group/zyyz/Projects/GVC-RT/experiments/gvcrt_neural_wrapper_v6_2_objective_calibration/parts/fullqp/schedule_s1p0/step_1000/normal/video_12_qp9.frames.csv,7adee78f28647f457372586ed319691a4e795391c35cb4c2fcc45e5c44ce9afd,/Huang_group/zyyz/Projects/GVC-RT/experiments/gvcrt_neural_wrapper_v6_2_objective_calibration/features/fullqp/schedule_s1p0/step_1000/normal/video_12_qp9.transitions.csv,fb5ddb74a7432b2239d33b11b2f7903f5542a576997ffd507241497ef9e87d6d,952224,"[9, 11, 9, 10, 9, 10, 9, 10, 9, 11, 9, 10, 9, 10, 9, 10, 9, 11, 9, 10, 9, 10, 9, 10, 9, 11, 9, 10, 9, 10, 9, 10]",0.12,4,20.161805629730225,0.039593502413481474,0.0023485188503400423,0.004393147304654121,Mean absolute RGB horizontal/vertical first-difference change
18216,18216,4554.0,0.0021961805555555554,136.62,30.0,32,32,31,0.24558446928858757,0.140453165397048,22.974577936199864,0.8765125628560781,0.7577341832220554,0.23674591125980501,22.974577936199864,"[1920, 1088]","[1920, 1080]",1,False,,0.3410038948059082,0f0c0e2358ceec024230154da4777ed5c444a8382af1ec9d7165f3d7886141cf,0f0c0e2358ceec024230154da4777ed5c444a8382af1ec9d7165f3d7886141cf,4d3d581244e2e530ef0aa7a9d587574222ecd5c037b9c07e16b00c489079761d,True,True,True,18216,/Huang_group/zyyz/Projects/GVC-RT/experiments/gvcrt_neural_wrapper_v6_2_objective_calibration/bitstreams/fullqp/schedule_s1p0/step_1000/normal/video_13_qp0.bin,f2f835ad3915783f6895b02da27be460e3cd4cabfd5bcde87b3e76145a8ed143,/Huang_group/zyyz/Projects/GVC-RT/experiments/gvcrt_neural_wrapper_v6_2_objective_calibration/features/fullqp/schedule_s1p0/step_1000/normal/video_13_qp0.npz,eb74305003c44ead8df330fb749a3a2bc31870e9ed7d9293032b0b0a4ad995a5,"{'bridge': '7394950d15fd97433ae4b017e4681bfc80143eb889910a34ed17b625ba08bcc9', 'generator': '97bf13e3c9e3693dc36e38e80ad0520349b58ba0320151a2fe2abcf43523b3ef'}",fullqp_schedule_v1,schedule_s1p0,1000,normal,normal,schedule_s1p0,0,0,13,6cdece83-0133-4e80-a840-4facbeb79083,01f7cd7cea4be3b9a7c8f70812c16ac025e6e895e052321a8dfeb88b62d7f30b,1e8b64c3250c2596b87dddec999bd79b7cf9b07bbc231ea2473d9e9a5fcbe49b,/Huang_group/zyyz/Projects/GVC-RT/experiments/gvcrt_neural_wrapper_v6_2_objective_calibration/branches/schedule_s1p0/checkpoints/step_1000.pt,fe63a6f00ca6bae59b23c8683146dbe64b6be67c1463a552af851bbfc31e9cba,/Huang_group/zyyz/Projects/GVC-RT/experiments/gvcrt_neural_wrapper_v6_2_objective_calibration/parts/fullqp/schedule_s1p0/step_1000/normal/video_13_qp0.frames.csv,5a676938ff6d9d8b668518bccf99c7579f83e0c274a8a02e588bbe37bf1b0cf0,/Huang_group/zyyz/Projects/GVC-RT/experiments/gvcrt_neural_wrapper_v6_2_objective_calibration/features/fullqp/schedule_s1p0/step_1000/normal/video_13_qp0.transitions.csv,40d7bff1183e80a82f54f1c91189c3d43b2ba1f3c049db38295f48666f004e26,145728,"[0, 2, 0, 1, 0, 1, 0, 1, 0, 2, 0, 1, 0, 1, 0, 1, 0, 2, 0, 1, 0, 1, 0, 1, 0, 2, 0, 1, 0, 1, 0, 1]",0.12,6,20.283998489379883,0.0428508878685534,0.002669438392331358,0.0062150953453965485,Mean absolute RGB horizontal/vertical first-difference change
28739,28739,7184.75,0.003464867862654321,215.5425,30.0,32,32,31,0.19616782246157527,0.11861263960599899,24.2172455449007,0.9050572421401739,0.8198674991726875,0.18632674842111527,24.2172455449007,"[1920, 1088]","[1920, 1080]",1,False,,0.3410038948059082,0f0c0e2358ceec024230154da4777ed5c444a8382af1ec9d7165f3d7886141cf,0f0c0e2358ceec024230154da4777ed5c444a8382af1ec9d7165f3d7886141cf,9c28edd39b426099fdb178efaa8ae5bfddf6e1690a88a1ff17ed9dba765c7cde,True,True,True,28739,/Huang_group/zyyz/Projects/GVC-RT/experiments/gvcrt_neural_wrapper_v6_2_objective_calibration/bitstreams/fullqp/schedule_s1p0/step_1000/normal/video_13_qp2.bin,70c7c59c6d0c4cf44f2ee9a97ca64feed2f0c4af93ec850f4e33b0625905dd67,/Huang_group/zyyz/Projects/GVC-RT/experiments/gvcrt_neural_wrapper_v6_2_objective_calibration/features/fullqp/schedule_s1p0/step_1000/normal/video_13_qp2.npz,776e9a982c7a99c5a03bb82acd83e1185e25a98ccf7854fcaa34f894b7758b70,"{'bridge': '7394950d15fd97433ae4b017e4681bfc80143eb889910a34ed17b625ba08bcc9', 'generator': '97bf13e3c9e3693dc36e38e80ad0520349b58ba0320151a2fe2abcf43523b3ef'}",fullqp_schedule_v1,schedule_s1p0,1000,normal,normal,schedule_s1p0,2,2,13,6cdece83-0133-4e80-a840-4facbeb79083,01f7cd7cea4be3b9a7c8f70812c16ac025e6e895e052321a8dfeb88b62d7f30b,1e8b64c3250c2596b87dddec999bd79b7cf9b07bbc231ea2473d9e9a5fcbe49b,/Huang_group/zyyz/Projects/GVC-RT/experiments/gvcrt_neural_wrapper_v6_2_objective_calibration/branches/schedule_s1p0/checkpoints/step_1000.pt,fe63a6f00ca6bae59b23c8683146dbe64b6be67c1463a552af851bbfc31e9cba,/Huang_group/zyyz/Projects/GVC-RT/experiments/gvcrt_neural_wrapper_v6_2_objective_calibration/parts/fullqp/schedule_s1p0/step_1000/normal/video_13_qp2.frames.csv,63421477e2e3b8948016d1a2d6300b4dd1f62ce50164a4ea886597e7d4d65369,/Huang_group/zyyz/Projects/GVC-RT/experiments/gvcrt_neural_wrapper_v6_2_objective_calibration/features/fullqp/schedule_s1p0/step_1000/normal/video_13_qp2.transitions.csv,6900e605d84dca17e292a06df3088321d830f7607d4bfd1179da9a05d9ae704f,229912,"[2, 4, 2, 3, 2, 3, 2, 3, 2, 4, 2, 3, 2, 3, 2, 3, 2, 4, 2, 3, 2, 3, 2, 3, 2, 4, 2, 3, 2, 3, 2, 3]",0.12,6,20.27057433128357,0.0428508878685534,0.002669438392331358,0.0062150953453965485,Mean absolute RGB horizontal/vertical first-difference change
45106,45106,11276.5,0.005438126929012346,338.295,30.0,32,32,31,0.15684581361711025,0.10479501262307167,25.267320765665566,0.9244922623038292,0.8617887273430824,0.14835256578460818,25.267320765665566,"[1920, 1088]","[1920, 1080]",1,False,,0.3410038948059082,0f0c0e2358ceec024230154da4777ed5c444a8382af1ec9d7165f3d7886141cf,0f0c0e2358ceec024230154da4777ed5c444a8382af1ec9d7165f3d7886141cf,c6f68fac0da849ca99b229ff684f96f81b9dcf3c23426856f810aae442ee9593,True,True,True,45106,/Huang_group/zyyz/Projects/GVC-RT/experiments/gvcrt_neural_wrapper_v6_2_objective_calibration/bitstreams/fullqp/schedule_s1p0/step_1000/normal/video_13_qp4.bin,ca3d0d74a7d521324c883d240484ef7dcd72c3838bf866c7478efe9cebef9e64,/Huang_group/zyyz/Projects/GVC-RT/experiments/gvcrt_neural_wrapper_v6_2_objective_calibration/features/fullqp/schedule_s1p0/step_1000/normal/video_13_qp4.npz,1a9dd0aa71a1bd8f34ec83d337d321eb03499950beff8de58fccc191f598b3bb,"{'bridge': '7394950d15fd97433ae4b017e4681bfc80143eb889910a34ed17b625ba08bcc9', 'generator': '97bf13e3c9e3693dc36e38e80ad0520349b58ba0320151a2fe2abcf43523b3ef'}",fullqp_schedule_v1,schedule_s1p0,1000,normal,normal,schedule_s1p0,4,4,13,6cdece83-0133-4e80-a840-4facbeb79083,01f7cd7cea4be3b9a7c8f70812c16ac025e6e895e052321a8dfeb88b62d7f30b,1e8b64c3250c2596b87dddec999bd79b7cf9b07bbc231ea2473d9e9a5fcbe49b,/Huang_group/zyyz/Projects/GVC-RT/experiments/gvcrt_neural_wrapper_v6_2_objective_calibration/branches/schedule_s1p0/checkpoints/step_1000.pt,fe63a6f00ca6bae59b23c8683146dbe64b6be67c1463a552af851bbfc31e9cba,/Huang_group/zyyz/Projects/GVC-RT/experiments/gvcrt_neural_wrapper_v6_2_objective_calibration/parts/fullqp/schedule_s1p0/step_1000/normal/video_13_qp4.frames.csv,ff7a12ba7aae438880796378b840962b08bfd6ead3b01db114a3bec4e40a7068,/Huang_group/zyyz/Projects/GVC-RT/experiments/gvcrt_neural_wrapper_v6_2_objective_calibration/features/fullqp/schedule_s1p0/step_1000/normal/video_13_qp4.transitions.csv,4df25d69f059ae656e0d61613835d8f735732cd8c6b33998bc7113a194a64d6c,360848,"[4, 6, 4, 5, 4, 5, 4, 5, 4, 6, 4, 5, 4, 5, 4, 5, 4, 6, 4, 5, 4, 5, 4, 5, 4, 6, 4, 5, 4, 5, 4, 5]",0.12,6,20.37934446334839,0.0428508878685534,0.002669438392331358,0.0062150953453965485,Mean absolute RGB horizontal/vertical first-difference change
68601,68601,17150.25,0.00827076099537037,514.5075,30.0,32,32,31,0.13228610064834356,0.09462657012045383,26.049754126340453,0.9363806340843439,0.8883000407367945,0.12534914910793304,26.049754126340453,"[1920, 1088]","[1920, 1080]",1,False,,0.3410038948059082,0f0c0e2358ceec024230154da4777ed5c444a8382af1ec9d7165f3d7886141cf,0f0c0e2358ceec024230154da4777ed5c444a8382af1ec9d7165f3d7886141cf,cd75bc3298bbcdac021a18463683beb0e75c8b1f31c735c525020f41ef384323,True,True,True,68601,/Huang_group/zyyz/Projects/GVC-RT/experiments/gvcrt_neural_wrapper_v6_2_objective_calibration/bitstreams/fullqp/schedule_s1p0/step_1000/normal/video_13_qp6.bin,dafd297e0d8ce8a01ce74f0797295eb4158fe8ef5c16de35643c350d3f21b2ee,/Huang_group/zyyz/Projects/GVC-RT/experiments/gvcrt_neural_wrapper_v6_2_objective_calibration/features/fullqp/schedule_s1p0/step_1000/normal/video_13_qp6.npz,65f507b9153bc3c1d560a5c4b9b7fbf8c0f79bf3e248397c50ff9eb0bf961522,"{'bridge': '7394950d15fd97433ae4b017e4681bfc80143eb889910a34ed17b625ba08bcc9', 'generator': '97bf13e3c9e3693dc36e38e80ad0520349b58ba0320151a2fe2abcf43523b3ef'}",fullqp_schedule_v1,schedule_s1p0,1000,normal,normal,schedule_s1p0,6,6,13,6cdece83-0133-4e80-a840-4facbeb79083,01f7cd7cea4be3b9a7c8f70812c16ac025e6e895e052321a8dfeb88b62d7f30b,1e8b64c3250c2596b87dddec999bd79b7cf9b07bbc231ea2473d9e9a5fcbe49b,/Huang_group/zyyz/Projects/GVC-RT/experiments/gvcrt_neural_wrapper_v6_2_objective_calibration/branches/schedule_s1p0/checkpoints/step_1000.pt,fe63a6f00ca6bae59b23c8683146dbe64b6be67c1463a552af851bbfc31e9cba,/Huang_group/zyyz/Projects/GVC-RT/experiments/gvcrt_neural_wrapper_v6_2_objective_calibration/parts/fullqp/schedule_s1p0/step_1000/normal/video_13_qp6.frames.csv,8c62d2c2027c266ea2bba06dde4f855926da1dc5fea1e2baf32e3e9abcf39272,/Huang_group/zyyz/Projects/GVC-RT/experiments/gvcrt_neural_wrapper_v6_2_objective_calibration/features/fullqp/schedule_s1p0/step_1000/normal/video_13_qp6.transitions.csv,59109fcb49d06cf3aaa6ca98a8065621306ac6ab596ee418b1c76d136bf1ca6e,548808,"[6, 8, 6, 7, 6, 7, 6, 7, 6, 8, 6, 7, 6, 7, 6, 7, 6, 8, 6, 7, 6, 7, 6, 7, 6, 8, 6, 7, 6, 7, 6, 7]",0.12,6,20.416359424591064,0.0428508878685534,0.002669438392331358,0.0062150953453965485,Mean absolute RGB horizontal/vertical first-difference change
99638,99638,24909.5,0.01201268325617284,747.285,30.0,32,32,31,0.1179696952458471,0.08987525850534439,26.551186911820537,0.9430761411786079,0.9040175396949053,0.11328580807293614,26.551186911820537,"[1920, 1088]","[1920, 1080]",1,False,,0.3410038948059082,0f0c0e2358ceec024230154da4777ed5c444a8382af1ec9d7165f3d7886141cf,0f0c0e2358ceec024230154da4777ed5c444a8382af1ec9d7165f3d7886141cf,7f3dfbe0a82637df7687bb433561fd0772fbdea570e3f7eec52c0fe8afdd0209,True,True,True,99638,/Huang_group/zyyz/Projects/GVC-RT/experiments/gvcrt_neural_wrapper_v6_2_objective_calibration/bitstreams/fullqp/schedule_s1p0/step_1000/normal/video_13_qp8.bin,25e9c00d4c4e5602f95a0fab98b7adb9ef08dfac926d1cead73f7a9d59750ed0,/Huang_group/zyyz/Projects/GVC-RT/experiments/gvcrt_neural_wrapper_v6_2_objective_calibration/features/fullqp/schedule_s1p0/step_1000/normal/video_13_qp8.npz,8e8243ef62dd218dc10963fd3eeae401e0336963f7f4981ebb90d516b40deff7,"{'bridge': '7394950d15fd97433ae4b017e4681bfc80143eb889910a34ed17b625ba08bcc9', 'generator': '97bf13e3c9e3693dc36e38e80ad0520349b58ba0320151a2fe2abcf43523b3ef'}",fullqp_schedule_v1,schedule_s1p0,1000,normal,normal,schedule_s1p0,8,8,13,6cdece83-0133-4e80-a840-4facbeb79083,01f7cd7cea4be3b9a7c8f70812c16ac025e6e895e052321a8dfeb88b62d7f30b,1e8b64c3250c2596b87dddec999bd79b7cf9b07bbc231ea2473d9e9a5fcbe49b,/Huang_group/zyyz/Projects/GVC-RT/experiments/gvcrt_neural_wrapper_v6_2_objective_calibration/branches/schedule_s1p0/checkpoints/step_1000.pt,fe63a6f00ca6bae59b23c8683146dbe64b6be67c1463a552af851bbfc31e9cba,/Huang_group/zyyz/Projects/GVC-RT/experiments/gvcrt_neural_wrapper_v6_2_objective_calibration/parts/fullqp/schedule_s1p0/step_1000/normal/video_13_qp8.frames.csv,51098f192905fa61ce00111aa8065312df8d57d202112470dd1b51fb4f15d5d1,/Huang_group/zyyz/Projects/GVC-RT/experiments/gvcrt_neural_wrapper_v6_2_objective_calibration/features/fullqp/schedule_s1p0/step_1000/normal/video_13_qp8.transitions.csv,71fc50cf58486416558fdfab81b21edaae5e1987fcbacc52f9803026d28e3c12,797104,"[8, 10, 8, 9, 8, 9, 8, 9, 8, 10, 8, 9, 8, 9, 8, 9, 8, 10, 8, 9, 8, 9, 8, 9, 8, 10, 8, 9, 8, 9, 8, 9]",0.12,6,20.252053260803223,0.0428508878685534,0.002669438392331358,0.0062150953453965485,Mean absolute RGB horizontal/vertical first-difference change
119173,119173,29793.25,0.01436788676697531,893.7975,30.0,32,32,31,0.11355391656979918,0.08822924643754959,26.74329925695396,0.9453943222761154,0.9092678930610418,0.10930477827787399,26.74329925695396,"[1920, 1088]","[1920, 1080]",1,False,,0.3410038948059082,0f0c0e2358ceec024230154da4777ed5c444a8382af1ec9d7165f3d7886141cf,0f0c0e2358ceec024230154da4777ed5c444a8382af1ec9d7165f3d7886141cf,c375278dc29eb310940e2e2a497c25133fd1ed0372aa16347b220bc80976d744,True,True,True,119173,/Huang_group/zyyz/Projects/GVC-RT/experiments/gvcrt_neural_wrapper_v6_2_objective_calibration/bitstreams/fullqp/schedule_s1p0/step_1000/normal/video_13_qp9.bin,b0d8bed7feac137c04a46f73d76a4c1c38fde50512ab0fc83f79073d71685285,/Huang_group/zyyz/Projects/GVC-RT/experiments/gvcrt_neural_wrapper_v6_2_objective_calibration/features/fullqp/schedule_s1p0/step_1000/normal/video_13_qp9.npz,51c262c3358f8934a4cdc72c3950a0167f64e78a519b7c112d5c715f2fe98e56,"{'bridge': '7394950d15fd97433ae4b017e4681bfc80143eb889910a34ed17b625ba08bcc9', 'generator': '97bf13e3c9e3693dc36e38e80ad0520349b58ba0320151a2fe2abcf43523b3ef'}",fullqp_schedule_v1,schedule_s1p0,1000,normal,normal,schedule_s1p0,9,9,13,6cdece83-0133-4e80-a840-4facbeb79083,01f7cd7cea4be3b9a7c8f70812c16ac025e6e895e052321a8dfeb88b62d7f30b,1e8b64c3250c2596b87dddec999bd79b7cf9b07bbc231ea2473d9e9a5fcbe49b,/Huang_group/zyyz/Projects/GVC-RT/experiments/gvcrt_neural_wrapper_v6_2_objective_calibration/branches/schedule_s1p0/checkpoints/step_1000.pt,fe63a6f00ca6bae59b23c8683146dbe64b6be67c1463a552af851bbfc31e9cba,/Huang_group/zyyz/Projects/GVC-RT/experiments/gvcrt_neural_wrapper_v6_2_objective_calibration/parts/fullqp/schedule_s1p0/step_1000/normal/video_13_qp9.frames.csv,8b8bca663b2286d0dc800b3372d1d9861b08bb8b6bef6c496b0bcc9ad4960804,/Huang_group/zyyz/Projects/GVC-RT/experiments/gvcrt_neural_wrapper_v6_2_objective_calibration/features/fullqp/schedule_s1p0/step_1000/normal/video_13_qp9.transitions.csv,e055f0c93eb59b61524fa034f5b4aa6b0184e684eeb64632cbeb8a23046c029a,953384,"[9, 11, 9, 10, 9, 10, 9, 10, 9, 11, 9, 10, 9, 10, 9, 10, 9, 11, 9, 10, 9, 10, 9, 10, 9, 11, 9, 10, 9, 10, 9, 10]",0.12,6,20.39499831199646,0.0428508878685534,0.002669438392331358,0.0062150953453965485,Mean absolute RGB horizontal/vertical first-difference change
17450,17450,4362.5,0.0021038290895061726,104.5954045954046,23.976023976023978,32,32,31,0.21328964969143271,0.0924197044223547,22.18379259630458,0.9409406408667564,0.797781690955162,0.21040660239035083,22.18379259630458,"[1920, 1088]","[1920, 1080]",1,False,,0.3593721389770508,0f0c0e2358ceec024230154da4777ed5c444a8382af1ec9d7165f3d7886141cf,0f0c0e2358ceec024230154da4777ed5c444a8382af1ec9d7165f3d7886141cf,fdbe01ce2d948293c2087fccbf08b23af6acfd9e3566471949e436ff9e948324,True,True,True,17450,/Huang_group/zyyz/Projects/GVC-RT/experiments/gvcrt_neural_wrapper_v6_2_objective_calibration/bitstreams/fullqp/schedule_s1p0/step_1000/normal/video_14_qp0.bin,76ba92b7b73a637f01c8024d4cf99dbc0f4dbddf31a714541982f1cad7b37391,/Huang_group/zyyz/Projects/GVC-RT/experiments/gvcrt_neural_wrapper_v6_2_objective_calibration/features/fullqp/schedule_s1p0/step_1000/normal/video_14_qp0.npz,0a59a2bc86cb11ec85f2c531e07479c0358cfdb607252b288e9391fd43e97af7,"{'bridge': '7394950d15fd97433ae4b017e4681bfc80143eb889910a34ed17b625ba08bcc9', 'generator': '97bf13e3c9e3693dc36e38e80ad0520349b58ba0320151a2fe2abcf43523b3ef'}",fullqp_schedule_v1,schedule_s1p0,1000,normal,normal,schedule_s1p0,0,0,14,fb7ec78a-5174-4f11-9a0a-de4fdb5137a1,6adc6afef6f89dddab0df441422f907b484fb8d7c90e7312d80cb53c2ce91300,eefdecf92e59f81a10aa5f1c866b85e01f367a7ca8b98c25c1764a12feec94b9,/Huang_group/zyyz/Projects/GVC-RT/experiments/gvcrt_neural_wrapper_v6_2_objective_calibration/branches/schedule_s1p0/checkpoints/step_1000.pt,fe63a6f00ca6bae59b23c8683146dbe64b6be67c1463a552af851bbfc31e9cba,/Huang_group/zyyz/Projects/GVC-RT/experiments/gvcrt_neural_wrapper_v6_2_objective_calibration/parts/fullqp/schedule_s1p0/step_1000/normal/video_14_qp0.frames.csv,87afbcf42c806d118d477c7b0f4f10fc5e2994ae5d9a8f5588d4fd2ff1ba6702,/Huang_group/zyyz/Projects/GVC-RT/experiments/gvcrt_neural_wrapper_v6_2_objective_calibration/features/fullqp/schedule_s1p0/step_1000/normal/video_14_qp0.transitions.csv,829c134c6ea28b61d1d7e1424509aba8515f6cc25a6a6b3790e833cdcaf5fd8f,139600,"[0, 2, 0, 1, 0, 1, 0, 1, 0, 2, 0, 1, 0, 1, 0, 1, 0, 2, 0, 1, 0, 1, 0, 1, 0, 2, 0, 1, 0, 1, 0, 1]",0.12,4,20.214398860931396,0.05351979029364884,0.004369464208139107,0.00564004665648099,Mean absolute RGB horizontal/vertical first-difference change
28394,28394,7098.5,0.0034232735339506173,170.1938061938062,23.976023976023978,32,32,31,0.17037691175937653,0.07951604388654232,23.398872596779995,0.9545429386198521,0.8421647623181343,0.16721907882921158,23.398872596779995,"[1920, 1088]","[1920, 1080]",1,False,,0.3593721389770508,0f0c0e2358ceec024230154da4777ed5c444a8382af1ec9d7165f3d7886141cf,0f0c0e2358ceec024230154da4777ed5c444a8382af1ec9d7165f3d7886141cf,f0b230485f83826daa23c2616d79e0a3316848f75701f512b70918253d0981ff,True,True,True,28394,/Huang_group/zyyz/Projects/GVC-RT/experiments/gvcrt_neural_wrapper_v6_2_objective_calibration/bitstreams/fullqp/schedule_s1p0/step_1000/normal/video_14_qp2.bin,3f7b6e7060a82061e5e27ac422672f8bd6efe3ce991d1c72e516c2681cc112ab,/Huang_group/zyyz/Projects/GVC-RT/experiments/gvcrt_neural_wrapper_v6_2_objective_calibration/features/fullqp/schedule_s1p0/step_1000/normal/video_14_qp2.npz,2457d056198510c3ae7e313a7852632551bc4c10da1735f84d400200e859ca4f,"{'bridge': '7394950d15fd97433ae4b017e4681bfc80143eb889910a34ed17b625ba08bcc9', 'generator': '97bf13e3c9e3693dc36e38e80ad0520349b58ba0320151a2fe2abcf43523b3ef'}",fullqp_schedule_v1,schedule_s1p0,1000,normal,normal,schedule_s1p0,2,2,14,fb7ec78a-5174-4f11-9a0a-de4fdb5137a1,6adc6afef6f89dddab0df441422f907b484fb8d7c90e7312d80cb53c2ce91300,eefdecf92e59f81a10aa5f1c866b85e01f367a7ca8b98c25c1764a12feec94b9,/Huang_group/zyyz/Projects/GVC-RT/experiments/gvcrt_neural_wrapper_v6_2_objective_calibration/branches/schedule_s1p0/checkpoints/step_1000.pt,fe63a6f00ca6bae59b23c8683146dbe64b6be67c1463a552af851bbfc31e9cba,/Huang_group/zyyz/Projects/GVC-RT/experiments/gvcrt_neural_wrapper_v6_2_objective_calibration/parts/fullqp/schedule_s1p0/step_1000/normal/video_14_qp2.frames.csv,5d1ff47d03f7f3d466c99d9be975954f17c80113087750e37faba37a9bc52763,/Huang_group/zyyz/Projects/GVC-RT/experiments/gvcrt_neural_wrapper_v6_2_objective_calibration/features/fullqp/schedule_s1p0/step_1000/normal/video_14_qp2.transitions.csv,7b6a2879c922389aa132006ffea1c967517d093d5d38e10daa77d878c660ecd4,227152,"[2, 4, 2, 3, 2, 3, 2, 3, 2, 4, 2, 3, 2, 3, 2, 3, 2, 4, 2, 3, 2, 3, 2, 3, 2, 4, 2, 3, 2, 3, 2, 3]",0.12,4,20.388654470443726,0.05351979029364884,0.004369464208139107,0.00564004665648099,Mean absolute RGB horizontal/vertical first-difference change
46373,46373,11593.25,0.0055908805941358025,277.96003996004,23.976023976023978,32,32,31,0.1363050180952996,0.07051913812756538,24.481409582682833,0.9641672689467669,0.8755795378237963,0.13374393168957002,24.481409582682833,"[1920, 1088]","[1920, 1080]",1,False,,0.3593721389770508,0f0c0e2358ceec024230154da4777ed5c444a8382af1ec9d7165f3d7886141cf,0f0c0e2358ceec024230154da4777ed5c444a8382af1ec9d7165f3d7886141cf,d55667a9ded7a257fcdd9e07216e4a7c4947514274e2bb4db0611656aa390f50,True,True,True,46373,/Huang_group/zyyz/Projects/GVC-RT/experiments/gvcrt_neural_wrapper_v6_2_objective_calibration/bitstreams/fullqp/schedule_s1p0/step_1000/normal/video_14_qp4.bin,68b3efb11e2611b01fa4fc3e4de21976fab4da0836dcf9b094ceb78cf3941414,/Huang_group/zyyz/Projects/GVC-RT/experiments/gvcrt_neural_wrapper_v6_2_objective_calibration/features/fullqp/schedule_s1p0/step_1000/normal/video_14_qp4.npz,9659d8c18a493330b2ce1b4875e8ddf96955c88df868c509f90842e1b816c2b5,"{'bridge': '7394950d15fd97433ae4b017e4681bfc80143eb889910a34ed17b625ba08bcc9', 'generator': '97bf13e3c9e3693dc36e38e80ad0520349b58ba0320151a2fe2abcf43523b3ef'}",fullqp_schedule_v1,schedule_s1p0,1000,normal,normal,schedule_s1p0,4,4,14,fb7ec78a-5174-4f11-9a0a-de4fdb5137a1,6adc6afef6f89dddab0df441422f907b484fb8d7c90e7312d80cb53c2ce91300,eefdecf92e59f81a10aa5f1c866b85e01f367a7ca8b98c25c1764a12feec94b9,/Huang_group/zyyz/Projects/GVC-RT/experiments/gvcrt_neural_wrapper_v6_2_objective_calibration/branches/schedule_s1p0/checkpoints/step_1000.pt,fe63a6f00ca6bae59b23c8683146dbe64b6be67c1463a552af851bbfc31e9cba,/Huang_group/zyyz/Projects/GVC-RT/experiments/gvcrt_neural_wrapper_v6_2_objective_calibration/parts/fullqp/schedule_s1p0/step_1000/normal/video_14_qp4.frames.csv,eb671eb87681c7c60f2c8d7272ea32ba914e2e46d5eefcc67d2ca6a52a261049,/Huang_group/zyyz/Projects/GVC-RT/experiments/gvcrt_neural_wrapper_v6_2_objective_calibration/features/fullqp/schedule_s1p0/step_1000/normal/video_14_qp4.transitions.csv,175b7caafe9c6c3d2b207982db0fb40215b1a011610ad4a1b20cf3d33588cc0a,370984,"[4, 6, 4, 5, 4, 5, 4, 5, 4, 6, 4, 5, 4, 5, 4, 5, 4, 6, 4, 5, 4, 5, 4, 5, 4, 6, 4, 5, 4, 5, 4, 5]",0.12,4,20.166058778762817,0.05351979029364884,0.004369464208139107,0.00564004665648099,Mean absolute RGB horizontal/vertical first-difference change
70930,70930,17732.5,0.008551552854938272,425.1548451548452,23.976023976023978,32,32,31,0.11337657365947962,0.06203840486705303,25.38130893494153,0.9706210885196924,0.8999709933996201,0.1109898571045168,25.38130893494153,"[1920, 1088]","[1920, 1080]",1,False,,0.3593721389770508,0f0c0e2358ceec024230154da4777ed5c444a8382af1ec9d7165f3d7886141cf,0f0c0e2358ceec024230154da4777ed5c444a8382af1ec9d7165f3d7886141cf,70bab34c64ca9259b74b77b9fcb5891ec1a10da7fafd07f15f2c8d3d73bc4ed8,True,True,True,70930,/Huang_group/zyyz/Projects/GVC-RT/experiments/gvcrt_neural_wrapper_v6_2_objective_calibration/bitstreams/fullqp/schedule_s1p0/step_1000/normal/video_14_qp6.bin,ae981314b520c1dd77799313277dc07a24358d9b36d4285ae04214736faac4a1,/Huang_group/zyyz/Projects/GVC-RT/experiments/gvcrt_neural_wrapper_v6_2_objective_calibration/features/fullqp/schedule_s1p0/step_1000/normal/video_14_qp6.npz,0e699275df547e402341b59f916eecf39941787108c2298fa7fd83c0bbd171c5,"{'bridge': '7394950d15fd97433ae4b017e4681bfc80143eb889910a34ed17b625ba08bcc9', 'generator': '97bf13e3c9e3693dc36e38e80ad0520349b58ba0320151a2fe2abcf43523b3ef'}",fullqp_schedule_v1,schedule_s1p0,1000,normal,normal,schedule_s1p0,6,6,14,fb7ec78a-5174-4f11-9a0a-de4fdb5137a1,6adc6afef6f89dddab0df441422f907b484fb8d7c90e7312d80cb53c2ce91300,eefdecf92e59f81a10aa5f1c866b85e01f367a7ca8b98c25c1764a12feec94b9,/Huang_group/zyyz/Projects/GVC-RT/experiments/gvcrt_neural_wrapper_v6_2_objective_calibration/branches/schedule_s1p0/checkpoints/step_1000.pt,fe63a6f00ca6bae59b23c8683146dbe64b6be67c1463a552af851bbfc31e9cba,/Huang_group/zyyz/Projects/GVC-RT/experiments/gvcrt_neural_wrapper_v6_2_objective_calibration/parts/fullqp/schedule_s1p0/step_1000/normal/video_14_qp6.frames.csv,a027678e961854fab0575f7ea6f526a5cf42234733c3bb92d5df1596972317e3,/Huang_group/zyyz/Projects/GVC-RT/experiments/gvcrt_neural_wrapper_v6_2_objective_calibration/features/fullqp/schedule_s1p0/step_1000/normal/video_14_qp6.transitions.csv,1e7882171a541d8b1cd9e2fbf22dcb0d6d8f0d3a03acda78633b9ca1a078678a,567440,"[6, 8, 6, 7, 6, 7, 6, 7, 6, 8, 6, 7, 6, 7, 6, 7, 6, 8, 6, 7, 6, 7, 6, 7, 6, 8, 6, 7, 6, 7, 6, 7]",0.12,4,20.24300980567932,0.05351979029364884,0.004369464208139107,0.00564004665648099,Mean absolute RGB horizontal/vertical first-difference change
101992,101992,25498.0,0.012296489197530864,611.3406593406594,23.976023976023978,32,32,31,0.10061386856250465,0.055921757593750954,25.955215254469238,0.9741073735058308,0.9139760844409466,0.09825784737063993,25.955215254469238,"[1920, 1088]","[1920, 1080]",1,False,,0.3593721389770508,0f0c0e2358ceec024230154da4777ed5c444a8382af1ec9d7165f3d7886141cf,0f0c0e2358ceec024230154da4777ed5c444a8382af1ec9d7165f3d7886141cf,94fd593ab8a75334462a1aed55c2f315d4796b2d43a1a1efa8b4042797063bc4,True,True,True,101992,/Huang_group/zyyz/Projects/GVC-RT/experiments/gvcrt_neural_wrapper_v6_2_objective_calibration/bitstreams/fullqp/schedule_s1p0/step_1000/normal/video_14_qp8.bin,ee636a9473b60834bb169a1977417713f4191835fc47e48b01f4178fa69e317a,/Huang_group/zyyz/Projects/GVC-RT/experiments/gvcrt_neural_wrapper_v6_2_objective_calibration/features/fullqp/schedule_s1p0/step_1000/normal/video_14_qp8.npz,4ec0e60e7d79dc8180c4e0fa89d1c531b0548365faa78366f72da5cbb7f2a7c8,"{'bridge': '7394950d15fd97433ae4b017e4681bfc80143eb889910a34ed17b625ba08bcc9', 'generator': '97bf13e3c9e3693dc36e38e80ad0520349b58ba0320151a2fe2abcf43523b3ef'}",fullqp_schedule_v1,schedule_s1p0,1000,normal,normal,schedule_s1p0,8,8,14,fb7ec78a-5174-4f11-9a0a-de4fdb5137a1,6adc6afef6f89dddab0df441422f907b484fb8d7c90e7312d80cb53c2ce91300,eefdecf92e59f81a10aa5f1c866b85e01f367a7ca8b98c25c1764a12feec94b9,/Huang_group/zyyz/Projects/GVC-RT/experiments/gvcrt_neural_wrapper_v6_2_objective_calibration/branches/schedule_s1p0/checkpoints/step_1000.pt,fe63a6f00ca6bae59b23c8683146dbe64b6be67c1463a552af851bbfc31e9cba,/Huang_group/zyyz/Projects/GVC-RT/experiments/gvcrt_neural_wrapper_v6_2_objective_calibration/parts/fullqp/schedule_s1p0/step_1000/normal/video_14_qp8.frames.csv,9032e6240e31e0a831409de70db75ea87f22387e3574a43df80364e2c2ccea08,/Huang_group/zyyz/Projects/GVC-RT/experiments/gvcrt_neural_wrapper_v6_2_objective_calibration/features/fullqp/schedule_s1p0/step_1000/normal/video_14_qp8.transitions.csv,4cc6b9f9e0bfce898fb882fe8155a4f9ab4a671bf15f2201c2046b004e2b98a8,815936,"[8, 10, 8, 9, 8, 9, 8, 9, 8, 10, 8, 9, 8, 9, 8, 9, 8, 10, 8, 9, 8, 9, 8, 9, 8, 10, 8, 9, 8, 9, 8, 9]",0.12,4,20.294671535491943,0.05351979029364884,0.004369464208139107,0.00564004665648099,Mean absolute RGB horizontal/vertical first-difference change
120106,120106,30026.5,0.014480372299382717,719.916083916084,23.976023976023978,32,32,31,0.09624838596209884,0.05400991998612881,26.167364366748025,0.9752960931509733,0.9185092691332102,0.0939249252119372,26.167364366748025,"[1920, 1088]","[1920, 1080]",1,False,,0.3593721389770508,0f0c0e2358ceec024230154da4777ed5c444a8382af1ec9d7165f3d7886141cf,0f0c0e2358ceec024230154da4777ed5c444a8382af1ec9d7165f3d7886141cf,8998f1d7b3335d32cdf6c7efc00121cbb581509b4f2528c972ae56ef239f5200,True,True,True,120106,/Huang_group/zyyz/Projects/GVC-RT/experiments/gvcrt_neural_wrapper_v6_2_objective_calibration/bitstreams/fullqp/schedule_s1p0/step_1000/normal/video_14_qp9.bin,b7d6d45ac1ce57b2268756c22d061a7486152f80b82e0495f81d41ec5ca6e003,/Huang_group/zyyz/Projects/GVC-RT/experiments/gvcrt_neural_wrapper_v6_2_objective_calibration/features/fullqp/schedule_s1p0/step_1000/normal/video_14_qp9.npz,a96d8ac1accf748d5e68810dd079fcfb41f959ca2891d40e209561d7ca5cd39a,"{'bridge': '7394950d15fd97433ae4b017e4681bfc80143eb889910a34ed17b625ba08bcc9', 'generator': '97bf13e3c9e3693dc36e38e80ad0520349b58ba0320151a2fe2abcf43523b3ef'}",fullqp_schedule_v1,schedule_s1p0,1000,normal,normal,schedule_s1p0,9,9,14,fb7ec78a-5174-4f11-9a0a-de4fdb5137a1,6adc6afef6f89dddab0df441422f907b484fb8d7c90e7312d80cb53c2ce91300,eefdecf92e59f81a10aa5f1c866b85e01f367a7ca8b98c25c1764a12feec94b9,/Huang_group/zyyz/Projects/GVC-RT/experiments/gvcrt_neural_wrapper_v6_2_objective_calibration/branches/schedule_s1p0/checkpoints/step_1000.pt,fe63a6f00ca6bae59b23c8683146dbe64b6be67c1463a552af851bbfc31e9cba,/Huang_group/zyyz/Projects/GVC-RT/experiments/gvcrt_neural_wrapper_v6_2_objective_calibration/parts/fullqp/schedule_s1p0/step_1000/normal/video_14_qp9.frames.csv,9fc6b8142af652a49ab7906efefdfe169a44a81123d3c5255a2a5b499d6ab42f,/Huang_group/zyyz/Projects/GVC-RT/experiments/gvcrt_neural_wrapper_v6_2_objective_calibration/features/fullqp/schedule_s1p0/step_1000/normal/video_14_qp9.transitions.csv,9c71cb22ed0c778be53011defcc87156f830a2e74779aae8d664ad4331e4e923,960848,"[9, 11, 9, 10, 9, 10, 9, 10, 9, 11, 9, 10, 9, 10, 9, 10, 9, 11, 9, 10, 9, 10, 9, 10, 9, 11, 9, 10, 9, 10, 9, 10]",0.12,4,20.3224937915802,0.05351979029364884,0.004369464208139107,0.00564004665648099,Mean absolute RGB horizontal/vertical first-difference change
12724,12724,3181.0,0.0015340470679012345,95.33466533466533,29.97002997002997,32,32,31,0.10664625186473131,0.06264151632785797,23.62131705857586,0.9760712645947933,0.9029903504997492,0.08530109808329613,23.62131705857586,"[1920, 1088]","[1920, 1080]",1,False,,0.3271634578704834,0f0c0e2358ceec024230154da4777ed5c444a8382af1ec9d7165f3d7886141cf,0f0c0e2358ceec024230154da4777ed5c444a8382af1ec9d7165f3d7886141cf,cfd2dff6fdb9f0df167a0c6898806ad98ebd18019db727371e0daae6cd6b471d,True,True,True,12724,/Huang_group/zyyz/Projects/GVC-RT/experiments/gvcrt_neural_wrapper_v6_2_objective_calibration/bitstreams/fullqp/schedule_s1p0/step_1000/normal/video_15_qp0.bin,9dd3ac546712079ec15db1ccd59dd0f73286d111a859218b67ad60f37809875c,/Huang_group/zyyz/Projects/GVC-RT/experiments/gvcrt_neural_wrapper_v6_2_objective_calibration/features/fullqp/schedule_s1p0/step_1000/normal/video_15_qp0.npz,4155f2f1a267b379cc42aa8219786c2acf86381c2ae09d4053f360aaf0cce5e9,"{'bridge': '7394950d15fd97433ae4b017e4681bfc80143eb889910a34ed17b625ba08bcc9', 'generator': '97bf13e3c9e3693dc36e38e80ad0520349b58ba0320151a2fe2abcf43523b3ef'}",fullqp_schedule_v1,schedule_s1p0,1000,normal,normal,schedule_s1p0,0,0,15,2734b7a8-0a72-4281-aadb-f980a8025f1e,b22a485d9503192b8424015addcb7490b6a36b7b9de0bc8698f9d1fc623711a6,77c6758acfadb5df043cae5073c0021e14992b948f500e3f6292c0c12a2e8f26,/Huang_group/zyyz/Projects/GVC-RT/experiments/gvcrt_neural_wrapper_v6_2_objective_calibration/branches/schedule_s1p0/checkpoints/step_1000.pt,fe63a6f00ca6bae59b23c8683146dbe64b6be67c1463a552af851bbfc31e9cba,/Huang_group/zyyz/Projects/GVC-RT/experiments/gvcrt_neural_wrapper_v6_2_objective_calibration/parts/fullqp/schedule_s1p0/step_1000/normal/video_15_qp0.frames.csv,cae015102f652da79d827101e54e095fe933405ff4ff1b190a973aebbbfaf229,/Huang_group/zyyz/Projects/GVC-RT/experiments/gvcrt_neural_wrapper_v6_2_objective_calibration/features/fullqp/schedule_s1p0/step_1000/normal/video_15_qp0.transitions.csv,62bdedb9d7eace94c0e5fc51bd71aa9de294dee838e36052a1cb5a539fa3365c,101792,"[0, 2, 0, 1, 0, 1, 0, 1, 0, 2, 0, 1, 0, 1, 0, 1, 0, 2, 0, 1, 0, 1, 0, 1, 0, 2, 0, 1, 0, 1, 0, 1]",0.12,6,20.14907670021057,0.07665510987862945,0.008679118094732985,0.0037026759891887195,Mean absolute RGB horizontal/vertical first-difference change
18787,18787,4696.75,0.002265022183641975,140.76173826173826,29.97002997002997,32,32,31,0.08442350197583437,0.054746199399232864,24.721110478619632,0.9813286103308201,0.9252440854907036,0.06730840883908733,24.721110478619632,"[1920, 1088]","[1920, 1080]",1,False,,0.3271634578704834,0f0c0e2358ceec024230154da4777ed5c444a8382af1ec9d7165f3d7886141cf,0f0c0e2358ceec024230154da4777ed5c444a8382af1ec9d7165f3d7886141cf,ef8c6311c26e6c35b940e17fde15913c927244a6c6ad083b93b841f7e0233317,True,True,True,18787,/Huang_group/zyyz/Projects/GVC-RT/experiments/gvcrt_neural_wrapper_v6_2_objective_calibration/bitstreams/fullqp/schedule_s1p0/step_1000/normal/video_15_qp2.bin,e3ca4ab91608630650b5003a81302b52b37d26941d28c82665b60f9fd3c13996,/Huang_group/zyyz/Projects/GVC-RT/experiments/gvcrt_neural_wrapper_v6_2_objective_calibration/features/fullqp/schedule_s1p0/step_1000/normal/video_15_qp2.npz,d73a0e81286393ad7b11ba281d3524178b359d4a5058f51a1d5c00475a158ad7,"{'bridge': '7394950d15fd97433ae4b017e4681bfc80143eb889910a34ed17b625ba08bcc9', 'generator': '97bf13e3c9e3693dc36e38e80ad0520349b58ba0320151a2fe2abcf43523b3ef'}",fullqp_schedule_v1,schedule_s1p0,1000,normal,normal,schedule_s1p0,2,2,15,2734b7a8-0a72-4281-aadb-f980a8025f1e,b22a485d9503192b8424015addcb7490b6a36b7b9de0bc8698f9d1fc623711a6,77c6758acfadb5df043cae5073c0021e14992b948f500e3f6292c0c12a2e8f26,/Huang_group/zyyz/Projects/GVC-RT/experiments/gvcrt_neural_wrapper_v6_2_objective_calibration/branches/schedule_s1p0/checkpoints/step_1000.pt,fe63a6f00ca6bae59b23c8683146dbe64b6be67c1463a552af851bbfc31e9cba,/Huang_group/zyyz/Projects/GVC-RT/experiments/gvcrt_neural_wrapper_v6_2_objective_calibration/parts/fullqp/schedule_s1p0/step_1000/normal/video_15_qp2.frames.csv,de5c5ec6bad2c49ebd4cee5d4e01a80089dcfe909b6f629111e64ab6a68f72f7,/Huang_group/zyyz/Projects/GVC-RT/experiments/gvcrt_neural_wrapper_v6_2_objective_calibration/features/fullqp/schedule_s1p0/step_1000/normal/video_15_qp2.transitions.csv,3bd222729ad0f913ebf13d0680f5f3eaa29e5700a8c497eef313754a5c18aa47,150296,"[2, 4, 2, 3, 2, 3, 2, 3, 2, 4, 2, 3, 2, 3, 2, 3, 2, 4, 2, 3, 2, 3, 2, 3, 2, 4, 2, 3, 2, 3, 2, 3]",0.12,6,20.38685631752014,0.07665510987862945,0.008679118094732985,0.0037026759891887195,Mean absolute RGB horizontal/vertical first-difference change
28347,28347,7086.75,0.003417607060185185,212.3901098901099,29.97002997002997,32,32,31,0.06969758681952953,0.047637954354286194,25.55575822262927,0.9845691230148077,0.9402936864644289,0.05637169689420731,25.55575822262927,"[1920, 1088]","[1920, 1080]",1,False,,0.3271634578704834,0f0c0e2358ceec024230154da4777ed5c444a8382af1ec9d7165f3d7886141cf,0f0c0e2358ceec024230154da4777ed5c444a8382af1ec9d7165f3d7886141cf,515338cec47125b90c2c4f2a63fb08014b010945b35175d4684f9f4993915507,True,True,True,28347,/Huang_group/zyyz/Projects/GVC-RT/experiments/gvcrt_neural_wrapper_v6_2_objective_calibration/bitstreams/fullqp/schedule_s1p0/step_1000/normal/video_15_qp4.bin,572d2adf1cdc2aa57300464b23b9ae0a81b0ab36b637b6c85dea170ca0c4ecef,/Huang_group/zyyz/Projects/GVC-RT/experiments/gvcrt_neural_wrapper_v6_2_objective_calibration/features/fullqp/schedule_s1p0/step_1000/normal/video_15_qp4.npz,edcb7a55ba9fd8a266406ceeb402418e4a2b65ff9f527ed994fff32340a50076,"{'bridge': '7394950d15fd97433ae4b017e4681bfc80143eb889910a34ed17b625ba08bcc9', 'generator': '97bf13e3c9e3693dc36e38e80ad0520349b58ba0320151a2fe2abcf43523b3ef'}",fullqp_schedule_v1,schedule_s1p0,1000,normal,normal,schedule_s1p0,4,4,15,2734b7a8-0a72-4281-aadb-f980a8025f1e,b22a485d9503192b8424015addcb7490b6a36b7b9de0bc8698f9d1fc623711a6,77c6758acfadb5df043cae5073c0021e14992b948f500e3f6292c0c12a2e8f26,/Huang_group/zyyz/Projects/GVC-RT/experiments/gvcrt_neural_wrapper_v6_2_objective_calibration/branches/schedule_s1p0/checkpoints/step_1000.pt,fe63a6f00ca6bae59b23c8683146dbe64b6be67c1463a552af851bbfc31e9cba,/Huang_group/zyyz/Projects/GVC-RT/experiments/gvcrt_neural_wrapper_v6_2_objective_calibration/parts/fullqp/schedule_s1p0/step_1000/normal/video_15_qp4.frames.csv,9d3fb8f186ceb4c1f22db26c5086dbac5762ec4f2f23f3f4978f87f9d990bcc3,/Huang_group/zyyz/Projects/GVC-RT/experiments/gvcrt_neural_wrapper_v6_2_objective_calibration/features/fullqp/schedule_s1p0/step_1000/normal/video_15_qp4.transitions.csv,5334a6ae26d457c4279081890d26dc849038b27bde819223b70c3ab3e64e5653,226776,"[4, 6, 4, 5, 4, 5, 4, 5, 4, 6, 4, 5, 4, 5, 4, 5, 4, 6, 4, 5, 4, 5, 4, 5, 4, 6, 4, 5, 4, 5, 4, 5]",0.12,6,20.260440826416016,0.07665510987862945,0.008679118094732985,0.0037026759891887195,Mean absolute RGB horizontal/vertical first-difference change
41062,41062,10265.5,0.004950569058641975,307.65734265734267,29.97002997002997,32,32,31,0.05974418530240655,0.041831670328974724,26.20124688095278,0.9866796769201756,0.9502007942646742,0.04762173239742556,26.20124688095278,"[1920, 1088]","[1920, 1080]",1,False,,0.3271634578704834,0f0c0e2358ceec024230154da4777ed5c444a8382af1ec9d7165f3d7886141cf,0f0c0e2358ceec024230154da4777ed5c444a8382af1ec9d7165f3d7886141cf,86b98ead271ff2ffdb289cdec57363c6538212e30cafdfd48acbe470c36258f6,True,True,True,41062,/Huang_group/zyyz/Projects/GVC-RT/experiments/gvcrt_neural_wrapper_v6_2_objective_calibration/bitstreams/fullqp/schedule_s1p0/step_1000/normal/video_15_qp6.bin,38511cd35761acb24885fe81f2b5b87590f02f4f9dbe96282f491a3817a82767,/Huang_group/zyyz/Projects/GVC-RT/experiments/gvcrt_neural_wrapper_v6_2_objective_calibration/features/fullqp/schedule_s1p0/step_1000/normal/video_15_qp6.npz,d6fd7836d5320d7e7f6e4ed2bc9f9ff7ea1861ea9ad1ac4d85851bfb6e74c5cc,"{'bridge': '7394950d15fd97433ae4b017e4681bfc80143eb889910a34ed17b625ba08bcc9', 'generator': '97bf13e3c9e3693dc36e38e80ad0520349b58ba0320151a2fe2abcf43523b3ef'}",fullqp_schedule_v1,schedule_s1p0,1000,normal,normal,schedule_s1p0,6,6,15,2734b7a8-0a72-4281-aadb-f980a8025f1e,b22a485d9503192b8424015addcb7490b6a36b7b9de0bc8698f9d1fc623711a6,77c6758acfadb5df043cae5073c0021e14992b948f500e3f6292c0c12a2e8f26,/Huang_group/zyyz/Projects/GVC-RT/experiments/gvcrt_neural_wrapper_v6_2_objective_calibration/branches/schedule_s1p0/checkpoints/step_1000.pt,fe63a6f00ca6bae59b23c8683146dbe64b6be67c1463a552af851bbfc31e9cba,/Huang_group/zyyz/Projects/GVC-RT/experiments/gvcrt_neural_wrapper_v6_2_objective_calibration/parts/fullqp/schedule_s1p0/step_1000/normal/video_15_qp6.frames.csv,17f9ca6fa3ff2a612c651dfd33a04d8c0d1d8d21670ddc7fb617067dd2bc9865,/Huang_group/zyyz/Projects/GVC-RT/experiments/gvcrt_neural_wrapper_v6_2_objective_calibration/features/fullqp/schedule_s1p0/step_1000/normal/video_15_qp6.transitions.csv,349879d52376da822ec7060df3645ce086d722e8cae2ccaf1a6e3a956a386e98,328496,"[6, 8, 6, 7, 6, 7, 6, 7, 6, 8, 6, 7, 6, 7, 6, 7, 6, 8, 6, 7, 6, 7, 6, 7, 6, 8, 6, 7, 6, 7, 6, 7]",0.12,6,20.232980251312256,0.07665510987862945,0.008679118094732985,0.0037026759891887195,Mean absolute RGB horizontal/vertical first-difference change
57953,57953,14488.25,0.006987003279320988,434.2132867132867,29.97002997002997,32,32,31,0.05351925827562809,0.03834436647593975,26.64355933223261,0.9879536908119917,0.9564840849488974,0.04300944038456486,26.64355933223261,"[1920, 1088]","[1920, 1080]",1,False,,0.3271634578704834,0f0c0e2358ceec024230154da4777ed5c444a8382af1ec9d7165f3d7886141cf,0f0c0e2358ceec024230154da4777ed5c444a8382af1ec9d7165f3d7886141cf,d5ef022014826e48e14334ee1212b990afc36c0b8693dbbfd70204ed91aeecc6,True,True,True,57953,/Huang_group/zyyz/Projects/GVC-RT/experiments/gvcrt_neural_wrapper_v6_2_objective_calibration/bitstreams/fullqp/schedule_s1p0/step_1000/normal/video_15_qp8.bin,f570a0ad7f37d3758bc8a5d9cd04c5d590fd3b928d2de919e4ba0d6d73f94925,/Huang_group/zyyz/Projects/GVC-RT/experiments/gvcrt_neural_wrapper_v6_2_objective_calibration/features/fullqp/schedule_s1p0/step_1000/normal/video_15_qp8.npz,e2719ca570d8c85b9ba5ffaafc2ee7484f7c9403e3175977878508e7f0c7507a,"{'bridge': '7394950d15fd97433ae4b017e4681bfc80143eb889910a34ed17b625ba08bcc9', 'generator': '97bf13e3c9e3693dc36e38e80ad0520349b58ba0320151a2fe2abcf43523b3ef'}",fullqp_schedule_v1,schedule_s1p0,1000,normal,normal,schedule_s1p0,8,8,15,2734b7a8-0a72-4281-aadb-f980a8025f1e,b22a485d9503192b8424015addcb7490b6a36b7b9de0bc8698f9d1fc623711a6,77c6758acfadb5df043cae5073c0021e14992b948f500e3f6292c0c12a2e8f26,/Huang_group/zyyz/Projects/GVC-RT/experiments/gvcrt_neural_wrapper_v6_2_objective_calibration/branches/schedule_s1p0/checkpoints/step_1000.pt,fe63a6f00ca6bae59b23c8683146dbe64b6be67c1463a552af851bbfc31e9cba,/Huang_group/zyyz/Projects/GVC-RT/experiments/gvcrt_neural_wrapper_v6_2_objective_calibration/parts/fullqp/schedule_s1p0/step_1000/normal/video_15_qp8.frames.csv,75f504f753bd29179690f435933854e28c64d2edb5bbfba915c8c9cd12e1041c,/Huang_group/zyyz/Projects/GVC-RT/experiments/gvcrt_neural_wrapper_v6_2_objective_calibration/features/fullqp/schedule_s1p0/step_1000/normal/video_15_qp8.transitions.csv,ef76ef0d9ab4975a1eb6e4eadc8078af5ad134e8749549c5eebc85444fcea23d,463624,"[8, 10, 8, 9, 8, 9, 8, 9, 8, 10, 8, 9, 8, 9, 8, 9, 8, 10, 8, 9, 8, 9, 8, 9, 8, 10, 8, 9, 8, 9, 8, 9]",0.12,6,20.24308681488037,0.07665510987862945,0.008679118094732985,0.0037026759891887195,Mean absolute RGB horizontal/vertical first-difference change
68355,68355,17088.75,0.008241102430555555,512.1503496503497,29.97002997002997,32,32,31,0.05131313670426607,0.03768605552613735,26.78807970683005,0.9883302636444569,0.9585103634744883,0.040959779653818376,26.78807970683005,"[1920, 1088]","[1920, 1080]",1,False,,0.3271634578704834,0f0c0e2358ceec024230154da4777ed5c444a8382af1ec9d7165f3d7886141cf,0f0c0e2358ceec024230154da4777ed5c444a8382af1ec9d7165f3d7886141cf,8f7ab2f8d9eeaff85742ef68763089f48deafbbfa98d66577b58d3b92299d6b6,True,True,True,68355,/Huang_group/zyyz/Projects/GVC-RT/experiments/gvcrt_neural_wrapper_v6_2_objective_calibration/bitstreams/fullqp/schedule_s1p0/step_1000/normal/video_15_qp9.bin,2b6365a7f3656599f08b9f52d1c2465aff473c89d7fffa2b7557d03cd07fa342,/Huang_group/zyyz/Projects/GVC-RT/experiments/gvcrt_neural_wrapper_v6_2_objective_calibration/features/fullqp/schedule_s1p0/step_1000/normal/video_15_qp9.npz,eaac888b9ad16d8bb078b095c0cf65bceeacf4115842ac73855a418c83e83ec4,"{'bridge': '7394950d15fd97433ae4b017e4681bfc80143eb889910a34ed17b625ba08bcc9', 'generator': '97bf13e3c9e3693dc36e38e80ad0520349b58ba0320151a2fe2abcf43523b3ef'}",fullqp_schedule_v1,schedule_s1p0,1000,normal,normal,schedule_s1p0,9,9,15,2734b7a8-0a72-4281-aadb-f980a8025f1e,b22a485d9503192b8424015addcb7490b6a36b7b9de0bc8698f9d1fc623711a6,77c6758acfadb5df043cae5073c0021e14992b948f500e3f6292c0c12a2e8f26,/Huang_group/zyyz/Projects/GVC-RT/experiments/gvcrt_neural_wrapper_v6_2_objective_calibration/branches/schedule_s1p0/checkpoints/step_1000.pt,fe63a6f00ca6bae59b23c8683146dbe64b6be67c1463a552af851bbfc31e9cba,/Huang_group/zyyz/Projects/GVC-RT/experiments/gvcrt_neural_wrapper_v6_2_objective_calibration/parts/fullqp/schedule_s1p0/step_1000/normal/video_15_qp9.frames.csv,71dd8dfa6f2c7feaac46c289b6f2687877badb0ea566ba7509375675ef24b7cb,/Huang_group/zyyz/Projects/GVC-RT/experiments/gvcrt_neural_wrapper_v6_2_objective_calibration/features/fullqp/schedule_s1p0/step_1000/normal/video_15_qp9.transitions.csv,43dae895ae020e128a5e0666632100ee35347bd461c441f2aeccaffefdb6fe01,546840,"[9, 11, 9, 10, 9, 10, 9, 10, 9, 11, 9, 10, 9, 10, 9, 10, 9, 11, 9, 10, 9, 10, 9, 10, 9, 11, 9, 10, 9, 10, 9, 10]",0.12,6,20.31962561607361,0.07665510987862945,0.008679118094732985,0.0037026759891887195,Mean absolute RGB horizontal/vertical first-difference change
11733,11733,2933.25,0.0014145688657407408,87.9975,30.0,32,32,31,0.0713941192952916,0.09607270918786526,29.029548478982136,0.9696144256740808,0.9569673966616392,0.06647303303883921,29.029548478982136,"[1920, 1088]","[1920, 1080]",1,False,,0.2764253616333008,0f0c0e2358ceec024230154da4777ed5c444a8382af1ec9d7165f3d7886141cf,0f0c0e2358ceec024230154da4777ed5c444a8382af1ec9d7165f3d7886141cf,c106e2085c283a4be92baeb3ce1b80ec17e86aa8f7e9a91ba2210cca5d1d4acf,True,True,True,11733,/Huang_group/zyyz/Projects/GVC-RT/experiments/gvcrt_neural_wrapper_v6_2_objective_calibration/bitstreams/fullqp/schedule_s1p0/step_1000/normal/video_16_qp0.bin,deb9b12eafa2a4f8156d1419db5ff1beda5d680e72a4b81c67b2c72367c3111f,/Huang_group/zyyz/Projects/GVC-RT/experiments/gvcrt_neural_wrapper_v6_2_objective_calibration/features/fullqp/schedule_s1p0/step_1000/normal/video_16_qp0.npz,7047dee10afd14125fcc0bdad79bb93bd3f8d9ae940ce138f0c522191fbf1469,"{'bridge': '7394950d15fd97433ae4b017e4681bfc80143eb889910a34ed17b625ba08bcc9', 'generator': '97bf13e3c9e3693dc36e38e80ad0520349b58ba0320151a2fe2abcf43523b3ef'}",fullqp_schedule_v1,schedule_s1p0,1000,normal,normal,schedule_s1p0,0,0,16,d31f6a10-e65c-409c-a930-0f37d976aca5,e672b9cb465b20477a05c33e37916cc58c0ac4d0bf521b537eeeaebf7a4ed842,6ff362e29ed0d00674ab75b640ad9eb72f78daae1bc79236f0865d05bc6d95f9,/Huang_group/zyyz/Projects/GVC-RT/experiments/gvcrt_neural_wrapper_v6_2_objective_calibration/branches/schedule_s1p0/checkpoints/step_1000.pt,fe63a6f00ca6bae59b23c8683146dbe64b6be67c1463a552af851bbfc31e9cba,/Huang_group/zyyz/Projects/GVC-RT/experiments/gvcrt_neural_wrapper_v6_2_objective_calibration/parts/fullqp/schedule_s1p0/step_1000/normal/video_16_qp0.frames.csv,609da21de31ee89a84d3cf32450553e428c3dcd6bccef8548b8bd4eaf27f87e5,/Huang_group/zyyz/Projects/GVC-RT/experiments/gvcrt_neural_wrapper_v6_2_objective_calibration/features/fullqp/schedule_s1p0/step_1000/normal/video_16_qp0.transitions.csv,5b2b985afa5b40732c36b741c292b1468a1fceed17df2e849a6d429a475b4ad0,93864,"[0, 2, 0, 1, 0, 1, 0, 1, 0, 2, 0, 1, 0, 1, 0, 1, 0, 2, 0, 1, 0, 1, 0, 1, 0, 2, 0, 1, 0, 1, 0, 1]",0.12,4,20.23238468170166,0.0700185236055404,0.00555242583504878,0.0009960492952814093,Mean absolute RGB horizontal/vertical first-difference change
17376,17376,4344.0,0.0020949074074074073,130.32,30.0,32,32,31,0.05617405252996832,0.08364562131464481,29.598699517467363,0.9732187669724226,0.9632625468075275,0.05389974542683171,29.598699517467363,"[1920, 1088]","[1920, 1080]",1,False,,0.2764253616333008,0f0c0e2358ceec024230154da4777ed5c444a8382af1ec9d7165f3d7886141cf,0f0c0e2358ceec024230154da4777ed5c444a8382af1ec9d7165f3d7886141cf,742ff91cad87a94f81533a58f8fd6d1ad8a5925d9eff2178fd1548ae60e7c22d,True,True,True,17376,/Huang_group/zyyz/Projects/GVC-RT/experiments/gvcrt_neural_wrapper_v6_2_objective_calibration/bitstreams/fullqp/schedule_s1p0/step_1000/normal/video_16_qp2.bin,7ff31f2660ee80db78608263ccc1f722bfcd41bf1003919c136a265a5bbc06fc,/Huang_group/zyyz/Projects/GVC-RT/experiments/gvcrt_neural_wrapper_v6_2_objective_calibration/features/fullqp/schedule_s1p0/step_1000/normal/video_16_qp2.npz,676b4d25544d16489d8dd926d6eb48ab2b237fd2cd77e4d766cc2f469c15dc33,"{'bridge': '7394950d15fd97433ae4b017e4681bfc80143eb889910a34ed17b625ba08bcc9', 'generator': '97bf13e3c9e3693dc36e38e80ad0520349b58ba0320151a2fe2abcf43523b3ef'}",fullqp_schedule_v1,schedule_s1p0,1000,normal,normal,schedule_s1p0,2,2,16,d31f6a10-e65c-409c-a930-0f37d976aca5,e672b9cb465b20477a05c33e37916cc58c0ac4d0bf521b537eeeaebf7a4ed842,6ff362e29ed0d00674ab75b640ad9eb72f78daae1bc79236f0865d05bc6d95f9,/Huang_group/zyyz/Projects/GVC-RT/experiments/gvcrt_neural_wrapper_v6_2_objective_calibration/branches/schedule_s1p0/checkpoints/step_1000.pt,fe63a6f00ca6bae59b23c8683146dbe64b6be67c1463a552af851bbfc31e9cba,/Huang_group/zyyz/Projects/GVC-RT/experiments/gvcrt_neural_wrapper_v6_2_objective_calibration/parts/fullqp/schedule_s1p0/step_1000/normal/video_16_qp2.frames.csv,98a99ea21f8854549a61891b585cbc600afe30266587c4cfe1dbc1320fe6ea42,/Huang_group/zyyz/Projects/GVC-RT/experiments/gvcrt_neural_wrapper_v6_2_objective_calibration/features/fullqp/schedule_s1p0/step_1000/normal/video_16_qp2.transitions.csv,72e8a758bf6b0ca03a1cbc6d8e62e2fbd7402beb893de1fd15d128a4aa96c7f4,139008,"[2, 4, 2, 3, 2, 3, 2, 3, 2, 4, 2, 3, 2, 3, 2, 3, 2, 4, 2, 3, 2, 3, 2, 3, 2, 4, 2, 3, 2, 3, 2, 3]",0.12,4,20.370616912841797,0.0700185236055404,0.00555242583504878,0.0009960492952814093,Mean absolute RGB horizontal/vertical first-difference change
26471,26471,6617.75,0.003191430362654321,198.5325,30.0,32,32,31,0.04546965134795755,0.07592328265309334,30.124293960276376,0.9760230835527182,0.9680610224604607,0.04539261169491276,30.124293960276376,"[1920, 1088]","[1920, 1080]",1,False,,0.2764253616333008,0f0c0e2358ceec024230154da4777ed5c444a8382af1ec9d7165f3d7886141cf,0f0c0e2358ceec024230154da4777ed5c444a8382af1ec9d7165f3d7886141cf,a76011c77700fb6e3a160a7360ce11b63e509f2bf139709e23e7fd52aa4955f3,True,True,True,26471,/Huang_group/zyyz/Projects/GVC-RT/experiments/gvcrt_neural_wrapper_v6_2_objective_calibration/bitstreams/fullqp/schedule_s1p0/step_1000/normal/video_16_qp4.bin,4e29b136b7694655750cfa0234bddf8da33c9a1b358b6877df7da2b3482cb4d5,/Huang_group/zyyz/Projects/GVC-RT/experiments/gvcrt_neural_wrapper_v6_2_objective_calibration/features/fullqp/schedule_s1p0/step_1000/normal/video_16_qp4.npz,e5c529ac5834c40558f3e76fb4e7d5ac1b3f406378388d50b655bfd042da9f1f,"{'bridge': '7394950d15fd97433ae4b017e4681bfc80143eb889910a34ed17b625ba08bcc9', 'generator': '97bf13e3c9e3693dc36e38e80ad0520349b58ba0320151a2fe2abcf43523b3ef'}",fullqp_schedule_v1,schedule_s1p0,1000,normal,normal,schedule_s1p0,4,4,16,d31f6a10-e65c-409c-a930-0f37d976aca5,e672b9cb465b20477a05c33e37916cc58c0ac4d0bf521b537eeeaebf7a4ed842,6ff362e29ed0d00674ab75b640ad9eb72f78daae1bc79236f0865d05bc6d95f9,/Huang_group/zyyz/Projects/GVC-RT/experiments/gvcrt_neural_wrapper_v6_2_objective_calibration/branches/schedule_s1p0/checkpoints/step_1000.pt,fe63a6f00ca6bae59b23c8683146dbe64b6be67c1463a552af851bbfc31e9cba,/Huang_group/zyyz/Projects/GVC-RT/experiments/gvcrt_neural_wrapper_v6_2_objective_calibration/parts/fullqp/schedule_s1p0/step_1000/normal/video_16_qp4.frames.csv,fa1b9a81443850b6b56e60236e7c5442d10a5bd5b61a1a89d8c44c7379156451,/Huang_group/zyyz/Projects/GVC-RT/experiments/gvcrt_neural_wrapper_v6_2_objective_calibration/features/fullqp/schedule_s1p0/step_1000/normal/video_16_qp4.transitions.csv,a376bd3023e367faef9b05e634f947a700f0c9b043036be4a9b886bf17ef5bff,211768,"[4, 6, 4, 5, 4, 5, 4, 5, 4, 6, 4, 5, 4, 5, 4, 5, 4, 6, 4, 5, 4, 5, 4, 5, 4, 6, 4, 5, 4, 5, 4, 5]",0.12,4,20.173994064331055,0.0700185236055404,0.00555242583504878,0.0009960492952814093,Mean absolute RGB horizontal/vertical first-difference change
41959,41959,10489.75,0.005058714313271605,314.6925,30.0,32,32,31,0.03919978660997003,0.06951413303613663,30.406039888999867,0.9774202089756727,0.9708225689828396,0.038859686483779264,30.406039888999867,"[1920, 1088]","[1920, 1080]",1,False,,0.2764253616333008,0f0c0e2358ceec024230154da4777ed5c444a8382af1ec9d7165f3d7886141cf,0f0c0e2358ceec024230154da4777ed5c444a8382af1ec9d7165f3d7886141cf,366353f238e53a517ef28030dea9c387711f5d7facd120591f389e7b5b2ff3c5,True,True,True,41959,/Huang_group/zyyz/Projects/GVC-RT/experiments/gvcrt_neural_wrapper_v6_2_objective_calibration/bitstreams/fullqp/schedule_s1p0/step_1000/normal/video_16_qp6.bin,2c8c67e670848977ba8b22d52ecf7ec7ba569482c5990456e6bd40a66f6677a8,/Huang_group/zyyz/Projects/GVC-RT/experiments/gvcrt_neural_wrapper_v6_2_objective_calibration/features/fullqp/schedule_s1p0/step_1000/normal/video_16_qp6.npz,9ac55f60da13abefc4e0178572f7ccb42685162f21bb6b5b8f9b41ce910cdb1f,"{'bridge': '7394950d15fd97433ae4b017e4681bfc80143eb889910a34ed17b625ba08bcc9', 'generator': '97bf13e3c9e3693dc36e38e80ad0520349b58ba0320151a2fe2abcf43523b3ef'}",fullqp_schedule_v1,schedule_s1p0,1000,normal,normal,schedule_s1p0,6,6,16,d31f6a10-e65c-409c-a930-0f37d976aca5,e672b9cb465b20477a05c33e37916cc58c0ac4d0bf521b537eeeaebf7a4ed842,6ff362e29ed0d00674ab75b640ad9eb72f78daae1bc79236f0865d05bc6d95f9,/Huang_group/zyyz/Projects/GVC-RT/experiments/gvcrt_neural_wrapper_v6_2_objective_calibration/branches/schedule_s1p0/checkpoints/step_1000.pt,fe63a6f00ca6bae59b23c8683146dbe64b6be67c1463a552af851bbfc31e9cba,/Huang_group/zyyz/Projects/GVC-RT/experiments/gvcrt_neural_wrapper_v6_2_objective_calibration/parts/fullqp/schedule_s1p0/step_1000/normal/video_16_qp6.frames.csv,1aee097959b7455e1239f38aa12de665c987257db4310a7ab87cf831ee6c7873,/Huang_group/zyyz/Projects/GVC-RT/experiments/gvcrt_neural_wrapper_v6_2_objective_calibration/features/fullqp/schedule_s1p0/step_1000/normal/video_16_qp6.transitions.csv,8420e12e7bb4bd7b91a7a0cd44aa256c3ba85852bdd4375e29f1a6bc9aa59306,335672,"[6, 8, 6, 7, 6, 7, 6, 7, 6, 8, 6, 7, 6, 7, 6, 7, 6, 8, 6, 7, 6, 7, 6, 7, 6, 8, 6, 7, 6, 7, 6, 7]",0.12,4,20.230353355407715,0.0700185236055404,0.00555242583504878,0.0009960492952814093,Mean absolute RGB horizontal/vertical first-difference change
67257,67257,16814.25,0.008108723958333333,504.4275,30.0,32,32,31,0.03538247739197686,0.06545900739729404,30.708236391820705,0.9787992127239704,0.9732255358248949,0.034885982532174356,30.708236391820705,"[1920, 1088]","[1920, 1080]",1,False,,0.2764253616333008,0f0c0e2358ceec024230154da4777ed5c444a8382af1ec9d7165f3d7886141cf,0f0c0e2358ceec024230154da4777ed5c444a8382af1ec9d7165f3d7886141cf,00929d6743fd0317ae39eec5c449ed089e4b616467336bf6e15e5100d87e44bb,True,True,True,67257,/Huang_group/zyyz/Projects/GVC-RT/experiments/gvcrt_neural_wrapper_v6_2_objective_calibration/bitstreams/fullqp/schedule_s1p0/step_1000/normal/video_16_qp8.bin,d0be0d9f7b32fc1e9d00c3148af2f6b042cfb82316b259c3000ce0f76adb07b5,/Huang_group/zyyz/Projects/GVC-RT/experiments/gvcrt_neural_wrapper_v6_2_objective_calibration/features/fullqp/schedule_s1p0/step_1000/normal/video_16_qp8.npz,02b738d2fcbf46cfabc6fbc2ddec3b224d0f60bae6eedb943b6edc03f89593ce,"{'bridge': '7394950d15fd97433ae4b017e4681bfc80143eb889910a34ed17b625ba08bcc9', 'generator': '97bf13e3c9e3693dc36e38e80ad0520349b58ba0320151a2fe2abcf43523b3ef'}",fullqp_schedule_v1,schedule_s1p0,1000,normal,normal,schedule_s1p0,8,8,16,d31f6a10-e65c-409c-a930-0f37d976aca5,e672b9cb465b20477a05c33e37916cc58c0ac4d0bf521b537eeeaebf7a4ed842,6ff362e29ed0d00674ab75b640ad9eb72f78daae1bc79236f0865d05bc6d95f9,/Huang_group/zyyz/Projects/GVC-RT/experiments/gvcrt_neural_wrapper_v6_2_objective_calibration/branches/schedule_s1p0/checkpoints/step_1000.pt,fe63a6f00ca6bae59b23c8683146dbe64b6be67c1463a552af851bbfc31e9cba,/Huang_group/zyyz/Projects/GVC-RT/experiments/gvcrt_neural_wrapper_v6_2_objective_calibration/parts/fullqp/schedule_s1p0/step_1000/normal/video_16_qp8.frames.csv,6e2b909f699047d684e72df89b964e29cf6af2b7f03317bf920d29ac2d9c24cc,/Huang_group/zyyz/Projects/GVC-RT/experiments/gvcrt_neural_wrapper_v6_2_objective_calibration/features/fullqp/schedule_s1p0/step_1000/normal/video_16_qp8.transitions.csv,70e305548294350798b72d231a66f26038d6c5bc0de4f14596e456fc5ca11b9c,538056,"[8, 10, 8, 9, 8, 9, 8, 9, 8, 10, 8, 9, 8, 9, 8, 9, 8, 10, 8, 9, 8, 9, 8, 9, 8, 10, 8, 9, 8, 9, 8, 9]",0.12,4,20.492682695388794,0.0700185236055404,0.00555242583504878,0.0009960492952814093,Mean absolute RGB horizontal/vertical first-difference change
84365,84365,21091.25,0.010171320408950617,632.7375,30.0,32,32,31,0.03375378646887839,0.062381066381931305,30.86275348806747,0.9794728495180607,0.9746546112000942,0.03289102853065537,30.86275348806747,"[1920, 1088]","[1920, 1080]",1,False,,0.2764253616333008,0f0c0e2358ceec024230154da4777ed5c444a8382af1ec9d7165f3d7886141cf,0f0c0e2358ceec024230154da4777ed5c444a8382af1ec9d7165f3d7886141cf,f9c34f80a4f2b7182254a7e98a04951f86b4773d30a9a77cb896e0004e3fb092,True,True,True,84365,/Huang_group/zyyz/Projects/GVC-RT/experiments/gvcrt_neural_wrapper_v6_2_objective_calibration/bitstreams/fullqp/schedule_s1p0/step_1000/normal/video_16_qp9.bin,2262fe0f8eb84935eab23a306b90e48282e023c726a2992359c7275e16f7009d,/Huang_group/zyyz/Projects/GVC-RT/experiments/gvcrt_neural_wrapper_v6_2_objective_calibration/features/fullqp/schedule_s1p0/step_1000/normal/video_16_qp9.npz,96c073a78bb57d84e8de67e66dcb071f7946d879eb27090d4ff1f900594dc92a,"{'bridge': '7394950d15fd97433ae4b017e4681bfc80143eb889910a34ed17b625ba08bcc9', 'generator': '97bf13e3c9e3693dc36e38e80ad0520349b58ba0320151a2fe2abcf43523b3ef'}",fullqp_schedule_v1,schedule_s1p0,1000,normal,normal,schedule_s1p0,9,9,16,d31f6a10-e65c-409c-a930-0f37d976aca5,e672b9cb465b20477a05c33e37916cc58c0ac4d0bf521b537eeeaebf7a4ed842,6ff362e29ed0d00674ab75b640ad9eb72f78daae1bc79236f0865d05bc6d95f9,/Huang_group/zyyz/Projects/GVC-RT/experiments/gvcrt_neural_wrapper_v6_2_objective_calibration/branches/schedule_s1p0/checkpoints/step_1000.pt,fe63a6f00ca6bae59b23c8683146dbe64b6be67c1463a552af851bbfc31e9cba,/Huang_group/zyyz/Projects/GVC-RT/experiments/gvcrt_neural_wrapper_v6_2_objective_calibration/parts/fullqp/schedule_s1p0/step_1000/normal/video_16_qp9.frames.csv,80cca24e8897382675b76d957b60b72da7572246d33c373329439fe6b829ee60,/Huang_group/zyyz/Projects/GVC-RT/experiments/gvcrt_neural_wrapper_v6_2_objective_calibration/features/fullqp/schedule_s1p0/step_1000/normal/video_16_qp9.transitions.csv,5b409356b58cab5a2a8526fb2e49b78b2fc29214165288b9bdab4e4df97da9aa,674920,"[9, 11, 9, 10, 9, 10, 9, 10, 9, 11, 9, 10, 9, 10, 9, 10, 9, 11, 9, 10, 9, 10, 9, 10, 9, 11, 9, 10, 9, 10, 9, 10]",0.12,4,20.214091777801514,0.0700185236055404,0.00555242583504878,0.0009960492952814093,Mean absolute RGB horizontal/vertical first-difference change
18154,18154,4538.5,0.0021887056327160492,136.155,30.0,32,32,31,0.14277359005063772,0.12560583651065826,25.6803059516265,0.9009960722178221,0.886971028521657,0.1868168774151033,25.6803059516265,"[1920, 1088]","[1920, 1080]",1,False,,0.23803937435150146,0f0c0e2358ceec024230154da4777ed5c444a8382af1ec9d7165f3d7886141cf,0f0c0e2358ceec024230154da4777ed5c444a8382af1ec9d7165f3d7886141cf,71e1583b40d81db880a98ddfdd14d6639ceefa54f7962d6b7170fd7d375f0ce0,True,True,True,18154,/Huang_group/zyyz/Projects/GVC-RT/experiments/gvcrt_neural_wrapper_v6_2_objective_calibration/bitstreams/fullqp/schedule_s1p0/step_1000/normal/video_17_qp0.bin,9a1ce38da65415f181f366672c5b4a06b58fa10b6640f0db7f62b9a69aef0356,/Huang_group/zyyz/Projects/GVC-RT/experiments/gvcrt_neural_wrapper_v6_2_objective_calibration/features/fullqp/schedule_s1p0/step_1000/normal/video_17_qp0.npz,041fa991931b07b8cfcea9033c7c2a29f06a43cd6fd0bc0157635c3021b7c355,"{'bridge': '7394950d15fd97433ae4b017e4681bfc80143eb889910a34ed17b625ba08bcc9', 'generator': '97bf13e3c9e3693dc36e38e80ad0520349b58ba0320151a2fe2abcf43523b3ef'}",fullqp_schedule_v1,schedule_s1p0,1000,normal,normal,schedule_s1p0,0,0,17,36ea3b40-3e2a-4b43-8c7c-1dd4e8e36ed4,e84bcc98f9220f1384057a414102febfba61b2d3dd26d6ca88dd473652ad811a,e89f90b64b3059de94a7f19ac3ed48b1ac18dba37e108d91fc0954f04f823253,/Huang_group/zyyz/Projects/GVC-RT/experiments/gvcrt_neural_wrapper_v6_2_objective_calibration/branches/schedule_s1p0/checkpoints/step_1000.pt,fe63a6f00ca6bae59b23c8683146dbe64b6be67c1463a552af851bbfc31e9cba,/Huang_group/zyyz/Projects/GVC-RT/experiments/gvcrt_neural_wrapper_v6_2_objective_calibration/parts/fullqp/schedule_s1p0/step_1000/normal/video_17_qp0.frames.csv,371abc05e78e34255853b658a4f9b643930f5f963cd6c8bfe87e04bf22211d51,/Huang_group/zyyz/Projects/GVC-RT/experiments/gvcrt_neural_wrapper_v6_2_objective_calibration/features/fullqp/schedule_s1p0/step_1000/normal/video_17_qp0.transitions.csv,befa127eeba1e9f2b73862d4a0b45eaa5dfa0cdcecbfa4aa890fd4f8e4503289,145232,"[0, 2, 0, 1, 0, 1, 0, 1, 0, 2, 0, 1, 0, 1, 0, 1, 0, 2, 0, 1, 0, 1, 0, 1, 0, 2, 0, 1, 0, 1, 0, 1]",0.12,6,20.103625059127808,0.0507139409892261,0.0037980029082973488,0.0024222613210440613,Mean absolute RGB horizontal/vertical first-difference change
31169,31169,7792.25,0.003757836612654321,233.7675,30.0,32,32,31,0.11283984291367233,0.10365979000926018,26.832070810553684,0.9223279617726803,0.9154562167823315,0.151734302120824,26.832070810553684,"[1920, 1088]","[1920, 1080]",1,False,,0.23803937435150146,0f0c0e2358ceec024230154da4777ed5c444a8382af1ec9d7165f3d7886141cf,0f0c0e2358ceec024230154da4777ed5c444a8382af1ec9d7165f3d7886141cf,578ffde813d2fe99e16137c87cd1db75e6fdc4bf35eaeb6a364b27ad9dd7c7ba,True,True,True,31169,/Huang_group/zyyz/Projects/GVC-RT/experiments/gvcrt_neural_wrapper_v6_2_objective_calibration/bitstreams/fullqp/schedule_s1p0/step_1000/normal/video_17_qp2.bin,5a401080f68f3351f93fcbd23f2caff5c98e9c25157c984dd0e32e72208fc007,/Huang_group/zyyz/Projects/GVC-RT/experiments/gvcrt_neural_wrapper_v6_2_objective_calibration/features/fullqp/schedule_s1p0/step_1000/normal/video_17_qp2.npz,ea9c609affd8204443e6256704805469dad27a34ec01d5c3c1f2781c9f5e9893,"{'bridge': '7394950d15fd97433ae4b017e4681bfc80143eb889910a34ed17b625ba08bcc9', 'generator': '97bf13e3c9e3693dc36e38e80ad0520349b58ba0320151a2fe2abcf43523b3ef'}",fullqp_schedule_v1,schedule_s1p0,1000,normal,normal,schedule_s1p0,2,2,17,36ea3b40-3e2a-4b43-8c7c-1dd4e8e36ed4,e84bcc98f9220f1384057a414102febfba61b2d3dd26d6ca88dd473652ad811a,e89f90b64b3059de94a7f19ac3ed48b1ac18dba37e108d91fc0954f04f823253,/Huang_group/zyyz/Projects/GVC-RT/experiments/gvcrt_neural_wrapper_v6_2_objective_calibration/branches/schedule_s1p0/checkpoints/step_1000.pt,fe63a6f00ca6bae59b23c8683146dbe64b6be67c1463a552af851bbfc31e9cba,/Huang_group/zyyz/Projects/GVC-RT/experiments/gvcrt_neural_wrapper_v6_2_objective_calibration/parts/fullqp/schedule_s1p0/step_1000/normal/video_17_qp2.frames.csv,18299c57cd5d98d4a1c9ff62a22718146b7f64df612545cdcc87e9c59f55cff6,/Huang_group/zyyz/Projects/GVC-RT/experiments/gvcrt_neural_wrapper_v6_2_objective_calibration/features/fullqp/schedule_s1p0/step_1000/normal/video_17_qp2.transitions.csv,e07a830f3c0601af2b620efade212e81a6073da8b482557e2ad463dad3e7a2e7,249352,"[2, 4, 2, 3, 2, 3, 2, 3, 2, 4, 2, 3, 2, 3, 2, 3, 2, 4, 2, 3, 2, 3, 2, 3, 2, 4, 2, 3, 2, 3, 2, 3]",0.12,6,20.275108814239502,0.0507139409892261,0.0037980029082973488,0.0024222613210440613,Mean absolute RGB horizontal/vertical first-difference change
51995,51995,12998.75,0.006268687307098765,389.9625,30.0,32,32,31,0.09414778393693268,0.09126021713018417,27.934090479677266,0.938157768920064,0.9340355470776558,0.12626822725419076,27.934090479677266,"[1920, 1088]","[1920, 1080]",1,False,,0.23803937435150146,0f0c0e2358ceec024230154da4777ed5c444a8382af1ec9d7165f3d7886141cf,0f0c0e2358ceec024230154da4777ed5c444a8382af1ec9d7165f3d7886141cf,dc04e41d4e7c1ee9761b52ab5b8110246cb6a6156c1ef3d1620eb97fe37644da,True,True,True,51995,/Huang_group/zyyz/Projects/GVC-RT/experiments/gvcrt_neural_wrapper_v6_2_objective_calibration/bitstreams/fullqp/schedule_s1p0/step_1000/normal/video_17_qp4.bin,771b01f8b8e604165465d1e4d7ca74ed26db95447856e42fe95fed2e76fc422c,/Huang_group/zyyz/Projects/GVC-RT/experiments/gvcrt_neural_wrapper_v6_2_objective_calibration/features/fullqp/schedule_s1p0/step_1000/normal/video_17_qp4.npz,51d06d764388f65e46d768ec343ebd560f877c109f4baa48a6f104648af3aacb,"{'bridge': '7394950d15fd97433ae4b017e4681bfc80143eb889910a34ed17b625ba08bcc9', 'generator': '97bf13e3c9e3693dc36e38e80ad0520349b58ba0320151a2fe2abcf43523b3ef'}",fullqp_schedule_v1,schedule_s1p0,1000,normal,normal,schedule_s1p0,4,4,17,36ea3b40-3e2a-4b43-8c7c-1dd4e8e36ed4,e84bcc98f9220f1384057a414102febfba61b2d3dd26d6ca88dd473652ad811a,e89f90b64b3059de94a7f19ac3ed48b1ac18dba37e108d91fc0954f04f823253,/Huang_group/zyyz/Projects/GVC-RT/experiments/gvcrt_neural_wrapper_v6_2_objective_calibration/branches/schedule_s1p0/checkpoints/step_1000.pt,fe63a6f00ca6bae59b23c8683146dbe64b6be67c1463a552af851bbfc31e9cba,/Huang_group/zyyz/Projects/GVC-RT/experiments/gvcrt_neural_wrapper_v6_2_objective_calibration/parts/fullqp/schedule_s1p0/step_1000/normal/video_17_qp4.frames.csv,5449d09a68fd5e413614611a324fec98b7a5457ac4d3200bb3b37b6af4234243,/Huang_group/zyyz/Projects/GVC-RT/experiments/gvcrt_neural_wrapper_v6_2_objective_calibration/features/fullqp/schedule_s1p0/step_1000/normal/video_17_qp4.transitions.csv,c7236c05bcf8825a262e10dffb447dd7ba2f1f6e00b68082d15c32741569e4df,415960,"[4, 6, 4, 5, 4, 5, 4, 5, 4, 6, 4, 5, 4, 5, 4, 5, 4, 6, 4, 5, 4, 5, 4, 5, 4, 6, 4, 5, 4, 5, 4, 5]",0.12,6,20.20268440246582,0.0507139409892261,0.0037980029082973488,0.0024222613210440613,Mean absolute RGB horizontal/vertical first-difference change
82564,82564,20641.0,0.009954185956790124,619.23,30.0,32,32,31,0.07918428885750473,0.08212983421981335,28.67685146360759,0.947277344763279,0.9457052554935217,0.11184594155319276,28.67685146360759,"[1920, 1088]","[1920, 1080]",1,False,,0.23803937435150146,0f0c0e2358ceec024230154da4777ed5c444a8382af1ec9d7165f3d7886141cf,0f0c0e2358ceec024230154da4777ed5c444a8382af1ec9d7165f3d7886141cf,f719b6ddc9dda3e277a5df262b00e5749427ea87997b90f072a274bf58d15a38,True,True,True,82564,/Huang_group/zyyz/Projects/GVC-RT/experiments/gvcrt_neural_wrapper_v6_2_objective_calibration/bitstreams/fullqp/schedule_s1p0/step_1000/normal/video_17_qp6.bin,364e46e25d34ed73f851febd945309c09a8d160b72b1ec1be52f1a2ec98ebcd2,/Huang_group/zyyz/Projects/GVC-RT/experiments/gvcrt_neural_wrapper_v6_2_objective_calibration/features/fullqp/schedule_s1p0/step_1000/normal/video_17_qp6.npz,5b4a2ce6dea114727f105d5e1d33c62215b05b6f37f47e0954c4e6cb3997a118,"{'bridge': '7394950d15fd97433ae4b017e4681bfc80143eb889910a34ed17b625ba08bcc9', 'generator': '97bf13e3c9e3693dc36e38e80ad0520349b58ba0320151a2fe2abcf43523b3ef'}",fullqp_schedule_v1,schedule_s1p0,1000,normal,normal,schedule_s1p0,6,6,17,36ea3b40-3e2a-4b43-8c7c-1dd4e8e36ed4,e84bcc98f9220f1384057a414102febfba61b2d3dd26d6ca88dd473652ad811a,e89f90b64b3059de94a7f19ac3ed48b1ac18dba37e108d91fc0954f04f823253,/Huang_group/zyyz/Projects/GVC-RT/experiments/gvcrt_neural_wrapper_v6_2_objective_calibration/branches/schedule_s1p0/checkpoints/step_1000.pt,fe63a6f00ca6bae59b23c8683146dbe64b6be67c1463a552af851bbfc31e9cba,/Huang_group/zyyz/Projects/GVC-RT/experiments/gvcrt_neural_wrapper_v6_2_objective_calibration/parts/fullqp/schedule_s1p0/step_1000/normal/video_17_qp6.frames.csv,ec5f3dfadc3102fd7066660709916742707c24a3ae88560b22a80bdaffe28b59,/Huang_group/zyyz/Projects/GVC-RT/experiments/gvcrt_neural_wrapper_v6_2_objective_calibration/features/fullqp/schedule_s1p0/step_1000/normal/video_17_qp6.transitions.csv,29a05a2dcc115e7a8c524beb98d20d2204363ebb94a5981019ace13f18d029cd,660512,"[6, 8, 6, 7, 6, 7, 6, 7, 6, 8, 6, 7, 6, 7, 6, 7, 6, 8, 6, 7, 6, 7, 6, 7, 6, 8, 6, 7, 6, 7, 6, 7]",0.12,6,20.076215267181396,0.0507139409892261,0.0037980029082973488,0.0024222613210440613,Mean absolute RGB horizontal/vertical first-difference change
126176,126176,31544.0,0.015212191358024691,946.32,30.0,32,32,31,0.06896475586108863,0.07654975727200508,29.22410758340687,0.9529109504073858,0.9535446707159281,0.09645135075815263,29.22410758340687,"[1920, 1088]","[1920, 1080]",1,False,,0.23803937435150146,0f0c0e2358ceec024230154da4777ed5c444a8382af1ec9d7165f3d7886141cf,0f0c0e2358ceec024230154da4777ed5c444a8382af1ec9d7165f3d7886141cf,393d6a8998ba1be2baf0d9c83ceea89b4f6bb61b35ae9ec63e3be09957b72e34,True,True,True,126176,/Huang_group/zyyz/Projects/GVC-RT/experiments/gvcrt_neural_wrapper_v6_2_objective_calibration/bitstreams/fullqp/schedule_s1p0/step_1000/normal/video_17_qp8.bin,1c3ee91189700f0284da6fb5f1e0df98f032ec0d9ef62b5af246945e5f334838,/Huang_group/zyyz/Projects/GVC-RT/experiments/gvcrt_neural_wrapper_v6_2_objective_calibration/features/fullqp/schedule_s1p0/step_1000/normal/video_17_qp8.npz,28cf6883179b11f94f66a9133b875f85b831800ccb026c82e8248860ea4d90e4,"{'bridge': '7394950d15fd97433ae4b017e4681bfc80143eb889910a34ed17b625ba08bcc9', 'generator': '97bf13e3c9e3693dc36e38e80ad0520349b58ba0320151a2fe2abcf43523b3ef'}",fullqp_schedule_v1,schedule_s1p0,1000,normal,normal,schedule_s1p0,8,8,17,36ea3b40-3e2a-4b43-8c7c-1dd4e8e36ed4,e84bcc98f9220f1384057a414102febfba61b2d3dd26d6ca88dd473652ad811a,e89f90b64b3059de94a7f19ac3ed48b1ac18dba37e108d91fc0954f04f823253,/Huang_group/zyyz/Projects/GVC-RT/experiments/gvcrt_neural_wrapper_v6_2_objective_calibration/branches/schedule_s1p0/checkpoints/step_1000.pt,fe63a6f00ca6bae59b23c8683146dbe64b6be67c1463a552af851bbfc31e9cba,/Huang_group/zyyz/Projects/GVC-RT/experiments/gvcrt_neural_wrapper_v6_2_objective_calibration/parts/fullqp/schedule_s1p0/step_1000/normal/video_17_qp8.frames.csv,eb1ccd60a42efa6fe9bebf798e10aea7e770c681669332f386d578ce85a25a47,/Huang_group/zyyz/Projects/GVC-RT/experiments/gvcrt_neural_wrapper_v6_2_objective_calibration/features/fullqp/schedule_s1p0/step_1000/normal/video_17_qp8.transitions.csv,6c223338a2eed954cc5c38cdd12487708b9b9efc72a6d57ae547ebae234a1c08,1009408,"[8, 10, 8, 9, 8, 9, 8, 9, 8, 10, 8, 9, 8, 9, 8, 9, 8, 10, 8, 9, 8, 9, 8, 9, 8, 10, 8, 9, 8, 9, 8, 9]",0.12,6,20.289748191833496,0.0507139409892261,0.0037980029082973488,0.0024222613210440613,Mean absolute RGB horizontal/vertical first-difference change
153387,153387,38346.75,0.018492838541666667,1150.4025,30.0,32,32,31,0.06530362670309842,0.07399383932352066,29.486607092309875,0.9554551653563976,0.9565723296254873,0.09041353026705404,29.486607092309875,"[1920, 1088]","[1920, 1080]",1,False,,0.23803937435150146,0f0c0e2358ceec024230154da4777ed5c444a8382af1ec9d7165f3d7886141cf,0f0c0e2358ceec024230154da4777ed5c444a8382af1ec9d7165f3d7886141cf,bea904302553a1a9174afaa7998853ebe125183b3a5b157d095fe3e6b5af64a8,True,True,True,153387,/Huang_group/zyyz/Projects/GVC-RT/experiments/gvcrt_neural_wrapper_v6_2_objective_calibration/bitstreams/fullqp/schedule_s1p0/step_1000/normal/video_17_qp9.bin,280dc77bcf912c7befdfa14b7cf749a4f9d26de24a7ec31fe388c6be67c8d201,/Huang_group/zyyz/Projects/GVC-RT/experiments/gvcrt_neural_wrapper_v6_2_objective_calibration/features/fullqp/schedule_s1p0/step_1000/normal/video_17_qp9.npz,c3971f746b0f4ced8f231910043be8fa8b9d1a0263ef12a134d39d61dfed5e25,"{'bridge': '7394950d15fd97433ae4b017e4681bfc80143eb889910a34ed17b625ba08bcc9', 'generator': '97bf13e3c9e3693dc36e38e80ad0520349b58ba0320151a2fe2abcf43523b3ef'}",fullqp_schedule_v1,schedule_s1p0,1000,normal,normal,schedule_s1p0,9,9,17,36ea3b40-3e2a-4b43-8c7c-1dd4e8e36ed4,e84bcc98f9220f1384057a414102febfba61b2d3dd26d6ca88dd473652ad811a,e89f90b64b3059de94a7f19ac3ed48b1ac18dba37e108d91fc0954f04f823253,/Huang_group/zyyz/Projects/GVC-RT/experiments/gvcrt_neural_wrapper_v6_2_objective_calibration/branches/schedule_s1p0/checkpoints/step_1000.pt,fe63a6f00ca6bae59b23c8683146dbe64b6be67c1463a552af851bbfc31e9cba,/Huang_group/zyyz/Projects/GVC-RT/experiments/gvcrt_neural_wrapper_v6_2_objective_calibration/parts/fullqp/schedule_s1p0/step_1000/normal/video_17_qp9.frames.csv,3535c10fe6195749a7ecb0d7c67c2cb4f68c9cbcaf9645e71ee4880a6f405a72,/Huang_group/zyyz/Projects/GVC-RT/experiments/gvcrt_neural_wrapper_v6_2_objective_calibration/features/fullqp/schedule_s1p0/step_1000/normal/video_17_qp9.transitions.csv,1a59a71d9d2e46a0d023550f7cb22166821d8ba0a9d8f1eb2b31a54e09bb3a67,1227096,"[9, 11, 9, 10, 9, 10, 9, 10, 9, 11, 9, 10, 9, 10, 9, 10, 9, 11, 9, 10, 9, 10, 9, 10, 9, 11, 9, 10, 9, 10, 9, 10]",0.12,6,20.216411590576172,0.0507139409892261,0.0037980029082973488,0.0024222613210440613,Mean absolute RGB horizontal/vertical first-difference change
9885,9885,2471.25,0.0011917679398148148,74.1375,30.0,32,32,31,0.1966170626692474,0.13099775649607182,23.080863535244976,0.9500128496438265,0.7869376298040152,0.20601007150065515,23.080863535244976,"[1920, 1088]","[1920, 1080]",1,False,,0.2297162413597107,0f0c0e2358ceec024230154da4777ed5c444a8382af1ec9d7165f3d7886141cf,0f0c0e2358ceec024230154da4777ed5c444a8382af1ec9d7165f3d7886141cf,708abf58501f6e266dcad4dd134afbb6a9af3abe52ea5caa811a05fb87230d1d,True,True,True,9885,/Huang_group/zyyz/Projects/GVC-RT/experiments/gvcrt_neural_wrapper_v6_2_objective_calibration/bitstreams/fullqp/schedule_s1p0/step_1000/normal/video_18_qp0.bin,b48a288493214e618c17c186bfa24c0b920301c2bb7636060cd0d014454def1c,/Huang_group/zyyz/Projects/GVC-RT/experiments/gvcrt_neural_wrapper_v6_2_objective_calibration/features/fullqp/schedule_s1p0/step_1000/normal/video_18_qp0.npz,388dc2bdb2d36de66f3b3884de4a43fcb0b7ba72a037eaaf049e0e40f9c614dc,"{'bridge': '7394950d15fd97433ae4b017e4681bfc80143eb889910a34ed17b625ba08bcc9', 'generator': '97bf13e3c9e3693dc36e38e80ad0520349b58ba0320151a2fe2abcf43523b3ef'}",fullqp_schedule_v1,schedule_s1p0,1000,normal,normal,schedule_s1p0,0,0,18,46bd300e-b455-42ed-a00c-9f043f59573e,6bd244d66e05d40d699e66f929f33a2608ac5e83d6c83f7c6d33a52151f66643,212be9753638a6181f5a0737c7f3fd10c98b74d817c4fe0d6f0521739c86b178,/Huang_group/zyyz/Projects/GVC-RT/experiments/gvcrt_neural_wrapper_v6_2_objective_calibration/branches/schedule_s1p0/checkpoints/step_1000.pt,fe63a6f00ca6bae59b23c8683146dbe64b6be67c1463a552af851bbfc31e9cba,/Huang_group/zyyz/Projects/GVC-RT/experiments/gvcrt_neural_wrapper_v6_2_objective_calibration/parts/fullqp/schedule_s1p0/step_1000/normal/video_18_qp0.frames.csv,b717744180912bef346f0a24b9007b78ac6ea755a60e27bf9d1b0ce9b56ed82c,/Huang_group/zyyz/Projects/GVC-RT/experiments/gvcrt_neural_wrapper_v6_2_objective_calibration/features/fullqp/schedule_s1p0/step_1000/normal/video_18_qp0.transitions.csv,6d51e1f586fd98f004e32b6b6ca1f8865fa1ef23ae9986d6fc8deef1baff53d1,79080,"[0, 2, 0, 1, 0, 1, 0, 1, 0, 2, 0, 1, 0, 1, 0, 1, 0, 2, 0, 1, 0, 1, 0, 1, 0, 2, 0, 1, 0, 1, 0, 1]",0.12,4,20.18382716178894,0.055996536975726485,0.005036964066675864,0.004776189889525995,Mean absolute RGB horizontal/vertical first-difference change
15544,15544,3886.0,0.0018740354938271604,116.58,30.0,32,32,31,0.1654309844598174,0.11959904804825783,23.770391315576866,0.95674929022789,0.820754574611783,0.16160313040018082,23.770391315576866,"[1920, 1088]","[1920, 1080]",1,False,,0.2297162413597107,0f0c0e2358ceec024230154da4777ed5c444a8382af1ec9d7165f3d7886141cf,0f0c0e2358ceec024230154da4777ed5c444a8382af1ec9d7165f3d7886141cf,8fd49a83c15a4406426caef722e194dbc0af8affecc3d07bb49b3bb24a4cf333,True,True,True,15544,/Huang_group/zyyz/Projects/GVC-RT/experiments/gvcrt_neural_wrapper_v6_2_objective_calibration/bitstreams/fullqp/schedule_s1p0/step_1000/normal/video_18_qp2.bin,aa748345c2307e8ada0fa5bc437a6e21af22016f5e4bb3e44143986124c8b9a6,/Huang_group/zyyz/Projects/GVC-RT/experiments/gvcrt_neural_wrapper_v6_2_objective_calibration/features/fullqp/schedule_s1p0/step_1000/normal/video_18_qp2.npz,8edfd922685b85f0ff6b59b293431219a2e0bf2b05f01cee7a07f933a6c995e5,"{'bridge': '7394950d15fd97433ae4b017e4681bfc80143eb889910a34ed17b625ba08bcc9', 'generator': '97bf13e3c9e3693dc36e38e80ad0520349b58ba0320151a2fe2abcf43523b3ef'}",fullqp_schedule_v1,schedule_s1p0,1000,normal,normal,schedule_s1p0,2,2,18,46bd300e-b455-42ed-a00c-9f043f59573e,6bd244d66e05d40d699e66f929f33a2608ac5e83d6c83f7c6d33a52151f66643,212be9753638a6181f5a0737c7f3fd10c98b74d817c4fe0d6f0521739c86b178,/Huang_group/zyyz/Projects/GVC-RT/experiments/gvcrt_neural_wrapper_v6_2_objective_calibration/branches/schedule_s1p0/checkpoints/step_1000.pt,fe63a6f00ca6bae59b23c8683146dbe64b6be67c1463a552af851bbfc31e9cba,/Huang_group/zyyz/Projects/GVC-RT/experiments/gvcrt_neural_wrapper_v6_2_objective_calibration/parts/fullqp/schedule_s1p0/step_1000/normal/video_18_qp2.frames.csv,3390aa362ce8405a04a23160c04445565daa5d70818c0d88b7f985d9b19ec74c,/Huang_group/zyyz/Projects/GVC-RT/experiments/gvcrt_neural_wrapper_v6_2_objective_calibration/features/fullqp/schedule_s1p0/step_1000/normal/video_18_qp2.transitions.csv,5ed9190b4a7fe3a6fa672dadc48bf67ffb7bb6da48a27f6ba2bf8f7662feb980,124352,"[2, 4, 2, 3, 2, 3, 2, 3, 2, 4, 2, 3, 2, 3, 2, 3, 2, 4, 2, 3, 2, 3, 2, 3, 2, 4, 2, 3, 2, 3, 2, 3]",0.12,4,20.236116647720337,0.055996536975726485,0.005036964066675864,0.004776189889525995,Mean absolute RGB horizontal/vertical first-difference change
26533,26533,6633.25,0.003198905285493827,198.9975,30.0,32,32,31,0.14351534424349666,0.1230582594871521,24.23940900546753,0.9609458651393652,0.8458057455718517,0.13914336768850202,24.23940900546753,"[1920, 1088]","[1920, 1080]",1,False,,0.2297162413597107,0f0c0e2358ceec024230154da4777ed5c444a8382af1ec9d7165f3d7886141cf,0f0c0e2358ceec024230154da4777ed5c444a8382af1ec9d7165f3d7886141cf,db5bac483e89af697671c9de6c608c61b03437fc3a53c16f18f87247999b7533,True,True,True,26533,/Huang_group/zyyz/Projects/GVC-RT/experiments/gvcrt_neural_wrapper_v6_2_objective_calibration/bitstreams/fullqp/schedule_s1p0/step_1000/normal/video_18_qp4.bin,a2c008e3bc296bcee3c0a017e57087c01dd592eb62b1f2ebe9ba2eeb4f179253,/Huang_group/zyyz/Projects/GVC-RT/experiments/gvcrt_neural_wrapper_v6_2_objective_calibration/features/fullqp/schedule_s1p0/step_1000/normal/video_18_qp4.npz,a5d6c25cd1df815270cae6198d3d8b65ccc40464a3af6e3e5b68fad13d17ddba,"{'bridge': '7394950d15fd97433ae4b017e4681bfc80143eb889910a34ed17b625ba08bcc9', 'generator': '97bf13e3c9e3693dc36e38e80ad0520349b58ba0320151a2fe2abcf43523b3ef'}",fullqp_schedule_v1,schedule_s1p0,1000,normal,normal,schedule_s1p0,4,4,18,46bd300e-b455-42ed-a00c-9f043f59573e,6bd244d66e05d40d699e66f929f33a2608ac5e83d6c83f7c6d33a52151f66643,212be9753638a6181f5a0737c7f3fd10c98b74d817c4fe0d6f0521739c86b178,/Huang_group/zyyz/Projects/GVC-RT/experiments/gvcrt_neural_wrapper_v6_2_objective_calibration/branches/schedule_s1p0/checkpoints/step_1000.pt,fe63a6f00ca6bae59b23c8683146dbe64b6be67c1463a552af851bbfc31e9cba,/Huang_group/zyyz/Projects/GVC-RT/experiments/gvcrt_neural_wrapper_v6_2_objective_calibration/parts/fullqp/schedule_s1p0/step_1000/normal/video_18_qp4.frames.csv,75118492f7044fce43780588ef81654c90325a9aee26a089fb1d3a173acb8b9e,/Huang_group/zyyz/Projects/GVC-RT/experiments/gvcrt_neural_wrapper_v6_2_objective_calibration/features/fullqp/schedule_s1p0/step_1000/normal/video_18_qp4.transitions.csv,54af25b61bad84ce2c07f32083baaff0eb48c89950aa2a4d05904cdfa9ffa64f,212264,"[4, 6, 4, 5, 4, 5, 4, 5, 4, 6, 4, 5, 4, 5, 4, 5, 4, 6, 4, 5, 4, 5, 4, 5, 4, 6, 4, 5, 4, 5, 4, 5]",0.12,4,20.226828813552856,0.055996536975726485,0.005036964066675864,0.004776189889525995,Mean absolute RGB horizontal/vertical first-difference change
43625,43625,10906.25,0.005259572723765432,327.1875,30.0,32,32,31,0.13017891999334097,0.11241091415286064,24.645684222428123,0.9643132947385311,0.8668451029807329,0.12239920323894869,24.645684222428123,"[1920, 1088]","[1920, 1080]",1,False,,0.2297162413597107,0f0c0e2358ceec024230154da4777ed5c444a8382af1ec9d7165f3d7886141cf,0f0c0e2358ceec024230154da4777ed5c444a8382af1ec9d7165f3d7886141cf,ff3acf94c648ca73edf14f9da09af9aa763f73471c181a4f85ea9fa260d3c573,True,True,True,43625,/Huang_group/zyyz/Projects/GVC-RT/experiments/gvcrt_neural_wrapper_v6_2_objective_calibration/bitstreams/fullqp/schedule_s1p0/step_1000/normal/video_18_qp6.bin,0986afa784103dfa2a7ffe8431a9b7ac96d6772fe871a03de4ccc37731d36fc8,/Huang_group/zyyz/Projects/GVC-RT/experiments/gvcrt_neural_wrapper_v6_2_objective_calibration/features/fullqp/schedule_s1p0/step_1000/normal/video_18_qp6.npz,88ca482581df8281051bfe60cce47748886de6c641c5c79e588b0b1722a7ba33,"{'bridge': '7394950d15fd97433ae4b017e4681bfc80143eb889910a34ed17b625ba08bcc9', 'generator': '97bf13e3c9e3693dc36e38e80ad0520349b58ba0320151a2fe2abcf43523b3ef'}",fullqp_schedule_v1,schedule_s1p0,1000,normal,normal,schedule_s1p0,6,6,18,46bd300e-b455-42ed-a00c-9f043f59573e,6bd244d66e05d40d699e66f929f33a2608ac5e83d6c83f7c6d33a52151f66643,212be9753638a6181f5a0737c7f3fd10c98b74d817c4fe0d6f0521739c86b178,/Huang_group/zyyz/Projects/GVC-RT/experiments/gvcrt_neural_wrapper_v6_2_objective_calibration/branches/schedule_s1p0/checkpoints/step_1000.pt,fe63a6f00ca6bae59b23c8683146dbe64b6be67c1463a552af851bbfc31e9cba,/Huang_group/zyyz/Projects/GVC-RT/experiments/gvcrt_neural_wrapper_v6_2_objective_calibration/parts/fullqp/schedule_s1p0/step_1000/normal/video_18_qp6.frames.csv,dca38316ccbbb63c63688acb18c6b01b05e5c9bbf14ad2c869fd53c21c4ba521,/Huang_group/zyyz/Projects/GVC-RT/experiments/gvcrt_neural_wrapper_v6_2_objective_calibration/features/fullqp/schedule_s1p0/step_1000/normal/video_18_qp6.transitions.csv,aa917434ef04ad0d931ad2d94b3e0423e1501e8b01c7d53fc0500616826ba76e,349000,"[6, 8, 6, 7, 6, 7, 6, 7, 6, 8, 6, 7, 6, 7, 6, 7, 6, 8, 6, 7, 6, 7, 6, 7, 6, 8, 6, 7, 6, 7, 6, 7]",0.12,4,20.26401400566101,0.055996536975726485,0.005036964066675864,0.004776189889525995,Mean absolute RGB horizontal/vertical first-difference change
69783,69783,17445.75,0.008413266782407407,523.3725,30.0,32,32,31,0.1195499855093658,0.10214124619960785,24.909440733466166,0.966316832229495,0.8810076396912336,0.11116693144844424,24.909440733466166,"[1920, 1088]","[1920, 1080]",1,False,,0.2297162413597107,0f0c0e2358ceec024230154da4777ed5c444a8382af1ec9d7165f3d7886141cf,0f0c0e2358ceec024230154da4777ed5c444a8382af1ec9d7165f3d7886141cf,681170c499d7679ffe7d9416e52680a249b95f2ecd3f961fc61e1c3c4e7ea2da,True,True,True,69783,/Huang_group/zyyz/Projects/GVC-RT/experiments/gvcrt_neural_wrapper_v6_2_objective_calibration/bitstreams/fullqp/schedule_s1p0/step_1000/normal/video_18_qp8.bin,f2702ff649fac79f34780703c9b3876452f04a03498d0c34d9a2e95b01cd6c47,/Huang_group/zyyz/Projects/GVC-RT/experiments/gvcrt_neural_wrapper_v6_2_objective_calibration/features/fullqp/schedule_s1p0/step_1000/normal/video_18_qp8.npz,4b4a9ac037a40dba4cf40875eb87c97248a01eac64aacf2fd3825d5041272413,"{'bridge': '7394950d15fd97433ae4b017e4681bfc80143eb889910a34ed17b625ba08bcc9', 'generator': '97bf13e3c9e3693dc36e38e80ad0520349b58ba0320151a2fe2abcf43523b3ef'}",fullqp_schedule_v1,schedule_s1p0,1000,normal,normal,schedule_s1p0,8,8,18,46bd300e-b455-42ed-a00c-9f043f59573e,6bd244d66e05d40d699e66f929f33a2608ac5e83d6c83f7c6d33a52151f66643,212be9753638a6181f5a0737c7f3fd10c98b74d817c4fe0d6f0521739c86b178,/Huang_group/zyyz/Projects/GVC-RT/experiments/gvcrt_neural_wrapper_v6_2_objective_calibration/branches/schedule_s1p0/checkpoints/step_1000.pt,fe63a6f00ca6bae59b23c8683146dbe64b6be67c1463a552af851bbfc31e9cba,/Huang_group/zyyz/Projects/GVC-RT/experiments/gvcrt_neural_wrapper_v6_2_objective_calibration/parts/fullqp/schedule_s1p0/step_1000/normal/video_18_qp8.frames.csv,b157f70e30b23b192b9766c29f0f2dfa483f4b009109005af7929474c9ed6626,/Huang_group/zyyz/Projects/GVC-RT/experiments/gvcrt_neural_wrapper_v6_2_objective_calibration/features/fullqp/schedule_s1p0/step_1000/normal/video_18_qp8.transitions.csv,cd53914146b747f58ed72086b8049e220ada29100b805a3c37b87e3cfcbaaa72,558264,"[8, 10, 8, 9, 8, 9, 8, 9, 8, 10, 8, 9, 8, 9, 8, 9, 8, 10, 8, 9, 8, 9, 8, 9, 8, 10, 8, 9, 8, 9, 8, 9]",0.12,4,21.591731309890747,0.055996536975726485,0.005036964066675864,0.004776189889525995,Mean absolute RGB horizontal/vertical first-difference change
86225,86225,21556.25,0.010395568094135802,646.6875,30.0,32,32,31,0.11519145895726979,0.09955874644219875,25.00947884287416,0.967044573277235,0.8858581725507975,0.10633562012545524,25.00947884287416,"[1920, 1088]","[1920, 1080]",1,False,,0.2297162413597107,0f0c0e2358ceec024230154da4777ed5c444a8382af1ec9d7165f3d7886141cf,0f0c0e2358ceec024230154da4777ed5c444a8382af1ec9d7165f3d7886141cf,b0f98dee7d5a5eae5e38023ee3345f6e9dd9db96ea7d58568fd3950d9dc19423,True,True,True,86225,/Huang_group/zyyz/Projects/GVC-RT/experiments/gvcrt_neural_wrapper_v6_2_objective_calibration/bitstreams/fullqp/schedule_s1p0/step_1000/normal/video_18_qp9.bin,b45bf5df547ba17adc0db0da731118242edf88c36eb82f54a4a43d95a5d5afe0,/Huang_group/zyyz/Projects/GVC-RT/experiments/gvcrt_neural_wrapper_v6_2_objective_calibration/features/fullqp/schedule_s1p0/step_1000/normal/video_18_qp9.npz,ada76187e3609c09a59f2e5c18fbf08ab28a663da19db5899c18efff3926e25a,"{'bridge': '7394950d15fd97433ae4b017e4681bfc80143eb889910a34ed17b625ba08bcc9', 'generator': '97bf13e3c9e3693dc36e38e80ad0520349b58ba0320151a2fe2abcf43523b3ef'}",fullqp_schedule_v1,schedule_s1p0,1000,normal,normal,schedule_s1p0,9,9,18,46bd300e-b455-42ed-a00c-9f043f59573e,6bd244d66e05d40d699e66f929f33a2608ac5e83d6c83f7c6d33a52151f66643,212be9753638a6181f5a0737c7f3fd10c98b74d817c4fe0d6f0521739c86b178,/Huang_group/zyyz/Projects/GVC-RT/experiments/gvcrt_neural_wrapper_v6_2_objective_calibration/branches/schedule_s1p0/checkpoints/step_1000.pt,fe63a6f00ca6bae59b23c8683146dbe64b6be67c1463a552af851bbfc31e9cba,/Huang_group/zyyz/Projects/GVC-RT/experiments/gvcrt_neural_wrapper_v6_2_objective_calibration/parts/fullqp/schedule_s1p0/step_1000/normal/video_18_qp9.frames.csv,3861d56f3103e7a349a9c4ce987fa92eeea3f2c259bbc9bbb831d5c0ecc0d93f,/Huang_group/zyyz/Projects/GVC-RT/experiments/gvcrt_neural_wrapper_v6_2_objective_calibration/features/fullqp/schedule_s1p0/step_1000/normal/video_18_qp9.transitions.csv,9521af6efe6b1ff3d7f27b2a786c8c8db487b04943044e0ca4fc56d86de2e084,689800,"[9, 11, 9, 10, 9, 10, 9, 10, 9, 11, 9, 10, 9, 10, 9, 10, 9, 11, 9, 10, 9, 10, 9, 10, 9, 11, 9, 10, 9, 10, 9, 10]",0.12,4,20.637205839157104,0.055996536975726485,0.005036964066675864,0.004776189889525995,Mean absolute RGB horizontal/vertical first-difference change
15364,15364,3841.0,0.0020838758680555556,115.11488511488511,29.97002997002997,32,32,31,0.09019066067412496,0.07353484258055687,26.588503871196373,0.9840221460908651,0.9476912077516317,0.13994334373743303,26.588503871196373,"[1920, 960]","[1920, 960]",1,False,,0.3529411554336548,0f0c0e2358ceec024230154da4777ed5c444a8382af1ec9d7165f3d7886141cf,0f0c0e2358ceec024230154da4777ed5c444a8382af1ec9d7165f3d7886141cf,0190d7beb597dac46409eb02ad16e99497f1f424686b29ee3cf41fb711603c4f,True,True,True,15364,/Huang_group/zyyz/Projects/GVC-RT/experiments/gvcrt_neural_wrapper_v6_2_objective_calibration/bitstreams/fullqp/schedule_s1p0/step_1000/normal/video_19_qp0.bin,3bb2ae3b4846f49721a6bc33bf8aa784a84bf84e2e8e2a61af75a476740b3fcc,/Huang_group/zyyz/Projects/GVC-RT/experiments/gvcrt_neural_wrapper_v6_2_objective_calibration/features/fullqp/schedule_s1p0/step_1000/normal/video_19_qp0.npz,b5cea65e3c9c3eff25f2b5b0092bb652c61e2843a5589fab05344fed4e0fce51,"{'bridge': '7394950d15fd97433ae4b017e4681bfc80143eb889910a34ed17b625ba08bcc9', 'generator': '97bf13e3c9e3693dc36e38e80ad0520349b58ba0320151a2fe2abcf43523b3ef'}",fullqp_schedule_v1,schedule_s1p0,1000,normal,normal,schedule_s1p0,0,0,19,c94832de-6f32-4565-be05-b248d5a1f66c,ebab0556611cbbe67868a8278ffde6fbb9e8cb75637112bd6f417713528ccf3b,38e33dfdf727beaf09908aa93227855c5a7d17d885bcc6914520e92344754013,/Huang_group/zyyz/Projects/GVC-RT/experiments/gvcrt_neural_wrapper_v6_2_objective_calibration/branches/schedule_s1p0/checkpoints/step_1000.pt,fe63a6f00ca6bae59b23c8683146dbe64b6be67c1463a552af851bbfc31e9cba,/Huang_group/zyyz/Projects/GVC-RT/experiments/gvcrt_neural_wrapper_v6_2_objective_calibration/parts/fullqp/schedule_s1p0/step_1000/normal/video_19_qp0.frames.csv,0abe96624076c9a5c033ea0701e0e327ac7b2e9c0633beba767c7f3f0ae9628f,/Huang_group/zyyz/Projects/GVC-RT/experiments/gvcrt_neural_wrapper_v6_2_objective_calibration/features/fullqp/schedule_s1p0/step_1000/normal/video_19_qp0.transitions.csv,6b794a5f1a526b9f6f831c12bd0e6aaed9b87697c62db6601b74df486ef6ca61,122912,"[0, 2, 0, 1, 0, 1, 0, 1, 0, 2, 0, 1, 0, 1, 0, 1, 0, 2, 0, 1, 0, 1, 0, 1, 0, 2, 0, 1, 0, 1, 0, 1]",0.12,6,18.930455207824707,0.05889767990447581,0.005001169280149043,0.001852229379437631,Mean absolute RGB horizontal/vertical first-difference change
22482,22482,5620.5,0.00304931640625,168.44655344655345,29.97002997002997,32,32,31,0.06950579409021884,0.061121661216020584,27.49336832586505,0.9869101867079735,0.9594736192375422,0.10584293954795407,27.49336832586505,"[1920, 960]","[1920, 960]",1,False,,0.3529411554336548,0f0c0e2358ceec024230154da4777ed5c444a8382af1ec9d7165f3d7886141cf,0f0c0e2358ceec024230154da4777ed5c444a8382af1ec9d7165f3d7886141cf,0b06a9c4a00dbd517a4440945713d77ef99906d5f8384fe4a29fdc880cd03bd6,True,True,True,22482,/Huang_group/zyyz/Projects/GVC-RT/experiments/gvcrt_neural_wrapper_v6_2_objective_calibration/bitstreams/fullqp/schedule_s1p0/step_1000/normal/video_19_qp2.bin,fd4d02f11ca0eeeeb9aaf8722f19cb9f2e996e1e59951686bc638d21993c1e62,/Huang_group/zyyz/Projects/GVC-RT/experiments/gvcrt_neural_wrapper_v6_2_objective_calibration/features/fullqp/schedule_s1p0/step_1000/normal/video_19_qp2.npz,7bd46ef53d23282937c7c776fbf034b8b917bd79d8eb6586fca5dcfd25a3b9da,"{'bridge': '7394950d15fd97433ae4b017e4681bfc80143eb889910a34ed17b625ba08bcc9', 'generator': '97bf13e3c9e3693dc36e38e80ad0520349b58ba0320151a2fe2abcf43523b3ef'}",fullqp_schedule_v1,schedule_s1p0,1000,normal,normal,schedule_s1p0,2,2,19,c94832de-6f32-4565-be05-b248d5a1f66c,ebab0556611cbbe67868a8278ffde6fbb9e8cb75637112bd6f417713528ccf3b,38e33dfdf727beaf09908aa93227855c5a7d17d885bcc6914520e92344754013,/Huang_group/zyyz/Projects/GVC-RT/experiments/gvcrt_neural_wrapper_v6_2_objective_calibration/branches/schedule_s1p0/checkpoints/step_1000.pt,fe63a6f00ca6bae59b23c8683146dbe64b6be67c1463a552af851bbfc31e9cba,/Huang_group/zyyz/Projects/GVC-RT/experiments/gvcrt_neural_wrapper_v6_2_objective_calibration/parts/fullqp/schedule_s1p0/step_1000/normal/video_19_qp2.frames.csv,0b4fadde7078e787a03a0d4de052bac1f6f0773ec7311100503c405447305ddf,/Huang_group/zyyz/Projects/GVC-RT/experiments/gvcrt_neural_wrapper_v6_2_objective_calibration/features/fullqp/schedule_s1p0/step_1000/normal/video_19_qp2.transitions.csv,88acb0985687ee2e36855b48d354ab484fa22e358a4193760c4485ba65e8f31d,179856,"[2, 4, 2, 3, 2, 3, 2, 3, 2, 4, 2, 3, 2, 3, 2, 3, 2, 4, 2, 3, 2, 3, 2, 3, 2, 4, 2, 3, 2, 3, 2, 3]",0.12,6,18.756004095077515,0.05889767990447581,0.005001169280149043,0.001852229379437631,Mean absolute RGB horizontal/vertical first-difference change
33087,33087,8271.75,0.004487711588541667,247.9045954045954,29.97002997002997,32,32,31,0.055907483445480466,0.05320238880813122,28.24927552707849,0.9889119919389486,0.9675808753818274,0.08149937287934365,28.24927552707849,"[1920, 960]","[1920, 960]",1,False,,0.3529411554336548,0f0c0e2358ceec024230154da4777ed5c444a8382af1ec9d7165f3d7886141cf,0f0c0e2358ceec024230154da4777ed5c444a8382af1ec9d7165f3d7886141cf,3ed7c2870162e7b4c7b83cdcd28b016acc168171cc6639ff94b540e9f68c1060,True,True,True,33087,/Huang_group/zyyz/Projects/GVC-RT/experiments/gvcrt_neural_wrapper_v6_2_objective_calibration/bitstreams/fullqp/schedule_s1p0/step_1000/normal/video_19_qp4.bin,35f97abfcea4e7d0d3fcfbfad9469e70584f0a0d510c847ea4a516246397e279,/Huang_group/zyyz/Projects/GVC-RT/experiments/gvcrt_neural_wrapper_v6_2_objective_calibration/features/fullqp/schedule_s1p0/step_1000/normal/video_19_qp4.npz,7652dee1f1433df2a1d502775e26c34ed7c4e2be6cb0e6ef0353db5f691d691b,"{'bridge': '7394950d15fd97433ae4b017e4681bfc80143eb889910a34ed17b625ba08bcc9', 'generator': '97bf13e3c9e3693dc36e38e80ad0520349b58ba0320151a2fe2abcf43523b3ef'}",fullqp_schedule_v1,schedule_s1p0,1000,normal,normal,schedule_s1p0,4,4,19,c94832de-6f32-4565-be05-b248d5a1f66c,ebab0556611cbbe67868a8278ffde6fbb9e8cb75637112bd6f417713528ccf3b,38e33dfdf727beaf09908aa93227855c5a7d17d885bcc6914520e92344754013,/Huang_group/zyyz/Projects/GVC-RT/experiments/gvcrt_neural_wrapper_v6_2_objective_calibration/branches/schedule_s1p0/checkpoints/step_1000.pt,fe63a6f00ca6bae59b23c8683146dbe64b6be67c1463a552af851bbfc31e9cba,/Huang_group/zyyz/Projects/GVC-RT/experiments/gvcrt_neural_wrapper_v6_2_objective_calibration/parts/fullqp/schedule_s1p0/step_1000/normal/video_19_qp4.frames.csv,2b602c13c1f771bb87a7ce2ca20b185eec9b08960a45ab4712f99f4404fcc0a2,/Huang_group/zyyz/Projects/GVC-RT/experiments/gvcrt_neural_wrapper_v6_2_objective_calibration/features/fullqp/schedule_s1p0/step_1000/normal/video_19_qp4.transitions.csv,f204bf18934db56163d55c1704cd98ab072acf51ef7f4c9435aeef86d174159f,264696,"[4, 6, 4, 5, 4, 5, 4, 5, 4, 6, 4, 5, 4, 5, 4, 5, 4, 6, 4, 5, 4, 5, 4, 5, 4, 6, 4, 5, 4, 5, 4, 5]",0.12,6,18.833935022354126,0.05889767990447581,0.005001169280149043,0.001852229379437631,Mean absolute RGB horizontal/vertical first-difference change
47510,47510,11877.5,0.006443956163194445,355.969030969031,29.97002997002997,32,32,31,0.047851526411250234,0.04695042036473751,28.71697121847003,0.9899939075112343,0.9722351785749197,0.06758767883143117,28.71697121847003,"[1920, 960]","[1920, 960]",1,False,,0.3529411554336548,0f0c0e2358ceec024230154da4777ed5c444a8382af1ec9d7165f3d7886141cf,0f0c0e2358ceec024230154da4777ed5c444a8382af1ec9d7165f3d7886141cf,ea7404086ec685ec1961ec9dfdb61f80d09e9b6bfaac38ac2436f210c53624f7,True,True,True,47510,/Huang_group/zyyz/Projects/GVC-RT/experiments/gvcrt_neural_wrapper_v6_2_objective_calibration/bitstreams/fullqp/schedule_s1p0/step_1000/normal/video_19_qp6.bin,2b75407a934b504001c9487fc68b929047c767d689ee05fd6afed04c60a74556,/Huang_group/zyyz/Projects/GVC-RT/experiments/gvcrt_neural_wrapper_v6_2_objective_calibration/features/fullqp/schedule_s1p0/step_1000/normal/video_19_qp6.npz,5932fdad865c81d69d4a6586ea66f2322dcc03a0efd96e472d106cf12a587b1c,"{'bridge': '7394950d15fd97433ae4b017e4681bfc80143eb889910a34ed17b625ba08bcc9', 'generator': '97bf13e3c9e3693dc36e38e80ad0520349b58ba0320151a2fe2abcf43523b3ef'}",fullqp_schedule_v1,schedule_s1p0,1000,normal,normal,schedule_s1p0,6,6,19,c94832de-6f32-4565-be05-b248d5a1f66c,ebab0556611cbbe67868a8278ffde6fbb9e8cb75637112bd6f417713528ccf3b,38e33dfdf727beaf09908aa93227855c5a7d17d885bcc6914520e92344754013,/Huang_group/zyyz/Projects/GVC-RT/experiments/gvcrt_neural_wrapper_v6_2_objective_calibration/branches/schedule_s1p0/checkpoints/step_1000.pt,fe63a6f00ca6bae59b23c8683146dbe64b6be67c1463a552af851bbfc31e9cba,/Huang_group/zyyz/Projects/GVC-RT/experiments/gvcrt_neural_wrapper_v6_2_objective_calibration/parts/fullqp/schedule_s1p0/step_1000/normal/video_19_qp6.frames.csv,891ed0647edfa69a0ea44eb36caec268cd3dd83e4985114e615ee3c98162c8eb,/Huang_group/zyyz/Projects/GVC-RT/experiments/gvcrt_neural_wrapper_v6_2_objective_calibration/features/fullqp/schedule_s1p0/step_1000/normal/video_19_qp6.transitions.csv,dd9dda2d67bf0170420262abf5f6da95795350ef06aca602c7e74d555d25842f,380080,"[6, 8, 6, 7, 6, 7, 6, 7, 6, 8, 6, 7, 6, 7, 6, 7, 6, 8, 6, 7, 6, 7, 6, 7, 6, 8, 6, 7, 6, 7, 6, 7]",0.12,6,18.805734395980835,0.05889767990447581,0.005001169280149043,0.001852229379437631,Mean absolute RGB horizontal/vertical first-difference change
68155,68155,17038.75,0.009244113498263888,510.6518481518481,29.97002997002997,32,32,31,0.042861729860305786,0.04320278577506542,29.02515146863575,0.9906412176787853,0.9751698058098555,0.06085370961696871,29.02515146863575,"[1920, 960]","[1920, 960]",1,False,,0.3529411554336548,0f0c0e2358ceec024230154da4777ed5c444a8382af1ec9d7165f3d7886141cf,0f0c0e2358ceec024230154da4777ed5c444a8382af1ec9d7165f3d7886141cf,aa1e000d477695d17944f6ccf89a2589ee6b39e0bc0aa8f40fc77cfdc1b3f75f,True,True,True,68155,/Huang_group/zyyz/Projects/GVC-RT/experiments/gvcrt_neural_wrapper_v6_2_objective_calibration/bitstreams/fullqp/schedule_s1p0/step_1000/normal/video_19_qp8.bin,756a928d36959554337b2eeb04a985cd6f380f352810a231dc8f97819817468d,/Huang_group/zyyz/Projects/GVC-RT/experiments/gvcrt_neural_wrapper_v6_2_objective_calibration/features/fullqp/schedule_s1p0/step_1000/normal/video_19_qp8.npz,35dcdf93ba783099d99a931f3f6d3c633d5534116e0a77379a0179d334fe7056,"{'bridge': '7394950d15fd97433ae4b017e4681bfc80143eb889910a34ed17b625ba08bcc9', 'generator': '97bf13e3c9e3693dc36e38e80ad0520349b58ba0320151a2fe2abcf43523b3ef'}",fullqp_schedule_v1,schedule_s1p0,1000,normal,normal,schedule_s1p0,8,8,19,c94832de-6f32-4565-be05-b248d5a1f66c,ebab0556611cbbe67868a8278ffde6fbb9e8cb75637112bd6f417713528ccf3b,38e33dfdf727beaf09908aa93227855c5a7d17d885bcc6914520e92344754013,/Huang_group/zyyz/Projects/GVC-RT/experiments/gvcrt_neural_wrapper_v6_2_objective_calibration/branches/schedule_s1p0/checkpoints/step_1000.pt,fe63a6f00ca6bae59b23c8683146dbe64b6be67c1463a552af851bbfc31e9cba,/Huang_group/zyyz/Projects/GVC-RT/experiments/gvcrt_neural_wrapper_v6_2_objective_calibration/parts/fullqp/schedule_s1p0/step_1000/normal/video_19_qp8.frames.csv,450cd522ca2f5553b1949ade08f2eb4d17a70ba8c2cc6c88d8780839a2e4c431,/Huang_group/zyyz/Projects/GVC-RT/experiments/gvcrt_neural_wrapper_v6_2_objective_calibration/features/fullqp/schedule_s1p0/step_1000/normal/video_19_qp8.transitions.csv,f280c1de2a3702271f55320106eecc94333517b282289034bd82549dfa9b6571,545240,"[8, 10, 8, 9, 8, 9, 8, 9, 8, 10, 8, 9, 8, 9, 8, 9, 8, 10, 8, 9, 8, 9, 8, 9, 8, 10, 8, 9, 8, 9, 8, 9]",0.12,6,18.73211359977722,0.05889767990447581,0.005001169280149043,0.001852229379437631,Mean absolute RGB horizontal/vertical first-difference change
81055,81055,20263.75,0.010993787977430556,607.3051948051948,29.97002997002997,32,32,31,0.04158361547160894,0.04151143506169319,29.13372828151425,0.9908629823476076,0.9762807115912437,0.059554660873066996,29.13372828151425,"[1920, 960]","[1920, 960]",1,False,,0.3529411554336548,0f0c0e2358ceec024230154da4777ed5c444a8382af1ec9d7165f3d7886141cf,0f0c0e2358ceec024230154da4777ed5c444a8382af1ec9d7165f3d7886141cf,3d790ea8616c2cc1c7d863b849350c51b2ba19548483e0ea16eb465b3df21f55,True,True,True,81055,/Huang_group/zyyz/Projects/GVC-RT/experiments/gvcrt_neural_wrapper_v6_2_objective_calibration/bitstreams/fullqp/schedule_s1p0/step_1000/normal/video_19_qp9.bin,eae872e8e17c4381f80e7f7b821788eb1c653a19ddf088814f88157c56e061dd,/Huang_group/zyyz/Projects/GVC-RT/experiments/gvcrt_neural_wrapper_v6_2_objective_calibration/features/fullqp/schedule_s1p0/step_1000/normal/video_19_qp9.npz,9289192463ce8f7680995980d7c9217a547579faee47752f715221d904501338,"{'bridge': '7394950d15fd97433ae4b017e4681bfc80143eb889910a34ed17b625ba08bcc9', 'generator': '97bf13e3c9e3693dc36e38e80ad0520349b58ba0320151a2fe2abcf43523b3ef'}",fullqp_schedule_v1,schedule_s1p0,1000,normal,normal,schedule_s1p0,9,9,19,c94832de-6f32-4565-be05-b248d5a1f66c,ebab0556611cbbe67868a8278ffde6fbb9e8cb75637112bd6f417713528ccf3b,38e33dfdf727beaf09908aa93227855c5a7d17d885bcc6914520e92344754013,/Huang_group/zyyz/Projects/GVC-RT/experiments/gvcrt_neural_wrapper_v6_2_objective_calibration/branches/schedule_s1p0/checkpoints/step_1000.pt,fe63a6f00ca6bae59b23c8683146dbe64b6be67c1463a552af851bbfc31e9cba,/Huang_group/zyyz/Projects/GVC-RT/experiments/gvcrt_neural_wrapper_v6_2_objective_calibration/parts/fullqp/schedule_s1p0/step_1000/normal/video_19_qp9.frames.csv,6b1a991822df332cb033e45b0568aef64f7678103bc810c90011f2fa6c57b8eb,/Huang_group/zyyz/Projects/GVC-RT/experiments/gvcrt_neural_wrapper_v6_2_objective_calibration/features/fullqp/schedule_s1p0/step_1000/normal/video_19_qp9.transitions.csv,ebb4a317d2bb580bc85a6578640ec87fc4a9939329a707fcbe67fc96d5c7d756,648440,"[9, 11, 9, 10, 9, 10, 9, 10, 9, 11, 9, 10, 9, 10, 9, 10, 9, 11, 9, 10, 9, 10, 9, 10, 9, 11, 9, 10, 9, 10, 9, 10]",0.12,6,18.879775762557983,0.05889767990447581,0.005001169280149043,0.001852229379437631,Mean absolute RGB horizontal/vertical first-difference change
11910,11910,2977.5,0.0014359085648148148,89.325,30.0,32,32,31,0.08032793225720525,0.12318438477814198,21.515895452306225,0.9671009108424187,0.9221874345093966,0.08520193085555107,21.515895452306225,"[1920, 1088]","[1920, 1080]",1,False,,0.3901432752609253,0f0c0e2358ceec024230154da4777ed5c444a8382af1ec9d7165f3d7886141cf,0f0c0e2358ceec024230154da4777ed5c444a8382af1ec9d7165f3d7886141cf,422e026cfbf6aa46c41e2e3a863b9bb0f333cc35fc0100bda4c27bd34de21d2f,True,True,True,11910,/Huang_group/zyyz/Projects/GVC-RT/experiments/gvcrt_neural_wrapper_v6_2_objective_calibration/bitstreams/fullqp/schedule_s1p0/step_1000/normal/video_20_qp0.bin,41000f0d75642183f8d305b987532c64cf1f63638c10b9ce680e12a863c12e58,/Huang_group/zyyz/Projects/GVC-RT/experiments/gvcrt_neural_wrapper_v6_2_objective_calibration/features/fullqp/schedule_s1p0/step_1000/normal/video_20_qp0.npz,aa9f13f0fb088c44d26a9c9db6c73a825ae4ddac3527bc5f1d3ee456d0ee2161,"{'bridge': '7394950d15fd97433ae4b017e4681bfc80143eb889910a34ed17b625ba08bcc9', 'generator': '97bf13e3c9e3693dc36e38e80ad0520349b58ba0320151a2fe2abcf43523b3ef'}",fullqp_schedule_v1,schedule_s1p0,1000,normal,normal,schedule_s1p0,0,0,20,27ff8729-bd1a-43a3-b053-2c36ee18e1fa,d6d297b09f6755e80343940b48b1999bc3300698922e2dfb7b5441160a5e8a52,862ee7bf8542258c6603fcef3eb6badd5011220f9111376c01b928350cd08366,/Huang_group/zyyz/Projects/GVC-RT/experiments/gvcrt_neural_wrapper_v6_2_objective_calibration/branches/schedule_s1p0/checkpoints/step_1000.pt,fe63a6f00ca6bae59b23c8683146dbe64b6be67c1463a552af851bbfc31e9cba,/Huang_group/zyyz/Projects/GVC-RT/experiments/gvcrt_neural_wrapper_v6_2_objective_calibration/parts/fullqp/schedule_s1p0/step_1000/normal/video_20_qp0.frames.csv,b9a2a49c5c94e5d34e01690dffeff9992559fb91863c4d7f0be0a472de441172,/Huang_group/zyyz/Projects/GVC-RT/experiments/gvcrt_neural_wrapper_v6_2_objective_calibration/features/fullqp/schedule_s1p0/step_1000/normal/video_20_qp0.transitions.csv,edc3ea80e3a77e6349368cdb7dd3c510158771e1d54a3eee762fdd81fe208fa7,95280,"[0, 2, 0, 1, 0, 1, 0, 1, 0, 2, 0, 1, 0, 1, 0, 1, 0, 2, 0, 1, 0, 1, 0, 1, 0, 2, 0, 1, 0, 1, 0, 1]",0.12,4,20.243412017822266,0.07647220557555556,0.009232777199940756,0.0032302335021086037,Mean absolute RGB horizontal/vertical first-difference change
17413,17413,4353.25,0.00209936824845679,130.5975,30.0,32,32,31,0.0684267058968544,0.10376936756074429,22.342137230642656,0.9727341830730438,0.9346310291439295,0.0676185360118266,22.342137230642656,"[1920, 1088]","[1920, 1080]",1,False,,0.3901432752609253,0f0c0e2358ceec024230154da4777ed5c444a8382af1ec9d7165f3d7886141cf,0f0c0e2358ceec024230154da4777ed5c444a8382af1ec9d7165f3d7886141cf,04b295e553db06fb08df765715d0218c2649f8994991dfb276b0b6e8c2c8df3f,True,True,True,17413,/Huang_group/zyyz/Projects/GVC-RT/experiments/gvcrt_neural_wrapper_v6_2_objective_calibration/bitstreams/fullqp/schedule_s1p0/step_1000/normal/video_20_qp2.bin,951dfde7912b0f25264047c7d40e160227a7b495230877e90895014e10519ecd,/Huang_group/zyyz/Projects/GVC-RT/experiments/gvcrt_neural_wrapper_v6_2_objective_calibration/features/fullqp/schedule_s1p0/step_1000/normal/video_20_qp2.npz,266ae638ff4d96e42e84a42f983a4cdc90efb128020e0243cf8d4487e4b87909,"{'bridge': '7394950d15fd97433ae4b017e4681bfc80143eb889910a34ed17b625ba08bcc9', 'generator': '97bf13e3c9e3693dc36e38e80ad0520349b58ba0320151a2fe2abcf43523b3ef'}",fullqp_schedule_v1,schedule_s1p0,1000,normal,normal,schedule_s1p0,2,2,20,27ff8729-bd1a-43a3-b053-2c36ee18e1fa,d6d297b09f6755e80343940b48b1999bc3300698922e2dfb7b5441160a5e8a52,862ee7bf8542258c6603fcef3eb6badd5011220f9111376c01b928350cd08366,/Huang_group/zyyz/Projects/GVC-RT/experiments/gvcrt_neural_wrapper_v6_2_objective_calibration/branches/schedule_s1p0/checkpoints/step_1000.pt,fe63a6f00ca6bae59b23c8683146dbe64b6be67c1463a552af851bbfc31e9cba,/Huang_group/zyyz/Projects/GVC-RT/experiments/gvcrt_neural_wrapper_v6_2_objective_calibration/parts/fullqp/schedule_s1p0/step_1000/normal/video_20_qp2.frames.csv,5077a4e18cfb84ea76bddc320f4b9931a756642f7e51a6fdd4cfc7ed8bfe7ae6,/Huang_group/zyyz/Projects/GVC-RT/experiments/gvcrt_neural_wrapper_v6_2_objective_calibration/features/fullqp/schedule_s1p0/step_1000/normal/video_20_qp2.transitions.csv,ba297c91bb50004411f0832c97a99c4aeea689beaaf3ee15369e993a6ab2215b,139304,"[2, 4, 2, 3, 2, 3, 2, 3, 2, 4, 2, 3, 2, 3, 2, 3, 2, 4, 2, 3, 2, 3, 2, 3, 2, 4, 2, 3, 2, 3, 2, 3]",0.12,4,20.341156482696533,0.07647220557555556,0.009232777199940756,0.0032302335021086037,Mean absolute RGB horizontal/vertical first-difference change
25871,25871,6467.75,0.003119092399691358,194.0325,30.0,32,32,31,0.05944948736578226,0.09589890390634537,23.05791677701286,0.9766990561038256,0.9451357889920473,0.05460193320628135,23.05791677701286,"[1920, 1088]","[1920, 1080]",1,False,,0.3901432752609253,0f0c0e2358ceec024230154da4777ed5c444a8382af1ec9d7165f3d7886141cf,0f0c0e2358ceec024230154da4777ed5c444a8382af1ec9d7165f3d7886141cf,92ce7e09bdd6f17610303cf231fb2543ef3f2cb021dc1e4d85c98854db008440,True,True,True,25871,/Huang_group/zyyz/Projects/GVC-RT/experiments/gvcrt_neural_wrapper_v6_2_objective_calibration/bitstreams/fullqp/schedule_s1p0/step_1000/normal/video_20_qp4.bin,92474c9b2eb57a9dcabdf00e0201b02dff113fc42d9ca040c820a66830b028be,/Huang_group/zyyz/Projects/GVC-RT/experiments/gvcrt_neural_wrapper_v6_2_objective_calibration/features/fullqp/schedule_s1p0/step_1000/normal/video_20_qp4.npz,5c626c8efc3413381dc54eb6b752555b57805f8f213e76b2ae9e4c38fba0751c,"{'bridge': '7394950d15fd97433ae4b017e4681bfc80143eb889910a34ed17b625ba08bcc9', 'generator': '97bf13e3c9e3693dc36e38e80ad0520349b58ba0320151a2fe2abcf43523b3ef'}",fullqp_schedule_v1,schedule_s1p0,1000,normal,normal,schedule_s1p0,4,4,20,27ff8729-bd1a-43a3-b053-2c36ee18e1fa,d6d297b09f6755e80343940b48b1999bc3300698922e2dfb7b5441160a5e8a52,862ee7bf8542258c6603fcef3eb6badd5011220f9111376c01b928350cd08366,/Huang_group/zyyz/Projects/GVC-RT/experiments/gvcrt_neural_wrapper_v6_2_objective_calibration/branches/schedule_s1p0/checkpoints/step_1000.pt,fe63a6f00ca6bae59b23c8683146dbe64b6be67c1463a552af851bbfc31e9cba,/Huang_group/zyyz/Projects/GVC-RT/experiments/gvcrt_neural_wrapper_v6_2_objective_calibration/parts/fullqp/schedule_s1p0/step_1000/normal/video_20_qp4.frames.csv,8b1bddb670b3f0df689636d31307d52bc4591d3051bfda7f456f8998109d260a,/Huang_group/zyyz/Projects/GVC-RT/experiments/gvcrt_neural_wrapper_v6_2_objective_calibration/features/fullqp/schedule_s1p0/step_1000/normal/video_20_qp4.transitions.csv,88576f73f88167e5d7d83d8b29034df6e71d24aa784f76c5569793c9921e6e2d,206968,"[4, 6, 4, 5, 4, 5, 4, 5, 4, 6, 4, 5, 4, 5, 4, 5, 4, 6, 4, 5, 4, 5, 4, 5, 4, 6, 4, 5, 4, 5, 4, 5]",0.12,4,20.153737783432007,0.07647220557555556,0.009232777199940756,0.0032302335021086037,Mean absolute RGB horizontal/vertical first-difference change
38585,38585,9646.25,0.004651933834876543,289.3875,30.0,32,32,31,0.05342374520841986,0.0888888482004404,23.512002907750414,0.9789403136819601,0.9512587897479534,0.04621348001303211,23.512002907750414,"[1920, 1088]","[1920, 1080]",1,False,,0.3901432752609253,0f0c0e2358ceec024230154da4777ed5c444a8382af1ec9d7165f3d7886141cf,0f0c0e2358ceec024230154da4777ed5c444a8382af1ec9d7165f3d7886141cf,de0b16939773a3335ab2196b49c819a0c4f5ecb89718185992b5c47aa07ded38,True,True,True,38585,/Huang_group/zyyz/Projects/GVC-RT/experiments/gvcrt_neural_wrapper_v6_2_objective_calibration/bitstreams/fullqp/schedule_s1p0/step_1000/normal/video_20_qp6.bin,fcdf0a8e2fa1ffd8252e43f8000960a492a4c18659cb51deffbb3cbd53258de9,/Huang_group/zyyz/Projects/GVC-RT/experiments/gvcrt_neural_wrapper_v6_2_objective_calibration/features/fullqp/schedule_s1p0/step_1000/normal/video_20_qp6.npz,36f601f7d5973e53f04da402c6e25388daff3e3c9b6634009f78e3e5f10c006e,"{'bridge': '7394950d15fd97433ae4b017e4681bfc80143eb889910a34ed17b625ba08bcc9', 'generator': '97bf13e3c9e3693dc36e38e80ad0520349b58ba0320151a2fe2abcf43523b3ef'}",fullqp_schedule_v1,schedule_s1p0,1000,normal,normal,schedule_s1p0,6,6,20,27ff8729-bd1a-43a3-b053-2c36ee18e1fa,d6d297b09f6755e80343940b48b1999bc3300698922e2dfb7b5441160a5e8a52,862ee7bf8542258c6603fcef3eb6badd5011220f9111376c01b928350cd08366,/Huang_group/zyyz/Projects/GVC-RT/experiments/gvcrt_neural_wrapper_v6_2_objective_calibration/branches/schedule_s1p0/checkpoints/step_1000.pt,fe63a6f00ca6bae59b23c8683146dbe64b6be67c1463a552af851bbfc31e9cba,/Huang_group/zyyz/Projects/GVC-RT/experiments/gvcrt_neural_wrapper_v6_2_objective_calibration/parts/fullqp/schedule_s1p0/step_1000/normal/video_20_qp6.frames.csv,a19d496a00b90eef9545da378535d7b741c51cd55d971d93f903e87db0b68e02,/Huang_group/zyyz/Projects/GVC-RT/experiments/gvcrt_neural_wrapper_v6_2_objective_calibration/features/fullqp/schedule_s1p0/step_1000/normal/video_20_qp6.transitions.csv,bf4b611c2f589f887e06b64dc8ad1d0097feb9bde89f4b76d63ec10f18c42733,308680,"[6, 8, 6, 7, 6, 7, 6, 7, 6, 8, 6, 7, 6, 7, 6, 7, 6, 8, 6, 7, 6, 7, 6, 7, 6, 8, 6, 7, 6, 7, 6, 7]",0.12,4,20.292065858840942,0.07647220557555556,0.009232777199940756,0.0032302335021086037,Mean absolute RGB horizontal/vertical first-difference change
58369,58369,14592.25,0.007037157600308642,437.7675,30.0,32,32,31,0.050370671204291284,0.08550701290369034,23.797407928094998,0.9802487343549728,0.9546809867024422,0.04299851975614025,23.797407928094998,"[1920, 1088]","[1920, 1080]",1,False,,0.3901432752609253,0f0c0e2358ceec024230154da4777ed5c444a8382af1ec9d7165f3d7886141cf,0f0c0e2358ceec024230154da4777ed5c444a8382af1ec9d7165f3d7886141cf,38e91dec75f58aa38904a798bc18394865f87564365261367dc8a1874887bbdc,True,True,True,58369,/Huang_group/zyyz/Projects/GVC-RT/experiments/gvcrt_neural_wrapper_v6_2_objective_calibration/bitstreams/fullqp/schedule_s1p0/step_1000/normal/video_20_qp8.bin,ac11ecd587b773c64242d75a3b4c82b706aeed4b25b7c3d379b313a882b83b9e,/Huang_group/zyyz/Projects/GVC-RT/experiments/gvcrt_neural_wrapper_v6_2_objective_calibration/features/fullqp/schedule_s1p0/step_1000/normal/video_20_qp8.npz,ac783012b52f2f9dfedd14ee0f1cefbcdc48e6d9a41efb860496c39f14fd2501,"{'bridge': '7394950d15fd97433ae4b017e4681bfc80143eb889910a34ed17b625ba08bcc9', 'generator': '97bf13e3c9e3693dc36e38e80ad0520349b58ba0320151a2fe2abcf43523b3ef'}",fullqp_schedule_v1,schedule_s1p0,1000,normal,normal,schedule_s1p0,8,8,20,27ff8729-bd1a-43a3-b053-2c36ee18e1fa,d6d297b09f6755e80343940b48b1999bc3300698922e2dfb7b5441160a5e8a52,862ee7bf8542258c6603fcef3eb6badd5011220f9111376c01b928350cd08366,/Huang_group/zyyz/Projects/GVC-RT/experiments/gvcrt_neural_wrapper_v6_2_objective_calibration/branches/schedule_s1p0/checkpoints/step_1000.pt,fe63a6f00ca6bae59b23c8683146dbe64b6be67c1463a552af851bbfc31e9cba,/Huang_group/zyyz/Projects/GVC-RT/experiments/gvcrt_neural_wrapper_v6_2_objective_calibration/parts/fullqp/schedule_s1p0/step_1000/normal/video_20_qp8.frames.csv,7218816fe319c2d2ab1567331b01233cb5e50cc95b9e887c631aa152018595e4,/Huang_group/zyyz/Projects/GVC-RT/experiments/gvcrt_neural_wrapper_v6_2_objective_calibration/features/fullqp/schedule_s1p0/step_1000/normal/video_20_qp8.transitions.csv,9c0b0c865e145a2cf3928b295f497ca783fffee799620d4791d36a1e3dd827f5,466952,"[8, 10, 8, 9, 8, 9, 8, 9, 8, 10, 8, 9, 8, 9, 8, 9, 8, 10, 8, 9, 8, 9, 8, 9, 8, 10, 8, 9, 8, 9, 8, 9]",0.12,4,20.428504705429077,0.07647220557555556,0.009232777199940756,0.0032302335021086037,Mean absolute RGB horizontal/vertical first-difference change
71697,71697,17924.25,0.00864402488425926,537.7275,30.0,32,32,31,0.049155378132127225,0.08344524167478085,23.91094320441702,0.9807359464466572,0.9561215247958899,0.0409251329519095,23.91094320441702,"[1920, 1088]","[1920, 1080]",1,False,,0.3901432752609253,0f0c0e2358ceec024230154da4777ed5c444a8382af1ec9d7165f3d7886141cf,0f0c0e2358ceec024230154da4777ed5c444a8382af1ec9d7165f3d7886141cf,59db50d4609d9495b1d04328620f4008f93f544224d29b31ba4be47e5554d4fb,True,True,True,71697,/Huang_group/zyyz/Projects/GVC-RT/experiments/gvcrt_neural_wrapper_v6_2_objective_calibration/bitstreams/fullqp/schedule_s1p0/step_1000/normal/video_20_qp9.bin,d06850abaa48cf5c8f7d24523fbf6eb13080cf60a559f52745115580f6bd0ddc,/Huang_group/zyyz/Projects/GVC-RT/experiments/gvcrt_neural_wrapper_v6_2_objective_calibration/features/fullqp/schedule_s1p0/step_1000/normal/video_20_qp9.npz,5bcc0f2e8483c7ea6732c354a5565a65bc59ce3c391f7747e29bcfc50781c4a7,"{'bridge': '7394950d15fd97433ae4b017e4681bfc80143eb889910a34ed17b625ba08bcc9', 'generator': '97bf13e3c9e3693dc36e38e80ad0520349b58ba0320151a2fe2abcf43523b3ef'}",fullqp_schedule_v1,schedule_s1p0,1000,normal,normal,schedule_s1p0,9,9,20,27ff8729-bd1a-43a3-b053-2c36ee18e1fa,d6d297b09f6755e80343940b48b1999bc3300698922e2dfb7b5441160a5e8a52,862ee7bf8542258c6603fcef3eb6badd5011220f9111376c01b928350cd08366,/Huang_group/zyyz/Projects/GVC-RT/experiments/gvcrt_neural_wrapper_v6_2_objective_calibration/branches/schedule_s1p0/checkpoints/step_1000.pt,fe63a6f00ca6bae59b23c8683146dbe64b6be67c1463a552af851bbfc31e9cba,/Huang_group/zyyz/Projects/GVC-RT/experiments/gvcrt_neural_wrapper_v6_2_objective_calibration/parts/fullqp/schedule_s1p0/step_1000/normal/video_20_qp9.frames.csv,16d6a199ce7ad3ea56eb48a956f23d35f707413254d483fd6cb397db01aa7d67,/Huang_group/zyyz/Projects/GVC-RT/experiments/gvcrt_neural_wrapper_v6_2_objective_calibration/features/fullqp/schedule_s1p0/step_1000/normal/video_20_qp9.transitions.csv,fe87d8129ee37b0356abd77758c32903af4fb67a19000c026dc221e71436b64c,573576,"[9, 11, 9, 10, 9, 10, 9, 10, 9, 11, 9, 10, 9, 10, 9, 10, 9, 11, 9, 10, 9, 10, 9, 10, 9, 11, 9, 10, 9, 10, 9, 10]",0.12,4,20.210418939590454,0.07647220557555556,0.009232777199940756,0.0032302335021086037,Mean absolute RGB horizontal/vertical first-difference change
27388,27388,6847.0,0.0033019868827160494,205.41,30.0,32,32,31,0.21859666053205729,0.10927341133356094,24.062092562650335,0.9655636493116617,0.835340129211545,0.2186329307094697,24.062092562650335,"[1920, 1088]","[1920, 1080]",1,False,,0.3841889202594757,0f0c0e2358ceec024230154da4777ed5c444a8382af1ec9d7165f3d7886141cf,0f0c0e2358ceec024230154da4777ed5c444a8382af1ec9d7165f3d7886141cf,b86c4c26e9daf43ae57740163b08d52995935b60304cd2af7065e23b7f86bd72,True,True,True,27388,/Huang_group/zyyz/Projects/GVC-RT/experiments/gvcrt_neural_wrapper_v6_2_objective_calibration/bitstreams/fullqp/schedule_s1p0/step_1000/normal/video_21_qp0.bin,1609099eefb6affba4d8f9d66ecea25d53fb008e82a420658e6e69d6d89213bd,/Huang_group/zyyz/Projects/GVC-RT/experiments/gvcrt_neural_wrapper_v6_2_objective_calibration/features/fullqp/schedule_s1p0/step_1000/normal/video_21_qp0.npz,4079316a50df41341ec62be9d5cf7dd1b3a54abe27254eea05582e2946cda64d,"{'bridge': '7394950d15fd97433ae4b017e4681bfc80143eb889910a34ed17b625ba08bcc9', 'generator': '97bf13e3c9e3693dc36e38e80ad0520349b58ba0320151a2fe2abcf43523b3ef'}",fullqp_schedule_v1,schedule_s1p0,1000,normal,normal,schedule_s1p0,0,0,21,f4a1a666-e1f3-4447-a0b4-3fccc978e2c3,d18c666df5cf9d182dd0507422141fda00491d154c7a23ab956331be96dc2f12,0979944b5c16db65928b3cf37b4a589df8c8e1bb8f839b2e25ff27391b8c7ecf,/Huang_group/zyyz/Projects/GVC-RT/experiments/gvcrt_neural_wrapper_v6_2_objective_calibration/branches/schedule_s1p0/checkpoints/step_1000.pt,fe63a6f00ca6bae59b23c8683146dbe64b6be67c1463a552af851bbfc31e9cba,/Huang_group/zyyz/Projects/GVC-RT/experiments/gvcrt_neural_wrapper_v6_2_objective_calibration/parts/fullqp/schedule_s1p0/step_1000/normal/video_21_qp0.frames.csv,2cfc64320523c11fd4a8361aeaefced8954491fba12b5a7200ec87fcd45e5700,/Huang_group/zyyz/Projects/GVC-RT/experiments/gvcrt_neural_wrapper_v6_2_objective_calibration/features/fullqp/schedule_s1p0/step_1000/normal/video_21_qp0.transitions.csv,6c01b010fa9a319b49c798fd2f89588b5d63730c8429ea8eb890e2add77c44ac,219104,"[0, 2, 0, 1, 0, 1, 0, 1, 0, 2, 0, 1, 0, 1, 0, 1, 0, 2, 0, 1, 0, 1, 0, 1, 0, 2, 0, 1, 0, 1, 0, 1]",0.12,6,20.393359661102295,0.05194005626253784,0.004041766413138248,0.003558971991878934,Mean absolute RGB horizontal/vertical first-difference change
43858,43858,10964.5,0.005287663966049383,328.935,30.0,32,32,31,0.16547400783747435,0.09236820228397846,25.526024565932453,0.9747883677482605,0.8789080772548914,0.1604450282550627,25.526024565932453,"[1920, 1088]","[1920, 1080]",1,False,,0.3841889202594757,0f0c0e2358ceec024230154da4777ed5c444a8382af1ec9d7165f3d7886141cf,0f0c0e2358ceec024230154da4777ed5c444a8382af1ec9d7165f3d7886141cf,c1cd02651580b8e0c65bbd823fee51354958a3aa8ed8a0787f1984281d7478d6,True,True,True,43858,/Huang_group/zyyz/Projects/GVC-RT/experiments/gvcrt_neural_wrapper_v6_2_objective_calibration/bitstreams/fullqp/schedule_s1p0/step_1000/normal/video_21_qp2.bin,946acf5148f746a7b6497d9a5950fc3922d65869d499a083afc0ca80cdf0990c,/Huang_group/zyyz/Projects/GVC-RT/experiments/gvcrt_neural_wrapper_v6_2_objective_calibration/features/fullqp/schedule_s1p0/step_1000/normal/video_21_qp2.npz,920d6c6fafc66b5f9685571bc7b1dfd45f989e67c9bcc956b9ac58fb0a6e931a,"{'bridge': '7394950d15fd97433ae4b017e4681bfc80143eb889910a34ed17b625ba08bcc9', 'generator': '97bf13e3c9e3693dc36e38e80ad0520349b58ba0320151a2fe2abcf43523b3ef'}",fullqp_schedule_v1,schedule_s1p0,1000,normal,normal,schedule_s1p0,2,2,21,f4a1a666-e1f3-4447-a0b4-3fccc978e2c3,d18c666df5cf9d182dd0507422141fda00491d154c7a23ab956331be96dc2f12,0979944b5c16db65928b3cf37b4a589df8c8e1bb8f839b2e25ff27391b8c7ecf,/Huang_group/zyyz/Projects/GVC-RT/experiments/gvcrt_neural_wrapper_v6_2_objective_calibration/branches/schedule_s1p0/checkpoints/step_1000.pt,fe63a6f00ca6bae59b23c8683146dbe64b6be67c1463a552af851bbfc31e9cba,/Huang_group/zyyz/Projects/GVC-RT/experiments/gvcrt_neural_wrapper_v6_2_objective_calibration/parts/fullqp/schedule_s1p0/step_1000/normal/video_21_qp2.frames.csv,7203be8668a5ecfd98744ba319c81ea0a4bdbd113ab8d8ffe40d821dc9489786,/Huang_group/zyyz/Projects/GVC-RT/experiments/gvcrt_neural_wrapper_v6_2_objective_calibration/features/fullqp/schedule_s1p0/step_1000/normal/video_21_qp2.transitions.csv,9237c132128b79405e91aaa20db64de9d9cdd7a34ecc8f446be5a1eb2b802724,350864,"[2, 4, 2, 3, 2, 3, 2, 3, 2, 4, 2, 3, 2, 3, 2, 3, 2, 4, 2, 3, 2, 3, 2, 3, 2, 4, 2, 3, 2, 3, 2, 3]",0.12,6,20.3975772857666,0.05194005626253784,0.004041766413138248,0.003558971991878934,Mean absolute RGB horizontal/vertical first-difference change
66739,66739,16684.75,0.008046272183641975,500.5425,30.0,32,32,31,0.12944429041817784,0.08100702241063118,26.630309753652057,0.980152565985918,0.9073321893811226,0.12331298041728235,26.630309753652057,"[1920, 1088]","[1920, 1080]",1,False,,0.3841889202594757,0f0c0e2358ceec024230154da4777ed5c444a8382af1ec9d7165f3d7886141cf,0f0c0e2358ceec024230154da4777ed5c444a8382af1ec9d7165f3d7886141cf,cc0659322e00aa765663d376229a16eb57564500b98c100046120bfaa889e8d4,True,True,True,66739,/Huang_group/zyyz/Projects/GVC-RT/experiments/gvcrt_neural_wrapper_v6_2_objective_calibration/bitstreams/fullqp/schedule_s1p0/step_1000/normal/video_21_qp4.bin,baed429eb64d2b7cc01958fd110aa836f3e8ba6193bf1086986614c419597b86,/Huang_group/zyyz/Projects/GVC-RT/experiments/gvcrt_neural_wrapper_v6_2_objective_calibration/features/fullqp/schedule_s1p0/step_1000/normal/video_21_qp4.npz,122a4957bda85b24472246ff52d2863456e02e1dd1f77705fb71a30e16f7e7c1,"{'bridge': '7394950d15fd97433ae4b017e4681bfc80143eb889910a34ed17b625ba08bcc9', 'generator': '97bf13e3c9e3693dc36e38e80ad0520349b58ba0320151a2fe2abcf43523b3ef'}",fullqp_schedule_v1,schedule_s1p0,1000,normal,normal,schedule_s1p0,4,4,21,f4a1a666-e1f3-4447-a0b4-3fccc978e2c3,d18c666df5cf9d182dd0507422141fda00491d154c7a23ab956331be96dc2f12,0979944b5c16db65928b3cf37b4a589df8c8e1bb8f839b2e25ff27391b8c7ecf,/Huang_group/zyyz/Projects/GVC-RT/experiments/gvcrt_neural_wrapper_v6_2_objective_calibration/branches/schedule_s1p0/checkpoints/step_1000.pt,fe63a6f00ca6bae59b23c8683146dbe64b6be67c1463a552af851bbfc31e9cba,/Huang_group/zyyz/Projects/GVC-RT/experiments/gvcrt_neural_wrapper_v6_2_objective_calibration/parts/fullqp/schedule_s1p0/step_1000/normal/video_21_qp4.frames.csv,f96a0d9fb259df30095c3b36efc2c22d2e18846aca45b645653b3321258979ee,/Huang_group/zyyz/Projects/GVC-RT/experiments/gvcrt_neural_wrapper_v6_2_objective_calibration/features/fullqp/schedule_s1p0/step_1000/normal/video_21_qp4.transitions.csv,362faf1a9f114b18c331971b5dd15ce77732eed70d67b3774a49cc7e4088e8d9,533912,"[4, 6, 4, 5, 4, 5, 4, 5, 4, 6, 4, 5, 4, 5, 4, 5, 4, 6, 4, 5, 4, 5, 4, 5, 4, 6, 4, 5, 4, 5, 4, 5]",0.12,6,20.448760509490967,0.05194005626253784,0.004041766413138248,0.003558971991878934,Mean absolute RGB horizontal/vertical first-difference change
97621,97621,24405.25,0.011769507137345678,732.1575,30.0,32,32,31,0.10682068835012615,0.07263896986842155,27.46701713946909,0.983477545902133,0.9256568159908056,0.1002560156968332,27.46701713946909,"[1920, 1088]","[1920, 1080]",1,False,,0.3841889202594757,0f0c0e2358ceec024230154da4777ed5c444a8382af1ec9d7165f3d7886141cf,0f0c0e2358ceec024230154da4777ed5c444a8382af1ec9d7165f3d7886141cf,8607a5c6ffbf18c6e7aeeeef8a13dc92fffd30e0c7753a51258c877eaaf79500,True,True,True,97621,/Huang_group/zyyz/Projects/GVC-RT/experiments/gvcrt_neural_wrapper_v6_2_objective_calibration/bitstreams/fullqp/schedule_s1p0/step_1000/normal/video_21_qp6.bin,7edc4db8277da9901baef6f00fff0a12a616136d0a322115258f8a31ab020743,/Huang_group/zyyz/Projects/GVC-RT/experiments/gvcrt_neural_wrapper_v6_2_objective_calibration/features/fullqp/schedule_s1p0/step_1000/normal/video_21_qp6.npz,18fe1bb7613ffd44c32eeac0578e378343651efde17a17233b942a0013ee60d4,"{'bridge': '7394950d15fd97433ae4b017e4681bfc80143eb889910a34ed17b625ba08bcc9', 'generator': '97bf13e3c9e3693dc36e38e80ad0520349b58ba0320151a2fe2abcf43523b3ef'}",fullqp_schedule_v1,schedule_s1p0,1000,normal,normal,schedule_s1p0,6,6,21,f4a1a666-e1f3-4447-a0b4-3fccc978e2c3,d18c666df5cf9d182dd0507422141fda00491d154c7a23ab956331be96dc2f12,0979944b5c16db65928b3cf37b4a589df8c8e1bb8f839b2e25ff27391b8c7ecf,/Huang_group/zyyz/Projects/GVC-RT/experiments/gvcrt_neural_wrapper_v6_2_objective_calibration/branches/schedule_s1p0/checkpoints/step_1000.pt,fe63a6f00ca6bae59b23c8683146dbe64b6be67c1463a552af851bbfc31e9cba,/Huang_group/zyyz/Projects/GVC-RT/experiments/gvcrt_neural_wrapper_v6_2_objective_calibration/parts/fullqp/schedule_s1p0/step_1000/normal/video_21_qp6.frames.csv,18501d1bc4557b1a081751e4043984a80bd01fc1c0bb06ffe55b88cec8df519f,/Huang_group/zyyz/Projects/GVC-RT/experiments/gvcrt_neural_wrapper_v6_2_objective_calibration/features/fullqp/schedule_s1p0/step_1000/normal/video_21_qp6.transitions.csv,7549184b22332431a8b0e83635879cd97255de327f9ec7e11285370ca1d2cc48,780968,"[6, 8, 6, 7, 6, 7, 6, 7, 6, 8, 6, 7, 6, 7, 6, 7, 6, 8, 6, 7, 6, 7, 6, 7, 6, 8, 6, 7, 6, 7, 6, 7]",0.12,6,20.399919033050537,0.05194005626253784,0.004041766413138248,0.003558971991878934,Mean absolute RGB horizontal/vertical first-difference change
139150,139150,34787.5,0.01677637924382716,1043.625,30.0,32,32,31,0.09213787969201803,0.06630248762667179,28.074598556893783,0.9855386838316917,0.9373889118432999,0.08492190823439628,28.074598556893783,"[1920, 1088]","[1920, 1080]",1,False,,0.3841889202594757,0f0c0e2358ceec024230154da4777ed5c444a8382af1ec9d7165f3d7886141cf,0f0c0e2358ceec024230154da4777ed5c444a8382af1ec9d7165f3d7886141cf,77ab2897b47c9cec30ddeb76f198d0e4e64f9bc0cdc377504f8a2a31811b325e,True,True,True,139150,/Huang_group/zyyz/Projects/GVC-RT/experiments/gvcrt_neural_wrapper_v6_2_objective_calibration/bitstreams/fullqp/schedule_s1p0/step_1000/normal/video_21_qp8.bin,b51955aacd0f1f116909e4457645b509052e0e6b670ebfb9979923dff40a2158,/Huang_group/zyyz/Projects/GVC-RT/experiments/gvcrt_neural_wrapper_v6_2_objective_calibration/features/fullqp/schedule_s1p0/step_1000/normal/video_21_qp8.npz,57aba66472be3528c10e8bd1dc6b32aade2f5ab085d3b84a4a5a98721ea2837e,"{'bridge': '7394950d15fd97433ae4b017e4681bfc80143eb889910a34ed17b625ba08bcc9', 'generator': '97bf13e3c9e3693dc36e38e80ad0520349b58ba0320151a2fe2abcf43523b3ef'}",fullqp_schedule_v1,schedule_s1p0,1000,normal,normal,schedule_s1p0,8,8,21,f4a1a666-e1f3-4447-a0b4-3fccc978e2c3,d18c666df5cf9d182dd0507422141fda00491d154c7a23ab956331be96dc2f12,0979944b5c16db65928b3cf37b4a589df8c8e1bb8f839b2e25ff27391b8c7ecf,/Huang_group/zyyz/Projects/GVC-RT/experiments/gvcrt_neural_wrapper_v6_2_objective_calibration/branches/schedule_s1p0/checkpoints/step_1000.pt,fe63a6f00ca6bae59b23c8683146dbe64b6be67c1463a552af851bbfc31e9cba,/Huang_group/zyyz/Projects/GVC-RT/experiments/gvcrt_neural_wrapper_v6_2_objective_calibration/parts/fullqp/schedule_s1p0/step_1000/normal/video_21_qp8.frames.csv,67efaaeb4dde7efe8a298b21e39a80a13cf820ff41f21eaec8969baa783b5725,/Huang_group/zyyz/Projects/GVC-RT/experiments/gvcrt_neural_wrapper_v6_2_objective_calibration/features/fullqp/schedule_s1p0/step_1000/normal/video_21_qp8.transitions.csv,6a2804571054bbc259dc68eb149618b37d93574ce38d73ae17fc45946b6e9629,1113200,"[8, 10, 8, 9, 8, 9, 8, 9, 8, 10, 8, 9, 8, 9, 8, 9, 8, 10, 8, 9, 8, 9, 8, 9, 8, 10, 8, 9, 8, 9, 8, 9]",0.12,6,20.526938676834106,0.05194005626253784,0.004041766413138248,0.003558971991878934,Mean absolute RGB horizontal/vertical first-difference change
165172,165172,41293.0,0.019913676697530865,1238.79,30.0,32,32,31,0.08725216775201261,0.06474529206752777,28.314658589416425,0.9862860403954983,0.9413700494915247,0.0812544668874433,28.314658589416425,"[1920, 1088]","[1920, 1080]",1,False,,0.3841889202594757,0f0c0e2358ceec024230154da4777ed5c444a8382af1ec9d7165f3d7886141cf,0f0c0e2358ceec024230154da4777ed5c444a8382af1ec9d7165f3d7886141cf,2e7498828ff825b68ec66f7b6c9d86269d22ba8c95293df4d14d236573998368,True,True,True,165172,/Huang_group/zyyz/Projects/GVC-RT/experiments/gvcrt_neural_wrapper_v6_2_objective_calibration/bitstreams/fullqp/schedule_s1p0/step_1000/normal/video_21_qp9.bin,5f4a73f8f6b767ecf664299f00081aeef081b3ab6df3c8c8e79df9e87809c4b6,/Huang_group/zyyz/Projects/GVC-RT/experiments/gvcrt_neural_wrapper_v6_2_objective_calibration/features/fullqp/schedule_s1p0/step_1000/normal/video_21_qp9.npz,a4be3edceababb1a7c22cc0f626e1b1db79e8c951d00180e2eb87f682d24b35d,"{'bridge': '7394950d15fd97433ae4b017e4681bfc80143eb889910a34ed17b625ba08bcc9', 'generator': '97bf13e3c9e3693dc36e38e80ad0520349b58ba0320151a2fe2abcf43523b3ef'}",fullqp_schedule_v1,schedule_s1p0,1000,normal,normal,schedule_s1p0,9,9,21,f4a1a666-e1f3-4447-a0b4-3fccc978e2c3,d18c666df5cf9d182dd0507422141fda00491d154c7a23ab956331be96dc2f12,0979944b5c16db65928b3cf37b4a589df8c8e1bb8f839b2e25ff27391b8c7ecf,/Huang_group/zyyz/Projects/GVC-RT/experiments/gvcrt_neural_wrapper_v6_2_objective_calibration/branches/schedule_s1p0/checkpoints/step_1000.pt,fe63a6f00ca6bae59b23c8683146dbe64b6be67c1463a552af851bbfc31e9cba,/Huang_group/zyyz/Projects/GVC-RT/experiments/gvcrt_neural_wrapper_v6_2_objective_calibration/parts/fullqp/schedule_s1p0/step_1000/normal/video_21_qp9.frames.csv,60eb9463c9c9ad38ae02e6519ce0ecc5b85c2727f94fe13b8efef103746d305c,/Huang_group/zyyz/Projects/GVC-RT/experiments/gvcrt_neural_wrapper_v6_2_objective_calibration/features/fullqp/schedule_s1p0/step_1000/normal/video_21_qp9.transitions.csv,9560d944850f016a3d3048175f5dad48a0e24f582f16b11cd996d5759a345a0a,1321376,"[9, 11, 9, 10, 9, 10, 9, 10, 9, 11, 9, 10, 9, 10, 9, 10, 9, 11, 9, 10, 9, 10, 9, 10, 9, 11, 9, 10, 9, 10, 9, 10]",0.12,6,20.513627767562866,0.05194005626253784,0.004041766413138248,0.003558971991878934,Mean absolute RGB horizontal/vertical first-difference change
21364,21364,5341.0,0.002575713734567901,133.525,25.0,32,32,31,0.18762126099318266,0.07560364715754986,21.292958755822063,0.9363865293562412,0.7927511110901833,0.24910690899818175,21.292958755822063,"[1920, 1088]","[1920, 1080]",1,False,,0.5292620658874512,0f0c0e2358ceec024230154da4777ed5c444a8382af1ec9d7165f3d7886141cf,0f0c0e2358ceec024230154da4777ed5c444a8382af1ec9d7165f3d7886141cf,05f887cdb0447be23b2abc76be782fe0470d695b482bf2031b356144a5588673,True,True,True,21364,/Huang_group/zyyz/Projects/GVC-RT/experiments/gvcrt_neural_wrapper_v6_2_objective_calibration/bitstreams/fullqp/schedule_s1p0/step_1000/normal/video_22_qp0.bin,5400ad51fb33b08f50f349fb13eeadd0b608a1990203bcd3f38886a50fe4bc46,/Huang_group/zyyz/Projects/GVC-RT/experiments/gvcrt_neural_wrapper_v6_2_objective_calibration/features/fullqp/schedule_s1p0/step_1000/normal/video_22_qp0.npz,033f61fdca6a658c219ca6da7ce94888bd8790f8d218d4e58ff60b1ea88ddf6c,"{'bridge': '7394950d15fd97433ae4b017e4681bfc80143eb889910a34ed17b625ba08bcc9', 'generator': '97bf13e3c9e3693dc36e38e80ad0520349b58ba0320151a2fe2abcf43523b3ef'}",fullqp_schedule_v1,schedule_s1p0,1000,normal,normal,schedule_s1p0,0,0,22,d5d333fb-eb1b-4967-9bcf-6d626a214177,e1daff883263787dc3b8a5f770c3e6fc79bf22be27d989bff0d0f7da572befd2,60fc48cf9a0412fc62886943cca4a0f56872ac5fa63f3a551781aed251253f8b,/Huang_group/zyyz/Projects/GVC-RT/experiments/gvcrt_neural_wrapper_v6_2_objective_calibration/branches/schedule_s1p0/checkpoints/step_1000.pt,fe63a6f00ca6bae59b23c8683146dbe64b6be67c1463a552af851bbfc31e9cba,/Huang_group/zyyz/Projects/GVC-RT/experiments/gvcrt_neural_wrapper_v6_2_objective_calibration/parts/fullqp/schedule_s1p0/step_1000/normal/video_22_qp0.frames.csv,7f5550aac87fc7e926653acf4c7fd5807a4178e2bc9205f840b8f96232714186,/Huang_group/zyyz/Projects/GVC-RT/experiments/gvcrt_neural_wrapper_v6_2_objective_calibration/features/fullqp/schedule_s1p0/step_1000/normal/video_22_qp0.transitions.csv,4550ecf8277c88509490ae2eb57912601b60333e33d17bc18373df573e5b57a8,170912,"[0, 2, 0, 1, 0, 1, 0, 1, 0, 2, 0, 1, 0, 1, 0, 1, 0, 2, 0, 1, 0, 1, 0, 1, 0, 2, 0, 1, 0, 1, 0, 1]",0.12,4,20.31961989402771,0.04878991516306996,0.00361782155232504,0.0071445475914515555,Mean absolute RGB horizontal/vertical first-difference change
33854,33854,8463.5,0.00408154899691358,211.5875,25.0,32,32,31,0.1455786689184606,0.06398809142410755,22.24451231194445,0.9484787415713072,0.8449901845306158,0.18805301333627394,22.24451231194445,"[1920, 1088]","[1920, 1080]",1,False,,0.5292620658874512,0f0c0e2358ceec024230154da4777ed5c444a8382af1ec9d7165f3d7886141cf,0f0c0e2358ceec024230154da4777ed5c444a8382af1ec9d7165f3d7886141cf,456dff5d5cc0ededcc1da73286c12be096939dab4804efbd6d9e59debbafe515,True,True,True,33854,/Huang_group/zyyz/Projects/GVC-RT/experiments/gvcrt_neural_wrapper_v6_2_objective_calibration/bitstreams/fullqp/schedule_s1p0/step_1000/normal/video_22_qp2.bin,7a9450900147901bca5032645907094439d65aec89094e6d84cf9f079917ed65,/Huang_group/zyyz/Projects/GVC-RT/experiments/gvcrt_neural_wrapper_v6_2_objective_calibration/features/fullqp/schedule_s1p0/step_1000/normal/video_22_qp2.npz,f64946d3bd310e07c01e305226fd2fe9a583ebbf7504acbba11a1a8931c1f482,"{'bridge': '7394950d15fd97433ae4b017e4681bfc80143eb889910a34ed17b625ba08bcc9', 'generator': '97bf13e3c9e3693dc36e38e80ad0520349b58ba0320151a2fe2abcf43523b3ef'}",fullqp_schedule_v1,schedule_s1p0,1000,normal,normal,schedule_s1p0,2,2,22,d5d333fb-eb1b-4967-9bcf-6d626a214177,e1daff883263787dc3b8a5f770c3e6fc79bf22be27d989bff0d0f7da572befd2,60fc48cf9a0412fc62886943cca4a0f56872ac5fa63f3a551781aed251253f8b,/Huang_group/zyyz/Projects/GVC-RT/experiments/gvcrt_neural_wrapper_v6_2_objective_calibration/branches/schedule_s1p0/checkpoints/step_1000.pt,fe63a6f00ca6bae59b23c8683146dbe64b6be67c1463a552af851bbfc31e9cba,/Huang_group/zyyz/Projects/GVC-RT/experiments/gvcrt_neural_wrapper_v6_2_objective_calibration/parts/fullqp/schedule_s1p0/step_1000/normal/video_22_qp2.frames.csv,615d1ed584746a302e9dbeb8b75c9005460f25930d588eb7e64ab0b51281277e,/Huang_group/zyyz/Projects/GVC-RT/experiments/gvcrt_neural_wrapper_v6_2_objective_calibration/features/fullqp/schedule_s1p0/step_1000/normal/video_22_qp2.transitions.csv,231b9926131be6110ff8ea9d414926dc077c2d2cc94d9dc13a143685ebe50a91,270832,"[2, 4, 2, 3, 2, 3, 2, 3, 2, 4, 2, 3, 2, 3, 2, 3, 2, 4, 2, 3, 2, 3, 2, 3, 2, 4, 2, 3, 2, 3, 2, 3]",0.12,4,20.7006413936615,0.04878991516306996,0.00361782155232504,0.0071445475914515555,Mean absolute RGB horizontal/vertical first-difference change
50927,50927,12731.75,0.006139925733024691,318.29375,25.0,32,32,31,0.11400439124554396,0.05423111468553543,23.07393865547878,0.957115150988102,0.8791728764772415,0.14734479544624204,23.07393865547878,"[1920, 1088]","[1920, 1080]",1,False,,0.5292620658874512,0f0c0e2358ceec024230154da4777ed5c444a8382af1ec9d7165f3d7886141cf,0f0c0e2358ceec024230154da4777ed5c444a8382af1ec9d7165f3d7886141cf,ec3637ea8855f936df8f47cdf4c0e6bfcd96589a40b7a6dab6b1c9dbf1ea8916,True,True,True,50927,/Huang_group/zyyz/Projects/GVC-RT/experiments/gvcrt_neural_wrapper_v6_2_objective_calibration/bitstreams/fullqp/schedule_s1p0/step_1000/normal/video_22_qp4.bin,1ad28ff1dec8872882054e4998e8228c3a26cbcee28e7eaa5b451b819d971883,/Huang_group/zyyz/Projects/GVC-RT/experiments/gvcrt_neural_wrapper_v6_2_objective_calibration/features/fullqp/schedule_s1p0/step_1000/normal/video_22_qp4.npz,d8de3f9cbd27a93ba0b8055cc4dbdaea434c47b99b1564b33a72254407b47dad,"{'bridge': '7394950d15fd97433ae4b017e4681bfc80143eb889910a34ed17b625ba08bcc9', 'generator': '97bf13e3c9e3693dc36e38e80ad0520349b58ba0320151a2fe2abcf43523b3ef'}",fullqp_schedule_v1,schedule_s1p0,1000,normal,normal,schedule_s1p0,4,4,22,d5d333fb-eb1b-4967-9bcf-6d626a214177,e1daff883263787dc3b8a5f770c3e6fc79bf22be27d989bff0d0f7da572befd2,60fc48cf9a0412fc62886943cca4a0f56872ac5fa63f3a551781aed251253f8b,/Huang_group/zyyz/Projects/GVC-RT/experiments/gvcrt_neural_wrapper_v6_2_objective_calibration/branches/schedule_s1p0/checkpoints/step_1000.pt,fe63a6f00ca6bae59b23c8683146dbe64b6be67c1463a552af851bbfc31e9cba,/Huang_group/zyyz/Projects/GVC-RT/experiments/gvcrt_neural_wrapper_v6_2_objective_calibration/parts/fullqp/schedule_s1p0/step_1000/normal/video_22_qp4.frames.csv,6c02f16701a0b13fcfce0c88d5483c7f3d096cf4e6bafb3815b18d496ea38070,/Huang_group/zyyz/Projects/GVC-RT/experiments/gvcrt_neural_wrapper_v6_2_objective_calibration/features/fullqp/schedule_s1p0/step_1000/normal/video_22_qp4.transitions.csv,4f99be39a3e612a8385ad4ee70a37ce8d6ab7815257c6aa40e490ea0db5bbd6e,407416,"[4, 6, 4, 5, 4, 5, 4, 5, 4, 6, 4, 5, 4, 5, 4, 5, 4, 6, 4, 5, 4, 5, 4, 5, 4, 6, 4, 5, 4, 5, 4, 5]",0.12,4,20.755868196487427,0.04878991516306996,0.00361782155232504,0.0071445475914515555,Mean absolute RGB horizontal/vertical first-difference change
73707,73707,18426.75,0.008886357060185186,460.66875,25.0,32,32,31,0.09441987262107432,0.04840220883488655,23.724529560422773,0.962832372635603,0.9007081482559443,0.12390936550594145,23.724529560422773,"[1920, 1088]","[1920, 1080]",1,False,,0.5292620658874512,0f0c0e2358ceec024230154da4777ed5c444a8382af1ec9d7165f3d7886141cf,0f0c0e2358ceec024230154da4777ed5c444a8382af1ec9d7165f3d7886141cf,8a846c13775a29329ee0ced1149d83775b079a12dc9e933a5986412cfa86a803,True,True,True,73707,/Huang_group/zyyz/Projects/GVC-RT/experiments/gvcrt_neural_wrapper_v6_2_objective_calibration/bitstreams/fullqp/schedule_s1p0/step_1000/normal/video_22_qp6.bin,ec6dca0996092049fae30ac21ad17100e3ae54ffd0282eb887b035bbb0fa21ce,/Huang_group/zyyz/Projects/GVC-RT/experiments/gvcrt_neural_wrapper_v6_2_objective_calibration/features/fullqp/schedule_s1p0/step_1000/normal/video_22_qp6.npz,df6b50e970a18c71360c709108785fe590aaab7aae2a304c5ed2cd28ab53a84d,"{'bridge': '7394950d15fd97433ae4b017e4681bfc80143eb889910a34ed17b625ba08bcc9', 'generator': '97bf13e3c9e3693dc36e38e80ad0520349b58ba0320151a2fe2abcf43523b3ef'}",fullqp_schedule_v1,schedule_s1p0,1000,normal,normal,schedule_s1p0,6,6,22,d5d333fb-eb1b-4967-9bcf-6d626a214177,e1daff883263787dc3b8a5f770c3e6fc79bf22be27d989bff0d0f7da572befd2,60fc48cf9a0412fc62886943cca4a0f56872ac5fa63f3a551781aed251253f8b,/Huang_group/zyyz/Projects/GVC-RT/experiments/gvcrt_neural_wrapper_v6_2_objective_calibration/branches/schedule_s1p0/checkpoints/step_1000.pt,fe63a6f00ca6bae59b23c8683146dbe64b6be67c1463a552af851bbfc31e9cba,/Huang_group/zyyz/Projects/GVC-RT/experiments/gvcrt_neural_wrapper_v6_2_objective_calibration/parts/fullqp/schedule_s1p0/step_1000/normal/video_22_qp6.frames.csv,903dffca36b121cc7a64d23d50ba52cddc9d35fd3cb78787065d1779b2331b1e,/Huang_group/zyyz/Projects/GVC-RT/experiments/gvcrt_neural_wrapper_v6_2_objective_calibration/features/fullqp/schedule_s1p0/step_1000/normal/video_22_qp6.transitions.csv,7dc1cb133ab78a208a1ddd52a083b7476c61a9c0d59cd49596dce992bbfaaa95,589656,"[6, 8, 6, 7, 6, 7, 6, 7, 6, 8, 6, 7, 6, 7, 6, 7, 6, 8, 6, 7, 6, 7, 6, 7, 6, 8, 6, 7, 6, 7, 6, 7]",0.12,4,20.710853576660156,0.04878991516306996,0.00361782155232504,0.0071445475914515555,Mean absolute RGB horizontal/vertical first-difference change
103486,103486,25871.5,0.012476610725308642,646.7875,25.0,32,32,31,0.08304572617635131,0.04460916668176651,24.188237414464847,0.9664753451943398,0.9141489304602146,0.10972012387168023,24.188237414464847,"[1920, 1088]","[1920, 1080]",1,False,,0.5292620658874512,0f0c0e2358ceec024230154da4777ed5c444a8382af1ec9d7165f3d7886141cf,0f0c0e2358ceec024230154da4777ed5c444a8382af1ec9d7165f3d7886141cf,86d3e83afd7b9e8d7bca749609c7721bb377419cb1b3c180aebc5165f3773522,True,True,True,103486,/Huang_group/zyyz/Projects/GVC-RT/experiments/gvcrt_neural_wrapper_v6_2_objective_calibration/bitstreams/fullqp/schedule_s1p0/step_1000/normal/video_22_qp8.bin,df62b20dab57748eec938fd95c7a17a07ff0284dcd3d167027669167a1eb3ddd,/Huang_group/zyyz/Projects/GVC-RT/experiments/gvcrt_neural_wrapper_v6_2_objective_calibration/features/fullqp/schedule_s1p0/step_1000/normal/video_22_qp8.npz,f58070f52764ee0dbdf1a29621e54daf6c6f054120184bb8348c5096a9bcee7a,"{'bridge': '7394950d15fd97433ae4b017e4681bfc80143eb889910a34ed17b625ba08bcc9', 'generator': '97bf13e3c9e3693dc36e38e80ad0520349b58ba0320151a2fe2abcf43523b3ef'}",fullqp_schedule_v1,schedule_s1p0,1000,normal,normal,schedule_s1p0,8,8,22,d5d333fb-eb1b-4967-9bcf-6d626a214177,e1daff883263787dc3b8a5f770c3e6fc79bf22be27d989bff0d0f7da572befd2,60fc48cf9a0412fc62886943cca4a0f56872ac5fa63f3a551781aed251253f8b,/Huang_group/zyyz/Projects/GVC-RT/experiments/gvcrt_neural_wrapper_v6_2_objective_calibration/branches/schedule_s1p0/checkpoints/step_1000.pt,fe63a6f00ca6bae59b23c8683146dbe64b6be67c1463a552af851bbfc31e9cba,/Huang_group/zyyz/Projects/GVC-RT/experiments/gvcrt_neural_wrapper_v6_2_objective_calibration/parts/fullqp/schedule_s1p0/step_1000/normal/video_22_qp8.frames.csv,dbe81a898612fc3614d71dc33aaf4f325fdc1844394b439f66d8fd68e9b4ed38,/Huang_group/zyyz/Projects/GVC-RT/experiments/gvcrt_neural_wrapper_v6_2_objective_calibration/features/fullqp/schedule_s1p0/step_1000/normal/video_22_qp8.transitions.csv,6a262a6aea4f46f177d19a5f4f4e91e8f7b14fb86b65f7f534ef27e56f313c46,827888,"[8, 10, 8, 9, 8, 9, 8, 9, 8, 10, 8, 9, 8, 9, 8, 9, 8, 10, 8, 9, 8, 9, 8, 9, 8, 10, 8, 9, 8, 9, 8, 9]",0.12,4,20.348508834838867,0.04878991516306996,0.00361782155232504,0.0071445475914515555,Mean absolute RGB horizontal/vertical first-difference change
120306,120306,30076.5,0.014504484953703704,751.9125,25.0,32,32,31,0.07993062632158399,0.04332890920341015,24.350392513687588,0.96765211597085,0.9182422626763582,0.10741638944995019,24.350392513687588,"[1920, 1088]","[1920, 1080]",1,False,,0.5292620658874512,0f0c0e2358ceec024230154da4777ed5c444a8382af1ec9d7165f3d7886141cf,0f0c0e2358ceec024230154da4777ed5c444a8382af1ec9d7165f3d7886141cf,51e990386b532a4e36db7154d520ef65abd5b6e528688f51ea5cc4dcbf78c55e,True,True,True,120306,/Huang_group/zyyz/Projects/GVC-RT/experiments/gvcrt_neural_wrapper_v6_2_objective_calibration/bitstreams/fullqp/schedule_s1p0/step_1000/normal/video_22_qp9.bin,603c432927c3cb83b8658422723407820d73e781ae573f1fa51cad1c0462911d,/Huang_group/zyyz/Projects/GVC-RT/experiments/gvcrt_neural_wrapper_v6_2_objective_calibration/features/fullqp/schedule_s1p0/step_1000/normal/video_22_qp9.npz,3e470c337f5fb92f227ad66d05264e632020cddf87c3c9856f6b60dd50d6796e,"{'bridge': '7394950d15fd97433ae4b017e4681bfc80143eb889910a34ed17b625ba08bcc9', 'generator': '97bf13e3c9e3693dc36e38e80ad0520349b58ba0320151a2fe2abcf43523b3ef'}",fullqp_schedule_v1,schedule_s1p0,1000,normal,normal,schedule_s1p0,9,9,22,d5d333fb-eb1b-4967-9bcf-6d626a214177,e1daff883263787dc3b8a5f770c3e6fc79bf22be27d989bff0d0f7da572befd2,60fc48cf9a0412fc62886943cca4a0f56872ac5fa63f3a551781aed251253f8b,/Huang_group/zyyz/Projects/GVC-RT/experiments/gvcrt_neural_wrapper_v6_2_objective_calibration/branches/schedule_s1p0/checkpoints/step_1000.pt,fe63a6f00ca6bae59b23c8683146dbe64b6be67c1463a552af851bbfc31e9cba,/Huang_group/zyyz/Projects/GVC-RT/experiments/gvcrt_neural_wrapper_v6_2_objective_calibration/parts/fullqp/schedule_s1p0/step_1000/normal/video_22_qp9.frames.csv,015c6fcce8acce68a1dfbb666f0be741e34c61a59adb3b676a50cd034eac67e3,/Huang_group/zyyz/Projects/GVC-RT/experiments/gvcrt_neural_wrapper_v6_2_objective_calibration/features/fullqp/schedule_s1p0/step_1000/normal/video_22_qp9.transitions.csv,7d06528c5f0d20369b16df8c34181c23b9863a9bf87f5675fc968410646bda65,962448,"[9, 11, 9, 10, 9, 10, 9, 10, 9, 11, 9, 10, 9, 10, 9, 10, 9, 11, 9, 10, 9, 10, 9, 10, 9, 11, 9, 10, 9, 10, 9, 10]",0.12,4,20.44338321685791,0.04878991516306996,0.00361782155232504,0.0071445475914515555,Mean absolute RGB horizontal/vertical first-difference change
20773,20773,5193.25,0.0025044608410493825,129.83125,25.0,32,32,31,0.15945742605254054,0.06839481554925442,23.020353627264562,0.9629045464098454,0.8512581381946802,0.1550809123343037,23.020353627264562,"[1920, 1088]","[1920, 1080]",1,False,,0.35410916805267334,0f0c0e2358ceec024230154da4777ed5c444a8382af1ec9d7165f3d7886141cf,0f0c0e2358ceec024230154da4777ed5c444a8382af1ec9d7165f3d7886141cf,3b25e61144698207e8ebb795e9278a40a8ed301c0512e96defc66a03413d42d8,True,True,True,20773,/Huang_group/zyyz/Projects/GVC-RT/experiments/gvcrt_neural_wrapper_v6_2_objective_calibration/bitstreams/fullqp/schedule_s1p0/step_1000/normal/video_23_qp0.bin,b5d3004d1de16fbf6fd647bb675b60e29580968e284599e86361e0d06f9d186b,/Huang_group/zyyz/Projects/GVC-RT/experiments/gvcrt_neural_wrapper_v6_2_objective_calibration/features/fullqp/schedule_s1p0/step_1000/normal/video_23_qp0.npz,1019aec12c19c029b9f6d53d67610b9be6b90a297bb4311117f0aa35d548e7c9,"{'bridge': '7394950d15fd97433ae4b017e4681bfc80143eb889910a34ed17b625ba08bcc9', 'generator': '97bf13e3c9e3693dc36e38e80ad0520349b58ba0320151a2fe2abcf43523b3ef'}",fullqp_schedule_v1,schedule_s1p0,1000,normal,normal,schedule_s1p0,0,0,23,2fda6aff-1557-4378-af56-22ec975c51bf,cff93d97f7df0a012dee2fad44c3842af883bf81ba980bfc968ecee0e8041dba,6ccd0d554a1f3e25db92b41f7f5c38db6d01a2b625f9460597efa62e74fe74e4,/Huang_group/zyyz/Projects/GVC-RT/experiments/gvcrt_neural_wrapper_v6_2_objective_calibration/branches/schedule_s1p0/checkpoints/step_1000.pt,fe63a6f00ca6bae59b23c8683146dbe64b6be67c1463a552af851bbfc31e9cba,/Huang_group/zyyz/Projects/GVC-RT/experiments/gvcrt_neural_wrapper_v6_2_objective_calibration/parts/fullqp/schedule_s1p0/step_1000/normal/video_23_qp0.frames.csv,c779b8cb1bb6aa751fd9948dd33746f1adba55404269b15ef777523662387d9b,/Huang_group/zyyz/Projects/GVC-RT/experiments/gvcrt_neural_wrapper_v6_2_objective_calibration/features/fullqp/schedule_s1p0/step_1000/normal/video_23_qp0.transitions.csv,174d01cf24e8cfcfc20546b0ad793b92dc0cefc0b05e34c48faf1110d8bafcee,166184,"[0, 2, 0, 1, 0, 1, 0, 1, 0, 2, 0, 1, 0, 1, 0, 1, 0, 2, 0, 1, 0, 1, 0, 1, 0, 2, 0, 1, 0, 1, 0, 1]",0.12,6,20.39817476272583,0.06040425202809274,0.00518763397121802,0.005028823026805185,Mean absolute RGB horizontal/vertical first-difference change
31429,31429,7857.25,0.0037891830632716048,196.43125,25.0,32,32,31,0.12777753709815443,0.05448128283023834,24.118563148497593,0.9709174502640963,0.8841931093484163,0.11506737840752448,24.118563148497593,"[1920, 1088]","[1920, 1080]",1,False,,0.35410916805267334,0f0c0e2358ceec024230154da4777ed5c444a8382af1ec9d7165f3d7886141cf,0f0c0e2358ceec024230154da4777ed5c444a8382af1ec9d7165f3d7886141cf,24881b1dd8f57668977d45efcaf03a3c23a4de8f3af4f6ea1dcab96725353234,True,True,True,31429,/Huang_group/zyyz/Projects/GVC-RT/experiments/gvcrt_neural_wrapper_v6_2_objective_calibration/bitstreams/fullqp/schedule_s1p0/step_1000/normal/video_23_qp2.bin,40bcb5a2eb0ca6943c6ad8cfc12c9c64a5265278ae64376e14d5c03dd848d1ee,/Huang_group/zyyz/Projects/GVC-RT/experiments/gvcrt_neural_wrapper_v6_2_objective_calibration/features/fullqp/schedule_s1p0/step_1000/normal/video_23_qp2.npz,e00641e51fa204842eeee62796260e9bb63a1a10888c8070cc8145bd317576bb,"{'bridge': '7394950d15fd97433ae4b017e4681bfc80143eb889910a34ed17b625ba08bcc9', 'generator': '97bf13e3c9e3693dc36e38e80ad0520349b58ba0320151a2fe2abcf43523b3ef'}",fullqp_schedule_v1,schedule_s1p0,1000,normal,normal,schedule_s1p0,2,2,23,2fda6aff-1557-4378-af56-22ec975c51bf,cff93d97f7df0a012dee2fad44c3842af883bf81ba980bfc968ecee0e8041dba,6ccd0d554a1f3e25db92b41f7f5c38db6d01a2b625f9460597efa62e74fe74e4,/Huang_group/zyyz/Projects/GVC-RT/experiments/gvcrt_neural_wrapper_v6_2_objective_calibration/branches/schedule_s1p0/checkpoints/step_1000.pt,fe63a6f00ca6bae59b23c8683146dbe64b6be67c1463a552af851bbfc31e9cba,/Huang_group/zyyz/Projects/GVC-RT/experiments/gvcrt_neural_wrapper_v6_2_objective_calibration/parts/fullqp/schedule_s1p0/step_1000/normal/video_23_qp2.frames.csv,81ec1e1ce5b445aaaa3e0bf4c4fb5801ffd6ae033e8d3a57105651d5f03119da,/Huang_group/zyyz/Projects/GVC-RT/experiments/gvcrt_neural_wrapper_v6_2_objective_calibration/features/fullqp/schedule_s1p0/step_1000/normal/video_23_qp2.transitions.csv,37c60f62077f18ae03b8e3ba44fe1910df8b0b30f4782bc0974de64066bad86a,251432,"[2, 4, 2, 3, 2, 3, 2, 3, 2, 4, 2, 3, 2, 3, 2, 3, 2, 4, 2, 3, 2, 3, 2, 3, 2, 4, 2, 3, 2, 3, 2, 3]",0.12,6,20.092443704605103,0.06040425202809274,0.00518763397121802,0.005028823026805185,Mean absolute RGB horizontal/vertical first-difference change
46894,46894,11723.5,0.005653694058641976,293.0875,25.0,32,32,31,0.10695573058910668,0.04362045228481293,24.96803114257284,0.9759453106671572,0.9052762668579817,0.09204351180984129,24.96803114257284,"[1920, 1088]","[1920, 1080]",1,False,,0.35410916805267334,0f0c0e2358ceec024230154da4777ed5c444a8382af1ec9d7165f3d7886141cf,0f0c0e2358ceec024230154da4777ed5c444a8382af1ec9d7165f3d7886141cf,de555bab579ac756a506b63dabdf4a39678b76aefffd5b1f73c56df8a1f66f6d,True,True,True,46894,/Huang_group/zyyz/Projects/GVC-RT/experiments/gvcrt_neural_wrapper_v6_2_objective_calibration/bitstreams/fullqp/schedule_s1p0/step_1000/normal/video_23_qp4.bin,581dea0752015023700ef4332752a894d1882685ee127f9d04d7cf7b73527ae4,/Huang_group/zyyz/Projects/GVC-RT/experiments/gvcrt_neural_wrapper_v6_2_objective_calibration/features/fullqp/schedule_s1p0/step_1000/normal/video_23_qp4.npz,a4b5eaa36127aa483b8e993ce44194366ab14773e688cc2d19d3b8863f97308d,"{'bridge': '7394950d15fd97433ae4b017e4681bfc80143eb889910a34ed17b625ba08bcc9', 'generator': '97bf13e3c9e3693dc36e38e80ad0520349b58ba0320151a2fe2abcf43523b3ef'}",fullqp_schedule_v1,schedule_s1p0,1000,normal,normal,schedule_s1p0,4,4,23,2fda6aff-1557-4378-af56-22ec975c51bf,cff93d97f7df0a012dee2fad44c3842af883bf81ba980bfc968ecee0e8041dba,6ccd0d554a1f3e25db92b41f7f5c38db6d01a2b625f9460597efa62e74fe74e4,/Huang_group/zyyz/Projects/GVC-RT/experiments/gvcrt_neural_wrapper_v6_2_objective_calibration/branches/schedule_s1p0/checkpoints/step_1000.pt,fe63a6f00ca6bae59b23c8683146dbe64b6be67c1463a552af851bbfc31e9cba,/Huang_group/zyyz/Projects/GVC-RT/experiments/gvcrt_neural_wrapper_v6_2_objective_calibration/parts/fullqp/schedule_s1p0/step_1000/normal/video_23_qp4.frames.csv,8d7b0fe46f4bae6f8a62224067f3834cf13cb3eb9c8712d87d79704115ba37c1,/Huang_group/zyyz/Projects/GVC-RT/experiments/gvcrt_neural_wrapper_v6_2_objective_calibration/features/fullqp/schedule_s1p0/step_1000/normal/video_23_qp4.transitions.csv,81be7ce63075928134f311e3b354ae67eb90a5324dbabb54bb1c2506b0254667,375152,"[4, 6, 4, 5, 4, 5, 4, 5, 4, 6, 4, 5, 4, 5, 4, 5, 4, 6, 4, 5, 4, 5, 4, 5, 4, 6, 4, 5, 4, 5, 4, 5]",0.12,6,20.266053676605225,0.06040425202809274,0.00518763397121802,0.005028823026805185,Mean absolute RGB horizontal/vertical first-difference change
69118,69118,17279.5,0.008333092206790123,431.9875,25.0,32,32,31,0.09271665615960956,0.036535242572426796,25.681753708202926,0.9794967789202929,0.9211118500679731,0.07535842553742471,25.681753708202926,"[1920, 1088]","[1920, 1080]",1,False,,0.35410916805267334,0f0c0e2358ceec024230154da4777ed5c444a8382af1ec9d7165f3d7886141cf,0f0c0e2358ceec024230154da4777ed5c444a8382af1ec9d7165f3d7886141cf,e1f79457259ca4d06bb7f8e2b8337d9f8dae23eed6f60238d73c969acb38ac37,True,True,True,69118,/Huang_group/zyyz/Projects/GVC-RT/experiments/gvcrt_neural_wrapper_v6_2_objective_calibration/bitstreams/fullqp/schedule_s1p0/step_1000/normal/video_23_qp6.bin,72a5cdeb86c280239bd4fb0bf14041fa9146ad4993aa20a4d4ea8a1df4c54bf3,/Huang_group/zyyz/Projects/GVC-RT/experiments/gvcrt_neural_wrapper_v6_2_objective_calibration/features/fullqp/schedule_s1p0/step_1000/normal/video_23_qp6.npz,0f774e2039959c10ae987f1268d10fe7a3f7c5c8f3f97f48c99be3705dc6b55a,"{'bridge': '7394950d15fd97433ae4b017e4681bfc80143eb889910a34ed17b625ba08bcc9', 'generator': '97bf13e3c9e3693dc36e38e80ad0520349b58ba0320151a2fe2abcf43523b3ef'}",fullqp_schedule_v1,schedule_s1p0,1000,normal,normal,schedule_s1p0,6,6,23,2fda6aff-1557-4378-af56-22ec975c51bf,cff93d97f7df0a012dee2fad44c3842af883bf81ba980bfc968ecee0e8041dba,6ccd0d554a1f3e25db92b41f7f5c38db6d01a2b625f9460597efa62e74fe74e4,/Huang_group/zyyz/Projects/GVC-RT/experiments/gvcrt_neural_wrapper_v6_2_objective_calibration/branches/schedule_s1p0/checkpoints/step_1000.pt,fe63a6f00ca6bae59b23c8683146dbe64b6be67c1463a552af851bbfc31e9cba,/Huang_group/zyyz/Projects/GVC-RT/experiments/gvcrt_neural_wrapper_v6_2_objective_calibration/parts/fullqp/schedule_s1p0/step_1000/normal/video_23_qp6.frames.csv,de22755bd3fd92c64b150d47b9e9a14405e9f85604f7ff2cff5de32d96283996,/Huang_group/zyyz/Projects/GVC-RT/experiments/gvcrt_neural_wrapper_v6_2_objective_calibration/features/fullqp/schedule_s1p0/step_1000/normal/video_23_qp6.transitions.csv,03086a521a8afd398e9ea78523158e43c8c38f9559505d8d7e8e43f715bf06b3,552944,"[6, 8, 6, 7, 6, 7, 6, 7, 6, 8, 6, 7, 6, 7, 6, 7, 6, 8, 6, 7, 6, 7, 6, 7, 6, 8, 6, 7, 6, 7, 6, 7]",0.12,6,20.350480318069458,0.06040425202809274,0.00518763397121802,0.005028823026805185,Mean absolute RGB horizontal/vertical first-difference change
99144,99144,24786.0,0.011953125,619.65,25.0,32,32,31,0.0835144859738648,0.03207174502313137,26.20512576166974,0.9817435145378113,0.930943813174963,0.06751765034371807,26.20512576166974,"[1920, 1088]","[1920, 1080]",1,False,,0.35410916805267334,0f0c0e2358ceec024230154da4777ed5c444a8382af1ec9d7165f3d7886141cf,0f0c0e2358ceec024230154da4777ed5c444a8382af1ec9d7165f3d7886141cf,cc3df65069e390766b616b6b3d2e36b6f699d9ad8d83332a9c253736554c2dc0,True,True,True,99144,/Huang_group/zyyz/Projects/GVC-RT/experiments/gvcrt_neural_wrapper_v6_2_objective_calibration/bitstreams/fullqp/schedule_s1p0/step_1000/normal/video_23_qp8.bin,b7341589b3da6b62c2ba5b1d0c9edd68fa313641514a9a4bb59d26c53a23393d,/Huang_group/zyyz/Projects/GVC-RT/experiments/gvcrt_neural_wrapper_v6_2_objective_calibration/features/fullqp/schedule_s1p0/step_1000/normal/video_23_qp8.npz,3ea2149d13ffd8bd172b7914139985f53f7e8d8091b25d2258d57241efb88a75,"{'bridge': '7394950d15fd97433ae4b017e4681bfc80143eb889910a34ed17b625ba08bcc9', 'generator': '97bf13e3c9e3693dc36e38e80ad0520349b58ba0320151a2fe2abcf43523b3ef'}",fullqp_schedule_v1,schedule_s1p0,1000,normal,normal,schedule_s1p0,8,8,23,2fda6aff-1557-4378-af56-22ec975c51bf,cff93d97f7df0a012dee2fad44c3842af883bf81ba980bfc968ecee0e8041dba,6ccd0d554a1f3e25db92b41f7f5c38db6d01a2b625f9460597efa62e74fe74e4,/Huang_group/zyyz/Projects/GVC-RT/experiments/gvcrt_neural_wrapper_v6_2_objective_calibration/branches/schedule_s1p0/checkpoints/step_1000.pt,fe63a6f00ca6bae59b23c8683146dbe64b6be67c1463a552af851bbfc31e9cba,/Huang_group/zyyz/Projects/GVC-RT/experiments/gvcrt_neural_wrapper_v6_2_objective_calibration/parts/fullqp/schedule_s1p0/step_1000/normal/video_23_qp8.frames.csv,c88664768983058130fb9c5a2363714cff0195c5986478792ec5fbb7ca552a2a,/Huang_group/zyyz/Projects/GVC-RT/experiments/gvcrt_neural_wrapper_v6_2_objective_calibration/features/fullqp/schedule_s1p0/step_1000/normal/video_23_qp8.transitions.csv,c3a6e5b201f3d51a8e0567e1481122f87e061438731959aba352ae509dd09cc1,793152,"[8, 10, 8, 9, 8, 9, 8, 9, 8, 10, 8, 9, 8, 9, 8, 9, 8, 10, 8, 9, 8, 9, 8, 9, 8, 10, 8, 9, 8, 9, 8, 9]",0.12,6,20.264899730682373,0.06040425202809274,0.00518763397121802,0.005028823026805185,Mean absolute RGB horizontal/vertical first-difference change
117255,117255,29313.75,0.014136646412037037,732.84375,25.0,32,32,31,0.08048412576317787,0.030771702527999878,26.379385249337503,0.982438214123249,0.9342633094638586,0.06484041807632293,26.379385249337503,"[1920, 1088]","[1920, 1080]",1,False,,0.35410916805267334,0f0c0e2358ceec024230154da4777ed5c444a8382af1ec9d7165f3d7886141cf,0f0c0e2358ceec024230154da4777ed5c444a8382af1ec9d7165f3d7886141cf,5d389147e96ffc233d7703b8f8fd48986ba0ca3e760ad6113619390a553eef0f,True,True,True,117255,/Huang_group/zyyz/Projects/GVC-RT/experiments/gvcrt_neural_wrapper_v6_2_objective_calibration/bitstreams/fullqp/schedule_s1p0/step_1000/normal/video_23_qp9.bin,2a825c3c1baced83d02886ac84b78dbcba275936cb58ce0a1cd5452c9a9aa8ef,/Huang_group/zyyz/Projects/GVC-RT/experiments/gvcrt_neural_wrapper_v6_2_objective_calibration/features/fullqp/schedule_s1p0/step_1000/normal/video_23_qp9.npz,a6f931da9d9ebeb9183f79adee86f8c5d670ec0bdcb597ae56fc45271d7a90c7,"{'bridge': '7394950d15fd97433ae4b017e4681bfc80143eb889910a34ed17b625ba08bcc9', 'generator': '97bf13e3c9e3693dc36e38e80ad0520349b58ba0320151a2fe2abcf43523b3ef'}",fullqp_schedule_v1,schedule_s1p0,1000,normal,normal,schedule_s1p0,9,9,23,2fda6aff-1557-4378-af56-22ec975c51bf,cff93d97f7df0a012dee2fad44c3842af883bf81ba980bfc968ecee0e8041dba,6ccd0d554a1f3e25db92b41f7f5c38db6d01a2b625f9460597efa62e74fe74e4,/Huang_group/zyyz/Projects/GVC-RT/experiments/gvcrt_neural_wrapper_v6_2_objective_calibration/branches/schedule_s1p0/checkpoints/step_1000.pt,fe63a6f00ca6bae59b23c8683146dbe64b6be67c1463a552af851bbfc31e9cba,/Huang_group/zyyz/Projects/GVC-RT/experiments/gvcrt_neural_wrapper_v6_2_objective_calibration/parts/fullqp/schedule_s1p0/step_1000/normal/video_23_qp9.frames.csv,a5ea217d6b198c12fdce558fd1803b3a7d79a34c75acd8df8be5374a0c92433d,/Huang_group/zyyz/Projects/GVC-RT/experiments/gvcrt_neural_wrapper_v6_2_objective_calibration/features/fullqp/schedule_s1p0/step_1000/normal/video_23_qp9.transitions.csv,f03549181b7f2c0456f114227f054167b9b5cf018d54bff70c7e0933c53c0fdd,938040,"[9, 11, 9, 10, 9, 10, 9, 10, 9, 11, 9, 10, 9, 10, 9, 10, 9, 11, 9, 10, 9, 10, 9, 10, 9, 11, 9, 10, 9, 10, 9, 10]",0.12,6,20.341765642166138,0.06040425202809274,0.00518763397121802,0.005028823026805185,Mean absolute RGB horizontal/vertical first-difference change
43347,43347,10836.75,0.005226056134259259,259.8221778221779,23.976023976023978,32,32,31,0.2768499767407775,0.15374891459941864,25.211745647569032,0.9551321659237146,0.8748040720820427,0.2820915315420397,25.211745647569032,"[1920, 1088]","[1920, 1080]",1,False,,0.2925158143043518,0f0c0e2358ceec024230154da4777ed5c444a8382af1ec9d7165f3d7886141cf,0f0c0e2358ceec024230154da4777ed5c444a8382af1ec9d7165f3d7886141cf,46b1670d8b3599e648eb9060a1f956735052f6be8fddec9f63ecaa533a23c1a6,True,True,True,43347,/Huang_group/zyyz/Projects/GVC-RT/experiments/gvcrt_neural_wrapper_v6_2_objective_calibration/bitstreams/fullqp/schedule_s1p0/step_1000/normal/video_24_qp0.bin,37edbe66162dc511027186890e6543f111296354e5c136e42884d06f55857d63,/Huang_group/zyyz/Projects/GVC-RT/experiments/gvcrt_neural_wrapper_v6_2_objective_calibration/features/fullqp/schedule_s1p0/step_1000/normal/video_24_qp0.npz,033003196590aefb31d190c8671fc95946b7feacfcc3d4ea405a05e381eb40d7,"{'bridge': '7394950d15fd97433ae4b017e4681bfc80143eb889910a34ed17b625ba08bcc9', 'generator': '97bf13e3c9e3693dc36e38e80ad0520349b58ba0320151a2fe2abcf43523b3ef'}",fullqp_schedule_v1,schedule_s1p0,1000,normal,normal,schedule_s1p0,0,0,24,2325d9a9-0426-4ae1-98b9-fc54a0411ead,38b8f270e0e2e7486e5c001b72b8a9412345f6ed594cd0ad59bfd47a8faa6865,7dc20d30e907e3d3c512cee1841a6326ee9f4fe93a27a1390a33090b339b9471,/Huang_group/zyyz/Projects/GVC-RT/experiments/gvcrt_neural_wrapper_v6_2_objective_calibration/branches/schedule_s1p0/checkpoints/step_1000.pt,fe63a6f00ca6bae59b23c8683146dbe64b6be67c1463a552af851bbfc31e9cba,/Huang_group/zyyz/Projects/GVC-RT/experiments/gvcrt_neural_wrapper_v6_2_objective_calibration/parts/fullqp/schedule_s1p0/step_1000/normal/video_24_qp0.frames.csv,c4c391805823c3db8d8948297d6d5d813df5d8d977e20f1bf202a262b7fecbf0,/Huang_group/zyyz/Projects/GVC-RT/experiments/gvcrt_neural_wrapper_v6_2_objective_calibration/features/fullqp/schedule_s1p0/step_1000/normal/video_24_qp0.transitions.csv,6e79f372f2a96a3495643f1fb0f2f0ad874daaa9f859f88cbe224ee794e46906,346776,"[0, 2, 0, 1, 0, 1, 0, 1, 0, 2, 0, 1, 0, 1, 0, 1, 0, 2, 0, 1, 0, 1, 0, 1, 0, 2, 0, 1, 0, 1, 0, 1]",0.12,4,20.160332441329956,0.05618301930371672,0.004179896895948332,0.0016954886596067809,Mean absolute RGB horizontal/vertical first-difference change
76376,76376,19094.0,0.009208140432098765,457.79820179820183,23.976023976023978,32,32,31,0.2118121162056923,0.12440023012459278,26.564358496872234,0.9664862304925919,0.9048359598964453,0.2155510340967486,26.564358496872234,"[1920, 1088]","[1920, 1080]",1,False,,0.2925158143043518,0f0c0e2358ceec024230154da4777ed5c444a8382af1ec9d7165f3d7886141cf,0f0c0e2358ceec024230154da4777ed5c444a8382af1ec9d7165f3d7886141cf,6b56117cfd13365b37c9d3a76679c7669feacf1e924f74e744b6517317497402,True,True,True,76376,/Huang_group/zyyz/Projects/GVC-RT/experiments/gvcrt_neural_wrapper_v6_2_objective_calibration/bitstreams/fullqp/schedule_s1p0/step_1000/normal/video_24_qp2.bin,d45a7d2be0c1f8dc12ccc50d38178d6d46db9a9c7924fcbbb489f1d5d336e6ea,/Huang_group/zyyz/Projects/GVC-RT/experiments/gvcrt_neural_wrapper_v6_2_objective_calibration/features/fullqp/schedule_s1p0/step_1000/normal/video_24_qp2.npz,42965d8e2bee0e8b0624f66b19a6d1d3db5ce648940f9e24ca07f58cc76b7023,"{'bridge': '7394950d15fd97433ae4b017e4681bfc80143eb889910a34ed17b625ba08bcc9', 'generator': '97bf13e3c9e3693dc36e38e80ad0520349b58ba0320151a2fe2abcf43523b3ef'}",fullqp_schedule_v1,schedule_s1p0,1000,normal,normal,schedule_s1p0,2,2,24,2325d9a9-0426-4ae1-98b9-fc54a0411ead,38b8f270e0e2e7486e5c001b72b8a9412345f6ed594cd0ad59bfd47a8faa6865,7dc20d30e907e3d3c512cee1841a6326ee9f4fe93a27a1390a33090b339b9471,/Huang_group/zyyz/Projects/GVC-RT/experiments/gvcrt_neural_wrapper_v6_2_objective_calibration/branches/schedule_s1p0/checkpoints/step_1000.pt,fe63a6f00ca6bae59b23c8683146dbe64b6be67c1463a552af851bbfc31e9cba,/Huang_group/zyyz/Projects/GVC-RT/experiments/gvcrt_neural_wrapper_v6_2_objective_calibration/parts/fullqp/schedule_s1p0/step_1000/normal/video_24_qp2.frames.csv,80d3c437610c3dee0025af5b46ce281ebb1dd7b9e95e2c56f6f599fd1d850cc2,/Huang_group/zyyz/Projects/GVC-RT/experiments/gvcrt_neural_wrapper_v6_2_objective_calibration/features/fullqp/schedule_s1p0/step_1000/normal/video_24_qp2.transitions.csv,44778cfe98b69cb3e46f0e12c04311d174753312a1eeacdef57369ed30fac3ae,611008,"[2, 4, 2, 3, 2, 3, 2, 3, 2, 4, 2, 3, 2, 3, 2, 3, 2, 4, 2, 3, 2, 3, 2, 3, 2, 4, 2, 3, 2, 3, 2, 3]",0.12,4,20.115742206573486,0.05618301930371672,0.004179896895948332,0.0016954886596067809,Mean absolute RGB horizontal/vertical first-difference change
127647,127647,31911.75,0.015389539930555555,765.1168831168832,23.976023976023978,32,32,31,0.16175941564142704,0.1060631088912487,27.78163335783624,0.974155293777585,0.9273221753537655,0.1636165224256054,27.78163335783624,"[1920, 1088]","[1920, 1080]",1,False,,0.2925158143043518,0f0c0e2358ceec024230154da4777ed5c444a8382af1ec9d7165f3d7886141cf,0f0c0e2358ceec024230154da4777ed5c444a8382af1ec9d7165f3d7886141cf,e5edb7442ab2868a6d2ba52ee685eb15c66ffdc4ba6ff0608ec96cf499a09f19,True,True,True,127647,/Huang_group/zyyz/Projects/GVC-RT/experiments/gvcrt_neural_wrapper_v6_2_objective_calibration/bitstreams/fullqp/schedule_s1p0/step_1000/normal/video_24_qp4.bin,ddfc76450b2b06fde5724fabde31d3fcc329a72c0aaa927e21e9ed6a4739622f,/Huang_group/zyyz/Projects/GVC-RT/experiments/gvcrt_neural_wrapper_v6_2_objective_calibration/features/fullqp/schedule_s1p0/step_1000/normal/video_24_qp4.npz,c9192a36e14f10f8faf298baf7c67ff8dd8352e1ce6bb4f23b590ddafca185d8,"{'bridge': '7394950d15fd97433ae4b017e4681bfc80143eb889910a34ed17b625ba08bcc9', 'generator': '97bf13e3c9e3693dc36e38e80ad0520349b58ba0320151a2fe2abcf43523b3ef'}",fullqp_schedule_v1,schedule_s1p0,1000,normal,normal,schedule_s1p0,4,4,24,2325d9a9-0426-4ae1-98b9-fc54a0411ead,38b8f270e0e2e7486e5c001b72b8a9412345f6ed594cd0ad59bfd47a8faa6865,7dc20d30e907e3d3c512cee1841a6326ee9f4fe93a27a1390a33090b339b9471,/Huang_group/zyyz/Projects/GVC-RT/experiments/gvcrt_neural_wrapper_v6_2_objective_calibration/branches/schedule_s1p0/checkpoints/step_1000.pt,fe63a6f00ca6bae59b23c8683146dbe64b6be67c1463a552af851bbfc31e9cba,/Huang_group/zyyz/Projects/GVC-RT/experiments/gvcrt_neural_wrapper_v6_2_objective_calibration/parts/fullqp/schedule_s1p0/step_1000/normal/video_24_qp4.frames.csv,68354b841b07f2322fc37d4912e8faf0b226f1db78fbde5656629766e6ba226c,/Huang_group/zyyz/Projects/GVC-RT/experiments/gvcrt_neural_wrapper_v6_2_objective_calibration/features/fullqp/schedule_s1p0/step_1000/normal/video_24_qp4.transitions.csv,464e63029aac3be10320502e0349c9f41d6e8cad56f3a2e4f6bdcda736d9c14e,1021176,"[4, 6, 4, 5, 4, 5, 4, 5, 4, 6, 4, 5, 4, 5, 4, 5, 4, 6, 4, 5, 4, 5, 4, 5, 4, 6, 4, 5, 4, 5, 4, 5]",0.12,4,20.159401178359985,0.05618301930371672,0.004179896895948332,0.0016954886596067809,Mean absolute RGB horizontal/vertical first-difference change
198178,198178,49544.5,0.023892988040123457,1187.88011988012,23.976023976023978,32,32,31,0.12739527830854058,0.09151243418455124,28.79524706224737,0.9792414363473654,0.9439683686941862,0.12850896245048893,28.79524706224737,"[1920, 1088]","[1920, 1080]",1,False,,0.2925158143043518,0f0c0e2358ceec024230154da4777ed5c444a8382af1ec9d7165f3d7886141cf,0f0c0e2358ceec024230154da4777ed5c444a8382af1ec9d7165f3d7886141cf,7ddf12b4cb817cd4807302c8d18fbba3f16912740bdcd19e95226d011d16a209,True,True,True,198178,/Huang_group/zyyz/Projects/GVC-RT/experiments/gvcrt_neural_wrapper_v6_2_objective_calibration/bitstreams/fullqp/schedule_s1p0/step_1000/normal/video_24_qp6.bin,2699b4f1bcd8109699a8b3a2744eb850824e2cf05b21a9d98f18f4761ff817c7,/Huang_group/zyyz/Projects/GVC-RT/experiments/gvcrt_neural_wrapper_v6_2_objective_calibration/features/fullqp/schedule_s1p0/step_1000/normal/video_24_qp6.npz,50bc36297d0fc2247693597d26787a7ba906fbc85694b9735daaf479b91e2eb5,"{'bridge': '7394950d15fd97433ae4b017e4681bfc80143eb889910a34ed17b625ba08bcc9', 'generator': '97bf13e3c9e3693dc36e38e80ad0520349b58ba0320151a2fe2abcf43523b3ef'}",fullqp_schedule_v1,schedule_s1p0,1000,normal,normal,schedule_s1p0,6,6,24,2325d9a9-0426-4ae1-98b9-fc54a0411ead,38b8f270e0e2e7486e5c001b72b8a9412345f6ed594cd0ad59bfd47a8faa6865,7dc20d30e907e3d3c512cee1841a6326ee9f4fe93a27a1390a33090b339b9471,/Huang_group/zyyz/Projects/GVC-RT/experiments/gvcrt_neural_wrapper_v6_2_objective_calibration/branches/schedule_s1p0/checkpoints/step_1000.pt,fe63a6f00ca6bae59b23c8683146dbe64b6be67c1463a552af851bbfc31e9cba,/Huang_group/zyyz/Projects/GVC-RT/experiments/gvcrt_neural_wrapper_v6_2_objective_calibration/parts/fullqp/schedule_s1p0/step_1000/normal/video_24_qp6.frames.csv,90b224f7a97f569028541b0773096f4a0cc9cd4179bbb1f4c34c6f82293043ea,/Huang_group/zyyz/Projects/GVC-RT/experiments/gvcrt_neural_wrapper_v6_2_objective_calibration/features/fullqp/schedule_s1p0/step_1000/normal/video_24_qp6.transitions.csv,17e6c543ce2e1ec8e729365a77e6b59b2c4d99dc47ca64bb40c53c88943a1b9b,1585424,"[6, 8, 6, 7, 6, 7, 6, 7, 6, 8, 6, 7, 6, 7, 6, 7, 6, 8, 6, 7, 6, 7, 6, 7, 6, 8, 6, 7, 6, 7, 6, 7]",0.12,4,20.331743478775024,0.05618301930371672,0.004179896895948332,0.0016954886596067809,Mean absolute RGB horizontal/vertical first-difference change
288687,288687,72171.75,0.034805049189814814,1730.3916083916085,23.976023976023978,32,32,31,0.10479422542266548,0.08228791132569313,29.58383286318363,0.9824884422123432,0.9553736578673124,0.10561684807462077,29.58383286318363,"[1920, 1088]","[1920, 1080]",1,False,,0.2925158143043518,0f0c0e2358ceec024230154da4777ed5c444a8382af1ec9d7165f3d7886141cf,0f0c0e2358ceec024230154da4777ed5c444a8382af1ec9d7165f3d7886141cf,ec58354c47408cc0fd1d4eed59e6d8491574d800e9bbe4c620827ea94ed679ec,True,True,True,288687,/Huang_group/zyyz/Projects/GVC-RT/experiments/gvcrt_neural_wrapper_v6_2_objective_calibration/bitstreams/fullqp/schedule_s1p0/step_1000/normal/video_24_qp8.bin,b944a8aaa73fc41201cc8d625d4b59c3e1859dbb3b4061f296f1c8a336fe4131,/Huang_group/zyyz/Projects/GVC-RT/experiments/gvcrt_neural_wrapper_v6_2_objective_calibration/features/fullqp/schedule_s1p0/step_1000/normal/video_24_qp8.npz,6bb5e8a75412f796c93c458c995df00833a566ffaa6be786afff7dc9018102b6,"{'bridge': '7394950d15fd97433ae4b017e4681bfc80143eb889910a34ed17b625ba08bcc9', 'generator': '97bf13e3c9e3693dc36e38e80ad0520349b58ba0320151a2fe2abcf43523b3ef'}",fullqp_schedule_v1,schedule_s1p0,1000,normal,normal,schedule_s1p0,8,8,24,2325d9a9-0426-4ae1-98b9-fc54a0411ead,38b8f270e0e2e7486e5c001b72b8a9412345f6ed594cd0ad59bfd47a8faa6865,7dc20d30e907e3d3c512cee1841a6326ee9f4fe93a27a1390a33090b339b9471,/Huang_group/zyyz/Projects/GVC-RT/experiments/gvcrt_neural_wrapper_v6_2_objective_calibration/branches/schedule_s1p0/checkpoints/step_1000.pt,fe63a6f00ca6bae59b23c8683146dbe64b6be67c1463a552af851bbfc31e9cba,/Huang_group/zyyz/Projects/GVC-RT/experiments/gvcrt_neural_wrapper_v6_2_objective_calibration/parts/fullqp/schedule_s1p0/step_1000/normal/video_24_qp8.frames.csv,63673280fcb7f5f5a28b1e5c38d8190362907b4f947c8b67f4a02b35035e0101,/Huang_group/zyyz/Projects/GVC-RT/experiments/gvcrt_neural_wrapper_v6_2_objective_calibration/features/fullqp/schedule_s1p0/step_1000/normal/video_24_qp8.transitions.csv,88f67b9b2a8d88bee1c5c6d3d42c4870e14213fe8f463789ea022c3bc24a45ca,2309496,"[8, 10, 8, 9, 8, 9, 8, 9, 8, 10, 8, 9, 8, 9, 8, 9, 8, 10, 8, 9, 8, 9, 8, 9, 8, 10, 8, 9, 8, 9, 8, 9]",0.12,4,20.095085620880127,0.05618301930371672,0.004179896895948332,0.0016954886596067809,Mean absolute RGB horizontal/vertical first-difference change
339040,339040,84760.0,0.04087577160493827,2032.2077922077924,23.976023976023978,32,32,31,0.09728749259375036,0.07834313623607159,29.911405235586898,0.9836628176271915,0.9594881422817707,0.09849348159567002,29.911405235586898,"[1920, 1088]","[1920, 1080]",1,False,,0.2925158143043518,0f0c0e2358ceec024230154da4777ed5c444a8382af1ec9d7165f3d7886141cf,0f0c0e2358ceec024230154da4777ed5c444a8382af1ec9d7165f3d7886141cf,218041d52e641946de3350df5f9a7091dc9c960a5b7e484c0d8b46a9c5e72469,True,True,True,339040,/Huang_group/zyyz/Projects/GVC-RT/experiments/gvcrt_neural_wrapper_v6_2_objective_calibration/bitstreams/fullqp/schedule_s1p0/step_1000/normal/video_24_qp9.bin,790c3ec6673d03838e57508a5bb84650692fa141b7c80a3b9ebf47a823dee8b6,/Huang_group/zyyz/Projects/GVC-RT/experiments/gvcrt_neural_wrapper_v6_2_objective_calibration/features/fullqp/schedule_s1p0/step_1000/normal/video_24_qp9.npz,240cb8c41b2170212c1489ef0a3b105ba5254f8718953c5db95b46b0b1638977,"{'bridge': '7394950d15fd97433ae4b017e4681bfc80143eb889910a34ed17b625ba08bcc9', 'generator': '97bf13e3c9e3693dc36e38e80ad0520349b58ba0320151a2fe2abcf43523b3ef'}",fullqp_schedule_v1,schedule_s1p0,1000,normal,normal,schedule_s1p0,9,9,24,2325d9a9-0426-4ae1-98b9-fc54a0411ead,38b8f270e0e2e7486e5c001b72b8a9412345f6ed594cd0ad59bfd47a8faa6865,7dc20d30e907e3d3c512cee1841a6326ee9f4fe93a27a1390a33090b339b9471,/Huang_group/zyyz/Projects/GVC-RT/experiments/gvcrt_neural_wrapper_v6_2_objective_calibration/branches/schedule_s1p0/checkpoints/step_1000.pt,fe63a6f00ca6bae59b23c8683146dbe64b6be67c1463a552af851bbfc31e9cba,/Huang_group/zyyz/Projects/GVC-RT/experiments/gvcrt_neural_wrapper_v6_2_objective_calibration/parts/fullqp/schedule_s1p0/step_1000/normal/video_24_qp9.frames.csv,b870e7b24fdebd22e28a24da729229632e15cacbf2412b0a66100767c578a2df,/Huang_group/zyyz/Projects/GVC-RT/experiments/gvcrt_neural_wrapper_v6_2_objective_calibration/features/fullqp/schedule_s1p0/step_1000/normal/video_24_qp9.transitions.csv,7e7fd869bfc7bf2883c0b643d38d9cc29a6cec6a8b7f1de1c6bd3a39d4ed7e69,2712320,"[9, 11, 9, 10, 9, 10, 9, 10, 9, 11, 9, 10, 9, 10, 9, 10, 9, 11, 9, 10, 9, 10, 9, 10, 9, 11, 9, 10, 9, 10, 9, 10]",0.12,4,20.118903160095215,0.05618301930371672,0.004179896895948332,0.0016954886596067809,Mean absolute RGB horizontal/vertical first-difference change
24230,24230,6057.5,0.002921248070987654,151.4375,25.0,32,32,31,0.1252511995844543,0.07768889330327511,25.915738681166513,0.967586712911725,0.925804328173399,0.13032966491676146,25.915738681166513,"[1920, 1088]","[1920, 1080]",1,False,,0.35914164781570435,0f0c0e2358ceec024230154da4777ed5c444a8382af1ec9d7165f3d7886141cf,0f0c0e2358ceec024230154da4777ed5c444a8382af1ec9d7165f3d7886141cf,e754d1059438e8aee84e57db41862be16622ccbbc47dcc3ab475bfa6399017e2,True,True,True,24230,/Huang_group/zyyz/Projects/GVC-RT/experiments/gvcrt_neural_wrapper_v6_2_objective_calibration/bitstreams/fullqp/schedule_s1p0/step_1000/normal/video_25_qp0.bin,8b51916f94a80876c0f981e13902e75858af5dd8ca4a81f514cdcd07c21c311f,/Huang_group/zyyz/Projects/GVC-RT/experiments/gvcrt_neural_wrapper_v6_2_objective_calibration/features/fullqp/schedule_s1p0/step_1000/normal/video_25_qp0.npz,a2ac3e7c6cae739f4d745a137f1aeef00e27bf9ef088aab5cf6c3fd4c3dd2a78,"{'bridge': '7394950d15fd97433ae4b017e4681bfc80143eb889910a34ed17b625ba08bcc9', 'generator': '97bf13e3c9e3693dc36e38e80ad0520349b58ba0320151a2fe2abcf43523b3ef'}",fullqp_schedule_v1,schedule_s1p0,1000,normal,normal,schedule_s1p0,0,0,25,6e4895bc-b646-4a71-b870-b88168280a51,1ae0be3b81361ef2e91f7025ca0892e9e84ec985267ba5586959e6341caf0224,62c3f61c1d41d2c8de3bc8c1ce320bd7bf87a095718dc43b63c257a17036234b,/Huang_group/zyyz/Projects/GVC-RT/experiments/gvcrt_neural_wrapper_v6_2_objective_calibration/branches/schedule_s1p0/checkpoints/step_1000.pt,fe63a6f00ca6bae59b23c8683146dbe64b6be67c1463a552af851bbfc31e9cba,/Huang_group/zyyz/Projects/GVC-RT/experiments/gvcrt_neural_wrapper_v6_2_objective_calibration/parts/fullqp/schedule_s1p0/step_1000/normal/video_25_qp0.frames.csv,223110b8031c459a6f1c55a344fd22240f1fc91bc6c016a8c754c7528abb929a,/Huang_group/zyyz/Projects/GVC-RT/experiments/gvcrt_neural_wrapper_v6_2_objective_calibration/features/fullqp/schedule_s1p0/step_1000/normal/video_25_qp0.transitions.csv,8bb81f9d7c8d594c74b3a0145625f1c9a1686590ad3e349cb6d948969681519b,193840,"[0, 2, 0, 1, 0, 1, 0, 1, 0, 2, 0, 1, 0, 1, 0, 1, 0, 2, 0, 1, 0, 1, 0, 1, 0, 2, 0, 1, 0, 1, 0, 1]",0.12,6,19.983078002929688,0.05335958441719413,0.004246651282301173,0.001915903627377702,Mean absolute RGB horizontal/vertical first-difference change
37167,37167,9291.75,0.004480975115740741,232.29375,25.0,32,32,31,0.09630133607424796,0.06636404432356358,26.857248938853928,0.9738860800862312,0.9445043262094259,0.09759452073804793,26.857248938853928,"[1920, 1088]","[1920, 1080]",1,False,,0.35914164781570435,0f0c0e2358ceec024230154da4777ed5c444a8382af1ec9d7165f3d7886141cf,0f0c0e2358ceec024230154da4777ed5c444a8382af1ec9d7165f3d7886141cf,963df66478596c568d2263396412d37de476aa937df39a032b2628d40c2e845a,True,True,True,37167,/Huang_group/zyyz/Projects/GVC-RT/experiments/gvcrt_neural_wrapper_v6_2_objective_calibration/bitstreams/fullqp/schedule_s1p0/step_1000/normal/video_25_qp2.bin,4e53584939c8b5f2b70a88f038e202b742b883420986c49df2ab97ef7e1805ab,/Huang_group/zyyz/Projects/GVC-RT/experiments/gvcrt_neural_wrapper_v6_2_objective_calibration/features/fullqp/schedule_s1p0/step_1000/normal/video_25_qp2.npz,eeba917fdb768bbb401fe5305e85ee70755ecf452e01640ef3f1bb25e1e77c3e,"{'bridge': '7394950d15fd97433ae4b017e4681bfc80143eb889910a34ed17b625ba08bcc9', 'generator': '97bf13e3c9e3693dc36e38e80ad0520349b58ba0320151a2fe2abcf43523b3ef'}",fullqp_schedule_v1,schedule_s1p0,1000,normal,normal,schedule_s1p0,2,2,25,6e4895bc-b646-4a71-b870-b88168280a51,1ae0be3b81361ef2e91f7025ca0892e9e84ec985267ba5586959e6341caf0224,62c3f61c1d41d2c8de3bc8c1ce320bd7bf87a095718dc43b63c257a17036234b,/Huang_group/zyyz/Projects/GVC-RT/experiments/gvcrt_neural_wrapper_v6_2_objective_calibration/branches/schedule_s1p0/checkpoints/step_1000.pt,fe63a6f00ca6bae59b23c8683146dbe64b6be67c1463a552af851bbfc31e9cba,/Huang_group/zyyz/Projects/GVC-RT/experiments/gvcrt_neural_wrapper_v6_2_objective_calibration/parts/fullqp/schedule_s1p0/step_1000/normal/video_25_qp2.frames.csv,facf865b9b36058fc11c42f334650509c0e42fdff43610b76cfbfe6387d24545,/Huang_group/zyyz/Projects/GVC-RT/experiments/gvcrt_neural_wrapper_v6_2_objective_calibration/features/fullqp/schedule_s1p0/step_1000/normal/video_25_qp2.transitions.csv,d42e9124beed5ff39cd810ec0ccc5aef282ee6a248d99632bd443fb286950321,297336,"[2, 4, 2, 3, 2, 3, 2, 3, 2, 4, 2, 3, 2, 3, 2, 3, 2, 4, 2, 3, 2, 3, 2, 3, 2, 4, 2, 3, 2, 3, 2, 3]",0.12,6,20.134793758392334,0.05335958441719413,0.004246651282301173,0.001915903627377702,Mean absolute RGB horizontal/vertical first-difference change
55718,55718,13929.5,0.00671754436728395,348.2375,25.0,32,32,31,0.07694165385328233,0.05739784985780716,27.78847550234909,0.9787176735699177,0.9563874304294586,0.07638456816634824,27.78847550234909,"[1920, 1088]","[1920, 1080]",1,False,,0.35914164781570435,0f0c0e2358ceec024230154da4777ed5c444a8382af1ec9d7165f3d7886141cf,0f0c0e2358ceec024230154da4777ed5c444a8382af1ec9d7165f3d7886141cf,0efac30ae0094c0f7f2a129fb5f707ab0cf4e3be4f432499d6d07d470818fda7,True,True,True,55718,/Huang_group/zyyz/Projects/GVC-RT/experiments/gvcrt_neural_wrapper_v6_2_objective_calibration/bitstreams/fullqp/schedule_s1p0/step_1000/normal/video_25_qp4.bin,2819a5dd1a5122c72103f415fb46fd6ef37aa30df3115eb1bd417c49076c61cd,/Huang_group/zyyz/Projects/GVC-RT/experiments/gvcrt_neural_wrapper_v6_2_objective_calibration/features/fullqp/schedule_s1p0/step_1000/normal/video_25_qp4.npz,1352d35189ce866d5783247fa7b73367ef2f744b04dbc0e057a6d73926045ce0,"{'bridge': '7394950d15fd97433ae4b017e4681bfc80143eb889910a34ed17b625ba08bcc9', 'generator': '97bf13e3c9e3693dc36e38e80ad0520349b58ba0320151a2fe2abcf43523b3ef'}",fullqp_schedule_v1,schedule_s1p0,1000,normal,normal,schedule_s1p0,4,4,25,6e4895bc-b646-4a71-b870-b88168280a51,1ae0be3b81361ef2e91f7025ca0892e9e84ec985267ba5586959e6341caf0224,62c3f61c1d41d2c8de3bc8c1ce320bd7bf87a095718dc43b63c257a17036234b,/Huang_group/zyyz/Projects/GVC-RT/experiments/gvcrt_neural_wrapper_v6_2_objective_calibration/branches/schedule_s1p0/checkpoints/step_1000.pt,fe63a6f00ca6bae59b23c8683146dbe64b6be67c1463a552af851bbfc31e9cba,/Huang_group/zyyz/Projects/GVC-RT/experiments/gvcrt_neural_wrapper_v6_2_objective_calibration/parts/fullqp/schedule_s1p0/step_1000/normal/video_25_qp4.frames.csv,f725c46608922bb18b2e1746e203f548e175129dfedd90988b7409ee1cbef689,/Huang_group/zyyz/Projects/GVC-RT/experiments/gvcrt_neural_wrapper_v6_2_objective_calibration/features/fullqp/schedule_s1p0/step_1000/normal/video_25_qp4.transitions.csv,8dc272321ef6d4a89828a9ea3d3a9f46182797437a7fc71eb00f9aaa16d0ac0f,445744,"[4, 6, 4, 5, 4, 5, 4, 5, 4, 6, 4, 5, 4, 5, 4, 5, 4, 6, 4, 5, 4, 5, 4, 5, 4, 6, 4, 5, 4, 5, 4, 5]",0.12,6,20.153803825378418,0.05335958441719413,0.004246651282301173,0.001915903627377702,Mean absolute RGB horizontal/vertical first-difference change
82983,82983,20745.75,0.010004701967592592,518.64375,25.0,32,32,31,0.06459241663105786,0.05242476239800453,28.446658292011627,0.9816144555807114,0.963526725769043,0.06299403934709487,28.446658292011627,"[1920, 1088]","[1920, 1080]",1,False,,0.35914164781570435,0f0c0e2358ceec024230154da4777ed5c444a8382af1ec9d7165f3d7886141cf,0f0c0e2358ceec024230154da4777ed5c444a8382af1ec9d7165f3d7886141cf,62e09114baeaa89d8122c0fc7459f9bb65534e2ce2263e8fe5b5364afdb1aa4a,True,True,True,82983,/Huang_group/zyyz/Projects/GVC-RT/experiments/gvcrt_neural_wrapper_v6_2_objective_calibration/bitstreams/fullqp/schedule_s1p0/step_1000/normal/video_25_qp6.bin,f67464b40a6bd7a9b028639e27f5d1e18cc7f718109d1dc51d3b55e157e2ae1a,/Huang_group/zyyz/Projects/GVC-RT/experiments/gvcrt_neural_wrapper_v6_2_objective_calibration/features/fullqp/schedule_s1p0/step_1000/normal/video_25_qp6.npz,4ef2b87455fa19ddb6f73c12353c672c8a0d79aa7b75a728cfbcb032c7b9b576,"{'bridge': '7394950d15fd97433ae4b017e4681bfc80143eb889910a34ed17b625ba08bcc9', 'generator': '97bf13e3c9e3693dc36e38e80ad0520349b58ba0320151a2fe2abcf43523b3ef'}",fullqp_schedule_v1,schedule_s1p0,1000,normal,normal,schedule_s1p0,6,6,25,6e4895bc-b646-4a71-b870-b88168280a51,1ae0be3b81361ef2e91f7025ca0892e9e84ec985267ba5586959e6341caf0224,62c3f61c1d41d2c8de3bc8c1ce320bd7bf87a095718dc43b63c257a17036234b,/Huang_group/zyyz/Projects/GVC-RT/experiments/gvcrt_neural_wrapper_v6_2_objective_calibration/branches/schedule_s1p0/checkpoints/step_1000.pt,fe63a6f00ca6bae59b23c8683146dbe64b6be67c1463a552af851bbfc31e9cba,/Huang_group/zyyz/Projects/GVC-RT/experiments/gvcrt_neural_wrapper_v6_2_objective_calibration/parts/fullqp/schedule_s1p0/step_1000/normal/video_25_qp6.frames.csv,627a73e7247ce7ead92722dd2a7f09c62455e7bf3173f93f2bb0111b31ab78e9,/Huang_group/zyyz/Projects/GVC-RT/experiments/gvcrt_neural_wrapper_v6_2_objective_calibration/features/fullqp/schedule_s1p0/step_1000/normal/video_25_qp6.transitions.csv,6e1b3e419afdad0234ee79ffdf924890a4fc28630cb0c192f58f67b5c1d5fb07,663864,"[6, 8, 6, 7, 6, 7, 6, 7, 6, 8, 6, 7, 6, 7, 6, 7, 6, 8, 6, 7, 6, 7, 6, 7, 6, 8, 6, 7, 6, 7, 6, 7]",0.12,6,20.218814373016357,0.05335958441719413,0.004246651282301173,0.001915903627377702,Mean absolute RGB horizontal/vertical first-difference change
123781,123781,30945.25,0.014923442322530863,773.63125,25.0,32,32,31,0.056568322819657624,0.04793335497379303,28.890353044825417,0.9833234157413244,0.9683004021644592,0.05514695591503574,28.890353044825417,"[1920, 1088]","[1920, 1080]",1,False,,0.35914164781570435,0f0c0e2358ceec024230154da4777ed5c444a8382af1ec9d7165f3d7886141cf,0f0c0e2358ceec024230154da4777ed5c444a8382af1ec9d7165f3d7886141cf,de2e5342b4c6a9960a915ca067d3f6c14c7321c9073c0efa27980510cc156a22,True,True,True,123781,/Huang_group/zyyz/Projects/GVC-RT/experiments/gvcrt_neural_wrapper_v6_2_objective_calibration/bitstreams/fullqp/schedule_s1p0/step_1000/normal/video_25_qp8.bin,5f260b234174b91f55edbdad964010ce801be25a7f6573d810e1caad12b9a2b1,/Huang_group/zyyz/Projects/GVC-RT/experiments/gvcrt_neural_wrapper_v6_2_objective_calibration/features/fullqp/schedule_s1p0/step_1000/normal/video_25_qp8.npz,9b8d3573a932fc054053ef7563511d95c330daa292f68a9d5e4b04f25e4ae067,"{'bridge': '7394950d15fd97433ae4b017e4681bfc80143eb889910a34ed17b625ba08bcc9', 'generator': '97bf13e3c9e3693dc36e38e80ad0520349b58ba0320151a2fe2abcf43523b3ef'}",fullqp_schedule_v1,schedule_s1p0,1000,normal,normal,schedule_s1p0,8,8,25,6e4895bc-b646-4a71-b870-b88168280a51,1ae0be3b81361ef2e91f7025ca0892e9e84ec985267ba5586959e6341caf0224,62c3f61c1d41d2c8de3bc8c1ce320bd7bf87a095718dc43b63c257a17036234b,/Huang_group/zyyz/Projects/GVC-RT/experiments/gvcrt_neural_wrapper_v6_2_objective_calibration/branches/schedule_s1p0/checkpoints/step_1000.pt,fe63a6f00ca6bae59b23c8683146dbe64b6be67c1463a552af851bbfc31e9cba,/Huang_group/zyyz/Projects/GVC-RT/experiments/gvcrt_neural_wrapper_v6_2_objective_calibration/parts/fullqp/schedule_s1p0/step_1000/normal/video_25_qp8.frames.csv,c7105ea5cdc08250f0b421bfb5dc27142aaba1bff8954f5e39e5ee175818a981,/Huang_group/zyyz/Projects/GVC-RT/experiments/gvcrt_neural_wrapper_v6_2_objective_calibration/features/fullqp/schedule_s1p0/step_1000/normal/video_25_qp8.transitions.csv,1f91dc4c41c717e01f43034b41d2c91b23bc2ad907fe2f06cd6b00037c9e81c9,990248,"[8, 10, 8, 9, 8, 9, 8, 9, 8, 10, 8, 9, 8, 9, 8, 9, 8, 10, 8, 9, 8, 9, 8, 9, 8, 10, 8, 9, 8, 9, 8, 9]",0.12,6,20.08335041999817,0.05335958441719413,0.004246651282301173,0.001915903627377702,Mean absolute RGB horizontal/vertical first-difference change
148104,148104,37026.0,0.017855902777777776,925.65,25.0,32,32,31,0.0537228980101645,0.04674965515732765,29.120044998650215,0.9841421246528625,0.9700969289988279,0.05194982934382654,29.120044998650215,"[1920, 1088]","[1920, 1080]",1,False,,0.35914164781570435,0f0c0e2358ceec024230154da4777ed5c444a8382af1ec9d7165f3d7886141cf,0f0c0e2358ceec024230154da4777ed5c444a8382af1ec9d7165f3d7886141cf,7052f6a7a33dc911755ae3746b38f4ca7f4d4a82a14c97f699a4a550f18517fa,True,True,True,148104,/Huang_group/zyyz/Projects/GVC-RT/experiments/gvcrt_neural_wrapper_v6_2_objective_calibration/bitstreams/fullqp/schedule_s1p0/step_1000/normal/video_25_qp9.bin,7d1bd56e8950ab9820bcf17244235696cbc78d9def3f7fd0dbbfc8b4025d4693,/Huang_group/zyyz/Projects/GVC-RT/experiments/gvcrt_neural_wrapper_v6_2_objective_calibration/features/fullqp/schedule_s1p0/step_1000/normal/video_25_qp9.npz,2ddbae449a581d446053459681b0aa002bcda49290c1eeea194fb59a4a217b19,"{'bridge': '7394950d15fd97433ae4b017e4681bfc80143eb889910a34ed17b625ba08bcc9', 'generator': '97bf13e3c9e3693dc36e38e80ad0520349b58ba0320151a2fe2abcf43523b3ef'}",fullqp_schedule_v1,schedule_s1p0,1000,normal,normal,schedule_s1p0,9,9,25,6e4895bc-b646-4a71-b870-b88168280a51,1ae0be3b81361ef2e91f7025ca0892e9e84ec985267ba5586959e6341caf0224,62c3f61c1d41d2c8de3bc8c1ce320bd7bf87a095718dc43b63c257a17036234b,/Huang_group/zyyz/Projects/GVC-RT/experiments/gvcrt_neural_wrapper_v6_2_objective_calibration/branches/schedule_s1p0/checkpoints/step_1000.pt,fe63a6f00ca6bae59b23c8683146dbe64b6be67c1463a552af851bbfc31e9cba,/Huang_group/zyyz/Projects/GVC-RT/experiments/gvcrt_neural_wrapper_v6_2_objective_calibration/parts/fullqp/schedule_s1p0/step_1000/normal/video_25_qp9.frames.csv,8ab989cf4314171ee845b850628afacef4c91f679775684548f8d9e9a79d4a17,/Huang_group/zyyz/Projects/GVC-RT/experiments/gvcrt_neural_wrapper_v6_2_objective_calibration/features/fullqp/schedule_s1p0/step_1000/normal/video_25_qp9.transitions.csv,969d0ce6dcc95d19cb61f8b2f9705334126c5062d658c82eddef315a25ca3b3e,1184832,"[9, 11, 9, 10, 9, 10, 9, 10, 9, 11, 9, 10, 9, 10, 9, 10, 9, 11, 9, 10, 9, 10, 9, 10, 9, 11, 9, 10, 9, 10, 9, 10]",0.12,6,20.132850408554077,0.05335958441719413,0.004246651282301173,0.001915903627377702,Mean absolute RGB horizontal/vertical first-difference change
14689,14689,3672.25,0.0017709538966049383,110.1675,30.0,32,32,31,0.21224452182650566,0.11076875030994415,25.622169266715392,0.9814705941826105,0.7907886728644371,0.21906759181330282,25.622169266715392,"[1920, 1088]","[1920, 1080]",1,False,,0.32330089807510376,0f0c0e2358ceec024230154da4777ed5c444a8382af1ec9d7165f3d7886141cf,0f0c0e2358ceec024230154da4777ed5c444a8382af1ec9d7165f3d7886141cf,67e99770d6860ca8f0156b0740e82b929933d7e17d71a7e1c3dfc576bebe4b05,True,True,True,14689,/Huang_group/zyyz/Projects/GVC-RT/experiments/gvcrt_neural_wrapper_v6_2_objective_calibration/bitstreams/fullqp/schedule_s1p0/step_1000/normal/video_26_qp0.bin,18363e1fd1d34e7eb493b32d718736521a69d96ba7d18c62024f2c42cc98dd7b,/Huang_group/zyyz/Projects/GVC-RT/experiments/gvcrt_neural_wrapper_v6_2_objective_calibration/features/fullqp/schedule_s1p0/step_1000/normal/video_26_qp0.npz,5663d047416f2bd457657c2b7a1bec1812dbc0ca77872846d0be05553f3a11e4,"{'bridge': '7394950d15fd97433ae4b017e4681bfc80143eb889910a34ed17b625ba08bcc9', 'generator': '97bf13e3c9e3693dc36e38e80ad0520349b58ba0320151a2fe2abcf43523b3ef'}",fullqp_schedule_v1,schedule_s1p0,1000,normal,normal,schedule_s1p0,0,0,26,70d621e7-3f51-41da-869b-77729e10d55e,4f2f6d76cff6533745f1876021aa9426d16e00ab845f0040511b1dc10bb6ad5b,e5829559fe968fea193b025ce83edd181246af9f506863aadf48a7423aaef470,/Huang_group/zyyz/Projects/GVC-RT/experiments/gvcrt_neural_wrapper_v6_2_objective_calibration/branches/schedule_s1p0/checkpoints/step_1000.pt,fe63a6f00ca6bae59b23c8683146dbe64b6be67c1463a552af851bbfc31e9cba,/Huang_group/zyyz/Projects/GVC-RT/experiments/gvcrt_neural_wrapper_v6_2_objective_calibration/parts/fullqp/schedule_s1p0/step_1000/normal/video_26_qp0.frames.csv,dad6151be8d347337dcb28764ef0135ffd47532fda2fa2774975d0cc1a7ae074,/Huang_group/zyyz/Projects/GVC-RT/experiments/gvcrt_neural_wrapper_v6_2_objective_calibration/features/fullqp/schedule_s1p0/step_1000/normal/video_26_qp0.transitions.csv,e9755e1325171c0c73bd283eba31374936df7edea8d72d3110cb54beff45151c,117512,"[0, 2, 0, 1, 0, 1, 0, 1, 0, 2, 0, 1, 0, 1, 0, 1, 0, 2, 0, 1, 0, 1, 0, 1, 0, 2, 0, 1, 0, 1, 0, 1]",0.12,4,20.017643928527832,0.059448014944791794,0.005597514231340028,0.004351137351477519,Mean absolute RGB horizontal/vertical first-difference change
23337,23337,5834.25,0.0028135850694444445,175.0275,30.0,32,32,31,0.1702817720361054,0.09130088053643703,26.575009731091804,0.9850357361137867,0.8341747615486383,0.16918534857611503,26.575009731091804,"[1920, 1088]","[1920, 1080]",1,False,,0.32330089807510376,0f0c0e2358ceec024230154da4777ed5c444a8382af1ec9d7165f3d7886141cf,0f0c0e2358ceec024230154da4777ed5c444a8382af1ec9d7165f3d7886141cf,c404afb9ad2696e208697585e8bdf6b97754b0094869e0a02f61190284a7c145,True,True,True,23337,/Huang_group/zyyz/Projects/GVC-RT/experiments/gvcrt_neural_wrapper_v6_2_objective_calibration/bitstreams/fullqp/schedule_s1p0/step_1000/normal/video_26_qp2.bin,f0a8e9f28dbfc93894954de8c12a6a5bf32518b3bfa4b960a5a6be8ab567561d,/Huang_group/zyyz/Projects/GVC-RT/experiments/gvcrt_neural_wrapper_v6_2_objective_calibration/features/fullqp/schedule_s1p0/step_1000/normal/video_26_qp2.npz,b98977485dded491ac3378e6770c83714dd434ab345aee2d706047a6d432c360,"{'bridge': '7394950d15fd97433ae4b017e4681bfc80143eb889910a34ed17b625ba08bcc9', 'generator': '97bf13e3c9e3693dc36e38e80ad0520349b58ba0320151a2fe2abcf43523b3ef'}",fullqp_schedule_v1,schedule_s1p0,1000,normal,normal,schedule_s1p0,2,2,26,70d621e7-3f51-41da-869b-77729e10d55e,4f2f6d76cff6533745f1876021aa9426d16e00ab845f0040511b1dc10bb6ad5b,e5829559fe968fea193b025ce83edd181246af9f506863aadf48a7423aaef470,/Huang_group/zyyz/Projects/GVC-RT/experiments/gvcrt_neural_wrapper_v6_2_objective_calibration/branches/schedule_s1p0/checkpoints/step_1000.pt,fe63a6f00ca6bae59b23c8683146dbe64b6be67c1463a552af851bbfc31e9cba,/Huang_group/zyyz/Projects/GVC-RT/experiments/gvcrt_neural_wrapper_v6_2_objective_calibration/parts/fullqp/schedule_s1p0/step_1000/normal/video_26_qp2.frames.csv,131dd4fa0e24f34e922a58da555b428dbf740ddc9b77b2af7f745ed8556217cf,/Huang_group/zyyz/Projects/GVC-RT/experiments/gvcrt_neural_wrapper_v6_2_objective_calibration/features/fullqp/schedule_s1p0/step_1000/normal/video_26_qp2.transitions.csv,39dc28fc676dbb5f7844baa6539845f179d28f4725eba48336adc537d7bc3d2d,186696,"[2, 4, 2, 3, 2, 3, 2, 3, 2, 4, 2, 3, 2, 3, 2, 3, 2, 4, 2, 3, 2, 3, 2, 3, 2, 4, 2, 3, 2, 3, 2, 3]",0.12,4,20.2390775680542,0.059448014944791794,0.005597514231340028,0.004351137351477519,Mean absolute RGB horizontal/vertical first-difference change
37617,37617,9404.25,0.004535228587962963,282.1275,30.0,32,32,31,0.1393244513310492,0.0789641235023737,27.35340234393319,0.9874478988349438,0.8684812188148499,0.13547216427903022,27.35340234393319,"[1920, 1088]","[1920, 1080]",1,False,,0.32330089807510376,0f0c0e2358ceec024230154da4777ed5c444a8382af1ec9d7165f3d7886141cf,0f0c0e2358ceec024230154da4777ed5c444a8382af1ec9d7165f3d7886141cf,e1b0bbf17a1144eeaef5b1ba8ea6a2e2422962aa9a201269fd2da8b0dddf2997,True,True,True,37617,/Huang_group/zyyz/Projects/GVC-RT/experiments/gvcrt_neural_wrapper_v6_2_objective_calibration/bitstreams/fullqp/schedule_s1p0/step_1000/normal/video_26_qp4.bin,b21035d1cef94a71acf4d89a18c68fdfc0beede8107a2f65be6f27646d1fd9fe,/Huang_group/zyyz/Projects/GVC-RT/experiments/gvcrt_neural_wrapper_v6_2_objective_calibration/features/fullqp/schedule_s1p0/step_1000/normal/video_26_qp4.npz,435bd27b0888a89cf3152afa8ba73139fe298ddf4295c8c5bd40a471b0621b42,"{'bridge': '7394950d15fd97433ae4b017e4681bfc80143eb889910a34ed17b625ba08bcc9', 'generator': '97bf13e3c9e3693dc36e38e80ad0520349b58ba0320151a2fe2abcf43523b3ef'}",fullqp_schedule_v1,schedule_s1p0,1000,normal,normal,schedule_s1p0,4,4,26,70d621e7-3f51-41da-869b-77729e10d55e,4f2f6d76cff6533745f1876021aa9426d16e00ab845f0040511b1dc10bb6ad5b,e5829559fe968fea193b025ce83edd181246af9f506863aadf48a7423aaef470,/Huang_group/zyyz/Projects/GVC-RT/experiments/gvcrt_neural_wrapper_v6_2_objective_calibration/branches/schedule_s1p0/checkpoints/step_1000.pt,fe63a6f00ca6bae59b23c8683146dbe64b6be67c1463a552af851bbfc31e9cba,/Huang_group/zyyz/Projects/GVC-RT/experiments/gvcrt_neural_wrapper_v6_2_objective_calibration/parts/fullqp/schedule_s1p0/step_1000/normal/video_26_qp4.frames.csv,8c9a3bb6e330c2b9b00e93c767e1240e25ea0b1b73b26e2d28e544d77dd3d9f0,/Huang_group/zyyz/Projects/GVC-RT/experiments/gvcrt_neural_wrapper_v6_2_objective_calibration/features/fullqp/schedule_s1p0/step_1000/normal/video_26_qp4.transitions.csv,409d5f3b30e4b4f1601f25b18530606021538c926ba343dc8d10b5c08c50469a,300936,"[4, 6, 4, 5, 4, 5, 4, 5, 4, 6, 4, 5, 4, 5, 4, 5, 4, 6, 4, 5, 4, 5, 4, 5, 4, 6, 4, 5, 4, 5, 4, 5]",0.12,4,20.09146547317505,0.059448014944791794,0.005597514231340028,0.004351137351477519,Mean absolute RGB horizontal/vertical first-difference change
58736,58736,14684.0,0.007081404320987654,440.52,30.0,32,32,31,0.11754522891715169,0.0708676427602768,28.05113385596347,0.9892575573176146,0.8926410209387541,0.11494368098435863,28.05113385596347,"[1920, 1088]","[1920, 1080]",1,False,,0.32330089807510376,0f0c0e2358ceec024230154da4777ed5c444a8382af1ec9d7165f3d7886141cf,0f0c0e2358ceec024230154da4777ed5c444a8382af1ec9d7165f3d7886141cf,f07882057901b314a2bb7b7969a7153d619d14f6f9624a1803a798cd373c69c8,True,True,True,58736,/Huang_group/zyyz/Projects/GVC-RT/experiments/gvcrt_neural_wrapper_v6_2_objective_calibration/bitstreams/fullqp/schedule_s1p0/step_1000/normal/video_26_qp6.bin,0ebdce10f8e85c7868c4c53075664ea4bc157d703f6160091acacf4105314246,/Huang_group/zyyz/Projects/GVC-RT/experiments/gvcrt_neural_wrapper_v6_2_objective_calibration/features/fullqp/schedule_s1p0/step_1000/normal/video_26_qp6.npz,963041d9dd55135d4bd452323695e599282428e9224348e8ef3a5d97b93d2e6b,"{'bridge': '7394950d15fd97433ae4b017e4681bfc80143eb889910a34ed17b625ba08bcc9', 'generator': '97bf13e3c9e3693dc36e38e80ad0520349b58ba0320151a2fe2abcf43523b3ef'}",fullqp_schedule_v1,schedule_s1p0,1000,normal,normal,schedule_s1p0,6,6,26,70d621e7-3f51-41da-869b-77729e10d55e,4f2f6d76cff6533745f1876021aa9426d16e00ab845f0040511b1dc10bb6ad5b,e5829559fe968fea193b025ce83edd181246af9f506863aadf48a7423aaef470,/Huang_group/zyyz/Projects/GVC-RT/experiments/gvcrt_neural_wrapper_v6_2_objective_calibration/branches/schedule_s1p0/checkpoints/step_1000.pt,fe63a6f00ca6bae59b23c8683146dbe64b6be67c1463a552af851bbfc31e9cba,/Huang_group/zyyz/Projects/GVC-RT/experiments/gvcrt_neural_wrapper_v6_2_objective_calibration/parts/fullqp/schedule_s1p0/step_1000/normal/video_26_qp6.frames.csv,73840a1cfcec1a00ca1680c9aa437f7bd39133235b5c27aaa45e930f408e1ca2,/Huang_group/zyyz/Projects/GVC-RT/experiments/gvcrt_neural_wrapper_v6_2_objective_calibration/features/fullqp/schedule_s1p0/step_1000/normal/video_26_qp6.transitions.csv,a474436f21e1dde68579735d3a960196a8fbc7d96bd5f7a28a15f9b20173bf05,469888,"[6, 8, 6, 7, 6, 7, 6, 7, 6, 8, 6, 7, 6, 7, 6, 7, 6, 8, 6, 7, 6, 7, 6, 7, 6, 8, 6, 7, 6, 7, 6, 7]",0.12,4,20.12293553352356,0.059448014944791794,0.005597514231340028,0.004351137351477519,Mean absolute RGB horizontal/vertical first-difference change
88465,88465,22116.25,0.010665629822530864,663.4875,30.0,32,32,31,0.10306127555668354,0.06515782698988914,28.552727910514143,0.9903956912457943,0.9095112606883049,0.10144818213678175,28.552727910514143,"[1920, 1088]","[1920, 1080]",1,False,,0.32330089807510376,0f0c0e2358ceec024230154da4777ed5c444a8382af1ec9d7165f3d7886141cf,0f0c0e2358ceec024230154da4777ed5c444a8382af1ec9d7165f3d7886141cf,760b57e4e5d62a875ac6faf58f778d06103cdd6399f9dd70f9ab79cb2647f463,True,True,True,88465,/Huang_group/zyyz/Projects/GVC-RT/experiments/gvcrt_neural_wrapper_v6_2_objective_calibration/bitstreams/fullqp/schedule_s1p0/step_1000/normal/video_26_qp8.bin,f13b4cf917ec9aaade68ae9c258cdbabe44bf3d780f0e3d2926c5e2dee714dca,/Huang_group/zyyz/Projects/GVC-RT/experiments/gvcrt_neural_wrapper_v6_2_objective_calibration/features/fullqp/schedule_s1p0/step_1000/normal/video_26_qp8.npz,b2fdfba98420ce97839c78a31d5b4a81fd0fbe267a787cc0ef6e87f13a120266,"{'bridge': '7394950d15fd97433ae4b017e4681bfc80143eb889910a34ed17b625ba08bcc9', 'generator': '97bf13e3c9e3693dc36e38e80ad0520349b58ba0320151a2fe2abcf43523b3ef'}",fullqp_schedule_v1,schedule_s1p0,1000,normal,normal,schedule_s1p0,8,8,26,70d621e7-3f51-41da-869b-77729e10d55e,4f2f6d76cff6533745f1876021aa9426d16e00ab845f0040511b1dc10bb6ad5b,e5829559fe968fea193b025ce83edd181246af9f506863aadf48a7423aaef470,/Huang_group/zyyz/Projects/GVC-RT/experiments/gvcrt_neural_wrapper_v6_2_objective_calibration/branches/schedule_s1p0/checkpoints/step_1000.pt,fe63a6f00ca6bae59b23c8683146dbe64b6be67c1463a552af851bbfc31e9cba,/Huang_group/zyyz/Projects/GVC-RT/experiments/gvcrt_neural_wrapper_v6_2_objective_calibration/parts/fullqp/schedule_s1p0/step_1000/normal/video_26_qp8.frames.csv,5fdd2112d11954c601bb8a9d12247c8e242dd714d2c7889d80340522ffc752a5,/Huang_group/zyyz/Projects/GVC-RT/experiments/gvcrt_neural_wrapper_v6_2_objective_calibration/features/fullqp/schedule_s1p0/step_1000/normal/video_26_qp8.transitions.csv,7b8c2070b9abfd1c7b5f09bf889660484e913fda41da4805a1c527c5adf309d7,707720,"[8, 10, 8, 9, 8, 9, 8, 9, 8, 10, 8, 9, 8, 9, 8, 9, 8, 10, 8, 9, 8, 9, 8, 9, 8, 10, 8, 9, 8, 9, 8, 9]",0.12,4,20.16254949569702,0.059448014944791794,0.005597514231340028,0.004351137351477519,Mean absolute RGB horizontal/vertical first-difference change
107395,107395,26848.75,0.012947892554012345,805.4625,30.0,32,32,31,0.09917257307097316,0.06357873789966106,28.74676661510638,0.9908077698200941,0.9149654153734446,0.09685194468305956,28.74676661510638,"[1920, 1088]","[1920, 1080]",1,False,,0.32330089807510376,0f0c0e2358ceec024230154da4777ed5c444a8382af1ec9d7165f3d7886141cf,0f0c0e2358ceec024230154da4777ed5c444a8382af1ec9d7165f3d7886141cf,0b97e41c621a1c69cb449a6fe961d0551a193aca19a9a8ffe9599dddda361291,True,True,True,107395,/Huang_group/zyyz/Projects/GVC-RT/experiments/gvcrt_neural_wrapper_v6_2_objective_calibration/bitstreams/fullqp/schedule_s1p0/step_1000/normal/video_26_qp9.bin,eedb2af14113947a781bd2cb4a872325b1c56f00c1ed7a7e34ea49264b566069,/Huang_group/zyyz/Projects/GVC-RT/experiments/gvcrt_neural_wrapper_v6_2_objective_calibration/features/fullqp/schedule_s1p0/step_1000/normal/video_26_qp9.npz,9eb08f71a74b2c066fd6ee36a5f60f98396fce9d275a7d761739dd52a9b58728,"{'bridge': '7394950d15fd97433ae4b017e4681bfc80143eb889910a34ed17b625ba08bcc9', 'generator': '97bf13e3c9e3693dc36e38e80ad0520349b58ba0320151a2fe2abcf43523b3ef'}",fullqp_schedule_v1,schedule_s1p0,1000,normal,normal,schedule_s1p0,9,9,26,70d621e7-3f51-41da-869b-77729e10d55e,4f2f6d76cff6533745f1876021aa9426d16e00ab845f0040511b1dc10bb6ad5b,e5829559fe968fea193b025ce83edd181246af9f506863aadf48a7423aaef470,/Huang_group/zyyz/Projects/GVC-RT/experiments/gvcrt_neural_wrapper_v6_2_objective_calibration/branches/schedule_s1p0/checkpoints/step_1000.pt,fe63a6f00ca6bae59b23c8683146dbe64b6be67c1463a552af851bbfc31e9cba,/Huang_group/zyyz/Projects/GVC-RT/experiments/gvcrt_neural_wrapper_v6_2_objective_calibration/parts/fullqp/schedule_s1p0/step_1000/normal/video_26_qp9.frames.csv,a619032960da0c54b5e44935673d1f42250a45af8fc066fa6521554d63ed7bba,/Huang_group/zyyz/Projects/GVC-RT/experiments/gvcrt_neural_wrapper_v6_2_objective_calibration/features/fullqp/schedule_s1p0/step_1000/normal/video_26_qp9.transitions.csv,6ee79edb2f3cdf6a3cc65a4139363c63fc36ff4832a0064ea9594daea616bdeb,859160,"[9, 11, 9, 10, 9, 10, 9, 10, 9, 11, 9, 10, 9, 10, 9, 10, 9, 11, 9, 10, 9, 10, 9, 10, 9, 11, 9, 10, 9, 10, 9, 10]",0.12,4,20.145671367645264,0.059448014944791794,0.005597514231340028,0.004351137351477519,Mean absolute RGB horizontal/vertical first-difference change
22900,22900,5725.0,0.0027608989197530865,143.125,25.0,32,32,31,0.2151121157221496,0.08305847458541393,23.470142931695996,0.9698681831359863,0.8024417441338301,0.2585687219135223,23.470142931695996,"[1920, 1088]","[1920, 1080]",1,False,,0.5079060792922974,0f0c0e2358ceec024230154da4777ed5c444a8382af1ec9d7165f3d7886141cf,0f0c0e2358ceec024230154da4777ed5c444a8382af1ec9d7165f3d7886141cf,e1d86879748b87acea6c0fd80bfaef36ccb241967bbb38ee764c2955a99204e4,True,True,True,22900,/Huang_group/zyyz/Projects/GVC-RT/experiments/gvcrt_neural_wrapper_v6_2_objective_calibration/bitstreams/fullqp/schedule_s1p0/step_1000/normal/video_27_qp0.bin,34ca41fb43be8dd95ca419f9097fec454c44e5943a8bd9cc745ad1a93516f00b,/Huang_group/zyyz/Projects/GVC-RT/experiments/gvcrt_neural_wrapper_v6_2_objective_calibration/features/fullqp/schedule_s1p0/step_1000/normal/video_27_qp0.npz,e3e5fe1ca2d549bf0bef947c3b80d0771218f75bc764f7836a312e3936b62d16,"{'bridge': '7394950d15fd97433ae4b017e4681bfc80143eb889910a34ed17b625ba08bcc9', 'generator': '97bf13e3c9e3693dc36e38e80ad0520349b58ba0320151a2fe2abcf43523b3ef'}",fullqp_schedule_v1,schedule_s1p0,1000,normal,normal,schedule_s1p0,0,0,27,b2a52314-44cc-42aa-8efe-2873c93486f0,df0c8b535c1cd4fe249d033a7d9e23b5af235d2b312f15aa37dc087f893a1532,c8662d69a92a3bded5b6cc2dc12a0b70fa3c67d1071df881847e6c64cd334a12,/Huang_group/zyyz/Projects/GVC-RT/experiments/gvcrt_neural_wrapper_v6_2_objective_calibration/branches/schedule_s1p0/checkpoints/step_1000.pt,fe63a6f00ca6bae59b23c8683146dbe64b6be67c1463a552af851bbfc31e9cba,/Huang_group/zyyz/Projects/GVC-RT/experiments/gvcrt_neural_wrapper_v6_2_objective_calibration/parts/fullqp/schedule_s1p0/step_1000/normal/video_27_qp0.frames.csv,fc132ededc4e959a2d2eec52158e87483afaef98aa251ce0358729d2dd3384fe,/Huang_group/zyyz/Projects/GVC-RT/experiments/gvcrt_neural_wrapper_v6_2_objective_calibration/features/fullqp/schedule_s1p0/step_1000/normal/video_27_qp0.transitions.csv,a4101a7e82db8af44c27259eccc767bc6689c209b0f8f0ebea1493831333330d,183200,"[0, 2, 0, 1, 0, 1, 0, 1, 0, 2, 0, 1, 0, 1, 0, 1, 0, 2, 0, 1, 0, 1, 0, 1, 0, 2, 0, 1, 0, 1, 0, 1]",0.12,6,21.15256929397583,0.06424245773814619,0.0057214635744458064,0.004613256998709403,Mean absolute RGB horizontal/vertical first-difference change
37507,37507,9376.75,0.004521966628086419,234.41875,25.0,32,32,31,0.16803952446207404,0.06967504881322384,24.73881432077228,0.9772961251437664,0.8541639838367701,0.19026037377695884,24.73881432077228,"[1920, 1088]","[1920, 1080]",1,False,,0.5079060792922974,0f0c0e2358ceec024230154da4777ed5c444a8382af1ec9d7165f3d7886141cf,0f0c0e2358ceec024230154da4777ed5c444a8382af1ec9d7165f3d7886141cf,d2a721652ac14f036369f60ed9f44df0f55345abd46be0186265576bf63d9764,True,True,True,37507,/Huang_group/zyyz/Projects/GVC-RT/experiments/gvcrt_neural_wrapper_v6_2_objective_calibration/bitstreams/fullqp/schedule_s1p0/step_1000/normal/video_27_qp2.bin,6ecb94f510adfcffc0ccd9a15c4d0c63b574bf5fed9f71621fee4326367188b5,/Huang_group/zyyz/Projects/GVC-RT/experiments/gvcrt_neural_wrapper_v6_2_objective_calibration/features/fullqp/schedule_s1p0/step_1000/normal/video_27_qp2.npz,fec70e0dc338d1458531ebf226f8843f23f85087dbcaae753f10d8ea9bbe7e44,"{'bridge': '7394950d15fd97433ae4b017e4681bfc80143eb889910a34ed17b625ba08bcc9', 'generator': '97bf13e3c9e3693dc36e38e80ad0520349b58ba0320151a2fe2abcf43523b3ef'}",fullqp_schedule_v1,schedule_s1p0,1000,normal,normal,schedule_s1p0,2,2,27,b2a52314-44cc-42aa-8efe-2873c93486f0,df0c8b535c1cd4fe249d033a7d9e23b5af235d2b312f15aa37dc087f893a1532,c8662d69a92a3bded5b6cc2dc12a0b70fa3c67d1071df881847e6c64cd334a12,/Huang_group/zyyz/Projects/GVC-RT/experiments/gvcrt_neural_wrapper_v6_2_objective_calibration/branches/schedule_s1p0/checkpoints/step_1000.pt,fe63a6f00ca6bae59b23c8683146dbe64b6be67c1463a552af851bbfc31e9cba,/Huang_group/zyyz/Projects/GVC-RT/experiments/gvcrt_neural_wrapper_v6_2_objective_calibration/parts/fullqp/schedule_s1p0/step_1000/normal/video_27_qp2.frames.csv,ca229a6ff72f30c6a41894f1b9fbfa1663445ce3c3ebccebb4faa995e6cabebe,/Huang_group/zyyz/Projects/GVC-RT/experiments/gvcrt_neural_wrapper_v6_2_objective_calibration/features/fullqp/schedule_s1p0/step_1000/normal/video_27_qp2.transitions.csv,0b09cca7b4aa2d5ea9d49258e0760acaec74b05626222ebc3558c828bd7525d8,300056,"[2, 4, 2, 3, 2, 3, 2, 3, 2, 4, 2, 3, 2, 3, 2, 3, 2, 4, 2, 3, 2, 3, 2, 3, 2, 4, 2, 3, 2, 3, 2, 3]",0.12,6,20.815386533737183,0.06424245773814619,0.0057214635744458064,0.004613256998709403,Mean absolute RGB horizontal/vertical first-difference change
57925,57925,14481.25,0.006983627507716049,362.03125,25.0,32,32,31,0.13664531707763672,0.05824733152985573,25.786248318268687,0.9820509050041437,0.8890358321368694,0.14839510235094255,25.786248318268687,"[1920, 1088]","[1920, 1080]",1,False,,0.5079060792922974,0f0c0e2358ceec024230154da4777ed5c444a8382af1ec9d7165f3d7886141cf,0f0c0e2358ceec024230154da4777ed5c444a8382af1ec9d7165f3d7886141cf,232032cfa9e64ee737d42f2ae74ff288308f7a77e9c46031424a9c6d60599b6a,True,True,True,57925,/Huang_group/zyyz/Projects/GVC-RT/experiments/gvcrt_neural_wrapper_v6_2_objective_calibration/bitstreams/fullqp/schedule_s1p0/step_1000/normal/video_27_qp4.bin,7644e6c1f4020874ac42cdad28a78302738540302990602f21aceeda586b6e81,/Huang_group/zyyz/Projects/GVC-RT/experiments/gvcrt_neural_wrapper_v6_2_objective_calibration/features/fullqp/schedule_s1p0/step_1000/normal/video_27_qp4.npz,b7ea13515302ff305dc36d01366bb8d9514208ca6d0298889b492c6daae3c134,"{'bridge': '7394950d15fd97433ae4b017e4681bfc80143eb889910a34ed17b625ba08bcc9', 'generator': '97bf13e3c9e3693dc36e38e80ad0520349b58ba0320151a2fe2abcf43523b3ef'}",fullqp_schedule_v1,schedule_s1p0,1000,normal,normal,schedule_s1p0,4,4,27,b2a52314-44cc-42aa-8efe-2873c93486f0,df0c8b535c1cd4fe249d033a7d9e23b5af235d2b312f15aa37dc087f893a1532,c8662d69a92a3bded5b6cc2dc12a0b70fa3c67d1071df881847e6c64cd334a12,/Huang_group/zyyz/Projects/GVC-RT/experiments/gvcrt_neural_wrapper_v6_2_objective_calibration/branches/schedule_s1p0/checkpoints/step_1000.pt,fe63a6f00ca6bae59b23c8683146dbe64b6be67c1463a552af851bbfc31e9cba,/Huang_group/zyyz/Projects/GVC-RT/experiments/gvcrt_neural_wrapper_v6_2_objective_calibration/parts/fullqp/schedule_s1p0/step_1000/normal/video_27_qp4.frames.csv,c4556b9e250095fb02a37f51c90dd91b62297fa3ac5351ee390c6454793301cd,/Huang_group/zyyz/Projects/GVC-RT/experiments/gvcrt_neural_wrapper_v6_2_objective_calibration/features/fullqp/schedule_s1p0/step_1000/normal/video_27_qp4.transitions.csv,0d710d328bafae5e85f955fda7d6e81b1f0538e828716443e858e914a994d7bb,463400,"[4, 6, 4, 5, 4, 5, 4, 5, 4, 6, 4, 5, 4, 5, 4, 5, 4, 6, 4, 5, 4, 5, 4, 5, 4, 6, 4, 5, 4, 5, 4, 5]",0.12,6,20.75130581855774,0.06424245773814619,0.0057214635744458064,0.004613256998709403,Mean absolute RGB horizontal/vertical first-difference change
84734,84734,21183.5,0.01021580825617284,529.5875,25.0,32,32,31,0.11442049057222903,0.05070955865085125,26.597226706778734,0.9850343000143766,0.9108310174196959,0.12285929149196993,26.597226706778734,"[1920, 1088]","[1920, 1080]",1,False,,0.5079060792922974,0f0c0e2358ceec024230154da4777ed5c444a8382af1ec9d7165f3d7886141cf,0f0c0e2358ceec024230154da4777ed5c444a8382af1ec9d7165f3d7886141cf,370d47d6a6e6243e9d8042214e58653379fb53a6b5c6836828c32648065e4f8a,True,True,True,84734,/Huang_group/zyyz/Projects/GVC-RT/experiments/gvcrt_neural_wrapper_v6_2_objective_calibration/bitstreams/fullqp/schedule_s1p0/step_1000/normal/video_27_qp6.bin,a9a1eb625550ccb25e8382801526ccdc7c2ed499c1ace3b429a0b18f4b466b38,/Huang_group/zyyz/Projects/GVC-RT/experiments/gvcrt_neural_wrapper_v6_2_objective_calibration/features/fullqp/schedule_s1p0/step_1000/normal/video_27_qp6.npz,b249711bff03f042be81cff608090e6d148e059d1d2692ed0ae071360f590465,"{'bridge': '7394950d15fd97433ae4b017e4681bfc80143eb889910a34ed17b625ba08bcc9', 'generator': '97bf13e3c9e3693dc36e38e80ad0520349b58ba0320151a2fe2abcf43523b3ef'}",fullqp_schedule_v1,schedule_s1p0,1000,normal,normal,schedule_s1p0,6,6,27,b2a52314-44cc-42aa-8efe-2873c93486f0,df0c8b535c1cd4fe249d033a7d9e23b5af235d2b312f15aa37dc087f893a1532,c8662d69a92a3bded5b6cc2dc12a0b70fa3c67d1071df881847e6c64cd334a12,/Huang_group/zyyz/Projects/GVC-RT/experiments/gvcrt_neural_wrapper_v6_2_objective_calibration/branches/schedule_s1p0/checkpoints/step_1000.pt,fe63a6f00ca6bae59b23c8683146dbe64b6be67c1463a552af851bbfc31e9cba,/Huang_group/zyyz/Projects/GVC-RT/experiments/gvcrt_neural_wrapper_v6_2_objective_calibration/parts/fullqp/schedule_s1p0/step_1000/normal/video_27_qp6.frames.csv,4b2985e6d6ee7de85bf166aa938ccba6c7d14e34de815bb61fa6adcc927f7ebf,/Huang_group/zyyz/Projects/GVC-RT/experiments/gvcrt_neural_wrapper_v6_2_objective_calibration/features/fullqp/schedule_s1p0/step_1000/normal/video_27_qp6.transitions.csv,f2ec6d3df094ede7164abb7c4516e7183ea8b8fb2467a69ff6ffe0aca064aa3a,677872,"[6, 8, 6, 7, 6, 7, 6, 7, 6, 8, 6, 7, 6, 7, 6, 7, 6, 8, 6, 7, 6, 7, 6, 7, 6, 8, 6, 7, 6, 7, 6, 7]",0.12,6,20.766151428222656,0.06424245773814619,0.0057214635744458064,0.004613256998709403,Mean absolute RGB horizontal/vertical first-difference change
119655,119655,29913.75,0.014425998263888889,747.84375,25.0,32,32,31,0.10121269547380507,0.04601052775979042,27.196738580180167,0.9869199767708778,0.9246271383017302,0.10810404030546066,27.196738580180167,"[1920, 1088]","[1920, 1080]",1,False,,0.5079060792922974,0f0c0e2358ceec024230154da4777ed5c444a8382af1ec9d7165f3d7886141cf,0f0c0e2358ceec024230154da4777ed5c444a8382af1ec9d7165f3d7886141cf,3384d62a198cb7ababa2b1986426cc516ce2c22cb5d7eb372ff90661dd689b9f,True,True,True,119655,/Huang_group/zyyz/Projects/GVC-RT/experiments/gvcrt_neural_wrapper_v6_2_objective_calibration/bitstreams/fullqp/schedule_s1p0/step_1000/normal/video_27_qp8.bin,7786aa8bdbecbc5de5c073b718bfdab3c1b98f7fca55ffcc9ef5aab6e87f5ba7,/Huang_group/zyyz/Projects/GVC-RT/experiments/gvcrt_neural_wrapper_v6_2_objective_calibration/features/fullqp/schedule_s1p0/step_1000/normal/video_27_qp8.npz,45636b86c4b1608137fdc85ef5b5c70cfc2c38c35f5f58744b57d41228b46825,"{'bridge': '7394950d15fd97433ae4b017e4681bfc80143eb889910a34ed17b625ba08bcc9', 'generator': '97bf13e3c9e3693dc36e38e80ad0520349b58ba0320151a2fe2abcf43523b3ef'}",fullqp_schedule_v1,schedule_s1p0,1000,normal,normal,schedule_s1p0,8,8,27,b2a52314-44cc-42aa-8efe-2873c93486f0,df0c8b535c1cd4fe249d033a7d9e23b5af235d2b312f15aa37dc087f893a1532,c8662d69a92a3bded5b6cc2dc12a0b70fa3c67d1071df881847e6c64cd334a12,/Huang_group/zyyz/Projects/GVC-RT/experiments/gvcrt_neural_wrapper_v6_2_objective_calibration/branches/schedule_s1p0/checkpoints/step_1000.pt,fe63a6f00ca6bae59b23c8683146dbe64b6be67c1463a552af851bbfc31e9cba,/Huang_group/zyyz/Projects/GVC-RT/experiments/gvcrt_neural_wrapper_v6_2_objective_calibration/parts/fullqp/schedule_s1p0/step_1000/normal/video_27_qp8.frames.csv,f317d822c9b46fa4e87b148e8bcf7106aa13eb8ee9106024c768fcd6bc83f4f8,/Huang_group/zyyz/Projects/GVC-RT/experiments/gvcrt_neural_wrapper_v6_2_objective_calibration/features/fullqp/schedule_s1p0/step_1000/normal/video_27_qp8.transitions.csv,a1ea4365fb58b3eadc172998459978a878a86d281bb18d550b2a0d27a2796ec6,957240,"[8, 10, 8, 9, 8, 9, 8, 9, 8, 10, 8, 9, 8, 9, 8, 9, 8, 10, 8, 9, 8, 9, 8, 9, 8, 10, 8, 9, 8, 9, 8, 9]",0.12,6,20.447288751602173,0.06424245773814619,0.0057214635744458064,0.004613256998709403,Mean absolute RGB horizontal/vertical first-difference change
140069,140069,35017.25,0.0168871768904321,875.43125,25.0,32,32,31,0.09706746274605393,0.04522612877190113,27.399384200759354,0.9875000081956387,0.9289619699120522,0.10328691813253588,27.399384200759354,"[1920, 1088]","[1920, 1080]",1,False,,0.5079060792922974,0f0c0e2358ceec024230154da4777ed5c444a8382af1ec9d7165f3d7886141cf,0f0c0e2358ceec024230154da4777ed5c444a8382af1ec9d7165f3d7886141cf,7445b33d88570766a755151c90ffef033f3be62c6f7ec60be1e4f2654098393c,True,True,True,140069,/Huang_group/zyyz/Projects/GVC-RT/experiments/gvcrt_neural_wrapper_v6_2_objective_calibration/bitstreams/fullqp/schedule_s1p0/step_1000/normal/video_27_qp9.bin,7e944807a0bd65f539f0c27054574b043377bc690c67641704cc5941bd95fcbf,/Huang_group/zyyz/Projects/GVC-RT/experiments/gvcrt_neural_wrapper_v6_2_objective_calibration/features/fullqp/schedule_s1p0/step_1000/normal/video_27_qp9.npz,973c68ad37ff698a1798760041876cd4e7c0d5a5cc0db687d12aeeab008bb0ff,"{'bridge': '7394950d15fd97433ae4b017e4681bfc80143eb889910a34ed17b625ba08bcc9', 'generator': '97bf13e3c9e3693dc36e38e80ad0520349b58ba0320151a2fe2abcf43523b3ef'}",fullqp_schedule_v1,schedule_s1p0,1000,normal,normal,schedule_s1p0,9,9,27,b2a52314-44cc-42aa-8efe-2873c93486f0,df0c8b535c1cd4fe249d033a7d9e23b5af235d2b312f15aa37dc087f893a1532,c8662d69a92a3bded5b6cc2dc12a0b70fa3c67d1071df881847e6c64cd334a12,/Huang_group/zyyz/Projects/GVC-RT/experiments/gvcrt_neural_wrapper_v6_2_objective_calibration/branches/schedule_s1p0/checkpoints/step_1000.pt,fe63a6f00ca6bae59b23c8683146dbe64b6be67c1463a552af851bbfc31e9cba,/Huang_group/zyyz/Projects/GVC-RT/experiments/gvcrt_neural_wrapper_v6_2_objective_calibration/parts/fullqp/schedule_s1p0/step_1000/normal/video_27_qp9.frames.csv,1a8024bcfd6594ef772231090f67ccca81002b8cf99540e091a814b316ef93b2,/Huang_group/zyyz/Projects/GVC-RT/experiments/gvcrt_neural_wrapper_v6_2_objective_calibration/features/fullqp/schedule_s1p0/step_1000/normal/video_27_qp9.transitions.csv,53c32d19a5e5dfb5832fdf09d6a55a11b8338a91621d8d175c9d71a22265a01c,1120552,"[9, 11, 9, 10, 9, 10, 9, 10, 9, 11, 9, 10, 9, 10, 9, 10, 9, 11, 9, 10, 9, 10, 9, 10, 9, 11, 9, 10, 9, 10, 9, 10]",0.12,6,20.572052478790283,0.06424245773814619,0.0057214635744458064,0.004613256998709403,Mean absolute RGB horizontal/vertical first-difference change
18251,18251,4562.75,0.0022004002700617285,109.3966033966034,23.976023976023978,32,32,31,0.13463152199983597,0.058073392137885094,23.267706381633452,0.9640047214925289,0.8881363719701767,0.1422553194626685,23.267706381633452,"[1920, 1088]","[1920, 1080]",1,False,,0.31983882188796997,0f0c0e2358ceec024230154da4777ed5c444a8382af1ec9d7165f3d7886141cf,0f0c0e2358ceec024230154da4777ed5c444a8382af1ec9d7165f3d7886141cf,5ab5e83eaa57097362d33608f2b73e65696bc689a06f3d5ac2e61695944d5707,True,True,True,18251,/Huang_group/zyyz/Projects/GVC-RT/experiments/gvcrt_neural_wrapper_v6_2_objective_calibration/bitstreams/fullqp/schedule_s1p0/step_1000/normal/video_28_qp0.bin,d3275365b6f3b842ec243d8c255db294c046e21fa1d3c52ac4a1d4a570398c28,/Huang_group/zyyz/Projects/GVC-RT/experiments/gvcrt_neural_wrapper_v6_2_objective_calibration/features/fullqp/schedule_s1p0/step_1000/normal/video_28_qp0.npz,9032ca4e08e46a338bad4745ddd2711cdd5237f48664834dc6bf7848a1c5f82f,"{'bridge': '7394950d15fd97433ae4b017e4681bfc80143eb889910a34ed17b625ba08bcc9', 'generator': '97bf13e3c9e3693dc36e38e80ad0520349b58ba0320151a2fe2abcf43523b3ef'}",fullqp_schedule_v1,schedule_s1p0,1000,normal,normal,schedule_s1p0,0,0,28,2ce5501a-c931-4b06-86de-559e66b38489,c84dc22314f9acb74cafddcffe5d0cc580907956f07934f89d49433c398a414a,320f4f5b43946f51fe7607c90f3486e95ef47b57bde7b0dcc6439098986e8e79,/Huang_group/zyyz/Projects/GVC-RT/experiments/gvcrt_neural_wrapper_v6_2_objective_calibration/branches/schedule_s1p0/checkpoints/step_1000.pt,fe63a6f00ca6bae59b23c8683146dbe64b6be67c1463a552af851bbfc31e9cba,/Huang_group/zyyz/Projects/GVC-RT/experiments/gvcrt_neural_wrapper_v6_2_objective_calibration/parts/fullqp/schedule_s1p0/step_1000/normal/video_28_qp0.frames.csv,191d0a8ba21a4593a8c48505047c53e4894cb7415c95dad2afbff6df8f799f71,/Huang_group/zyyz/Projects/GVC-RT/experiments/gvcrt_neural_wrapper_v6_2_objective_calibration/features/fullqp/schedule_s1p0/step_1000/normal/video_28_qp0.transitions.csv,a1b8f4d084fe9459278f8b3357a2a0be2feb521511c88bc889b00429d0db4afd,146008,"[0, 2, 0, 1, 0, 1, 0, 1, 0, 2, 0, 1, 0, 1, 0, 1, 0, 2, 0, 1, 0, 1, 0, 1, 0, 2, 0, 1, 0, 1, 0, 1]",0.12,4,20.32105326652527,0.060887412750162184,0.005567531552514993,0.0044993880146648735,Mean absolute RGB horizontal/vertical first-difference change
26347,26347,6586.75,0.0031764805169753087,157.92407592407594,23.976023976023978,32,32,31,0.10305265709757805,0.04902718402445316,24.651860779978342,0.9736367370933294,0.9176677726209164,0.10761618325787206,24.651860779978342,"[1920, 1088]","[1920, 1080]",1,False,,0.31983882188796997,0f0c0e2358ceec024230154da4777ed5c444a8382af1ec9d7165f3d7886141cf,0f0c0e2358ceec024230154da4777ed5c444a8382af1ec9d7165f3d7886141cf,e94910e72ff219f4236ab56d6d27708ea31d2f6237ddc65b815afdbca7626ebb,True,True,True,26347,/Huang_group/zyyz/Projects/GVC-RT/experiments/gvcrt_neural_wrapper_v6_2_objective_calibration/bitstreams/fullqp/schedule_s1p0/step_1000/normal/video_28_qp2.bin,664338304a412c2cea0211bc96d180c9c8b208e39e73893d782feb41fa11abf6,/Huang_group/zyyz/Projects/GVC-RT/experiments/gvcrt_neural_wrapper_v6_2_objective_calibration/features/fullqp/schedule_s1p0/step_1000/normal/video_28_qp2.npz,fa21d5e7965396b3d4d746916c4a10e352926109a2b4dc1f55acb1180b6af1ae,"{'bridge': '7394950d15fd97433ae4b017e4681bfc80143eb889910a34ed17b625ba08bcc9', 'generator': '97bf13e3c9e3693dc36e38e80ad0520349b58ba0320151a2fe2abcf43523b3ef'}",fullqp_schedule_v1,schedule_s1p0,1000,normal,normal,schedule_s1p0,2,2,28,2ce5501a-c931-4b06-86de-559e66b38489,c84dc22314f9acb74cafddcffe5d0cc580907956f07934f89d49433c398a414a,320f4f5b43946f51fe7607c90f3486e95ef47b57bde7b0dcc6439098986e8e79,/Huang_group/zyyz/Projects/GVC-RT/experiments/gvcrt_neural_wrapper_v6_2_objective_calibration/branches/schedule_s1p0/checkpoints/step_1000.pt,fe63a6f00ca6bae59b23c8683146dbe64b6be67c1463a552af851bbfc31e9cba,/Huang_group/zyyz/Projects/GVC-RT/experiments/gvcrt_neural_wrapper_v6_2_objective_calibration/parts/fullqp/schedule_s1p0/step_1000/normal/video_28_qp2.frames.csv,2992fb8be26f413007f8b2aa77f9b55447c789ebcbf7450a227314c21e32103d,/Huang_group/zyyz/Projects/GVC-RT/experiments/gvcrt_neural_wrapper_v6_2_objective_calibration/features/fullqp/schedule_s1p0/step_1000/normal/video_28_qp2.transitions.csv,c18bc0c30a2867c34cd5f75c7ab5a6d00c0c4980d902e93a1e3a281478ab2ff5,210776,"[2, 4, 2, 3, 2, 3, 2, 3, 2, 4, 2, 3, 2, 3, 2, 3, 2, 4, 2, 3, 2, 3, 2, 3, 2, 4, 2, 3, 2, 3, 2, 3]",0.12,4,20.191829442977905,0.060887412750162184,0.005567531552514993,0.0044993880146648735,Mean absolute RGB horizontal/vertical first-difference change
38688,38688,9672.0,0.004664351851851852,231.8961038961039,23.976023976023978,32,32,31,0.07944870018400252,0.04045640118420124,25.793848314640716,0.9796362351626158,0.9374007862061262,0.08266420470130059,25.793848314640716,"[1920, 1088]","[1920, 1080]",1,False,,0.31983882188796997,0f0c0e2358ceec024230154da4777ed5c444a8382af1ec9d7165f3d7886141cf,0f0c0e2358ceec024230154da4777ed5c444a8382af1ec9d7165f3d7886141cf,1b344f15b07bc7b24ad1e2f0a2a86dc95dd5232fd7566b9298b639e780fdd573,True,True,True,38688,/Huang_group/zyyz/Projects/GVC-RT/experiments/gvcrt_neural_wrapper_v6_2_objective_calibration/bitstreams/fullqp/schedule_s1p0/step_1000/normal/video_28_qp4.bin,4adcb431d5df15f685953bef04b19db9a44e4d962ef16f7892133467c767a2ac,/Huang_group/zyyz/Projects/GVC-RT/experiments/gvcrt_neural_wrapper_v6_2_objective_calibration/features/fullqp/schedule_s1p0/step_1000/normal/video_28_qp4.npz,36aeaa7fb8bac13171b599ae843ea1ae54a965fd35b1bf89cc5510be8c8a0d2b,"{'bridge': '7394950d15fd97433ae4b017e4681bfc80143eb889910a34ed17b625ba08bcc9', 'generator': '97bf13e3c9e3693dc36e38e80ad0520349b58ba0320151a2fe2abcf43523b3ef'}",fullqp_schedule_v1,schedule_s1p0,1000,normal,normal,schedule_s1p0,4,4,28,2ce5501a-c931-4b06-86de-559e66b38489,c84dc22314f9acb74cafddcffe5d0cc580907956f07934f89d49433c398a414a,320f4f5b43946f51fe7607c90f3486e95ef47b57bde7b0dcc6439098986e8e79,/Huang_group/zyyz/Projects/GVC-RT/experiments/gvcrt_neural_wrapper_v6_2_objective_calibration/branches/schedule_s1p0/checkpoints/step_1000.pt,fe63a6f00ca6bae59b23c8683146dbe64b6be67c1463a552af851bbfc31e9cba,/Huang_group/zyyz/Projects/GVC-RT/experiments/gvcrt_neural_wrapper_v6_2_objective_calibration/parts/fullqp/schedule_s1p0/step_1000/normal/video_28_qp4.frames.csv,af1a8d5b2b3fd26ab1d396f0f6951e8d7eaedf54f2c78f2a4bb1cf3c43a99b77,/Huang_group/zyyz/Projects/GVC-RT/experiments/gvcrt_neural_wrapper_v6_2_objective_calibration/features/fullqp/schedule_s1p0/step_1000/normal/video_28_qp4.transitions.csv,0d3bc06599c25568166ebfebf3d62e14939bcd246605001bb69deea0023f1fea,309504,"[4, 6, 4, 5, 4, 5, 4, 5, 4, 6, 4, 5, 4, 5, 4, 5, 4, 6, 4, 5, 4, 5, 4, 5, 4, 6, 4, 5, 4, 5, 4, 5]",0.12,4,20.126755237579346,0.060887412750162184,0.005567531552514993,0.0044993880146648735,Mean absolute RGB horizontal/vertical first-difference change
54884,54884,13721.0,0.006616994598765432,328.97502497502495,23.976023976023978,32,32,31,0.06574286171235144,0.03551828674972057,26.684438408733648,0.9833466485142708,0.9495781101286411,0.06813964644266714,26.684438408733648,"[1920, 1088]","[1920, 1080]",1,False,,0.31983882188796997,0f0c0e2358ceec024230154da4777ed5c444a8382af1ec9d7165f3d7886141cf,0f0c0e2358ceec024230154da4777ed5c444a8382af1ec9d7165f3d7886141cf,1d58a6802034a34011b9656a562eccbd34c28c61e978e13765b78a7500cb8c39,True,True,True,54884,/Huang_group/zyyz/Projects/GVC-RT/experiments/gvcrt_neural_wrapper_v6_2_objective_calibration/bitstreams/fullqp/schedule_s1p0/step_1000/normal/video_28_qp6.bin,4ebe1c965da3774bc2c6b4d1de63246df5fdc56015745a93b9afe2001c71b45f,/Huang_group/zyyz/Projects/GVC-RT/experiments/gvcrt_neural_wrapper_v6_2_objective_calibration/features/fullqp/schedule_s1p0/step_1000/normal/video_28_qp6.npz,bae5005eddc264f6c56aa7e9195e5295e12232325f041017f6eebf020ee5e886,"{'bridge': '7394950d15fd97433ae4b017e4681bfc80143eb889910a34ed17b625ba08bcc9', 'generator': '97bf13e3c9e3693dc36e38e80ad0520349b58ba0320151a2fe2abcf43523b3ef'}",fullqp_schedule_v1,schedule_s1p0,1000,normal,normal,schedule_s1p0,6,6,28,2ce5501a-c931-4b06-86de-559e66b38489,c84dc22314f9acb74cafddcffe5d0cc580907956f07934f89d49433c398a414a,320f4f5b43946f51fe7607c90f3486e95ef47b57bde7b0dcc6439098986e8e79,/Huang_group/zyyz/Projects/GVC-RT/experiments/gvcrt_neural_wrapper_v6_2_objective_calibration/branches/schedule_s1p0/checkpoints/step_1000.pt,fe63a6f00ca6bae59b23c8683146dbe64b6be67c1463a552af851bbfc31e9cba,/Huang_group/zyyz/Projects/GVC-RT/experiments/gvcrt_neural_wrapper_v6_2_objective_calibration/parts/fullqp/schedule_s1p0/step_1000/normal/video_28_qp6.frames.csv,2b32a61c3346cae5c3230ec998bca98d859b66ad36b9d94e9c1bfecaa0ab06a9,/Huang_group/zyyz/Projects/GVC-RT/experiments/gvcrt_neural_wrapper_v6_2_objective_calibration/features/fullqp/schedule_s1p0/step_1000/normal/video_28_qp6.transitions.csv,9f6c47c4f1bca1a6a7f2a87424a8932ab90c97abb0c2fc5749b277df676c139a,439072,"[6, 8, 6, 7, 6, 7, 6, 7, 6, 8, 6, 7, 6, 7, 6, 7, 6, 8, 6, 7, 6, 7, 6, 7, 6, 8, 6, 7, 6, 7, 6, 7]",0.12,4,20.20577621459961,0.060887412750162184,0.005567531552514993,0.0044993880146648735,Mean absolute RGB horizontal/vertical first-difference change
76917,76917,19229.25,0.009273365162037037,461.0409590409591,23.976023976023978,32,32,31,0.05730184703134,0.03209313564002514,27.260787800662435,0.9853742141276598,0.9568550642579794,0.05941559362315362,27.260787800662435,"[1920, 1088]","[1920, 1080]",1,False,,0.31983882188796997,0f0c0e2358ceec024230154da4777ed5c444a8382af1ec9d7165f3d7886141cf,0f0c0e2358ceec024230154da4777ed5c444a8382af1ec9d7165f3d7886141cf,077fcfbb58834e7cb6ad4a670a70e2d6d3bd01039a2aa30eefb6b5b6af48bcf3,True,True,True,76917,/Huang_group/zyyz/Projects/GVC-RT/experiments/gvcrt_neural_wrapper_v6_2_objective_calibration/bitstreams/fullqp/schedule_s1p0/step_1000/normal/video_28_qp8.bin,601fb8540b2753b093eb7764e90dccb4823de8b4e97572680cfdf197c983d547,/Huang_group/zyyz/Projects/GVC-RT/experiments/gvcrt_neural_wrapper_v6_2_objective_calibration/features/fullqp/schedule_s1p0/step_1000/normal/video_28_qp8.npz,7a0239b629229c5d6e90cbfc521961f16fc2b10f0dd08049adbd2e620da853f0,"{'bridge': '7394950d15fd97433ae4b017e4681bfc80143eb889910a34ed17b625ba08bcc9', 'generator': '97bf13e3c9e3693dc36e38e80ad0520349b58ba0320151a2fe2abcf43523b3ef'}",fullqp_schedule_v1,schedule_s1p0,1000,normal,normal,schedule_s1p0,8,8,28,2ce5501a-c931-4b06-86de-559e66b38489,c84dc22314f9acb74cafddcffe5d0cc580907956f07934f89d49433c398a414a,320f4f5b43946f51fe7607c90f3486e95ef47b57bde7b0dcc6439098986e8e79,/Huang_group/zyyz/Projects/GVC-RT/experiments/gvcrt_neural_wrapper_v6_2_objective_calibration/branches/schedule_s1p0/checkpoints/step_1000.pt,fe63a6f00ca6bae59b23c8683146dbe64b6be67c1463a552af851bbfc31e9cba,/Huang_group/zyyz/Projects/GVC-RT/experiments/gvcrt_neural_wrapper_v6_2_objective_calibration/parts/fullqp/schedule_s1p0/step_1000/normal/video_28_qp8.frames.csv,3f042d27606dd7ccbbdfec1d2f708dbe476b3e7a49f06c6a5b3da35c54eee659,/Huang_group/zyyz/Projects/GVC-RT/experiments/gvcrt_neural_wrapper_v6_2_objective_calibration/features/fullqp/schedule_s1p0/step_1000/normal/video_28_qp8.transitions.csv,a319d1102e1551c49935419b13bfc15c59d76e1db0fe7ca40609e9cf718147f9,615336,"[8, 10, 8, 9, 8, 9, 8, 9, 8, 10, 8, 9, 8, 9, 8, 9, 8, 10, 8, 9, 8, 9, 8, 9, 8, 10, 8, 9, 8, 9, 8, 9]",0.12,4,20.2088782787323,0.060887412750162184,0.005567531552514993,0.0044993880146648735,Mean absolute RGB horizontal/vertical first-difference change
89572,89572,22393.0,0.01079909336419753,536.8951048951049,23.976023976023978,32,32,31,0.05513512156903744,0.030392199754714966,27.486499222641104,0.9860922303050756,0.9592798240482807,0.05656702756401031,27.486499222641104,"[1920, 1088]","[1920, 1080]",1,False,,0.31983882188796997,0f0c0e2358ceec024230154da4777ed5c444a8382af1ec9d7165f3d7886141cf,0f0c0e2358ceec024230154da4777ed5c444a8382af1ec9d7165f3d7886141cf,e1980df8f203217ee07b5d2ce6c7582cb7a4be607420551d086ce020cb99665f,True,True,True,89572,/Huang_group/zyyz/Projects/GVC-RT/experiments/gvcrt_neural_wrapper_v6_2_objective_calibration/bitstreams/fullqp/schedule_s1p0/step_1000/normal/video_28_qp9.bin,caf93cb0286938dd0f443efaf2bc8bceccfb0c1d87dcb13f8d89e6e947271629,/Huang_group/zyyz/Projects/GVC-RT/experiments/gvcrt_neural_wrapper_v6_2_objective_calibration/features/fullqp/schedule_s1p0/step_1000/normal/video_28_qp9.npz,c5e879d4999f040686137179178fcc6c24fa2384eae98851f6384e6c6d430b57,"{'bridge': '7394950d15fd97433ae4b017e4681bfc80143eb889910a34ed17b625ba08bcc9', 'generator': '97bf13e3c9e3693dc36e38e80ad0520349b58ba0320151a2fe2abcf43523b3ef'}",fullqp_schedule_v1,schedule_s1p0,1000,normal,normal,schedule_s1p0,9,9,28,2ce5501a-c931-4b06-86de-559e66b38489,c84dc22314f9acb74cafddcffe5d0cc580907956f07934f89d49433c398a414a,320f4f5b43946f51fe7607c90f3486e95ef47b57bde7b0dcc6439098986e8e79,/Huang_group/zyyz/Projects/GVC-RT/experiments/gvcrt_neural_wrapper_v6_2_objective_calibration/branches/schedule_s1p0/checkpoints/step_1000.pt,fe63a6f00ca6bae59b23c8683146dbe64b6be67c1463a552af851bbfc31e9cba,/Huang_group/zyyz/Projects/GVC-RT/experiments/gvcrt_neural_wrapper_v6_2_objective_calibration/parts/fullqp/schedule_s1p0/step_1000/normal/video_28_qp9.frames.csv,9d31d5beaf333e742728be25c9866ff316b61b2f38eacb76d06dd17079ac7846,/Huang_group/zyyz/Projects/GVC-RT/experiments/gvcrt_neural_wrapper_v6_2_objective_calibration/features/fullqp/schedule_s1p0/step_1000/normal/video_28_qp9.transitions.csv,c5a723b3725487bc9fda660f8730097c2f7d58556143079b356ce7e06da2fa0c,716576,"[9, 11, 9, 10, 9, 10, 9, 10, 9, 11, 9, 10, 9, 10, 9, 10, 9, 11, 9, 10, 9, 10, 9, 10, 9, 11, 9, 10, 9, 10, 9, 10]",0.12,4,20.293870210647583,0.060887412750162184,0.005567531552514993,0.0044993880146648735,Mean absolute RGB horizontal/vertical first-difference change
35690,35690,8922.5,0.004302903163580247,267.4075924075924,29.97002997002997,32,32,31,0.19208479672670364,0.0701778270304203,22.725289952962488,0.951238352805376,0.8489394206553698,0.23744112157052563,22.725289952962488,"[1920, 1088]","[1920, 1080]",1,False,,0.31939101219177246,0f0c0e2358ceec024230154da4777ed5c444a8382af1ec9d7165f3d7886141cf,0f0c0e2358ceec024230154da4777ed5c444a8382af1ec9d7165f3d7886141cf,fb8a5f4b994129bf1488a91b3718e1ed3abda780585ad2054bf205fa45d8b6f8,True,True,True,35690,/Huang_group/zyyz/Projects/GVC-RT/experiments/gvcrt_neural_wrapper_v6_2_objective_calibration/bitstreams/fullqp/schedule_s1p0/step_1000/normal/video_29_qp0.bin,0c4df9911d74a15b9f522f586bf013b48b1d019678f4473a78f293d1cb2fff7d,/Huang_group/zyyz/Projects/GVC-RT/experiments/gvcrt_neural_wrapper_v6_2_objective_calibration/features/fullqp/schedule_s1p0/step_1000/normal/video_29_qp0.npz,fa8ebcd41c971b568c0c6c628981dc3e777408995205673b78f7c20aa79dc97e,"{'bridge': '7394950d15fd97433ae4b017e4681bfc80143eb889910a34ed17b625ba08bcc9', 'generator': '97bf13e3c9e3693dc36e38e80ad0520349b58ba0320151a2fe2abcf43523b3ef'}",fullqp_schedule_v1,schedule_s1p0,1000,normal,normal,schedule_s1p0,0,0,29,c3ca8c4a-e093-4221-831e-3c8498ab1139,297d9a46b3cad9438b06c20dba013cb4b3b0c48b605d31e48a0ebed9a195c1fb,97160b96a9ab8dc866449428e5a69efa185edfd48ebacf8168f21eea15360e41,/Huang_group/zyyz/Projects/GVC-RT/experiments/gvcrt_neural_wrapper_v6_2_objective_calibration/branches/schedule_s1p0/checkpoints/step_1000.pt,fe63a6f00ca6bae59b23c8683146dbe64b6be67c1463a552af851bbfc31e9cba,/Huang_group/zyyz/Projects/GVC-RT/experiments/gvcrt_neural_wrapper_v6_2_objective_calibration/parts/fullqp/schedule_s1p0/step_1000/normal/video_29_qp0.frames.csv,36e405ea62212844d4b202cf1e3fb9488cf729bf71388a1d4bf9882b037c0ad8,/Huang_group/zyyz/Projects/GVC-RT/experiments/gvcrt_neural_wrapper_v6_2_objective_calibration/features/fullqp/schedule_s1p0/step_1000/normal/video_29_qp0.transitions.csv,595b90927ed0ed844a17ad59a24cf78d4f6a0def2058286a1bd96488f65acb08,285520,"[0, 2, 0, 1, 0, 1, 0, 1, 0, 2, 0, 1, 0, 1, 0, 1, 0, 2, 0, 1, 0, 1, 0, 1, 0, 2, 0, 1, 0, 1, 0, 1]",0.12,6,20.39770793914795,0.05591619969345629,0.004477461887290701,0.004131231413339265,Mean absolute RGB horizontal/vertical first-difference change
57465,57465,14366.25,0.0069281684027777775,430.55694305694306,29.97002997002997,32,32,31,0.14457017625682056,0.059707161039114,24.123639331908286,0.9640434216707945,0.8922075387090445,0.17079735090655665,24.123639331908286,"[1920, 1088]","[1920, 1080]",1,False,,0.31939101219177246,0f0c0e2358ceec024230154da4777ed5c444a8382af1ec9d7165f3d7886141cf,0f0c0e2358ceec024230154da4777ed5c444a8382af1ec9d7165f3d7886141cf,dadf0ffba9b7fb99a6a702425ae4379ac5b43a3f21aa05da79aeb67999a5d20e,True,True,True,57465,/Huang_group/zyyz/Projects/GVC-RT/experiments/gvcrt_neural_wrapper_v6_2_objective_calibration/bitstreams/fullqp/schedule_s1p0/step_1000/normal/video_29_qp2.bin,cdea7a0936bdebf9aa466b8ca9ddbbb13e5bf32c80ed178cced6e0ae250f9d52,/Huang_group/zyyz/Projects/GVC-RT/experiments/gvcrt_neural_wrapper_v6_2_objective_calibration/features/fullqp/schedule_s1p0/step_1000/normal/video_29_qp2.npz,26622e1f3f0f7af3439f70b27a31961c1133dea90081cb7051568b676b612911,"{'bridge': '7394950d15fd97433ae4b017e4681bfc80143eb889910a34ed17b625ba08bcc9', 'generator': '97bf13e3c9e3693dc36e38e80ad0520349b58ba0320151a2fe2abcf43523b3ef'}",fullqp_schedule_v1,schedule_s1p0,1000,normal,normal,schedule_s1p0,2,2,29,c3ca8c4a-e093-4221-831e-3c8498ab1139,297d9a46b3cad9438b06c20dba013cb4b3b0c48b605d31e48a0ebed9a195c1fb,97160b96a9ab8dc866449428e5a69efa185edfd48ebacf8168f21eea15360e41,/Huang_group/zyyz/Projects/GVC-RT/experiments/gvcrt_neural_wrapper_v6_2_objective_calibration/branches/schedule_s1p0/checkpoints/step_1000.pt,fe63a6f00ca6bae59b23c8683146dbe64b6be67c1463a552af851bbfc31e9cba,/Huang_group/zyyz/Projects/GVC-RT/experiments/gvcrt_neural_wrapper_v6_2_objective_calibration/parts/fullqp/schedule_s1p0/step_1000/normal/video_29_qp2.frames.csv,b6f7ef11e23b1238823aee8c705287b31beba22634ad131d89db7f2ad8cc6c03,/Huang_group/zyyz/Projects/GVC-RT/experiments/gvcrt_neural_wrapper_v6_2_objective_calibration/features/fullqp/schedule_s1p0/step_1000/normal/video_29_qp2.transitions.csv,43595a57a75a98dca8ef28020e6fa9454ed9ca5e48dd9d8964a0b120dcf81489,459720,"[2, 4, 2, 3, 2, 3, 2, 3, 2, 4, 2, 3, 2, 3, 2, 3, 2, 4, 2, 3, 2, 3, 2, 3, 2, 4, 2, 3, 2, 3, 2, 3]",0.12,6,20.360822439193726,0.05591619969345629,0.004477461887290701,0.004131231413339265,Mean absolute RGB horizontal/vertical first-difference change
86783,86783,21695.75,0.010462842399691358,650.2222777222777,29.97002997002997,32,32,31,0.11240776348859072,0.05074854753911495,25.340346237353778,0.9724694807082415,0.9200561325997114,0.1303846711112607,25.340346237353778,"[1920, 1088]","[1920, 1080]",1,False,,0.31939101219177246,0f0c0e2358ceec024230154da4777ed5c444a8382af1ec9d7165f3d7886141cf,0f0c0e2358ceec024230154da4777ed5c444a8382af1ec9d7165f3d7886141cf,b7707fff5f40d47ae75bad0f122bdcd63f2d2ef79faa46fed096f47863c08dac,True,True,True,86783,/Huang_group/zyyz/Projects/GVC-RT/experiments/gvcrt_neural_wrapper_v6_2_objective_calibration/bitstreams/fullqp/schedule_s1p0/step_1000/normal/video_29_qp4.bin,e0ef8deafee792d3bea3448e8645712d6becfb39e2adf46d6f279b0298be522d,/Huang_group/zyyz/Projects/GVC-RT/experiments/gvcrt_neural_wrapper_v6_2_objective_calibration/features/fullqp/schedule_s1p0/step_1000/normal/video_29_qp4.npz,70644e760f411722a3d8b332aada00cbfaaca7a8cd9924d82e1f63ab092bbc23,"{'bridge': '7394950d15fd97433ae4b017e4681bfc80143eb889910a34ed17b625ba08bcc9', 'generator': '97bf13e3c9e3693dc36e38e80ad0520349b58ba0320151a2fe2abcf43523b3ef'}",fullqp_schedule_v1,schedule_s1p0,1000,normal,normal,schedule_s1p0,4,4,29,c3ca8c4a-e093-4221-831e-3c8498ab1139,297d9a46b3cad9438b06c20dba013cb4b3b0c48b605d31e48a0ebed9a195c1fb,97160b96a9ab8dc866449428e5a69efa185edfd48ebacf8168f21eea15360e41,/Huang_group/zyyz/Projects/GVC-RT/experiments/gvcrt_neural_wrapper_v6_2_objective_calibration/branches/schedule_s1p0/checkpoints/step_1000.pt,fe63a6f00ca6bae59b23c8683146dbe64b6be67c1463a552af851bbfc31e9cba,/Huang_group/zyyz/Projects/GVC-RT/experiments/gvcrt_neural_wrapper_v6_2_objective_calibration/parts/fullqp/schedule_s1p0/step_1000/normal/video_29_qp4.frames.csv,82c7ef1e26b00470679f6a0cd6ea2667a8226bca3a7f7fc7e5deb67021fdae0e,/Huang_group/zyyz/Projects/GVC-RT/experiments/gvcrt_neural_wrapper_v6_2_objective_calibration/features/fullqp/schedule_s1p0/step_1000/normal/video_29_qp4.transitions.csv,12dbd5a2bce4368e951f023255cbbf9b0a7746d4b0a9ba3a4a15d62be0e9481c,694264,"[4, 6, 4, 5, 4, 5, 4, 5, 4, 6, 4, 5, 4, 5, 4, 5, 4, 6, 4, 5, 4, 5, 4, 5, 4, 6, 4, 5, 4, 5, 4, 5]",0.12,6,20.259912729263306,0.05591619969345629,0.004477461887290701,0.004131231413339265,Mean absolute RGB horizontal/vertical first-difference change
125195,125195,31298.75,0.015093918788580248,938.0244755244755,29.97002997002997,32,32,31,0.09317095088772476,0.04401815123856068,26.292899614461767,0.9776582513004541,0.9370529670268297,0.10545296630551738,26.292899614461767,"[1920, 1088]","[1920, 1080]",1,False,,0.31939101219177246,0f0c0e2358ceec024230154da4777ed5c444a8382af1ec9d7165f3d7886141cf,0f0c0e2358ceec024230154da4777ed5c444a8382af1ec9d7165f3d7886141cf,6f595644316b4f323503d8caa3d7f5d7901683c1c082648c81f790320f64ed44,True,True,True,125195,/Huang_group/zyyz/Projects/GVC-RT/experiments/gvcrt_neural_wrapper_v6_2_objective_calibration/bitstreams/fullqp/schedule_s1p0/step_1000/normal/video_29_qp6.bin,ef4e71a2bc0cb33326fd638b6464f849d08188e0a6ae709934850eadb1ebc813,/Huang_group/zyyz/Projects/GVC-RT/experiments/gvcrt_neural_wrapper_v6_2_objective_calibration/features/fullqp/schedule_s1p0/step_1000/normal/video_29_qp6.npz,f51f7dd01fbb35e3905e489994021d457bbdd29ac50ab4cee079edb532bcaedc,"{'bridge': '7394950d15fd97433ae4b017e4681bfc80143eb889910a34ed17b625ba08bcc9', 'generator': '97bf13e3c9e3693dc36e38e80ad0520349b58ba0320151a2fe2abcf43523b3ef'}",fullqp_schedule_v1,schedule_s1p0,1000,normal,normal,schedule_s1p0,6,6,29,c3ca8c4a-e093-4221-831e-3c8498ab1139,297d9a46b3cad9438b06c20dba013cb4b3b0c48b605d31e48a0ebed9a195c1fb,97160b96a9ab8dc866449428e5a69efa185edfd48ebacf8168f21eea15360e41,/Huang_group/zyyz/Projects/GVC-RT/experiments/gvcrt_neural_wrapper_v6_2_objective_calibration/branches/schedule_s1p0/checkpoints/step_1000.pt,fe63a6f00ca6bae59b23c8683146dbe64b6be67c1463a552af851bbfc31e9cba,/Huang_group/zyyz/Projects/GVC-RT/experiments/gvcrt_neural_wrapper_v6_2_objective_calibration/parts/fullqp/schedule_s1p0/step_1000/normal/video_29_qp6.frames.csv,3210afdd36f95c2062a4b246969984277461630c9c039ffb670281f039a864b8,/Huang_group/zyyz/Projects/GVC-RT/experiments/gvcrt_neural_wrapper_v6_2_objective_calibration/features/fullqp/schedule_s1p0/step_1000/normal/video_29_qp6.transitions.csv,484e829323711baa5b97a175a352d910390c4d516bc1375800f03f2af41175be,1001560,"[6, 8, 6, 7, 6, 7, 6, 7, 6, 8, 6, 7, 6, 7, 6, 7, 6, 8, 6, 7, 6, 7, 6, 7, 6, 8, 6, 7, 6, 7, 6, 7]",0.12,6,20.353357076644897,0.05591619969345629,0.004477461887290701,0.004131231413339265,Mean absolute RGB horizontal/vertical first-difference change
174509,174509,43627.25,0.021039375964506172,1307.5099900099901,29.97002997002997,32,32,31,0.08078641723841429,0.03984026052057743,27.0058540012488,0.9808893352746964,0.9474392663687468,0.0911794600467528,27.0058540012488,"[1920, 1088]","[1920, 1080]",1,False,,0.31939101219177246,0f0c0e2358ceec024230154da4777ed5c444a8382af1ec9d7165f3d7886141cf,0f0c0e2358ceec024230154da4777ed5c444a8382af1ec9d7165f3d7886141cf,472104c80aedb7efd20db9ce44af902b99afe58cb6043bda3d5da166166e5ef8,True,True,True,174509,/Huang_group/zyyz/Projects/GVC-RT/experiments/gvcrt_neural_wrapper_v6_2_objective_calibration/bitstreams/fullqp/schedule_s1p0/step_1000/normal/video_29_qp8.bin,a9e642382023c0621e2407c28fca41e07081b5689d88199af124ed06ee07d8ef,/Huang_group/zyyz/Projects/GVC-RT/experiments/gvcrt_neural_wrapper_v6_2_objective_calibration/features/fullqp/schedule_s1p0/step_1000/normal/video_29_qp8.npz,54c0353ebfcb7b36afee3aadd182352d9ec1d5be0c3e1d9f1d0e5324c424e664,"{'bridge': '7394950d15fd97433ae4b017e4681bfc80143eb889910a34ed17b625ba08bcc9', 'generator': '97bf13e3c9e3693dc36e38e80ad0520349b58ba0320151a2fe2abcf43523b3ef'}",fullqp_schedule_v1,schedule_s1p0,1000,normal,normal,schedule_s1p0,8,8,29,c3ca8c4a-e093-4221-831e-3c8498ab1139,297d9a46b3cad9438b06c20dba013cb4b3b0c48b605d31e48a0ebed9a195c1fb,97160b96a9ab8dc866449428e5a69efa185edfd48ebacf8168f21eea15360e41,/Huang_group/zyyz/Projects/GVC-RT/experiments/gvcrt_neural_wrapper_v6_2_objective_calibration/branches/schedule_s1p0/checkpoints/step_1000.pt,fe63a6f00ca6bae59b23c8683146dbe64b6be67c1463a552af851bbfc31e9cba,/Huang_group/zyyz/Projects/GVC-RT/experiments/gvcrt_neural_wrapper_v6_2_objective_calibration/parts/fullqp/schedule_s1p0/step_1000/normal/video_29_qp8.frames.csv,03a5e88a762910c83cbd3d34e781c636d85f8d2bd392d24571d7bc4a04c20fa1,/Huang_group/zyyz/Projects/GVC-RT/experiments/gvcrt_neural_wrapper_v6_2_objective_calibration/features/fullqp/schedule_s1p0/step_1000/normal/video_29_qp8.transitions.csv,765e73949b87bcd107b949c2e523c08806b0d388fbe2d96f03f612401ff2e458,1396072,"[8, 10, 8, 9, 8, 9, 8, 9, 8, 10, 8, 9, 8, 9, 8, 9, 8, 10, 8, 9, 8, 9, 8, 9, 8, 10, 8, 9, 8, 9, 8, 9]",0.12,6,20.41435170173645,0.05591619969345629,0.004477461887290701,0.004131231413339265,Mean absolute RGB horizontal/vertical first-difference change
202963,202963,50740.75,0.024469883294753088,1520.7017982017983,29.97002997002997,32,32,31,0.07699917326681316,0.03831367939710617,27.256282706169973,0.9819111432880163,0.9510262105613947,0.08608756238414396,27.256282706169973,"[1920, 1088]","[1920, 1080]",1,False,,0.31939101219177246,0f0c0e2358ceec024230154da4777ed5c444a8382af1ec9d7165f3d7886141cf,0f0c0e2358ceec024230154da4777ed5c444a8382af1ec9d7165f3d7886141cf,826cb2a9f6dd91950309e7ccc6d8080a36ba185bbe5cd8ff251f7ee89d2c3cf7,True,True,True,202963,/Huang_group/zyyz/Projects/GVC-RT/experiments/gvcrt_neural_wrapper_v6_2_objective_calibration/bitstreams/fullqp/schedule_s1p0/step_1000/normal/video_29_qp9.bin,bb9f1a800367bfae26f1a8080240fc17d454b63171cc2d26078371156f8abac0,/Huang_group/zyyz/Projects/GVC-RT/experiments/gvcrt_neural_wrapper_v6_2_objective_calibration/features/fullqp/schedule_s1p0/step_1000/normal/video_29_qp9.npz,43586a53d939754aebc6a81aaff44ef5971f7dd75f81d6a4a60adcaad4f337ac,"{'bridge': '7394950d15fd97433ae4b017e4681bfc80143eb889910a34ed17b625ba08bcc9', 'generator': '97bf13e3c9e3693dc36e38e80ad0520349b58ba0320151a2fe2abcf43523b3ef'}",fullqp_schedule_v1,schedule_s1p0,1000,normal,normal,schedule_s1p0,9,9,29,c3ca8c4a-e093-4221-831e-3c8498ab1139,297d9a46b3cad9438b06c20dba013cb4b3b0c48b605d31e48a0ebed9a195c1fb,97160b96a9ab8dc866449428e5a69efa185edfd48ebacf8168f21eea15360e41,/Huang_group/zyyz/Projects/GVC-RT/experiments/gvcrt_neural_wrapper_v6_2_objective_calibration/branches/schedule_s1p0/checkpoints/step_1000.pt,fe63a6f00ca6bae59b23c8683146dbe64b6be67c1463a552af851bbfc31e9cba,/Huang_group/zyyz/Projects/GVC-RT/experiments/gvcrt_neural_wrapper_v6_2_objective_calibration/parts/fullqp/schedule_s1p0/step_1000/normal/video_29_qp9.frames.csv,645e3d03b43a885b73596e1ee26428df7750233296afa94e21991605118c03d3,/Huang_group/zyyz/Projects/GVC-RT/experiments/gvcrt_neural_wrapper_v6_2_objective_calibration/features/fullqp/schedule_s1p0/step_1000/normal/video_29_qp9.transitions.csv,4ca3b7870680068e312fdbb61dd48d3df0c168ef08ddebbba935c2e8a681d5a0,1623704,"[9, 11, 9, 10, 9, 10, 9, 10, 9, 11, 9, 10, 9, 10, 9, 10, 9, 11, 9, 10, 9, 10, 9, 10, 9, 11, 9, 10, 9, 10, 9, 10]",0.12,6,20.934025526046753,0.05591619969345629,0.004477461887290701,0.004131231413339265,Mean absolute RGB horizontal/vertical first-difference change
17236,17236,4309.0,0.002078028549382716,129.27,30.0,32,32,31,0.23359207483008504,0.09635662473738194,19.42608935949508,0.9249365162104368,0.7311010081321001,0.2694436340562759,19.42608935949508,"[1920, 1088]","[1920, 1080]",1,False,,0.3878178596496582,0f0c0e2358ceec024230154da4777ed5c444a8382af1ec9d7165f3d7886141cf,0f0c0e2358ceec024230154da4777ed5c444a8382af1ec9d7165f3d7886141cf,91caf6cec97dd4f68eee01c3732177d7d45113da3ff8a36c6ec967ec8975800e,True,True,True,17236,/Huang_group/zyyz/Projects/GVC-RT/experiments/gvcrt_neural_wrapper_v6_2_objective_calibration/bitstreams/fullqp/schedule_s1p0/step_1000/normal/video_30_qp0.bin,9a2b8293af6e05c2d9a458e73fa939736e80467cafeba9f18f37d85784acf728,/Huang_group/zyyz/Projects/GVC-RT/experiments/gvcrt_neural_wrapper_v6_2_objective_calibration/features/fullqp/schedule_s1p0/step_1000/normal/video_30_qp0.npz,76ee1ebe3341be108030738c217c7acaf111104b17db9f47d25c02041e2b8b40,"{'bridge': '7394950d15fd97433ae4b017e4681bfc80143eb889910a34ed17b625ba08bcc9', 'generator': '97bf13e3c9e3693dc36e38e80ad0520349b58ba0320151a2fe2abcf43523b3ef'}",fullqp_schedule_v1,schedule_s1p0,1000,normal,normal,schedule_s1p0,0,0,30,5d8cc47c-8ec7-4611-9090-f866c9a2f750,3b306f8907d83df9db0709d695751345868c6e10a2440e3d0256b6d404fee7f6,ba66dc925b4c2a17015a27a24d471248478f9fa42f3b0b0783981271f5a21592,/Huang_group/zyyz/Projects/GVC-RT/experiments/gvcrt_neural_wrapper_v6_2_objective_calibration/branches/schedule_s1p0/checkpoints/step_1000.pt,fe63a6f00ca6bae59b23c8683146dbe64b6be67c1463a552af851bbfc31e9cba,/Huang_group/zyyz/Projects/GVC-RT/experiments/gvcrt_neural_wrapper_v6_2_objective_calibration/parts/fullqp/schedule_s1p0/step_1000/normal/video_30_qp0.frames.csv,bdaf77dd5e2f9cf07d252f4a38dc24b7aff7618a953f865ccb3b7b02c07ddf4a,/Huang_group/zyyz/Projects/GVC-RT/experiments/gvcrt_neural_wrapper_v6_2_objective_calibration/features/fullqp/schedule_s1p0/step_1000/normal/video_30_qp0.transitions.csv,d2857d62f0b77e838f50536dbfa8aaf5450a6b15ba07366ca3b85678b503a292,137888,"[0, 2, 0, 1, 0, 1, 0, 1, 0, 2, 0, 1, 0, 1, 0, 1, 0, 2, 0, 1, 0, 1, 0, 1, 0, 2, 0, 1, 0, 1, 0, 1]",0.12,4,20.195224046707153,0.06941819726489484,0.0075933062471449375,0.010176997107919306,Mean absolute RGB horizontal/vertical first-difference change
26996,26996,6749.0,0.0032547260802469136,202.47,30.0,32,32,31,0.1986412638798356,0.0851945262402296,20.231044861870195,0.9371310640126467,0.7776626348495483,0.23649394752517824,20.231044861870195,"[1920, 1088]","[1920, 1080]",1,False,,0.3878178596496582,0f0c0e2358ceec024230154da4777ed5c444a8382af1ec9d7165f3d7886141cf,0f0c0e2358ceec024230154da4777ed5c444a8382af1ec9d7165f3d7886141cf,40d1e8c73cadd3a1aa9d02061162fff03eb4f31e09e3fa0b87d38a12744b9437,True,True,True,26996,/Huang_group/zyyz/Projects/GVC-RT/experiments/gvcrt_neural_wrapper_v6_2_objective_calibration/bitstreams/fullqp/schedule_s1p0/step_1000/normal/video_30_qp2.bin,de64d3c4eb6eebf5ad5e1bee65a34e8206b3e785df91b680e3873d9f073cc9af,/Huang_group/zyyz/Projects/GVC-RT/experiments/gvcrt_neural_wrapper_v6_2_objective_calibration/features/fullqp/schedule_s1p0/step_1000/normal/video_30_qp2.npz,4e78c48fbadb721a0018b67e8865a439fb6b39be7ffe6f671c2c541ff5ec1514,"{'bridge': '7394950d15fd97433ae4b017e4681bfc80143eb889910a34ed17b625ba08bcc9', 'generator': '97bf13e3c9e3693dc36e38e80ad0520349b58ba0320151a2fe2abcf43523b3ef'}",fullqp_schedule_v1,schedule_s1p0,1000,normal,normal,schedule_s1p0,2,2,30,5d8cc47c-8ec7-4611-9090-f866c9a2f750,3b306f8907d83df9db0709d695751345868c6e10a2440e3d0256b6d404fee7f6,ba66dc925b4c2a17015a27a24d471248478f9fa42f3b0b0783981271f5a21592,/Huang_group/zyyz/Projects/GVC-RT/experiments/gvcrt_neural_wrapper_v6_2_objective_calibration/branches/schedule_s1p0/checkpoints/step_1000.pt,fe63a6f00ca6bae59b23c8683146dbe64b6be67c1463a552af851bbfc31e9cba,/Huang_group/zyyz/Projects/GVC-RT/experiments/gvcrt_neural_wrapper_v6_2_objective_calibration/parts/fullqp/schedule_s1p0/step_1000/normal/video_30_qp2.frames.csv,62b5dbb72ad98ea63e1a38c1b8679260a43a6f139e3b6f3f14fabe1ec99e99d2,/Huang_group/zyyz/Projects/GVC-RT/experiments/gvcrt_neural_wrapper_v6_2_objective_calibration/features/fullqp/schedule_s1p0/step_1000/normal/video_30_qp2.transitions.csv,d49aa802b045e2b838e387522f4e24bf3ba4c459465d7f48770bb8820ec6b685,215968,"[2, 4, 2, 3, 2, 3, 2, 3, 2, 4, 2, 3, 2, 3, 2, 3, 2, 4, 2, 3, 2, 3, 2, 3, 2, 4, 2, 3, 2, 3, 2, 3]",0.12,4,20.34706163406372,0.06941819726489484,0.0075933062471449375,0.010176997107919306,Mean absolute RGB horizontal/vertical first-difference change
43419,43419,10854.75,0.005234736689814815,325.6425,30.0,32,32,31,0.17125250957906246,0.07431956380605698,20.88570048595804,0.9455691557377577,0.8103755544871092,0.20814255937453238,20.88570048595804,"[1920, 1088]","[1920, 1080]",1,False,,0.3878178596496582,0f0c0e2358ceec024230154da4777ed5c444a8382af1ec9d7165f3d7886141cf,0f0c0e2358ceec024230154da4777ed5c444a8382af1ec9d7165f3d7886141cf,a9e6aaa37e6db690923fcf5738ee737769283004fef93dbc38ef1646d6350532,True,True,True,43419,/Huang_group/zyyz/Projects/GVC-RT/experiments/gvcrt_neural_wrapper_v6_2_objective_calibration/bitstreams/fullqp/schedule_s1p0/step_1000/normal/video_30_qp4.bin,071507e2b457c1bdf25613d166f0c104302c088bab154106ce9657338bab2f8c,/Huang_group/zyyz/Projects/GVC-RT/experiments/gvcrt_neural_wrapper_v6_2_objective_calibration/features/fullqp/schedule_s1p0/step_1000/normal/video_30_qp4.npz,86e85d13ebb420b6c1708bf3c5c8814c4374e8a17bad1eaa348a104730b06d2c,"{'bridge': '7394950d15fd97433ae4b017e4681bfc80143eb889910a34ed17b625ba08bcc9', 'generator': '97bf13e3c9e3693dc36e38e80ad0520349b58ba0320151a2fe2abcf43523b3ef'}",fullqp_schedule_v1,schedule_s1p0,1000,normal,normal,schedule_s1p0,4,4,30,5d8cc47c-8ec7-4611-9090-f866c9a2f750,3b306f8907d83df9db0709d695751345868c6e10a2440e3d0256b6d404fee7f6,ba66dc925b4c2a17015a27a24d471248478f9fa42f3b0b0783981271f5a21592,/Huang_group/zyyz/Projects/GVC-RT/experiments/gvcrt_neural_wrapper_v6_2_objective_calibration/branches/schedule_s1p0/checkpoints/step_1000.pt,fe63a6f00ca6bae59b23c8683146dbe64b6be67c1463a552af851bbfc31e9cba,/Huang_group/zyyz/Projects/GVC-RT/experiments/gvcrt_neural_wrapper_v6_2_objective_calibration/parts/fullqp/schedule_s1p0/step_1000/normal/video_30_qp4.frames.csv,4da9a9d93191fa1d769bec8ea632ad72e587acdbeec8bfe3ee97f03114f120d6,/Huang_group/zyyz/Projects/GVC-RT/experiments/gvcrt_neural_wrapper_v6_2_objective_calibration/features/fullqp/schedule_s1p0/step_1000/normal/video_30_qp4.transitions.csv,a6bcbaad4bbce948d5adf8ed9dcd6d4f490dd1f74b1c07b6c4f7840cfcdba8e7,347352,"[4, 6, 4, 5, 4, 5, 4, 5, 4, 6, 4, 5, 4, 5, 4, 5, 4, 6, 4, 5, 4, 5, 4, 5, 4, 6, 4, 5, 4, 5, 4, 5]",0.12,4,20.197814226150513,0.06941819726489484,0.0075933062471449375,0.010176997107919306,Mean absolute RGB horizontal/vertical first-difference change
67463,67463,16865.75,0.008133559992283951,505.9725,30.0,32,32,31,0.15240922197699547,0.06827295012772083,21.32922909543521,0.9507563449442387,0.8339945934712887,0.18640299477884847,21.32922909543521,"[1920, 1088]","[1920, 1080]",1,False,,0.3878178596496582,0f0c0e2358ceec024230154da4777ed5c444a8382af1ec9d7165f3d7886141cf,0f0c0e2358ceec024230154da4777ed5c444a8382af1ec9d7165f3d7886141cf,5a6ae95eb9cb7209b68f3fda2451ba187bea9b121df82d38b9be16bb066ae740,True,True,True,67463,/Huang_group/zyyz/Projects/GVC-RT/experiments/gvcrt_neural_wrapper_v6_2_objective_calibration/bitstreams/fullqp/schedule_s1p0/step_1000/normal/video_30_qp6.bin,fbfba05797f5ae274490e12ce709a1ec338e877f40567fe4b8c795c5278a8660,/Huang_group/zyyz/Projects/GVC-RT/experiments/gvcrt_neural_wrapper_v6_2_objective_calibration/features/fullqp/schedule_s1p0/step_1000/normal/video_30_qp6.npz,a7433403d3c8d03bd00e95a98c71ea850c4c87d12c71585c8c6df78fe025cb8b,"{'bridge': '7394950d15fd97433ae4b017e4681bfc80143eb889910a34ed17b625ba08bcc9', 'generator': '97bf13e3c9e3693dc36e38e80ad0520349b58ba0320151a2fe2abcf43523b3ef'}",fullqp_schedule_v1,schedule_s1p0,1000,normal,normal,schedule_s1p0,6,6,30,5d8cc47c-8ec7-4611-9090-f866c9a2f750,3b306f8907d83df9db0709d695751345868c6e10a2440e3d0256b6d404fee7f6,ba66dc925b4c2a17015a27a24d471248478f9fa42f3b0b0783981271f5a21592,/Huang_group/zyyz/Projects/GVC-RT/experiments/gvcrt_neural_wrapper_v6_2_objective_calibration/branches/schedule_s1p0/checkpoints/step_1000.pt,fe63a6f00ca6bae59b23c8683146dbe64b6be67c1463a552af851bbfc31e9cba,/Huang_group/zyyz/Projects/GVC-RT/experiments/gvcrt_neural_wrapper_v6_2_objective_calibration/parts/fullqp/schedule_s1p0/step_1000/normal/video_30_qp6.frames.csv,0ba4d35484579f19144a5841ec005f72c6f6e7da7a45ee523aa1b42207cb9050,/Huang_group/zyyz/Projects/GVC-RT/experiments/gvcrt_neural_wrapper_v6_2_objective_calibration/features/fullqp/schedule_s1p0/step_1000/normal/video_30_qp6.transitions.csv,5150c9cbe6d9d6dce503bbe050d1d5f2c5b8d0f4cde06097a865c8b2ff12e5fc,539704,"[6, 8, 6, 7, 6, 7, 6, 7, 6, 8, 6, 7, 6, 7, 6, 7, 6, 8, 6, 7, 6, 7, 6, 7, 6, 8, 6, 7, 6, 7, 6, 7]",0.12,4,20.127129793167114,0.06941819726489484,0.0075933062471449375,0.010176997107919306,Mean absolute RGB horizontal/vertical first-difference change
100724,100724,25181.0,0.012143614969135802,755.43,30.0,32,32,31,0.1398084107786417,0.061844347044825554,21.65569425843224,0.9542099256068468,0.850395679473877,0.1699165004876352,21.65569425843224,"[1920, 1088]","[1920, 1080]",1,False,,0.3878178596496582,0f0c0e2358ceec024230154da4777ed5c444a8382af1ec9d7165f3d7886141cf,0f0c0e2358ceec024230154da4777ed5c444a8382af1ec9d7165f3d7886141cf,d079036248aebea540a3423b0c274c9c782cfb04f067c0e586e12531ff5f73a5,True,True,True,100724,/Huang_group/zyyz/Projects/GVC-RT/experiments/gvcrt_neural_wrapper_v6_2_objective_calibration/bitstreams/fullqp/schedule_s1p0/step_1000/normal/video_30_qp8.bin,b461fe213c7733194340572293f1dda187c9ab9c43d767698667ded5e69e8eaa,/Huang_group/zyyz/Projects/GVC-RT/experiments/gvcrt_neural_wrapper_v6_2_objective_calibration/features/fullqp/schedule_s1p0/step_1000/normal/video_30_qp8.npz,d8800460393223b8bdf99eca03302a1bf434f289b201415173393b4c96e04acf,"{'bridge': '7394950d15fd97433ae4b017e4681bfc80143eb889910a34ed17b625ba08bcc9', 'generator': '97bf13e3c9e3693dc36e38e80ad0520349b58ba0320151a2fe2abcf43523b3ef'}",fullqp_schedule_v1,schedule_s1p0,1000,normal,normal,schedule_s1p0,8,8,30,5d8cc47c-8ec7-4611-9090-f866c9a2f750,3b306f8907d83df9db0709d695751345868c6e10a2440e3d0256b6d404fee7f6,ba66dc925b4c2a17015a27a24d471248478f9fa42f3b0b0783981271f5a21592,/Huang_group/zyyz/Projects/GVC-RT/experiments/gvcrt_neural_wrapper_v6_2_objective_calibration/branches/schedule_s1p0/checkpoints/step_1000.pt,fe63a6f00ca6bae59b23c8683146dbe64b6be67c1463a552af851bbfc31e9cba,/Huang_group/zyyz/Projects/GVC-RT/experiments/gvcrt_neural_wrapper_v6_2_objective_calibration/parts/fullqp/schedule_s1p0/step_1000/normal/video_30_qp8.frames.csv,bf301f2cb4f37d9487094db3120815d88c0701e2d639f1ebdc5d3badaabeca01,/Huang_group/zyyz/Projects/GVC-RT/experiments/gvcrt_neural_wrapper_v6_2_objective_calibration/features/fullqp/schedule_s1p0/step_1000/normal/video_30_qp8.transitions.csv,8ccc904c72c8e97f2862e6e7c98f1b0d4a73faa7df540856a91a697b3b592eea,805792,"[8, 10, 8, 9, 8, 9, 8, 9, 8, 10, 8, 9, 8, 9, 8, 9, 8, 10, 8, 9, 8, 9, 8, 9, 8, 10, 8, 9, 8, 9, 8, 9]",0.12,4,20.909088850021362,0.06941819726489484,0.0075933062471449375,0.010176997107919306,Mean absolute RGB horizontal/vertical first-difference change
121947,121947,30486.75,0.014702329282407407,914.6025,30.0,32,32,31,0.13553743483498693,0.060105910524725914,21.77115845774752,0.9553842041641474,0.8560384064912796,0.16356349087530567,21.77115845774752,"[1920, 1088]","[1920, 1080]",1,False,,0.3878178596496582,0f0c0e2358ceec024230154da4777ed5c444a8382af1ec9d7165f3d7886141cf,0f0c0e2358ceec024230154da4777ed5c444a8382af1ec9d7165f3d7886141cf,eaa5d94c781d7f7508072fb54734e19104f6edeecc7f2fd7a7e93ae18c7df80c,True,True,True,121947,/Huang_group/zyyz/Projects/GVC-RT/experiments/gvcrt_neural_wrapper_v6_2_objective_calibration/bitstreams/fullqp/schedule_s1p0/step_1000/normal/video_30_qp9.bin,b41c24eddc1d3c575cb8bd8ba4d8edfdebe496a5f2d1f74326aff76d358a5692,/Huang_group/zyyz/Projects/GVC-RT/experiments/gvcrt_neural_wrapper_v6_2_objective_calibration/features/fullqp/schedule_s1p0/step_1000/normal/video_30_qp9.npz,92f63dba3b7094b62c77aab2b2f8d095811495ef26d72b052f09263e06386d60,"{'bridge': '7394950d15fd97433ae4b017e4681bfc80143eb889910a34ed17b625ba08bcc9', 'generator': '97bf13e3c9e3693dc36e38e80ad0520349b58ba0320151a2fe2abcf43523b3ef'}",fullqp_schedule_v1,schedule_s1p0,1000,normal,normal,schedule_s1p0,9,9,30,5d8cc47c-8ec7-4611-9090-f866c9a2f750,3b306f8907d83df9db0709d695751345868c6e10a2440e3d0256b6d404fee7f6,ba66dc925b4c2a17015a27a24d471248478f9fa42f3b0b0783981271f5a21592,/Huang_group/zyyz/Projects/GVC-RT/experiments/gvcrt_neural_wrapper_v6_2_objective_calibration/branches/schedule_s1p0/checkpoints/step_1000.pt,fe63a6f00ca6bae59b23c8683146dbe64b6be67c1463a552af851bbfc31e9cba,/Huang_group/zyyz/Projects/GVC-RT/experiments/gvcrt_neural_wrapper_v6_2_objective_calibration/parts/fullqp/schedule_s1p0/step_1000/normal/video_30_qp9.frames.csv,be9b62151591cfcddac9f2d3022d61ecafc6a07449eebd60c8128039db8cb78a,/Huang_group/zyyz/Projects/GVC-RT/experiments/gvcrt_neural_wrapper_v6_2_objective_calibration/features/fullqp/schedule_s1p0/step_1000/normal/video_30_qp9.transitions.csv,4acb13ff4ffb63c4204fe1a94f241dd307f6a0175f2aefa1e1a4b478c9542d37,975576,"[9, 11, 9, 10, 9, 10, 9, 10, 9, 11, 9, 10, 9, 10, 9, 10, 9, 11, 9, 10, 9, 10, 9, 10, 9, 11, 9, 10, 9, 10, 9, 10]",0.12,4,20.69891095161438,0.06941819726489484,0.0075933062471449375,0.010176997107919306,Mean absolute RGB horizontal/vertical first-difference change
22563,22563,5640.75,0.002720269097222222,169.2225,30.0,32,32,31,0.21143019245937467,0.10069620609283447,18.16341272301049,0.8749200776219368,0.7366495430469513,0.2226056182576764,18.16341272301049,"[1920, 1088]","[1920, 1080]",1,False,,0.41032302379608154,0f0c0e2358ceec024230154da4777ed5c444a8382af1ec9d7165f3d7886141cf,0f0c0e2358ceec024230154da4777ed5c444a8382af1ec9d7165f3d7886141cf,a16aafec0c1faa21113bbb30e237f28fd156478405111e4f024303ff14401046,True,True,True,22563,/Huang_group/zyyz/Projects/GVC-RT/experiments/gvcrt_neural_wrapper_v6_2_objective_calibration/bitstreams/fullqp/schedule_s1p0/step_1000/normal/video_31_qp0.bin,7f273897d10803e77f0bd8c07a6490aa28431c79a2d8a565402901748541c25d,/Huang_group/zyyz/Projects/GVC-RT/experiments/gvcrt_neural_wrapper_v6_2_objective_calibration/features/fullqp/schedule_s1p0/step_1000/normal/video_31_qp0.npz,73b1280e53b1f693e8854d892e5850f18bad0b68a6516df8dcf099f1af08daaa,"{'bridge': '7394950d15fd97433ae4b017e4681bfc80143eb889910a34ed17b625ba08bcc9', 'generator': '97bf13e3c9e3693dc36e38e80ad0520349b58ba0320151a2fe2abcf43523b3ef'}",fullqp_schedule_v1,schedule_s1p0,1000,normal,normal,schedule_s1p0,0,0,31,9f01f934-5735-45e6-b5b5-22cd5ab8ae18,4e21ff8ca8a4ae37342a1c6ec0c4978be4813f18f46e6fbecc1277550807d229,1f2ba70daf147475e181bd5f31ffbb6682b91df29d98e6add8a3a9688ce7fee3,/Huang_group/zyyz/Projects/GVC-RT/experiments/gvcrt_neural_wrapper_v6_2_objective_calibration/branches/schedule_s1p0/checkpoints/step_1000.pt,fe63a6f00ca6bae59b23c8683146dbe64b6be67c1463a552af851bbfc31e9cba,/Huang_group/zyyz/Projects/GVC-RT/experiments/gvcrt_neural_wrapper_v6_2_objective_calibration/parts/fullqp/schedule_s1p0/step_1000/normal/video_31_qp0.frames.csv,b0f567bf71a914181f7fef25047158c13e482dd205e553af84d6f7a2fa94732f,/Huang_group/zyyz/Projects/GVC-RT/experiments/gvcrt_neural_wrapper_v6_2_objective_calibration/features/fullqp/schedule_s1p0/step_1000/normal/video_31_qp0.transitions.csv,68d7bb9020e867b4470c8814e08bec7b5450670374151b9f32c076a427c48d09,180504,"[0, 2, 0, 1, 0, 1, 0, 1, 0, 2, 0, 1, 0, 1, 0, 1, 0, 2, 0, 1, 0, 1, 0, 1, 0, 2, 0, 1, 0, 1, 0, 1]",0.12,6,20.49718689918518,0.05927397217601538,0.005525241431314498,0.012329123623203486,Mean absolute RGB horizontal/vertical first-difference change
35916,35916,8979.0,0.004330150462962963,269.37,30.0,32,32,31,0.174031391274184,0.08475787192583084,19.329985879284756,0.9030974637717009,0.7980846203863621,0.18235737229547194,19.329985879284756,"[1920, 1088]","[1920, 1080]",1,False,,0.41032302379608154,0f0c0e2358ceec024230154da4777ed5c444a8382af1ec9d7165f3d7886141cf,0f0c0e2358ceec024230154da4777ed5c444a8382af1ec9d7165f3d7886141cf,140670fb89ac57aea9b6a1a9d04b24e622a8296a92566d343121dfffccdbcfb0,True,True,True,35916,/Huang_group/zyyz/Projects/GVC-RT/experiments/gvcrt_neural_wrapper_v6_2_objective_calibration/bitstreams/fullqp/schedule_s1p0/step_1000/normal/video_31_qp2.bin,4ec3cca1763267a2273b7938d2f1bae6083122563afd9651a2f9a2e63e5354c2,/Huang_group/zyyz/Projects/GVC-RT/experiments/gvcrt_neural_wrapper_v6_2_objective_calibration/features/fullqp/schedule_s1p0/step_1000/normal/video_31_qp2.npz,fca4ad805a9e11015ae0a424bb89b6de96476e052b27a23859820813b0825a6b,"{'bridge': '7394950d15fd97433ae4b017e4681bfc80143eb889910a34ed17b625ba08bcc9', 'generator': '97bf13e3c9e3693dc36e38e80ad0520349b58ba0320151a2fe2abcf43523b3ef'}",fullqp_schedule_v1,schedule_s1p0,1000,normal,normal,schedule_s1p0,2,2,31,9f01f934-5735-45e6-b5b5-22cd5ab8ae18,4e21ff8ca8a4ae37342a1c6ec0c4978be4813f18f46e6fbecc1277550807d229,1f2ba70daf147475e181bd5f31ffbb6682b91df29d98e6add8a3a9688ce7fee3,/Huang_group/zyyz/Projects/GVC-RT/experiments/gvcrt_neural_wrapper_v6_2_objective_calibration/branches/schedule_s1p0/checkpoints/step_1000.pt,fe63a6f00ca6bae59b23c8683146dbe64b6be67c1463a552af851bbfc31e9cba,/Huang_group/zyyz/Projects/GVC-RT/experiments/gvcrt_neural_wrapper_v6_2_objective_calibration/parts/fullqp/schedule_s1p0/step_1000/normal/video_31_qp2.frames.csv,c350cc6af85e69c4f83fd5cc5dc40c2396673ae0e7ff629e2209e0d4e65ed190,/Huang_group/zyyz/Projects/GVC-RT/experiments/gvcrt_neural_wrapper_v6_2_objective_calibration/features/fullqp/schedule_s1p0/step_1000/normal/video_31_qp2.transitions.csv,fc0b7dacf886fd9481d27a803efcbb959ccdb2d78d6637af94ea3eafd5bc1a46,287328,"[2, 4, 2, 3, 2, 3, 2, 3, 2, 4, 2, 3, 2, 3, 2, 3, 2, 4, 2, 3, 2, 3, 2, 3, 2, 4, 2, 3, 2, 3, 2, 3]",0.12,6,20.594227075576782,0.05927397217601538,0.005525241431314498,0.012329123623203486,Mean absolute RGB horizontal/vertical first-difference change
57022,57022,14255.5,0.00687475887345679,427.665,30.0,32,32,31,0.14168635103851557,0.07132204808294773,20.283871645268874,0.9211085941642523,0.8417574260383844,0.14952109657949017,20.283871645268874,"[1920, 1088]","[1920, 1080]",1,False,,0.41032302379608154,0f0c0e2358ceec024230154da4777ed5c444a8382af1ec9d7165f3d7886141cf,0f0c0e2358ceec024230154da4777ed5c444a8382af1ec9d7165f3d7886141cf,d209beb534abb585a90563d8cb1e6eb3bdfd5594cc9c4a7e9d217f0b53a33ea3,True,True,True,57022,/Huang_group/zyyz/Projects/GVC-RT/experiments/gvcrt_neural_wrapper_v6_2_objective_calibration/bitstreams/fullqp/schedule_s1p0/step_1000/normal/video_31_qp4.bin,b6d68a9e7fb8293540abad4aea4ab2f26cf13c40fcd6437c3db37a541287587b,/Huang_group/zyyz/Projects/GVC-RT/experiments/gvcrt_neural_wrapper_v6_2_objective_calibration/features/fullqp/schedule_s1p0/step_1000/normal/video_31_qp4.npz,7eb8dd15792b0005be7067002dee68f44686c589ac5de8b0cb094fde0d4e77c7,"{'bridge': '7394950d15fd97433ae4b017e4681bfc80143eb889910a34ed17b625ba08bcc9', 'generator': '97bf13e3c9e3693dc36e38e80ad0520349b58ba0320151a2fe2abcf43523b3ef'}",fullqp_schedule_v1,schedule_s1p0,1000,normal,normal,schedule_s1p0,4,4,31,9f01f934-5735-45e6-b5b5-22cd5ab8ae18,4e21ff8ca8a4ae37342a1c6ec0c4978be4813f18f46e6fbecc1277550807d229,1f2ba70daf147475e181bd5f31ffbb6682b91df29d98e6add8a3a9688ce7fee3,/Huang_group/zyyz/Projects/GVC-RT/experiments/gvcrt_neural_wrapper_v6_2_objective_calibration/branches/schedule_s1p0/checkpoints/step_1000.pt,fe63a6f00ca6bae59b23c8683146dbe64b6be67c1463a552af851bbfc31e9cba,/Huang_group/zyyz/Projects/GVC-RT/experiments/gvcrt_neural_wrapper_v6_2_objective_calibration/parts/fullqp/schedule_s1p0/step_1000/normal/video_31_qp4.frames.csv,2d10dc3a54dbe8932f6c8fbf1e502d34ff30f1dd8fc29b2c4a073c4085fbd775,/Huang_group/zyyz/Projects/GVC-RT/experiments/gvcrt_neural_wrapper_v6_2_objective_calibration/features/fullqp/schedule_s1p0/step_1000/normal/video_31_qp4.transitions.csv,4a0fa684aa413f50062362bd50f0d8f883f5f3319b3e99321eea2da237c48d93,456176,"[4, 6, 4, 5, 4, 5, 4, 5, 4, 6, 4, 5, 4, 5, 4, 5, 4, 6, 4, 5, 4, 5, 4, 5, 4, 6, 4, 5, 4, 5, 4, 5]",0.12,6,20.436339855194092,0.05927397217601538,0.005525241431314498,0.012329123623203486,Mean absolute RGB horizontal/vertical first-difference change
86960,86960,21740.0,0.010484182098765431,652.2,30.0,32,32,31,0.12268874421715736,0.06336032040417194,20.97934154035013,0.9320672731846571,0.8685314524918795,0.13135834711213265,20.97934154035013,"[1920, 1088]","[1920, 1080]",1,False,,0.41032302379608154,0f0c0e2358ceec024230154da4777ed5c444a8382af1ec9d7165f3d7886141cf,0f0c0e2358ceec024230154da4777ed5c444a8382af1ec9d7165f3d7886141cf,a5acddf026a7f33ad5acdcba868515d8ea4c0ca09ddccb6033034bc82623d980,True,True,True,86960,/Huang_group/zyyz/Projects/GVC-RT/experiments/gvcrt_neural_wrapper_v6_2_objective_calibration/bitstreams/fullqp/schedule_s1p0/step_1000/normal/video_31_qp6.bin,41387a69cf0eef5d05d9caf56f8fdc19c8c94bd32c211dd085aac4b0f2e23c97,/Huang_group/zyyz/Projects/GVC-RT/experiments/gvcrt_neural_wrapper_v6_2_objective_calibration/features/fullqp/schedule_s1p0/step_1000/normal/video_31_qp6.npz,b2fc2002b10866e72013d151c639447d78444b01beb1f77ac03f3f084c50ceb6,"{'bridge': '7394950d15fd97433ae4b017e4681bfc80143eb889910a34ed17b625ba08bcc9', 'generator': '97bf13e3c9e3693dc36e38e80ad0520349b58ba0320151a2fe2abcf43523b3ef'}",fullqp_schedule_v1,schedule_s1p0,1000,normal,normal,schedule_s1p0,6,6,31,9f01f934-5735-45e6-b5b5-22cd5ab8ae18,4e21ff8ca8a4ae37342a1c6ec0c4978be4813f18f46e6fbecc1277550807d229,1f2ba70daf147475e181bd5f31ffbb6682b91df29d98e6add8a3a9688ce7fee3,/Huang_group/zyyz/Projects/GVC-RT/experiments/gvcrt_neural_wrapper_v6_2_objective_calibration/branches/schedule_s1p0/checkpoints/step_1000.pt,fe63a6f00ca6bae59b23c8683146dbe64b6be67c1463a552af851bbfc31e9cba,/Huang_group/zyyz/Projects/GVC-RT/experiments/gvcrt_neural_wrapper_v6_2_objective_calibration/parts/fullqp/schedule_s1p0/step_1000/normal/video_31_qp6.frames.csv,945de5c86d1c5bac211234437b88d406fc492731539d00b0f99df8f15aa7fc5c,/Huang_group/zyyz/Projects/GVC-RT/experiments/gvcrt_neural_wrapper_v6_2_objective_calibration/features/fullqp/schedule_s1p0/step_1000/normal/video_31_qp6.transitions.csv,49ab4837a66195f6f1a0d3246b7037881abe6b83cd921814148bc67a7577a4c5,695680,"[6, 8, 6, 7, 6, 7, 6, 7, 6, 8, 6, 7, 6, 7, 6, 7, 6, 8, 6, 7, 6, 7, 6, 7, 6, 8, 6, 7, 6, 7, 6, 7]",0.12,6,20.31482434272766,0.05927397217601538,0.005525241431314498,0.012329123623203486,Mean absolute RGB horizontal/vertical first-difference change
127639,127639,31909.75,0.015388575424382716,957.2925,30.0,32,32,31,0.11037177732214332,0.05975167825818062,21.44625923183417,0.9385771583765745,0.8843648564070463,0.11861039938465241,21.44625923183417,"[1920, 1088]","[1920, 1080]",1,False,,0.41032302379608154,0f0c0e2358ceec024230154da4777ed5c444a8382af1ec9d7165f3d7886141cf,0f0c0e2358ceec024230154da4777ed5c444a8382af1ec9d7165f3d7886141cf,ce62c7dce661d714d92fcba868da7e175e05bfdf45364109d0fbc7f8bfbc9fc5,True,True,True,127639,/Huang_group/zyyz/Projects/GVC-RT/experiments/gvcrt_neural_wrapper_v6_2_objective_calibration/bitstreams/fullqp/schedule_s1p0/step_1000/normal/video_31_qp8.bin,6287aeea07f7329cc1fe8f8c1ccd195f25703d63d2f5a0361383cbf17d135df5,/Huang_group/zyyz/Projects/GVC-RT/experiments/gvcrt_neural_wrapper_v6_2_objective_calibration/features/fullqp/schedule_s1p0/step_1000/normal/video_31_qp8.npz,8936dfa1a5e10fa48fa09c380f2ff67d17ff55073e272dcddf5a331b0793df47,"{'bridge': '7394950d15fd97433ae4b017e4681bfc80143eb889910a34ed17b625ba08bcc9', 'generator': '97bf13e3c9e3693dc36e38e80ad0520349b58ba0320151a2fe2abcf43523b3ef'}",fullqp_schedule_v1,schedule_s1p0,1000,normal,normal,schedule_s1p0,8,8,31,9f01f934-5735-45e6-b5b5-22cd5ab8ae18,4e21ff8ca8a4ae37342a1c6ec0c4978be4813f18f46e6fbecc1277550807d229,1f2ba70daf147475e181bd5f31ffbb6682b91df29d98e6add8a3a9688ce7fee3,/Huang_group/zyyz/Projects/GVC-RT/experiments/gvcrt_neural_wrapper_v6_2_objective_calibration/branches/schedule_s1p0/checkpoints/step_1000.pt,fe63a6f00ca6bae59b23c8683146dbe64b6be67c1463a552af851bbfc31e9cba,/Huang_group/zyyz/Projects/GVC-RT/experiments/gvcrt_neural_wrapper_v6_2_objective_calibration/parts/fullqp/schedule_s1p0/step_1000/normal/video_31_qp8.frames.csv,a34e1a2c20e7de81e8ea4f49596097b09c9d485808bf19a3d2713687d47c7d01,/Huang_group/zyyz/Projects/GVC-RT/experiments/gvcrt_neural_wrapper_v6_2_objective_calibration/features/fullqp/schedule_s1p0/step_1000/normal/video_31_qp8.transitions.csv,38c20919aa294c0b82cb0498fbbf1bd830ced3fb7e993fb4c779bbf6288376cc,1021112,"[8, 10, 8, 9, 8, 9, 8, 9, 8, 10, 8, 9, 8, 9, 8, 9, 8, 10, 8, 9, 8, 9, 8, 9, 8, 10, 8, 9, 8, 9, 8, 9]",0.12,6,21.047824144363403,0.05927397217601538,0.005525241431314498,0.012329123623203486,Mean absolute RGB horizontal/vertical first-difference change
152967,152967,38241.75,0.01844220196759259,1147.2525,30.0,32,32,31,0.10652610356919467,0.058870378881692886,21.628257872940843,0.9409190006554127,0.8899980522692204,0.11472088627276882,21.628257872940843,"[1920, 1088]","[1920, 1080]",1,False,,0.41032302379608154,0f0c0e2358ceec024230154da4777ed5c444a8382af1ec9d7165f3d7886141cf,0f0c0e2358ceec024230154da4777ed5c444a8382af1ec9d7165f3d7886141cf,fac4aa53ee6a2c8c29563dce402d5a56c82fce18f01bf5f8518c0ffae65be192,True,True,True,152967,/Huang_group/zyyz/Projects/GVC-RT/experiments/gvcrt_neural_wrapper_v6_2_objective_calibration/bitstreams/fullqp/schedule_s1p0/step_1000/normal/video_31_qp9.bin,e7ff4e295760384df024931314556d10bdafb43955a2bbbba0f8b1db8741ba08,/Huang_group/zyyz/Projects/GVC-RT/experiments/gvcrt_neural_wrapper_v6_2_objective_calibration/features/fullqp/schedule_s1p0/step_1000/normal/video_31_qp9.npz,28e6ef5e10a19668de1a7ff9a7659c27ea72be9e69fd24ebb4a4eab165cb5fcd,"{'bridge': '7394950d15fd97433ae4b017e4681bfc80143eb889910a34ed17b625ba08bcc9', 'generator': '97bf13e3c9e3693dc36e38e80ad0520349b58ba0320151a2fe2abcf43523b3ef'}",fullqp_schedule_v1,schedule_s1p0,1000,normal,normal,schedule_s1p0,9,9,31,9f01f934-5735-45e6-b5b5-22cd5ab8ae18,4e21ff8ca8a4ae37342a1c6ec0c4978be4813f18f46e6fbecc1277550807d229,1f2ba70daf147475e181bd5f31ffbb6682b91df29d98e6add8a3a9688ce7fee3,/Huang_group/zyyz/Projects/GVC-RT/experiments/gvcrt_neural_wrapper_v6_2_objective_calibration/branches/schedule_s1p0/checkpoints/step_1000.pt,fe63a6f00ca6bae59b23c8683146dbe64b6be67c1463a552af851bbfc31e9cba,/Huang_group/zyyz/Projects/GVC-RT/experiments/gvcrt_neural_wrapper_v6_2_objective_calibration/parts/fullqp/schedule_s1p0/step_1000/normal/video_31_qp9.frames.csv,96bc4ca1d19c016e36afcbd8d4c1aa64b359c46c73b38a3769cfd2697d444554,/Huang_group/zyyz/Projects/GVC-RT/experiments/gvcrt_neural_wrapper_v6_2_objective_calibration/features/fullqp/schedule_s1p0/step_1000/normal/video_31_qp9.transitions.csv,f605242fbf2b7575cc3e3b75e78d10d649165d0eabbf24aaeeeccb96dd489ba2,1223736,"[9, 11, 9, 10, 9, 10, 9, 10, 9, 11, 9, 10, 9, 10, 9, 10, 9, 11, 9, 10, 9, 10, 9, 10, 9, 11, 9, 10, 9, 10, 9, 10]",0.12,6,20.99313449859619,0.05927397217601538,0.005525241431314498,0.012329123623203486,Mean absolute RGB horizontal/vertical first-difference change
