real_bytes,real_RANS_bytes,bits_per_frame,bpp,kbps,rate_accounting_fps,frames,num_frames,num_transitions,LPIPS,DISTS,PSNR,SSIM,MS_SSIM,FloLPIPS,PSNR_from_aggregate_MSE,processing_canvas,metric_crop,ec_part,identity_P,identity_P_exact,proxy_max_abs,compression_hash_before,compression_hash_after,reconstruction_sha256,independent_decode_pass,state_sync_pass,real_RANS,bytes_consumed,bitstream_path,bitstream_sha256,feature_path,feature_sha256,loaded_receiver_module_hashes,revision,branch,checkpoint_update,dataset,validation_split,method,external_qp,QP,video_index,video,source_sha256,source_rgb_sha256,checkpoint,checkpoint_sha256,frame_metrics_path,frame_metrics_sha256,transitions_path,transitions_sha256,bits,actual_qps,force_zero_thres,physical_gpu,elapsed_seconds,proxy_RGB_L1,proxy_RGB_MSE,proxy_edge_difference,proxy_edge_definition
12017,12017,3004.25,0.0014488088348765431,90.1275,30.0,32,32,31,0.15611003199592233,0.12486440315842628,24.841692861419272,0.9366796873509884,0.8475540466606617,0.17999095109201246,24.841692861419272,"[1920, 1088]","[1920, 1080]",1,False,,0.25407537817955017,0f0c0e2358ceec024230154da4777ed5c444a8382af1ec9d7165f3d7886141cf,0f0c0e2358ceec024230154da4777ed5c444a8382af1ec9d7165f3d7886141cf,0a0c5675bd825d255e6074e47e66ec65f17988f696fcba35f34405b05b666a43,True,True,True,12017,/Huang_group/zyyz/Projects/GVC-RT/experiments/gvcrt_neural_wrapper_v6_2_objective_calibration/bitstreams/fullqp/schedule_s2p0/step_2000/normal/video_00_qp0.bin,4c39a0af19df6192781851e5efcc8185673fe5fc1f411363460e39cd4980297c,/Huang_group/zyyz/Projects/GVC-RT/experiments/gvcrt_neural_wrapper_v6_2_objective_calibration/features/fullqp/schedule_s2p0/step_2000/normal/video_00_qp0.npz,c8a68a8a56f045e7bdf736f2f05c0835a1b8853b1cddaf86ddfe6133649ff4cd,"{'bridge': 'd4ec467021e4da84e6320ec570cb2bd06cb42731372a163c827bb1e8015d2896', 'generator': '746b779eef7c99cda0d395f6d9fd5658ac8e95dfa85e5676c76f0a70fc8cecfa'}",fullqp_schedule_v1,schedule_s2p0,2000,normal,normal,schedule_s2p0,0,0,0,264affb7-349d-48b5-850c-dc78d11c8f87,6d987ab116878342980f1e54264853c26029abc6d555fd625d887e25c4ccbbc8,9b6405c1978197158452bd1ed3cf2b5135df054756a47ea73e38c71c58d7c268,/Huang_group/zyyz/Projects/GVC-RT/experiments/gvcrt_neural_wrapper_v6_2_objective_calibration/branches/schedule_s2p0/checkpoints/step_2000.pt,91d83d8ccc979b42b5a6eb044b8645805dc81f44ded58081814a53d994679b20,/Huang_group/zyyz/Projects/GVC-RT/experiments/gvcrt_neural_wrapper_v6_2_objective_calibration/parts/fullqp/schedule_s2p0/step_2000/normal/video_00_qp0.frames.csv,f40883d87a0c277690de177179c6616251636a91d52233ba928240642f6421ec,/Huang_group/zyyz/Projects/GVC-RT/experiments/gvcrt_neural_wrapper_v6_2_objective_calibration/features/fullqp/schedule_s2p0/step_2000/normal/video_00_qp0.transitions.csv,85aed1cbea6a3120307e9f02d0404bdee719cce7bf1a3c21f62539938cbd0a12,96136,"[0, 2, 0, 1, 0, 1, 0, 1, 0, 2, 0, 1, 0, 1, 0, 1, 0, 2, 0, 1, 0, 1, 0, 1, 0, 2, 0, 1, 0, 1, 0, 1]",0.12,4,21.6940495967865,0.07619265513494611,0.008393647352932021,0.0035797229866147973,Mean absolute RGB horizontal/vertical first-difference change
21474,21474,5368.5,0.0025889756944444445,161.055,30.0,32,32,31,0.1276190506760031,0.11412452906370163,25.71159902133624,0.9471957162022591,0.880522221326828,0.14982497980517726,25.71159902133624,"[1920, 1088]","[1920, 1080]",1,False,,0.25407537817955017,0f0c0e2358ceec024230154da4777ed5c444a8382af1ec9d7165f3d7886141cf,0f0c0e2358ceec024230154da4777ed5c444a8382af1ec9d7165f3d7886141cf,8ba23806e4c50e8526fe670de3758a47a55af02bba2c5c9d9b9c20e9429bad18,True,True,True,21474,/Huang_group/zyyz/Projects/GVC-RT/experiments/gvcrt_neural_wrapper_v6_2_objective_calibration/bitstreams/fullqp/schedule_s2p0/step_2000/normal/video_00_qp2.bin,7df7a637bea38db7ac45c9bae70847ecb73722ca9d72ec3a6f3c44bc530d0b54,/Huang_group/zyyz/Projects/GVC-RT/experiments/gvcrt_neural_wrapper_v6_2_objective_calibration/features/fullqp/schedule_s2p0/step_2000/normal/video_00_qp2.npz,523f5d0bc1410bd48899600a3bec630c5ad093b871b41d30c450c4f82d40c0a5,"{'bridge': 'd4ec467021e4da84e6320ec570cb2bd06cb42731372a163c827bb1e8015d2896', 'generator': '746b779eef7c99cda0d395f6d9fd5658ac8e95dfa85e5676c76f0a70fc8cecfa'}",fullqp_schedule_v1,schedule_s2p0,2000,normal,normal,schedule_s2p0,2,2,0,264affb7-349d-48b5-850c-dc78d11c8f87,6d987ab116878342980f1e54264853c26029abc6d555fd625d887e25c4ccbbc8,9b6405c1978197158452bd1ed3cf2b5135df054756a47ea73e38c71c58d7c268,/Huang_group/zyyz/Projects/GVC-RT/experiments/gvcrt_neural_wrapper_v6_2_objective_calibration/branches/schedule_s2p0/checkpoints/step_2000.pt,91d83d8ccc979b42b5a6eb044b8645805dc81f44ded58081814a53d994679b20,/Huang_group/zyyz/Projects/GVC-RT/experiments/gvcrt_neural_wrapper_v6_2_objective_calibration/parts/fullqp/schedule_s2p0/step_2000/normal/video_00_qp2.frames.csv,e90d6658de033bdbf469559ae159b72fd0cbf98127ff73b042fe98999c76507f,/Huang_group/zyyz/Projects/GVC-RT/experiments/gvcrt_neural_wrapper_v6_2_objective_calibration/features/fullqp/schedule_s2p0/step_2000/normal/video_00_qp2.transitions.csv,60274e5231f4f6bdf02a76a9a9cbb922a01cf715d00b06b1167d72a401f8bc7f,171792,"[2, 4, 2, 3, 2, 3, 2, 3, 2, 4, 2, 3, 2, 3, 2, 3, 2, 4, 2, 3, 2, 3, 2, 3, 2, 4, 2, 3, 2, 3, 2, 3]",0.12,4,20.976327657699585,0.07619265513494611,0.008393647352932021,0.0035797229866147973,Mean absolute RGB horizontal/vertical first-difference change
38726,38726,9681.5,0.004668933256172839,290.445,30.0,32,32,31,0.10565136652439833,0.10776303708553314,26.593964989663196,0.9560790378600359,0.9060465786606073,0.1271743510038622,26.593964989663196,"[1920, 1088]","[1920, 1080]",1,False,,0.25407537817955017,0f0c0e2358ceec024230154da4777ed5c444a8382af1ec9d7165f3d7886141cf,0f0c0e2358ceec024230154da4777ed5c444a8382af1ec9d7165f3d7886141cf,684f612c6e341eb9379f490f802e01bd8d1f0d462991a5afcb174908694b6c17,True,True,True,38726,/Huang_group/zyyz/Projects/GVC-RT/experiments/gvcrt_neural_wrapper_v6_2_objective_calibration/bitstreams/fullqp/schedule_s2p0/step_2000/normal/video_00_qp4.bin,b3b236b728485be42276ff8026c1a60ca725f742574c66ad4c0e4f3d5e884e29,/Huang_group/zyyz/Projects/GVC-RT/experiments/gvcrt_neural_wrapper_v6_2_objective_calibration/features/fullqp/schedule_s2p0/step_2000/normal/video_00_qp4.npz,42ada906d25175b526adf6d6dbd7ee658b08259808f4ed46a4f0fc8261fbe75f,"{'bridge': 'd4ec467021e4da84e6320ec570cb2bd06cb42731372a163c827bb1e8015d2896', 'generator': '746b779eef7c99cda0d395f6d9fd5658ac8e95dfa85e5676c76f0a70fc8cecfa'}",fullqp_schedule_v1,schedule_s2p0,2000,normal,normal,schedule_s2p0,4,4,0,264affb7-349d-48b5-850c-dc78d11c8f87,6d987ab116878342980f1e54264853c26029abc6d555fd625d887e25c4ccbbc8,9b6405c1978197158452bd1ed3cf2b5135df054756a47ea73e38c71c58d7c268,/Huang_group/zyyz/Projects/GVC-RT/experiments/gvcrt_neural_wrapper_v6_2_objective_calibration/branches/schedule_s2p0/checkpoints/step_2000.pt,91d83d8ccc979b42b5a6eb044b8645805dc81f44ded58081814a53d994679b20,/Huang_group/zyyz/Projects/GVC-RT/experiments/gvcrt_neural_wrapper_v6_2_objective_calibration/parts/fullqp/schedule_s2p0/step_2000/normal/video_00_qp4.frames.csv,b70bef450d5f9822e3793afd95d1b6db76a244fe4ff1bbd7ad70541eca413f36,/Huang_group/zyyz/Projects/GVC-RT/experiments/gvcrt_neural_wrapper_v6_2_objective_calibration/features/fullqp/schedule_s2p0/step_2000/normal/video_00_qp4.transitions.csv,77dc6ab9d9ab227e1035817c53d4989da2e9343fee2b11b08f2a830da9ee2d21,309808,"[4, 6, 4, 5, 4, 5, 4, 5, 4, 6, 4, 5, 4, 5, 4, 5, 4, 6, 4, 5, 4, 5, 4, 5, 4, 6, 4, 5, 4, 5, 4, 5]",0.12,4,20.656862258911133,0.07619265513494611,0.008393647352932021,0.0035797229866147973,Mean absolute RGB horizontal/vertical first-difference change
64966,64966,16241.5,0.007832513503086419,487.245,30.0,32,32,31,0.09173399861901999,0.09503365866839886,27.23398855005364,0.9617135524749756,0.9249044265598059,0.11008797153349846,27.23398855005364,"[1920, 1088]","[1920, 1080]",1,False,,0.25407537817955017,0f0c0e2358ceec024230154da4777ed5c444a8382af1ec9d7165f3d7886141cf,0f0c0e2358ceec024230154da4777ed5c444a8382af1ec9d7165f3d7886141cf,fb6272844d21b4f8a07d84e1c48c54cedd70c5c2b749dfec91992018b6374816,True,True,True,64966,/Huang_group/zyyz/Projects/GVC-RT/experiments/gvcrt_neural_wrapper_v6_2_objective_calibration/bitstreams/fullqp/schedule_s2p0/step_2000/normal/video_00_qp6.bin,c91be972a648ee1b663b2c2ff417d654356c9c3f745f1ad98ff89487e88e34ea,/Huang_group/zyyz/Projects/GVC-RT/experiments/gvcrt_neural_wrapper_v6_2_objective_calibration/features/fullqp/schedule_s2p0/step_2000/normal/video_00_qp6.npz,f0c3289c876d0d2ca02f7ed96cf5f7b4dd83144b333ab8d2e02cc9d06df9fa23,"{'bridge': 'd4ec467021e4da84e6320ec570cb2bd06cb42731372a163c827bb1e8015d2896', 'generator': '746b779eef7c99cda0d395f6d9fd5658ac8e95dfa85e5676c76f0a70fc8cecfa'}",fullqp_schedule_v1,schedule_s2p0,2000,normal,normal,schedule_s2p0,6,6,0,264affb7-349d-48b5-850c-dc78d11c8f87,6d987ab116878342980f1e54264853c26029abc6d555fd625d887e25c4ccbbc8,9b6405c1978197158452bd1ed3cf2b5135df054756a47ea73e38c71c58d7c268,/Huang_group/zyyz/Projects/GVC-RT/experiments/gvcrt_neural_wrapper_v6_2_objective_calibration/branches/schedule_s2p0/checkpoints/step_2000.pt,91d83d8ccc979b42b5a6eb044b8645805dc81f44ded58081814a53d994679b20,/Huang_group/zyyz/Projects/GVC-RT/experiments/gvcrt_neural_wrapper_v6_2_objective_calibration/parts/fullqp/schedule_s2p0/step_2000/normal/video_00_qp6.frames.csv,da34b7f6d71660150840e80c6d9535a9bf55245e4b3363216b774db9a168f82a,/Huang_group/zyyz/Projects/GVC-RT/experiments/gvcrt_neural_wrapper_v6_2_objective_calibration/features/fullqp/schedule_s2p0/step_2000/normal/video_00_qp6.transitions.csv,0521b0556ead3ba2557f2be76bf0c04dfb7695bffd93ffba2bb6483bfdebafa5,519728,"[6, 8, 6, 7, 6, 7, 6, 7, 6, 8, 6, 7, 6, 7, 6, 7, 6, 8, 6, 7, 6, 7, 6, 7, 6, 8, 6, 7, 6, 7, 6, 7]",0.12,4,20.469868659973145,0.07619265513494611,0.008393647352932021,0.0035797229866147973,Mean absolute RGB horizontal/vertical first-difference change
97990,97990,24497.5,0.0118139949845679,734.925,30.0,32,32,31,0.0831354830879718,0.09137105010449886,27.690569603582937,0.9651772994548082,0.9362428262829781,0.10082519294754151,27.690569603582937,"[1920, 1088]","[1920, 1080]",1,False,,0.25407537817955017,0f0c0e2358ceec024230154da4777ed5c444a8382af1ec9d7165f3d7886141cf,0f0c0e2358ceec024230154da4777ed5c444a8382af1ec9d7165f3d7886141cf,c0ee2e3bff3fa6fe3daf704c21e81c0bb8e5b0645bea78d83fc1fb0180e2002b,True,True,True,97990,/Huang_group/zyyz/Projects/GVC-RT/experiments/gvcrt_neural_wrapper_v6_2_objective_calibration/bitstreams/fullqp/schedule_s2p0/step_2000/normal/video_00_qp8.bin,2e21add5541a2dac9bf3de27a06286aaaf40edd4e8d3f7f28007f1067cc9fd7e,/Huang_group/zyyz/Projects/GVC-RT/experiments/gvcrt_neural_wrapper_v6_2_objective_calibration/features/fullqp/schedule_s2p0/step_2000/normal/video_00_qp8.npz,16d4008529433fbd782b9946e2ff5749a372a4067733c2f290ba9417903c1032,"{'bridge': 'd4ec467021e4da84e6320ec570cb2bd06cb42731372a163c827bb1e8015d2896', 'generator': '746b779eef7c99cda0d395f6d9fd5658ac8e95dfa85e5676c76f0a70fc8cecfa'}",fullqp_schedule_v1,schedule_s2p0,2000,normal,normal,schedule_s2p0,8,8,0,264affb7-349d-48b5-850c-dc78d11c8f87,6d987ab116878342980f1e54264853c26029abc6d555fd625d887e25c4ccbbc8,9b6405c1978197158452bd1ed3cf2b5135df054756a47ea73e38c71c58d7c268,/Huang_group/zyyz/Projects/GVC-RT/experiments/gvcrt_neural_wrapper_v6_2_objective_calibration/branches/schedule_s2p0/checkpoints/step_2000.pt,91d83d8ccc979b42b5a6eb044b8645805dc81f44ded58081814a53d994679b20,/Huang_group/zyyz/Projects/GVC-RT/experiments/gvcrt_neural_wrapper_v6_2_objective_calibration/parts/fullqp/schedule_s2p0/step_2000/normal/video_00_qp8.frames.csv,16ce4bdc23c68e57e72b628cb7e9c76a6b87e4275c872f30019072e51c11cf0b,/Huang_group/zyyz/Projects/GVC-RT/experiments/gvcrt_neural_wrapper_v6_2_objective_calibration/features/fullqp/schedule_s2p0/step_2000/normal/video_00_qp8.transitions.csv,65c4df6a4a9f5e7851ff50e02811c378fdc75ee753651ebf0db97245a68e3aa4,783920,"[8, 10, 8, 9, 8, 9, 8, 9, 8, 10, 8, 9, 8, 9, 8, 9, 8, 10, 8, 9, 8, 9, 8, 9, 8, 10, 8, 9, 8, 9, 8, 9]",0.12,4,20.278903245925903,0.07619265513494611,0.008393647352932021,0.0035797229866147973,Mean absolute RGB horizontal/vertical first-difference change
116131,116131,29032.75,0.014001133294753087,870.9825,30.0,32,32,31,0.08004405628889799,0.08867719396948814,27.8997715186688,0.9666924569755793,0.9400803092867136,0.09552361119178034,27.8997715186688,"[1920, 1088]","[1920, 1080]",1,False,,0.25407537817955017,0f0c0e2358ceec024230154da4777ed5c444a8382af1ec9d7165f3d7886141cf,0f0c0e2358ceec024230154da4777ed5c444a8382af1ec9d7165f3d7886141cf,41a9fbb3a7ccde6383a6b93e2e1a8bde9e8cfd474a2eb466fec22bf3a94697fb,True,True,True,116131,/Huang_group/zyyz/Projects/GVC-RT/experiments/gvcrt_neural_wrapper_v6_2_objective_calibration/bitstreams/fullqp/schedule_s2p0/step_2000/normal/video_00_qp9.bin,d6008e90e2e065fda81fd25b4f5289436d677ae323d5339b0fcb8eb0ee531554,/Huang_group/zyyz/Projects/GVC-RT/experiments/gvcrt_neural_wrapper_v6_2_objective_calibration/features/fullqp/schedule_s2p0/step_2000/normal/video_00_qp9.npz,fa6d6c0a4008bb823a97c370f1a3ff918a6bd3e0fc4dc94e79d19719fe0ab361,"{'bridge': 'd4ec467021e4da84e6320ec570cb2bd06cb42731372a163c827bb1e8015d2896', 'generator': '746b779eef7c99cda0d395f6d9fd5658ac8e95dfa85e5676c76f0a70fc8cecfa'}",fullqp_schedule_v1,schedule_s2p0,2000,normal,normal,schedule_s2p0,9,9,0,264affb7-349d-48b5-850c-dc78d11c8f87,6d987ab116878342980f1e54264853c26029abc6d555fd625d887e25c4ccbbc8,9b6405c1978197158452bd1ed3cf2b5135df054756a47ea73e38c71c58d7c268,/Huang_group/zyyz/Projects/GVC-RT/experiments/gvcrt_neural_wrapper_v6_2_objective_calibration/branches/schedule_s2p0/checkpoints/step_2000.pt,91d83d8ccc979b42b5a6eb044b8645805dc81f44ded58081814a53d994679b20,/Huang_group/zyyz/Projects/GVC-RT/experiments/gvcrt_neural_wrapper_v6_2_objective_calibration/parts/fullqp/schedule_s2p0/step_2000/normal/video_00_qp9.frames.csv,42632556c9d62944aba22bf1c0ce740198371fd67a0b0c88d52ec03134b7a70c,/Huang_group/zyyz/Projects/GVC-RT/experiments/gvcrt_neural_wrapper_v6_2_objective_calibration/features/fullqp/schedule_s2p0/step_2000/normal/video_00_qp9.transitions.csv,ee0e6cffc1876d3b814abd833708282db86b1a03669fa2df44e5a2cf482ca670,929048,"[9, 11, 9, 10, 9, 10, 9, 10, 9, 11, 9, 10, 9, 10, 9, 10, 9, 11, 9, 10, 9, 10, 9, 10, 9, 11, 9, 10, 9, 10, 9, 10]",0.12,4,20.716469526290894,0.07619265513494611,0.008393647352932021,0.0035797229866147973,Mean absolute RGB horizontal/vertical first-difference change
10403,10403,2600.75,0.0012542197145061728,77.94455544455545,29.97002997002997,32,32,31,0.11049185646697879,0.13423152454197407,25.114642688381586,0.935351025313139,0.857517359778285,0.02212780413608397,25.114642688381586,"[1920, 1088]","[1920, 1080]",1,False,,0.34153619408607483,0f0c0e2358ceec024230154da4777ed5c444a8382af1ec9d7165f3d7886141cf,0f0c0e2358ceec024230154da4777ed5c444a8382af1ec9d7165f3d7886141cf,9badd8b068a27738a19a1bb79af45cabbd89390852bb8388cf76a8da55b79341,True,True,True,10403,/Huang_group/zyyz/Projects/GVC-RT/experiments/gvcrt_neural_wrapper_v6_2_objective_calibration/bitstreams/fullqp/schedule_s2p0/step_2000/normal/video_01_qp0.bin,cebeb0720a416a0de83b6697fd52dadf648c7539e8a1fb00def501817fe2f3f3,/Huang_group/zyyz/Projects/GVC-RT/experiments/gvcrt_neural_wrapper_v6_2_objective_calibration/features/fullqp/schedule_s2p0/step_2000/normal/video_01_qp0.npz,10dbb4fa016b8cf5fd25e7222d5b5b46777cb0bf0d98fefcbac44ce7e00323a9,"{'bridge': 'd4ec467021e4da84e6320ec570cb2bd06cb42731372a163c827bb1e8015d2896', 'generator': '746b779eef7c99cda0d395f6d9fd5658ac8e95dfa85e5676c76f0a70fc8cecfa'}",fullqp_schedule_v1,schedule_s2p0,2000,normal,normal,schedule_s2p0,0,0,1,1e1e0718-1ed3-4dde-b897-09cf61914ab0,954066cac744c83d986b3ee643711dadc72cec9ee18c4c9c05def062ae8d3240,27e077ac62595b0c70a6a2eae0ed3ecb2d36f723f14c86486503c6f7513405fb,/Huang_group/zyyz/Projects/GVC-RT/experiments/gvcrt_neural_wrapper_v6_2_objective_calibration/branches/schedule_s2p0/checkpoints/step_2000.pt,91d83d8ccc979b42b5a6eb044b8645805dc81f44ded58081814a53d994679b20,/Huang_group/zyyz/Projects/GVC-RT/experiments/gvcrt_neural_wrapper_v6_2_objective_calibration/parts/fullqp/schedule_s2p0/step_2000/normal/video_01_qp0.frames.csv,c3cf905a13f5165deb06011084c3222ef0ca59e081c9273254fc0f3583b95618,/Huang_group/zyyz/Projects/GVC-RT/experiments/gvcrt_neural_wrapper_v6_2_objective_calibration/features/fullqp/schedule_s2p0/step_2000/normal/video_01_qp0.transitions.csv,df1e1bc2edf642ee79974f888c71df1bc385798416f10ebc9cecdaf0fccf9b94,83224,"[0, 2, 0, 1, 0, 1, 0, 1, 0, 2, 0, 1, 0, 1, 0, 1, 0, 2, 0, 1, 0, 1, 0, 1, 0, 2, 0, 1, 0, 1, 0, 1]",0.12,6,21.867193698883057,0.12098179780878127,0.02027988078771159,0.0038019872081349604,Mean absolute RGB horizontal/vertical first-difference change
11942,11942,2985.5,0.001439766589506173,89.47552447552448,29.97002997002997,32,32,31,0.09351691603660583,0.12066813372075558,25.84237888036613,0.9470973797142506,0.8854336850345135,0.016771135671484853,25.84237888036613,"[1920, 1088]","[1920, 1080]",1,False,,0.34153619408607483,0f0c0e2358ceec024230154da4777ed5c444a8382af1ec9d7165f3d7886141cf,0f0c0e2358ceec024230154da4777ed5c444a8382af1ec9d7165f3d7886141cf,c698d33a0ccaf5800cf267876ee2c52b80ee5fda7dca6113d0973c33697eae0e,True,True,True,11942,/Huang_group/zyyz/Projects/GVC-RT/experiments/gvcrt_neural_wrapper_v6_2_objective_calibration/bitstreams/fullqp/schedule_s2p0/step_2000/normal/video_01_qp2.bin,97c6597f9db4b0287fcde46759b125b9ba4662107208cb5d860f126e23c33755,/Huang_group/zyyz/Projects/GVC-RT/experiments/gvcrt_neural_wrapper_v6_2_objective_calibration/features/fullqp/schedule_s2p0/step_2000/normal/video_01_qp2.npz,feddd079b30c58245c83a7b8a68465010ec999986cd9ebd074ea30e07d8f7668,"{'bridge': 'd4ec467021e4da84e6320ec570cb2bd06cb42731372a163c827bb1e8015d2896', 'generator': '746b779eef7c99cda0d395f6d9fd5658ac8e95dfa85e5676c76f0a70fc8cecfa'}",fullqp_schedule_v1,schedule_s2p0,2000,normal,normal,schedule_s2p0,2,2,1,1e1e0718-1ed3-4dde-b897-09cf61914ab0,954066cac744c83d986b3ee643711dadc72cec9ee18c4c9c05def062ae8d3240,27e077ac62595b0c70a6a2eae0ed3ecb2d36f723f14c86486503c6f7513405fb,/Huang_group/zyyz/Projects/GVC-RT/experiments/gvcrt_neural_wrapper_v6_2_objective_calibration/branches/schedule_s2p0/checkpoints/step_2000.pt,91d83d8ccc979b42b5a6eb044b8645805dc81f44ded58081814a53d994679b20,/Huang_group/zyyz/Projects/GVC-RT/experiments/gvcrt_neural_wrapper_v6_2_objective_calibration/parts/fullqp/schedule_s2p0/step_2000/normal/video_01_qp2.frames.csv,57841210e7169cb912b96ecd117887e5e52aeb78b33345be82b7797d409bbf4b,/Huang_group/zyyz/Projects/GVC-RT/experiments/gvcrt_neural_wrapper_v6_2_objective_calibration/features/fullqp/schedule_s2p0/step_2000/normal/video_01_qp2.transitions.csv,c143c6a29330fcd4f7a7949ce525b3db3a98441530760ffd1ee0d0b3cfc9eef1,95536,"[2, 4, 2, 3, 2, 3, 2, 3, 2, 4, 2, 3, 2, 3, 2, 3, 2, 4, 2, 3, 2, 3, 2, 3, 2, 4, 2, 3, 2, 3, 2, 3]",0.12,6,20.857724905014038,0.12098179780878127,0.02027988078771159,0.0038019872081349604,Mean absolute RGB horizontal/vertical first-difference change
18286,18286,4571.5,0.0022046199845679013,137.007992007992,29.97002997002997,32,32,31,0.08543288707733154,0.11588693037629128,26.38538921033744,0.954145872965455,0.9048206023871899,0.01414956962088904,26.38538921033744,"[1920, 1088]","[1920, 1080]",1,False,,0.34153619408607483,0f0c0e2358ceec024230154da4777ed5c444a8382af1ec9d7165f3d7886141cf,0f0c0e2358ceec024230154da4777ed5c444a8382af1ec9d7165f3d7886141cf,93b1a74c6cdea4e1b4060e314d0a2acefa34e2c65e874eeffd17128ec37bb7df,True,True,True,18286,/Huang_group/zyyz/Projects/GVC-RT/experiments/gvcrt_neural_wrapper_v6_2_objective_calibration/bitstreams/fullqp/schedule_s2p0/step_2000/normal/video_01_qp4.bin,75c1e9f15e3ee630214ed99ca15b627b7db473bca26cff2a83ca8e56f13735bd,/Huang_group/zyyz/Projects/GVC-RT/experiments/gvcrt_neural_wrapper_v6_2_objective_calibration/features/fullqp/schedule_s2p0/step_2000/normal/video_01_qp4.npz,63c65d47eec1cfd3fd0520288bc850faee9cfe9dbfee76a6d78d0ee2af7b874d,"{'bridge': 'd4ec467021e4da84e6320ec570cb2bd06cb42731372a163c827bb1e8015d2896', 'generator': '746b779eef7c99cda0d395f6d9fd5658ac8e95dfa85e5676c76f0a70fc8cecfa'}",fullqp_schedule_v1,schedule_s2p0,2000,normal,normal,schedule_s2p0,4,4,1,1e1e0718-1ed3-4dde-b897-09cf61914ab0,954066cac744c83d986b3ee643711dadc72cec9ee18c4c9c05def062ae8d3240,27e077ac62595b0c70a6a2eae0ed3ecb2d36f723f14c86486503c6f7513405fb,/Huang_group/zyyz/Projects/GVC-RT/experiments/gvcrt_neural_wrapper_v6_2_objective_calibration/branches/schedule_s2p0/checkpoints/step_2000.pt,91d83d8ccc979b42b5a6eb044b8645805dc81f44ded58081814a53d994679b20,/Huang_group/zyyz/Projects/GVC-RT/experiments/gvcrt_neural_wrapper_v6_2_objective_calibration/parts/fullqp/schedule_s2p0/step_2000/normal/video_01_qp4.frames.csv,551817df422160c5bbfbfa71d7989fe9c7f70fc063b2368badcba80ea85091c9,/Huang_group/zyyz/Projects/GVC-RT/experiments/gvcrt_neural_wrapper_v6_2_objective_calibration/features/fullqp/schedule_s2p0/step_2000/normal/video_01_qp4.transitions.csv,318df39a103d84837658942f03619c9abea95803116ecccf2a46b24b80fe3815,146288,"[4, 6, 4, 5, 4, 5, 4, 5, 4, 6, 4, 5, 4, 5, 4, 5, 4, 6, 4, 5, 4, 5, 4, 5, 4, 6, 4, 5, 4, 5, 4, 5]",0.12,6,20.56865096092224,0.12098179780878127,0.02027988078771159,0.0038019872081349604,Mean absolute RGB horizontal/vertical first-difference change
28086,28086,7021.5,0.0033861400462962964,210.43456543456543,29.97002997002997,32,32,31,0.07681640470400453,0.10838800854980946,26.834025237455933,0.9596732575446367,0.9216239750385284,0.013590159165042063,26.834025237455933,"[1920, 1088]","[1920, 1080]",1,False,,0.34153619408607483,0f0c0e2358ceec024230154da4777ed5c444a8382af1ec9d7165f3d7886141cf,0f0c0e2358ceec024230154da4777ed5c444a8382af1ec9d7165f3d7886141cf,d6674c9ceb6ba816c7ab91e85dcf93398b7c46b03757029b4b1442a9d6fdd173,True,True,True,28086,/Huang_group/zyyz/Projects/GVC-RT/experiments/gvcrt_neural_wrapper_v6_2_objective_calibration/bitstreams/fullqp/schedule_s2p0/step_2000/normal/video_01_qp6.bin,09c5c3df314e38b845d72efe38a1d768c87ac047101b0dc362e59c1bc95abd17,/Huang_group/zyyz/Projects/GVC-RT/experiments/gvcrt_neural_wrapper_v6_2_objective_calibration/features/fullqp/schedule_s2p0/step_2000/normal/video_01_qp6.npz,6b3233f38c330a9cb47646ad53a3f10f39d766f0ae918f89d2a9858b3fe0c553,"{'bridge': 'd4ec467021e4da84e6320ec570cb2bd06cb42731372a163c827bb1e8015d2896', 'generator': '746b779eef7c99cda0d395f6d9fd5658ac8e95dfa85e5676c76f0a70fc8cecfa'}",fullqp_schedule_v1,schedule_s2p0,2000,normal,normal,schedule_s2p0,6,6,1,1e1e0718-1ed3-4dde-b897-09cf61914ab0,954066cac744c83d986b3ee643711dadc72cec9ee18c4c9c05def062ae8d3240,27e077ac62595b0c70a6a2eae0ed3ecb2d36f723f14c86486503c6f7513405fb,/Huang_group/zyyz/Projects/GVC-RT/experiments/gvcrt_neural_wrapper_v6_2_objective_calibration/branches/schedule_s2p0/checkpoints/step_2000.pt,91d83d8ccc979b42b5a6eb044b8645805dc81f44ded58081814a53d994679b20,/Huang_group/zyyz/Projects/GVC-RT/experiments/gvcrt_neural_wrapper_v6_2_objective_calibration/parts/fullqp/schedule_s2p0/step_2000/normal/video_01_qp6.frames.csv,d8cfb9ec8eb050d05f9143bc7c450864c6569b391edc34084b9c8feece062e43,/Huang_group/zyyz/Projects/GVC-RT/experiments/gvcrt_neural_wrapper_v6_2_objective_calibration/features/fullqp/schedule_s2p0/step_2000/normal/video_01_qp6.transitions.csv,4a2eb05c9a7b0aee234cd944b89eea35a936dbbd4c1835e9cb8c7a2908da4180,224688,"[6, 8, 6, 7, 6, 7, 6, 7, 6, 8, 6, 7, 6, 7, 6, 7, 6, 8, 6, 7, 6, 7, 6, 7, 6, 8, 6, 7, 6, 7, 6, 7]",0.12,6,20.3070125579834,0.12098179780878127,0.02027988078771159,0.0038019872081349604,Mean absolute RGB horizontal/vertical first-difference change
41071,41071,10267.75,0.00495165412808642,307.7247752247752,29.97002997002997,32,32,31,0.07186529040336609,0.10476768389344215,27.084926289014568,0.9622710421681404,0.9315019734203815,0.012697655587427078,27.084926289014568,"[1920, 1088]","[1920, 1080]",1,False,,0.34153619408607483,0f0c0e2358ceec024230154da4777ed5c444a8382af1ec9d7165f3d7886141cf,0f0c0e2358ceec024230154da4777ed5c444a8382af1ec9d7165f3d7886141cf,048ea864c379f8936133d94719018d7d58291660f7ae8e7930356e01b38cb98d,True,True,True,41071,/Huang_group/zyyz/Projects/GVC-RT/experiments/gvcrt_neural_wrapper_v6_2_objective_calibration/bitstreams/fullqp/schedule_s2p0/step_2000/normal/video_01_qp8.bin,6d156a356461412724edd1fa1a6a58c32eee93d83896962db61af254387f876b,/Huang_group/zyyz/Projects/GVC-RT/experiments/gvcrt_neural_wrapper_v6_2_objective_calibration/features/fullqp/schedule_s2p0/step_2000/normal/video_01_qp8.npz,ac5cbecfcbb9fc914a3839e5d635ed9b6008529f968e6b167fbc3b168087f1ee,"{'bridge': 'd4ec467021e4da84e6320ec570cb2bd06cb42731372a163c827bb1e8015d2896', 'generator': '746b779eef7c99cda0d395f6d9fd5658ac8e95dfa85e5676c76f0a70fc8cecfa'}",fullqp_schedule_v1,schedule_s2p0,2000,normal,normal,schedule_s2p0,8,8,1,1e1e0718-1ed3-4dde-b897-09cf61914ab0,954066cac744c83d986b3ee643711dadc72cec9ee18c4c9c05def062ae8d3240,27e077ac62595b0c70a6a2eae0ed3ecb2d36f723f14c86486503c6f7513405fb,/Huang_group/zyyz/Projects/GVC-RT/experiments/gvcrt_neural_wrapper_v6_2_objective_calibration/branches/schedule_s2p0/checkpoints/step_2000.pt,91d83d8ccc979b42b5a6eb044b8645805dc81f44ded58081814a53d994679b20,/Huang_group/zyyz/Projects/GVC-RT/experiments/gvcrt_neural_wrapper_v6_2_objective_calibration/parts/fullqp/schedule_s2p0/step_2000/normal/video_01_qp8.frames.csv,9952c45cd8512af78267ce05ad03a12fb3e2909701b022992925587389c435e0,/Huang_group/zyyz/Projects/GVC-RT/experiments/gvcrt_neural_wrapper_v6_2_objective_calibration/features/fullqp/schedule_s2p0/step_2000/normal/video_01_qp8.transitions.csv,75f645b57ae1471553d75fa2192a67c2632800726966235a955a8e3218348461,328568,"[8, 10, 8, 9, 8, 9, 8, 9, 8, 10, 8, 9, 8, 9, 8, 9, 8, 10, 8, 9, 8, 9, 8, 9, 8, 10, 8, 9, 8, 9, 8, 9]",0.12,6,20.156540870666504,0.12098179780878127,0.02027988078771159,0.0038019872081349604,Mean absolute RGB horizontal/vertical first-difference change
50448,50448,12612.0,0.006082175925925926,377.98201798201796,29.97002997002997,32,32,31,0.07088650134392083,0.10983499698340893,27.161488179503003,0.9630359914153814,0.9348769579082727,0.012572717867911823,27.161488179503003,"[1920, 1088]","[1920, 1080]",1,False,,0.34153619408607483,0f0c0e2358ceec024230154da4777ed5c444a8382af1ec9d7165f3d7886141cf,0f0c0e2358ceec024230154da4777ed5c444a8382af1ec9d7165f3d7886141cf,1f25e1a2d4cc2827df20258c4ea76b4ecd97aae88dc7873b83cc99a08c44817e,True,True,True,50448,/Huang_group/zyyz/Projects/GVC-RT/experiments/gvcrt_neural_wrapper_v6_2_objective_calibration/bitstreams/fullqp/schedule_s2p0/step_2000/normal/video_01_qp9.bin,d169881703fdee829d0c1d9822820272c2ca8f1b0d10f4f7ea95993794d5b6db,/Huang_group/zyyz/Projects/GVC-RT/experiments/gvcrt_neural_wrapper_v6_2_objective_calibration/features/fullqp/schedule_s2p0/step_2000/normal/video_01_qp9.npz,f1eb4ccea377c63ce67ccddf4627972b573f59f8ab06583cfc5820a215e793e4,"{'bridge': 'd4ec467021e4da84e6320ec570cb2bd06cb42731372a163c827bb1e8015d2896', 'generator': '746b779eef7c99cda0d395f6d9fd5658ac8e95dfa85e5676c76f0a70fc8cecfa'}",fullqp_schedule_v1,schedule_s2p0,2000,normal,normal,schedule_s2p0,9,9,1,1e1e0718-1ed3-4dde-b897-09cf61914ab0,954066cac744c83d986b3ee643711dadc72cec9ee18c4c9c05def062ae8d3240,27e077ac62595b0c70a6a2eae0ed3ecb2d36f723f14c86486503c6f7513405fb,/Huang_group/zyyz/Projects/GVC-RT/experiments/gvcrt_neural_wrapper_v6_2_objective_calibration/branches/schedule_s2p0/checkpoints/step_2000.pt,91d83d8ccc979b42b5a6eb044b8645805dc81f44ded58081814a53d994679b20,/Huang_group/zyyz/Projects/GVC-RT/experiments/gvcrt_neural_wrapper_v6_2_objective_calibration/parts/fullqp/schedule_s2p0/step_2000/normal/video_01_qp9.frames.csv,1ddd3696011ded2adedfa6628ededfd00a5686e6be4cb32bde6cc2d633b8f1d6,/Huang_group/zyyz/Projects/GVC-RT/experiments/gvcrt_neural_wrapper_v6_2_objective_calibration/features/fullqp/schedule_s2p0/step_2000/normal/video_01_qp9.transitions.csv,cd7d8222b44c531a2fb1b7d9fe8cfc29ba91c96f17db6abc503d18f6ef1ac309,403584,"[9, 11, 9, 10, 9, 10, 9, 10, 9, 11, 9, 10, 9, 10, 9, 10, 9, 11, 9, 10, 9, 10, 9, 10, 9, 11, 9, 10, 9, 10, 9, 10]",0.12,6,20.46470618247986,0.12098179780878127,0.02027988078771159,0.0038019872081349604,Mean absolute RGB horizontal/vertical first-difference change
11355,11355,2838.75,0.0013689959490740741,85.1625,30.0,32,32,31,0.2624331843107939,0.12951618246734142,23.11924202696009,0.9194975718855858,0.7610850632190704,0.23800319721621851,23.11924202696009,"[1920, 1088]","[1920, 1080]",1,False,,0.33339807391166687,0f0c0e2358ceec024230154da4777ed5c444a8382af1ec9d7165f3d7886141cf,0f0c0e2358ceec024230154da4777ed5c444a8382af1ec9d7165f3d7886141cf,4d06eb7a437fb28d08b3e07e2e104df6216e1ae7aed12a77503294061fa2735d,True,True,True,11355,/Huang_group/zyyz/Projects/GVC-RT/experiments/gvcrt_neural_wrapper_v6_2_objective_calibration/bitstreams/fullqp/schedule_s2p0/step_2000/normal/video_02_qp0.bin,c52df9bad004f7e32ee69e34361cabb59e66e40e4f4938479ea645f35e931bbf,/Huang_group/zyyz/Projects/GVC-RT/experiments/gvcrt_neural_wrapper_v6_2_objective_calibration/features/fullqp/schedule_s2p0/step_2000/normal/video_02_qp0.npz,e488264ed870ec98c2a661ab9845511343efcd32850ab05cc4419fb54f896ef2,"{'bridge': 'd4ec467021e4da84e6320ec570cb2bd06cb42731372a163c827bb1e8015d2896', 'generator': '746b779eef7c99cda0d395f6d9fd5658ac8e95dfa85e5676c76f0a70fc8cecfa'}",fullqp_schedule_v1,schedule_s2p0,2000,normal,normal,schedule_s2p0,0,0,2,0031fc12-5893-4920-b32e-01a2ea8fe7bc,c83b223f389043f2fd760dffcc652ffebefda813949b81fb6ff3560c592d60b5,a697638859a9e5676d68aff7b34ad593f176f2ca669016c75a5c699291e6ac31,/Huang_group/zyyz/Projects/GVC-RT/experiments/gvcrt_neural_wrapper_v6_2_objective_calibration/branches/schedule_s2p0/checkpoints/step_2000.pt,91d83d8ccc979b42b5a6eb044b8645805dc81f44ded58081814a53d994679b20,/Huang_group/zyyz/Projects/GVC-RT/experiments/gvcrt_neural_wrapper_v6_2_objective_calibration/parts/fullqp/schedule_s2p0/step_2000/normal/video_02_qp0.frames.csv,427a01f1ea520e77d6ffc911fddf173640dc9bb104bbe8309456bdf8017519c4,/Huang_group/zyyz/Projects/GVC-RT/experiments/gvcrt_neural_wrapper_v6_2_objective_calibration/features/fullqp/schedule_s2p0/step_2000/normal/video_02_qp0.transitions.csv,a17174b13c0c6cd863659a77d35edf9eee09c6ff858adf3b9fb4d4b503429dff,90840,"[0, 2, 0, 1, 0, 1, 0, 1, 0, 2, 0, 1, 0, 1, 0, 1, 0, 2, 0, 1, 0, 1, 0, 1, 0, 2, 0, 1, 0, 1, 0, 1]",0.12,4,21.824401140213013,0.08354448573663831,0.010000677575590089,0.006298239968600683,Mean absolute RGB horizontal/vertical first-difference change
20066,20066,5016.5,0.0024192226080246913,150.495,30.0,32,32,31,0.22633666079491377,0.12417182140052319,23.878626177453484,0.9311108775436878,0.8068034369498491,0.20242192476026474,23.878626177453484,"[1920, 1088]","[1920, 1080]",1,False,,0.33339807391166687,0f0c0e2358ceec024230154da4777ed5c444a8382af1ec9d7165f3d7886141cf,0f0c0e2358ceec024230154da4777ed5c444a8382af1ec9d7165f3d7886141cf,7d350254563633d3edd809387ee219323f9f4085d2aa99d1afbaeca2454a0aa0,True,True,True,20066,/Huang_group/zyyz/Projects/GVC-RT/experiments/gvcrt_neural_wrapper_v6_2_objective_calibration/bitstreams/fullqp/schedule_s2p0/step_2000/normal/video_02_qp2.bin,d24f17e6a9b4f96b83b898e7b6a3956d275189d69100a86d7b4a1642b327eee0,/Huang_group/zyyz/Projects/GVC-RT/experiments/gvcrt_neural_wrapper_v6_2_objective_calibration/features/fullqp/schedule_s2p0/step_2000/normal/video_02_qp2.npz,846d1459acdddf87ccc682a6a19f9c0917659d45318e23586caf68f3ee3a274e,"{'bridge': 'd4ec467021e4da84e6320ec570cb2bd06cb42731372a163c827bb1e8015d2896', 'generator': '746b779eef7c99cda0d395f6d9fd5658ac8e95dfa85e5676c76f0a70fc8cecfa'}",fullqp_schedule_v1,schedule_s2p0,2000,normal,normal,schedule_s2p0,2,2,2,0031fc12-5893-4920-b32e-01a2ea8fe7bc,c83b223f389043f2fd760dffcc652ffebefda813949b81fb6ff3560c592d60b5,a697638859a9e5676d68aff7b34ad593f176f2ca669016c75a5c699291e6ac31,/Huang_group/zyyz/Projects/GVC-RT/experiments/gvcrt_neural_wrapper_v6_2_objective_calibration/branches/schedule_s2p0/checkpoints/step_2000.pt,91d83d8ccc979b42b5a6eb044b8645805dc81f44ded58081814a53d994679b20,/Huang_group/zyyz/Projects/GVC-RT/experiments/gvcrt_neural_wrapper_v6_2_objective_calibration/parts/fullqp/schedule_s2p0/step_2000/normal/video_02_qp2.frames.csv,dd6d5fc68970f35ae5f9864336a776e34ec1f1779d800906608fd078709e4b3a,/Huang_group/zyyz/Projects/GVC-RT/experiments/gvcrt_neural_wrapper_v6_2_objective_calibration/features/fullqp/schedule_s2p0/step_2000/normal/video_02_qp2.transitions.csv,a482d1eb61ac5614aabf8ff1cf183d76eddcfaef5c68c15a0ea518d18960c7b1,160528,"[2, 4, 2, 3, 2, 3, 2, 3, 2, 4, 2, 3, 2, 3, 2, 3, 2, 4, 2, 3, 2, 3, 2, 3, 2, 4, 2, 3, 2, 3, 2, 3]",0.12,4,20.38681936264038,0.08354448573663831,0.010000677575590089,0.006298239968600683,Mean absolute RGB horizontal/vertical first-difference change
35271,35271,8817.75,0.004252387152777778,264.5325,30.0,32,32,31,0.19999415380880237,0.11710397712886333,24.563378195416487,0.9403274115175009,0.8438041843473911,0.17561913017303712,24.563378195416487,"[1920, 1088]","[1920, 1080]",1,False,,0.33339807391166687,0f0c0e2358ceec024230154da4777ed5c444a8382af1ec9d7165f3d7886141cf,0f0c0e2358ceec024230154da4777ed5c444a8382af1ec9d7165f3d7886141cf,dd06d6d8928bb2316baf77999d174b7ae99a294aa3fbb1f2e47648b91004d15e,True,True,True,35271,/Huang_group/zyyz/Projects/GVC-RT/experiments/gvcrt_neural_wrapper_v6_2_objective_calibration/bitstreams/fullqp/schedule_s2p0/step_2000/normal/video_02_qp4.bin,ddde86a60825c81b7b8e1ea5e6b75d88cf68001bf6868d27978e8e50187ce203,/Huang_group/zyyz/Projects/GVC-RT/experiments/gvcrt_neural_wrapper_v6_2_objective_calibration/features/fullqp/schedule_s2p0/step_2000/normal/video_02_qp4.npz,a3b80473d423a6b7daab993179d7d2148a5e2a529d315c16f7efeca70afc35a2,"{'bridge': 'd4ec467021e4da84e6320ec570cb2bd06cb42731372a163c827bb1e8015d2896', 'generator': '746b779eef7c99cda0d395f6d9fd5658ac8e95dfa85e5676c76f0a70fc8cecfa'}",fullqp_schedule_v1,schedule_s2p0,2000,normal,normal,schedule_s2p0,4,4,2,0031fc12-5893-4920-b32e-01a2ea8fe7bc,c83b223f389043f2fd760dffcc652ffebefda813949b81fb6ff3560c592d60b5,a697638859a9e5676d68aff7b34ad593f176f2ca669016c75a5c699291e6ac31,/Huang_group/zyyz/Projects/GVC-RT/experiments/gvcrt_neural_wrapper_v6_2_objective_calibration/branches/schedule_s2p0/checkpoints/step_2000.pt,91d83d8ccc979b42b5a6eb044b8645805dc81f44ded58081814a53d994679b20,/Huang_group/zyyz/Projects/GVC-RT/experiments/gvcrt_neural_wrapper_v6_2_objective_calibration/parts/fullqp/schedule_s2p0/step_2000/normal/video_02_qp4.frames.csv,ab342f55043d49e2f53d6c5eca918ebb540db6eb814f13a0f51afc02f3de781e,/Huang_group/zyyz/Projects/GVC-RT/experiments/gvcrt_neural_wrapper_v6_2_objective_calibration/features/fullqp/schedule_s2p0/step_2000/normal/video_02_qp4.transitions.csv,15a83a54894e0d4e16a82885c87c2c5ca07b1bbbdc00bbe0d2467b7000cc115e,282168,"[4, 6, 4, 5, 4, 5, 4, 5, 4, 6, 4, 5, 4, 5, 4, 5, 4, 6, 4, 5, 4, 5, 4, 5, 4, 6, 4, 5, 4, 5, 4, 5]",0.12,4,20.059022665023804,0.08354448573663831,0.010000677575590089,0.006298239968600683,Mean absolute RGB horizontal/vertical first-difference change
59122,59122,14780.5,0.00712794174382716,443.415,30.0,32,32,31,0.1766554545611143,0.11351346038281918,25.12542971760392,0.9469799492508173,0.8699420094490051,0.15355538600875485,25.12542971760392,"[1920, 1088]","[1920, 1080]",1,False,,0.33339807391166687,0f0c0e2358ceec024230154da4777ed5c444a8382af1ec9d7165f3d7886141cf,0f0c0e2358ceec024230154da4777ed5c444a8382af1ec9d7165f3d7886141cf,47d2ac8b6440119e4f98e7395a7b88aef2464968e48625d158467250cc65c8de,True,True,True,59122,/Huang_group/zyyz/Projects/GVC-RT/experiments/gvcrt_neural_wrapper_v6_2_objective_calibration/bitstreams/fullqp/schedule_s2p0/step_2000/normal/video_02_qp6.bin,feed6640895d8729fadac785102b04c71054ebabf8b145007b76b729a523b237,/Huang_group/zyyz/Projects/GVC-RT/experiments/gvcrt_neural_wrapper_v6_2_objective_calibration/features/fullqp/schedule_s2p0/step_2000/normal/video_02_qp6.npz,822a31ee3d38194579af2a9de799cf3311041907b47b6d2b255bf134d089933e,"{'bridge': 'd4ec467021e4da84e6320ec570cb2bd06cb42731372a163c827bb1e8015d2896', 'generator': '746b779eef7c99cda0d395f6d9fd5658ac8e95dfa85e5676c76f0a70fc8cecfa'}",fullqp_schedule_v1,schedule_s2p0,2000,normal,normal,schedule_s2p0,6,6,2,0031fc12-5893-4920-b32e-01a2ea8fe7bc,c83b223f389043f2fd760dffcc652ffebefda813949b81fb6ff3560c592d60b5,a697638859a9e5676d68aff7b34ad593f176f2ca669016c75a5c699291e6ac31,/Huang_group/zyyz/Projects/GVC-RT/experiments/gvcrt_neural_wrapper_v6_2_objective_calibration/branches/schedule_s2p0/checkpoints/step_2000.pt,91d83d8ccc979b42b5a6eb044b8645805dc81f44ded58081814a53d994679b20,/Huang_group/zyyz/Projects/GVC-RT/experiments/gvcrt_neural_wrapper_v6_2_objective_calibration/parts/fullqp/schedule_s2p0/step_2000/normal/video_02_qp6.frames.csv,1c8f958f177dfb5347d6882f138869a62bb752ad4919645f7be3f38b51ec8335,/Huang_group/zyyz/Projects/GVC-RT/experiments/gvcrt_neural_wrapper_v6_2_objective_calibration/features/fullqp/schedule_s2p0/step_2000/normal/video_02_qp6.transitions.csv,e28d08cdd7686af2ffcf7455c612a647d737d1bb68fd3f47990caac574ba2c66,472976,"[6, 8, 6, 7, 6, 7, 6, 7, 6, 8, 6, 7, 6, 7, 6, 7, 6, 8, 6, 7, 6, 7, 6, 7, 6, 8, 6, 7, 6, 7, 6, 7]",0.12,4,20.34231686592102,0.08354448573663831,0.010000677575590089,0.006298239968600683,Mean absolute RGB horizontal/vertical first-difference change
90920,90920,22730.0,0.010961612654320987,681.9,30.0,32,32,31,0.1574351927265525,0.10729320719838142,25.543635272905746,0.9514241367578506,0.8874863926321268,0.1367679161410178,25.543635272905746,"[1920, 1088]","[1920, 1080]",1,False,,0.33339807391166687,0f0c0e2358ceec024230154da4777ed5c444a8382af1ec9d7165f3d7886141cf,0f0c0e2358ceec024230154da4777ed5c444a8382af1ec9d7165f3d7886141cf,ca8a692badce8030fca8f50da060517d37beecea3c25838835932945b12ba3b0,True,True,True,90920,/Huang_group/zyyz/Projects/GVC-RT/experiments/gvcrt_neural_wrapper_v6_2_objective_calibration/bitstreams/fullqp/schedule_s2p0/step_2000/normal/video_02_qp8.bin,d5c3c9fc4f176e2f7b5c2fe025ae6c2a51398b637787166ee11f3ae89c52c3d2,/Huang_group/zyyz/Projects/GVC-RT/experiments/gvcrt_neural_wrapper_v6_2_objective_calibration/features/fullqp/schedule_s2p0/step_2000/normal/video_02_qp8.npz,41503dcbb07a54c249092b228e02e206337fbe3265d4b0f2fb1b691eca10e492,"{'bridge': 'd4ec467021e4da84e6320ec570cb2bd06cb42731372a163c827bb1e8015d2896', 'generator': '746b779eef7c99cda0d395f6d9fd5658ac8e95dfa85e5676c76f0a70fc8cecfa'}",fullqp_schedule_v1,schedule_s2p0,2000,normal,normal,schedule_s2p0,8,8,2,0031fc12-5893-4920-b32e-01a2ea8fe7bc,c83b223f389043f2fd760dffcc652ffebefda813949b81fb6ff3560c592d60b5,a697638859a9e5676d68aff7b34ad593f176f2ca669016c75a5c699291e6ac31,/Huang_group/zyyz/Projects/GVC-RT/experiments/gvcrt_neural_wrapper_v6_2_objective_calibration/branches/schedule_s2p0/checkpoints/step_2000.pt,91d83d8ccc979b42b5a6eb044b8645805dc81f44ded58081814a53d994679b20,/Huang_group/zyyz/Projects/GVC-RT/experiments/gvcrt_neural_wrapper_v6_2_objective_calibration/parts/fullqp/schedule_s2p0/step_2000/normal/video_02_qp8.frames.csv,89db673cfe1c5c463163854c8180a95efccfeb62910bc75582c7da7236dfca56,/Huang_group/zyyz/Projects/GVC-RT/experiments/gvcrt_neural_wrapper_v6_2_objective_calibration/features/fullqp/schedule_s2p0/step_2000/normal/video_02_qp8.transitions.csv,a14fc687b968ecadeb492737a6b3a10f6acd9b40da105280617448eaf6c53499,727360,"[8, 10, 8, 9, 8, 9, 8, 9, 8, 10, 8, 9, 8, 9, 8, 9, 8, 10, 8, 9, 8, 9, 8, 9, 8, 10, 8, 9, 8, 9, 8, 9]",0.12,4,19.99630641937256,0.08354448573663831,0.010000677575590089,0.006298239968600683,Mean absolute RGB horizontal/vertical first-difference change
108972,108972,27243.0,0.013138020833333333,817.29,30.0,32,32,31,0.15121748903766274,0.10454984195530415,25.704890655880625,0.9530466441065073,0.893344072625041,0.13157702285435893,25.704890655880625,"[1920, 1088]","[1920, 1080]",1,False,,0.33339807391166687,0f0c0e2358ceec024230154da4777ed5c444a8382af1ec9d7165f3d7886141cf,0f0c0e2358ceec024230154da4777ed5c444a8382af1ec9d7165f3d7886141cf,7637f4ca2f0bf1faaeb694724ba8260f39d9ccda23b48ce843198521be594ce5,True,True,True,108972,/Huang_group/zyyz/Projects/GVC-RT/experiments/gvcrt_neural_wrapper_v6_2_objective_calibration/bitstreams/fullqp/schedule_s2p0/step_2000/normal/video_02_qp9.bin,e09ba22f76ef3d32fa5f40473fdc831c558bbccbccca07020a38c821bc154c36,/Huang_group/zyyz/Projects/GVC-RT/experiments/gvcrt_neural_wrapper_v6_2_objective_calibration/features/fullqp/schedule_s2p0/step_2000/normal/video_02_qp9.npz,27b86a35cfc3381294b322269a3833a939dc6e09ce788bdd0de9d419e31be086,"{'bridge': 'd4ec467021e4da84e6320ec570cb2bd06cb42731372a163c827bb1e8015d2896', 'generator': '746b779eef7c99cda0d395f6d9fd5658ac8e95dfa85e5676c76f0a70fc8cecfa'}",fullqp_schedule_v1,schedule_s2p0,2000,normal,normal,schedule_s2p0,9,9,2,0031fc12-5893-4920-b32e-01a2ea8fe7bc,c83b223f389043f2fd760dffcc652ffebefda813949b81fb6ff3560c592d60b5,a697638859a9e5676d68aff7b34ad593f176f2ca669016c75a5c699291e6ac31,/Huang_group/zyyz/Projects/GVC-RT/experiments/gvcrt_neural_wrapper_v6_2_objective_calibration/branches/schedule_s2p0/checkpoints/step_2000.pt,91d83d8ccc979b42b5a6eb044b8645805dc81f44ded58081814a53d994679b20,/Huang_group/zyyz/Projects/GVC-RT/experiments/gvcrt_neural_wrapper_v6_2_objective_calibration/parts/fullqp/schedule_s2p0/step_2000/normal/video_02_qp9.frames.csv,105731788678af075c2be111135c65cb7799823dd8af2c5e5393e734f74c9d35,/Huang_group/zyyz/Projects/GVC-RT/experiments/gvcrt_neural_wrapper_v6_2_objective_calibration/features/fullqp/schedule_s2p0/step_2000/normal/video_02_qp9.transitions.csv,beb601589667f853ab6cda3695270ebe62dd26eb2c67aca966a373449b3385b9,871776,"[9, 11, 9, 10, 9, 10, 9, 10, 9, 11, 9, 10, 9, 10, 9, 10, 9, 11, 9, 10, 9, 10, 9, 10, 9, 11, 9, 10, 9, 10, 9, 10]",0.12,4,20.095409631729126,0.08354448573663831,0.010000677575590089,0.006298239968600683,Mean absolute RGB horizontal/vertical first-difference change
8341,8341,2085.25,0.00100561824845679,62.495004995005,29.97002997002997,32,32,31,0.057620788109488785,0.13130652345716953,24.191095327505074,0.9598884154111147,0.9581771567463875,0.032810368064430454,24.191095327505074,"[1920, 1088]","[1920, 1080]",1,False,,0.4217268228530884,0f0c0e2358ceec024230154da4777ed5c444a8382af1ec9d7165f3d7886141cf,0f0c0e2358ceec024230154da4777ed5c444a8382af1ec9d7165f3d7886141cf,df75b239d9bbe7bd687b802cff118ec606e96df7241ade5edc461b7bec79aa7f,True,True,True,8341,/Huang_group/zyyz/Projects/GVC-RT/experiments/gvcrt_neural_wrapper_v6_2_objective_calibration/bitstreams/fullqp/schedule_s2p0/step_2000/normal/video_03_qp0.bin,6aa7b3ac2df77fff280f137cc8d42268ee142e8e41cb076a795b5da642c7dab3,/Huang_group/zyyz/Projects/GVC-RT/experiments/gvcrt_neural_wrapper_v6_2_objective_calibration/features/fullqp/schedule_s2p0/step_2000/normal/video_03_qp0.npz,d9c23ba176a45a1c19a33c0b39ee79d8b076a28d0dfd26a010faacbced879912,"{'bridge': 'd4ec467021e4da84e6320ec570cb2bd06cb42731372a163c827bb1e8015d2896', 'generator': '746b779eef7c99cda0d395f6d9fd5658ac8e95dfa85e5676c76f0a70fc8cecfa'}",fullqp_schedule_v1,schedule_s2p0,2000,normal,normal,schedule_s2p0,0,0,3,56f4295e-d652-4e8b-902f-af4b8877a385,5707833b3197ede825a8014102ff6dd60232b72ec99f397cb4b70b30f3fabe67,f5ca04bf2f63cb8f3fdf823c3116cfdf458971b03d12b17e7f7d6af3d80451ad,/Huang_group/zyyz/Projects/GVC-RT/experiments/gvcrt_neural_wrapper_v6_2_objective_calibration/branches/schedule_s2p0/checkpoints/step_2000.pt,91d83d8ccc979b42b5a6eb044b8645805dc81f44ded58081814a53d994679b20,/Huang_group/zyyz/Projects/GVC-RT/experiments/gvcrt_neural_wrapper_v6_2_objective_calibration/parts/fullqp/schedule_s2p0/step_2000/normal/video_03_qp0.frames.csv,588ee9dc83ccf192aa9f013502146f30df83011ff197632a62466d559fd42cc1,/Huang_group/zyyz/Projects/GVC-RT/experiments/gvcrt_neural_wrapper_v6_2_objective_calibration/features/fullqp/schedule_s2p0/step_2000/normal/video_03_qp0.transitions.csv,67dd62849a13dd5f0af0f2c0291e9583e8e046937115049ab615cfc7bb4f18d2,66728,"[0, 2, 0, 1, 0, 1, 0, 1, 0, 2, 0, 1, 0, 1, 0, 1, 0, 2, 0, 1, 0, 1, 0, 1, 0, 2, 0, 1, 0, 1, 0, 1]",0.12,6,21.116729974746704,0.15944526623934507,0.038188021862879395,0.00156699195940746,Mean absolute RGB horizontal/vertical first-difference change
10790,10790,2697.5,0.001300877700617284,80.84415584415585,29.97002997002997,32,32,31,0.05137394450139254,0.11559602431952953,24.822933304048682,0.9658962022513151,0.9648943431675434,0.02934396333031116,24.822933304048682,"[1920, 1088]","[1920, 1080]",1,False,,0.4217268228530884,0f0c0e2358ceec024230154da4777ed5c444a8382af1ec9d7165f3d7886141cf,0f0c0e2358ceec024230154da4777ed5c444a8382af1ec9d7165f3d7886141cf,3bd3d3175a6f39c27582ef172b853df9dc62261b9be7ace6d987d11c79c95646,True,True,True,10790,/Huang_group/zyyz/Projects/GVC-RT/experiments/gvcrt_neural_wrapper_v6_2_objective_calibration/bitstreams/fullqp/schedule_s2p0/step_2000/normal/video_03_qp2.bin,c4281a4d3383e6dd182e37c460e6f80e5e4195ae8be3ea3d4d56589871dad92b,/Huang_group/zyyz/Projects/GVC-RT/experiments/gvcrt_neural_wrapper_v6_2_objective_calibration/features/fullqp/schedule_s2p0/step_2000/normal/video_03_qp2.npz,076d03b0ab4cc35fa7466abff116802dd812d80f370ba7593aa46ce51537793e,"{'bridge': 'd4ec467021e4da84e6320ec570cb2bd06cb42731372a163c827bb1e8015d2896', 'generator': '746b779eef7c99cda0d395f6d9fd5658ac8e95dfa85e5676c76f0a70fc8cecfa'}",fullqp_schedule_v1,schedule_s2p0,2000,normal,normal,schedule_s2p0,2,2,3,56f4295e-d652-4e8b-902f-af4b8877a385,5707833b3197ede825a8014102ff6dd60232b72ec99f397cb4b70b30f3fabe67,f5ca04bf2f63cb8f3fdf823c3116cfdf458971b03d12b17e7f7d6af3d80451ad,/Huang_group/zyyz/Projects/GVC-RT/experiments/gvcrt_neural_wrapper_v6_2_objective_calibration/branches/schedule_s2p0/checkpoints/step_2000.pt,91d83d8ccc979b42b5a6eb044b8645805dc81f44ded58081814a53d994679b20,/Huang_group/zyyz/Projects/GVC-RT/experiments/gvcrt_neural_wrapper_v6_2_objective_calibration/parts/fullqp/schedule_s2p0/step_2000/normal/video_03_qp2.frames.csv,137f2879e3fea009b9234a960e5bf13dadea0f4bc29839f1a4c3ad6db87695f5,/Huang_group/zyyz/Projects/GVC-RT/experiments/gvcrt_neural_wrapper_v6_2_objective_calibration/features/fullqp/schedule_s2p0/step_2000/normal/video_03_qp2.transitions.csv,4fce9927d413ad7c15f09a502074439a65d4eacf2943d8ebc6c792bdcc390842,86320,"[2, 4, 2, 3, 2, 3, 2, 3, 2, 4, 2, 3, 2, 3, 2, 3, 2, 4, 2, 3, 2, 3, 2, 3, 2, 4, 2, 3, 2, 3, 2, 3]",0.12,6,20.6626238822937,0.15944526623934507,0.038188021862879395,0.00156699195940746,Mean absolute RGB horizontal/vertical first-difference change
16373,16373,4093.25,0.0019739824459876544,122.67482517482517,29.97002997002997,32,32,31,0.047410182654857635,0.10431498475372791,25.22796925063245,0.9691586103290319,0.9698652792721987,0.029097913073435906,25.22796925063245,"[1920, 1088]","[1920, 1080]",1,False,,0.4217268228530884,0f0c0e2358ceec024230154da4777ed5c444a8382af1ec9d7165f3d7886141cf,0f0c0e2358ceec024230154da4777ed5c444a8382af1ec9d7165f3d7886141cf,ddb943732352f383d6cd8c63edeaff60a6e76b3117cbfcd6448a9e7677bc44e2,True,True,True,16373,/Huang_group/zyyz/Projects/GVC-RT/experiments/gvcrt_neural_wrapper_v6_2_objective_calibration/bitstreams/fullqp/schedule_s2p0/step_2000/normal/video_03_qp4.bin,1ff88866f161c38b6aef82b99e741993fde7164700950caed9a48a27295f50d3,/Huang_group/zyyz/Projects/GVC-RT/experiments/gvcrt_neural_wrapper_v6_2_objective_calibration/features/fullqp/schedule_s2p0/step_2000/normal/video_03_qp4.npz,75bb889e6a9116a3d317e2ab62a0466e6e08409b7a8d720a8f50e8548f4fac1d,"{'bridge': 'd4ec467021e4da84e6320ec570cb2bd06cb42731372a163c827bb1e8015d2896', 'generator': '746b779eef7c99cda0d395f6d9fd5658ac8e95dfa85e5676c76f0a70fc8cecfa'}",fullqp_schedule_v1,schedule_s2p0,2000,normal,normal,schedule_s2p0,4,4,3,56f4295e-d652-4e8b-902f-af4b8877a385,5707833b3197ede825a8014102ff6dd60232b72ec99f397cb4b70b30f3fabe67,f5ca04bf2f63cb8f3fdf823c3116cfdf458971b03d12b17e7f7d6af3d80451ad,/Huang_group/zyyz/Projects/GVC-RT/experiments/gvcrt_neural_wrapper_v6_2_objective_calibration/branches/schedule_s2p0/checkpoints/step_2000.pt,91d83d8ccc979b42b5a6eb044b8645805dc81f44ded58081814a53d994679b20,/Huang_group/zyyz/Projects/GVC-RT/experiments/gvcrt_neural_wrapper_v6_2_objective_calibration/parts/fullqp/schedule_s2p0/step_2000/normal/video_03_qp4.frames.csv,972d18bff0a9b548ca2e5f7c66b00ccc9e63a82130e993e878e2d9e7c40b7685,/Huang_group/zyyz/Projects/GVC-RT/experiments/gvcrt_neural_wrapper_v6_2_objective_calibration/features/fullqp/schedule_s2p0/step_2000/normal/video_03_qp4.transitions.csv,a7d787a6b6c35098abe62d117d029dc110a81f077b1662b41211f468da365553,130984,"[4, 6, 4, 5, 4, 5, 4, 5, 4, 6, 4, 5, 4, 5, 4, 5, 4, 6, 4, 5, 4, 5, 4, 5, 4, 6, 4, 5, 4, 5, 4, 5]",0.12,6,20.52695322036743,0.15944526623934507,0.038188021862879395,0.00156699195940746,Mean absolute RGB horizontal/vertical first-difference change
24382,24382,6095.5,0.002939573688271605,182.6823176823177,29.97002997002997,32,32,31,0.04384241520892829,0.09892584383487701,25.490579797298874,0.9711611978709698,0.9728502240031958,0.027147870871328538,25.490579797298874,"[1920, 1088]","[1920, 1080]",1,False,,0.4217268228530884,0f0c0e2358ceec024230154da4777ed5c444a8382af1ec9d7165f3d7886141cf,0f0c0e2358ceec024230154da4777ed5c444a8382af1ec9d7165f3d7886141cf,038d32c5454373a7f6a1e33574ce80a084999ad80ca32d88790a7a1240682460,True,True,True,24382,/Huang_group/zyyz/Projects/GVC-RT/experiments/gvcrt_neural_wrapper_v6_2_objective_calibration/bitstreams/fullqp/schedule_s2p0/step_2000/normal/video_03_qp6.bin,579e958e4491063dd8dca5a1c0d4fe432df05a56c9b1b7bda6d152dd6265586b,/Huang_group/zyyz/Projects/GVC-RT/experiments/gvcrt_neural_wrapper_v6_2_objective_calibration/features/fullqp/schedule_s2p0/step_2000/normal/video_03_qp6.npz,2e923a2cdd56b24d7cc26657c1f0217ff02ccd57116d7369a9cad2e7cd6412b4,"{'bridge': 'd4ec467021e4da84e6320ec570cb2bd06cb42731372a163c827bb1e8015d2896', 'generator': '746b779eef7c99cda0d395f6d9fd5658ac8e95dfa85e5676c76f0a70fc8cecfa'}",fullqp_schedule_v1,schedule_s2p0,2000,normal,normal,schedule_s2p0,6,6,3,56f4295e-d652-4e8b-902f-af4b8877a385,5707833b3197ede825a8014102ff6dd60232b72ec99f397cb4b70b30f3fabe67,f5ca04bf2f63cb8f3fdf823c3116cfdf458971b03d12b17e7f7d6af3d80451ad,/Huang_group/zyyz/Projects/GVC-RT/experiments/gvcrt_neural_wrapper_v6_2_objective_calibration/branches/schedule_s2p0/checkpoints/step_2000.pt,91d83d8ccc979b42b5a6eb044b8645805dc81f44ded58081814a53d994679b20,/Huang_group/zyyz/Projects/GVC-RT/experiments/gvcrt_neural_wrapper_v6_2_objective_calibration/parts/fullqp/schedule_s2p0/step_2000/normal/video_03_qp6.frames.csv,805cc0d308c24cce26046b5b1d83b2297c02f037653f0f96a338245ae2517d93,/Huang_group/zyyz/Projects/GVC-RT/experiments/gvcrt_neural_wrapper_v6_2_objective_calibration/features/fullqp/schedule_s2p0/step_2000/normal/video_03_qp6.transitions.csv,2b127635cda99def26679ca7c43d337350dbca13c29c8cb8aa0b133ea549eacd,195056,"[6, 8, 6, 7, 6, 7, 6, 7, 6, 8, 6, 7, 6, 7, 6, 7, 6, 8, 6, 7, 6, 7, 6, 7, 6, 8, 6, 7, 6, 7, 6, 7]",0.12,6,20.470545291900635,0.15944526623934507,0.038188021862879395,0.00156699195940746,Mean absolute RGB horizontal/vertical first-difference change
35838,35838,8959.5,0.0043207465277777775,268.5164835164835,29.97002997002997,32,32,31,0.04066375317052007,0.09230992197990417,25.73607038111465,0.9728199355304241,0.9750807136297226,0.026098798179338054,25.73607038111465,"[1920, 1088]","[1920, 1080]",1,False,,0.4217268228530884,0f0c0e2358ceec024230154da4777ed5c444a8382af1ec9d7165f3d7886141cf,0f0c0e2358ceec024230154da4777ed5c444a8382af1ec9d7165f3d7886141cf,9c1e3ca5d5aaffdde4c1ddfabef37afcd36952ffb0169c428e008266b448c960,True,True,True,35838,/Huang_group/zyyz/Projects/GVC-RT/experiments/gvcrt_neural_wrapper_v6_2_objective_calibration/bitstreams/fullqp/schedule_s2p0/step_2000/normal/video_03_qp8.bin,de90eab62abfaecd7ef9d866563e168e4795d574bca02308b81c331013f16895,/Huang_group/zyyz/Projects/GVC-RT/experiments/gvcrt_neural_wrapper_v6_2_objective_calibration/features/fullqp/schedule_s2p0/step_2000/normal/video_03_qp8.npz,f6389bd1a4c3449d83d044134996c379658d88595dabb1914f2b591e13d048be,"{'bridge': 'd4ec467021e4da84e6320ec570cb2bd06cb42731372a163c827bb1e8015d2896', 'generator': '746b779eef7c99cda0d395f6d9fd5658ac8e95dfa85e5676c76f0a70fc8cecfa'}",fullqp_schedule_v1,schedule_s2p0,2000,normal,normal,schedule_s2p0,8,8,3,56f4295e-d652-4e8b-902f-af4b8877a385,5707833b3197ede825a8014102ff6dd60232b72ec99f397cb4b70b30f3fabe67,f5ca04bf2f63cb8f3fdf823c3116cfdf458971b03d12b17e7f7d6af3d80451ad,/Huang_group/zyyz/Projects/GVC-RT/experiments/gvcrt_neural_wrapper_v6_2_objective_calibration/branches/schedule_s2p0/checkpoints/step_2000.pt,91d83d8ccc979b42b5a6eb044b8645805dc81f44ded58081814a53d994679b20,/Huang_group/zyyz/Projects/GVC-RT/experiments/gvcrt_neural_wrapper_v6_2_objective_calibration/parts/fullqp/schedule_s2p0/step_2000/normal/video_03_qp8.frames.csv,bd769bb2a8af43dbb997bf2301c62f4aef11ce3e77a6c4ba4506a43835e0ea87,/Huang_group/zyyz/Projects/GVC-RT/experiments/gvcrt_neural_wrapper_v6_2_objective_calibration/features/fullqp/schedule_s2p0/step_2000/normal/video_03_qp8.transitions.csv,8f454cd25f3fbcc0cde96177a70504767465b2fc5a6f3451ab08d6681a0660f5,286704,"[8, 10, 8, 9, 8, 9, 8, 9, 8, 10, 8, 9, 8, 9, 8, 9, 8, 10, 8, 9, 8, 9, 8, 9, 8, 10, 8, 9, 8, 9, 8, 9]",0.12,6,20.32564067840576,0.15944526623934507,0.038188021862879395,0.00156699195940746,Mean absolute RGB horizontal/vertical first-difference change
41554,41554,10388.5,0.005009886188271605,311.34365634365633,29.97002997002997,32,32,31,0.03966121911071241,0.0907395239919424,25.823073164736215,0.9733775872737169,0.9760066363960505,0.02513065216161551,25.823073164736215,"[1920, 1088]","[1920, 1080]",1,False,,0.4217268228530884,0f0c0e2358ceec024230154da4777ed5c444a8382af1ec9d7165f3d7886141cf,0f0c0e2358ceec024230154da4777ed5c444a8382af1ec9d7165f3d7886141cf,06eb38f87df1e3ba71180fac42396eef6e2000beb0c832507953bf961f9ef413,True,True,True,41554,/Huang_group/zyyz/Projects/GVC-RT/experiments/gvcrt_neural_wrapper_v6_2_objective_calibration/bitstreams/fullqp/schedule_s2p0/step_2000/normal/video_03_qp9.bin,e680b6d1b9f28eba832aca99101cd0d3d12b386ad18d0f4b5f909b0049895160,/Huang_group/zyyz/Projects/GVC-RT/experiments/gvcrt_neural_wrapper_v6_2_objective_calibration/features/fullqp/schedule_s2p0/step_2000/normal/video_03_qp9.npz,122f62c227e73e48ee64dfc7b9c398b39718c4748029747a57b61e7906b3de36,"{'bridge': 'd4ec467021e4da84e6320ec570cb2bd06cb42731372a163c827bb1e8015d2896', 'generator': '746b779eef7c99cda0d395f6d9fd5658ac8e95dfa85e5676c76f0a70fc8cecfa'}",fullqp_schedule_v1,schedule_s2p0,2000,normal,normal,schedule_s2p0,9,9,3,56f4295e-d652-4e8b-902f-af4b8877a385,5707833b3197ede825a8014102ff6dd60232b72ec99f397cb4b70b30f3fabe67,f5ca04bf2f63cb8f3fdf823c3116cfdf458971b03d12b17e7f7d6af3d80451ad,/Huang_group/zyyz/Projects/GVC-RT/experiments/gvcrt_neural_wrapper_v6_2_objective_calibration/branches/schedule_s2p0/checkpoints/step_2000.pt,91d83d8ccc979b42b5a6eb044b8645805dc81f44ded58081814a53d994679b20,/Huang_group/zyyz/Projects/GVC-RT/experiments/gvcrt_neural_wrapper_v6_2_objective_calibration/parts/fullqp/schedule_s2p0/step_2000/normal/video_03_qp9.frames.csv,361a1fec2eb2ecb943a90af16386dc65cd87031e4fe2300bcb0b8be59ffc2628,/Huang_group/zyyz/Projects/GVC-RT/experiments/gvcrt_neural_wrapper_v6_2_objective_calibration/features/fullqp/schedule_s2p0/step_2000/normal/video_03_qp9.transitions.csv,4f2036dc1ccfbdda1574cdedf6a41a2a67e057e83556b625f5a576d7b1a3fff1,332432,"[9, 11, 9, 10, 9, 10, 9, 10, 9, 11, 9, 10, 9, 10, 9, 10, 9, 11, 9, 10, 9, 10, 9, 10, 9, 11, 9, 10, 9, 10, 9, 10]",0.12,6,20.590264320373535,0.15944526623934507,0.038188021862879395,0.00156699195940746,Mean absolute RGB horizontal/vertical first-difference change
12235,12235,3058.75,0.0014750916280864197,91.7625,30.0,32,32,31,0.12904683081433177,0.1097565870732069,26.567594788286407,0.9548935983330011,0.9226452931761742,0.13211180077445123,26.567594788286407,"[1920, 1088]","[1920, 1080]",1,False,,0.2673466205596924,0f0c0e2358ceec024230154da4777ed5c444a8382af1ec9d7165f3d7886141cf,0f0c0e2358ceec024230154da4777ed5c444a8382af1ec9d7165f3d7886141cf,9d10f9cc4d8afd64d41fa1b770ead8bdaae68592fb0dae1b2abb31a2fd365d18,True,True,True,12235,/Huang_group/zyyz/Projects/GVC-RT/experiments/gvcrt_neural_wrapper_v6_2_objective_calibration/bitstreams/fullqp/schedule_s2p0/step_2000/normal/video_04_qp0.bin,3d3e2e5ec6bdb4159328d55293ea8a3e6a86a39907afefd86028c08e7de3c38a,/Huang_group/zyyz/Projects/GVC-RT/experiments/gvcrt_neural_wrapper_v6_2_objective_calibration/features/fullqp/schedule_s2p0/step_2000/normal/video_04_qp0.npz,a7e24c4ed053311497cb6501d2eeb680e4be6dc6adf9876698880cf43d06deb7,"{'bridge': 'd4ec467021e4da84e6320ec570cb2bd06cb42731372a163c827bb1e8015d2896', 'generator': '746b779eef7c99cda0d395f6d9fd5658ac8e95dfa85e5676c76f0a70fc8cecfa'}",fullqp_schedule_v1,schedule_s2p0,2000,normal,normal,schedule_s2p0,0,0,4,1a076663-98ca-42cb-98a7-7fa30536a0f3,ea344f1c5b480abd7f695a2c3ef42dc4aa058bf3c324e6abee70248cedad4901,8008cf05a4bc40ea94ec439834d8e3ba61d893a6d554bcfc14618d0b19aa2205,/Huang_group/zyyz/Projects/GVC-RT/experiments/gvcrt_neural_wrapper_v6_2_objective_calibration/branches/schedule_s2p0/checkpoints/step_2000.pt,91d83d8ccc979b42b5a6eb044b8645805dc81f44ded58081814a53d994679b20,/Huang_group/zyyz/Projects/GVC-RT/experiments/gvcrt_neural_wrapper_v6_2_objective_calibration/parts/fullqp/schedule_s2p0/step_2000/normal/video_04_qp0.frames.csv,bceac7d3dfeaa4190d19741b9ca4412038a37eee67d3aa7f58eea1ae10c00b1b,/Huang_group/zyyz/Projects/GVC-RT/experiments/gvcrt_neural_wrapper_v6_2_objective_calibration/features/fullqp/schedule_s2p0/step_2000/normal/video_04_qp0.transitions.csv,f49b20cdf95746f900abb0278cda439328f4022a784dc9e9190c9ad5ec963c56,97880,"[0, 2, 0, 1, 0, 1, 0, 1, 0, 2, 0, 1, 0, 1, 0, 1, 0, 2, 0, 1, 0, 1, 0, 1, 0, 2, 0, 1, 0, 1, 0, 1]",0.12,4,21.13313055038452,0.0572773062158376,0.005020050230086781,0.0022497702375403605,Mean absolute RGB horizontal/vertical first-difference change
17664,17664,4416.0,0.0021296296296296298,132.48,30.0,32,32,31,0.10634065442718565,0.10188709571957588,27.781157260614954,0.9648279082030058,0.940161956474185,0.10719217119678374,27.781157260614954,"[1920, 1088]","[1920, 1080]",1,False,,0.2673466205596924,0f0c0e2358ceec024230154da4777ed5c444a8382af1ec9d7165f3d7886141cf,0f0c0e2358ceec024230154da4777ed5c444a8382af1ec9d7165f3d7886141cf,433f650d25cef9c94a4e5945c20768645c46e67ed0be5262c682eab3545f551e,True,True,True,17664,/Huang_group/zyyz/Projects/GVC-RT/experiments/gvcrt_neural_wrapper_v6_2_objective_calibration/bitstreams/fullqp/schedule_s2p0/step_2000/normal/video_04_qp2.bin,d82bd976af644f37ec1fc2814ba86d0ef795e09947960458085996c49ef39d85,/Huang_group/zyyz/Projects/GVC-RT/experiments/gvcrt_neural_wrapper_v6_2_objective_calibration/features/fullqp/schedule_s2p0/step_2000/normal/video_04_qp2.npz,bf969951a0a0fac97f398945e125c0802e29cfaf342f0ba7bac4f421f82a00af,"{'bridge': 'd4ec467021e4da84e6320ec570cb2bd06cb42731372a163c827bb1e8015d2896', 'generator': '746b779eef7c99cda0d395f6d9fd5658ac8e95dfa85e5676c76f0a70fc8cecfa'}",fullqp_schedule_v1,schedule_s2p0,2000,normal,normal,schedule_s2p0,2,2,4,1a076663-98ca-42cb-98a7-7fa30536a0f3,ea344f1c5b480abd7f695a2c3ef42dc4aa058bf3c324e6abee70248cedad4901,8008cf05a4bc40ea94ec439834d8e3ba61d893a6d554bcfc14618d0b19aa2205,/Huang_group/zyyz/Projects/GVC-RT/experiments/gvcrt_neural_wrapper_v6_2_objective_calibration/branches/schedule_s2p0/checkpoints/step_2000.pt,91d83d8ccc979b42b5a6eb044b8645805dc81f44ded58081814a53d994679b20,/Huang_group/zyyz/Projects/GVC-RT/experiments/gvcrt_neural_wrapper_v6_2_objective_calibration/parts/fullqp/schedule_s2p0/step_2000/normal/video_04_qp2.frames.csv,711619b03220e2a60d096c05a06e9fa9c439c4829c0685b0c352dbb8cd90c0cf,/Huang_group/zyyz/Projects/GVC-RT/experiments/gvcrt_neural_wrapper_v6_2_objective_calibration/features/fullqp/schedule_s2p0/step_2000/normal/video_04_qp2.transitions.csv,fdc7dde2698e55d4f42294e4b9e5d0df7b57d80448e6d4cc489326e17ef165c4,141312,"[2, 4, 2, 3, 2, 3, 2, 3, 2, 4, 2, 3, 2, 3, 2, 3, 2, 4, 2, 3, 2, 3, 2, 3, 2, 4, 2, 3, 2, 3, 2, 3]",0.12,4,20.457538843154907,0.0572773062158376,0.005020050230086781,0.0022497702375403605,Mean absolute RGB horizontal/vertical first-difference change
26271,26271,6567.75,0.003167317708333333,197.0325,30.0,32,32,31,0.08882131124846637,0.09564587287604809,28.73916122261833,0.9713148809969425,0.9521369487047195,0.08851130835471614,28.73916122261833,"[1920, 1088]","[1920, 1080]",1,False,,0.2673466205596924,0f0c0e2358ceec024230154da4777ed5c444a8382af1ec9d7165f3d7886141cf,0f0c0e2358ceec024230154da4777ed5c444a8382af1ec9d7165f3d7886141cf,73426fd93800b187e9619d4db0672dc1e63e18857bbe2aec5dbf48e4720e0254,True,True,True,26271,/Huang_group/zyyz/Projects/GVC-RT/experiments/gvcrt_neural_wrapper_v6_2_objective_calibration/bitstreams/fullqp/schedule_s2p0/step_2000/normal/video_04_qp4.bin,079b58bd965e58b38ad81e43bee0596cfd4cc75b031c4b261ce8de30796afd51,/Huang_group/zyyz/Projects/GVC-RT/experiments/gvcrt_neural_wrapper_v6_2_objective_calibration/features/fullqp/schedule_s2p0/step_2000/normal/video_04_qp4.npz,6a8641b6a71ad0da1d9c704bc32ff68419d4b29a6c57af88d7412d4a2fa0f0a1,"{'bridge': 'd4ec467021e4da84e6320ec570cb2bd06cb42731372a163c827bb1e8015d2896', 'generator': '746b779eef7c99cda0d395f6d9fd5658ac8e95dfa85e5676c76f0a70fc8cecfa'}",fullqp_schedule_v1,schedule_s2p0,2000,normal,normal,schedule_s2p0,4,4,4,1a076663-98ca-42cb-98a7-7fa30536a0f3,ea344f1c5b480abd7f695a2c3ef42dc4aa058bf3c324e6abee70248cedad4901,8008cf05a4bc40ea94ec439834d8e3ba61d893a6d554bcfc14618d0b19aa2205,/Huang_group/zyyz/Projects/GVC-RT/experiments/gvcrt_neural_wrapper_v6_2_objective_calibration/branches/schedule_s2p0/checkpoints/step_2000.pt,91d83d8ccc979b42b5a6eb044b8645805dc81f44ded58081814a53d994679b20,/Huang_group/zyyz/Projects/GVC-RT/experiments/gvcrt_neural_wrapper_v6_2_objective_calibration/parts/fullqp/schedule_s2p0/step_2000/normal/video_04_qp4.frames.csv,c5f6452e2d27c4609b9e3e6ba0970b54e61fda99feb68064e3f63b21d3d709fe,/Huang_group/zyyz/Projects/GVC-RT/experiments/gvcrt_neural_wrapper_v6_2_objective_calibration/features/fullqp/schedule_s2p0/step_2000/normal/video_04_qp4.transitions.csv,260fca1d22c2493ccf4fc78b1de64e2f95799cd3b8b7228915e9c1203627e3b0,210168,"[4, 6, 4, 5, 4, 5, 4, 5, 4, 6, 4, 5, 4, 5, 4, 5, 4, 6, 4, 5, 4, 5, 4, 5, 4, 6, 4, 5, 4, 5, 4, 5]",0.12,4,20.271450757980347,0.0572773062158376,0.005020050230086781,0.0022497702375403605,Mean absolute RGB horizontal/vertical first-difference change
40686,40686,10171.5,0.004905237268518519,305.145,30.0,32,32,31,0.07544735842384398,0.09042875282466412,29.48318859605346,0.9755504354834557,0.9601506646722555,0.07419168949127197,29.48318859605346,"[1920, 1088]","[1920, 1080]",1,False,,0.2673466205596924,0f0c0e2358ceec024230154da4777ed5c444a8382af1ec9d7165f3d7886141cf,0f0c0e2358ceec024230154da4777ed5c444a8382af1ec9d7165f3d7886141cf,7dfd73da152ba51c80b18583f8aaf152a14aa8c77c2bffae44d25442e591ab57,True,True,True,40686,/Huang_group/zyyz/Projects/GVC-RT/experiments/gvcrt_neural_wrapper_v6_2_objective_calibration/bitstreams/fullqp/schedule_s2p0/step_2000/normal/video_04_qp6.bin,88c8d6471485d695b3eda101da842b5b71ed36f5a4e4d27ff176910fa22304ae,/Huang_group/zyyz/Projects/GVC-RT/experiments/gvcrt_neural_wrapper_v6_2_objective_calibration/features/fullqp/schedule_s2p0/step_2000/normal/video_04_qp6.npz,5a6f9b7865088d3df5615680158f5bd574c43a5b15d84beb7f98e20526260d97,"{'bridge': 'd4ec467021e4da84e6320ec570cb2bd06cb42731372a163c827bb1e8015d2896', 'generator': '746b779eef7c99cda0d395f6d9fd5658ac8e95dfa85e5676c76f0a70fc8cecfa'}",fullqp_schedule_v1,schedule_s2p0,2000,normal,normal,schedule_s2p0,6,6,4,1a076663-98ca-42cb-98a7-7fa30536a0f3,ea344f1c5b480abd7f695a2c3ef42dc4aa058bf3c324e6abee70248cedad4901,8008cf05a4bc40ea94ec439834d8e3ba61d893a6d554bcfc14618d0b19aa2205,/Huang_group/zyyz/Projects/GVC-RT/experiments/gvcrt_neural_wrapper_v6_2_objective_calibration/branches/schedule_s2p0/checkpoints/step_2000.pt,91d83d8ccc979b42b5a6eb044b8645805dc81f44ded58081814a53d994679b20,/Huang_group/zyyz/Projects/GVC-RT/experiments/gvcrt_neural_wrapper_v6_2_objective_calibration/parts/fullqp/schedule_s2p0/step_2000/normal/video_04_qp6.frames.csv,9f9eab0af577719daea04893b92b7e50008dc001798d68ea5417966cabb63e15,/Huang_group/zyyz/Projects/GVC-RT/experiments/gvcrt_neural_wrapper_v6_2_objective_calibration/features/fullqp/schedule_s2p0/step_2000/normal/video_04_qp6.transitions.csv,8229bcd56dbe344c7e8f144e0c47758e7749c0d0327ba104c2ad23415b06938b,325488,"[6, 8, 6, 7, 6, 7, 6, 7, 6, 8, 6, 7, 6, 7, 6, 7, 6, 8, 6, 7, 6, 7, 6, 7, 6, 8, 6, 7, 6, 7, 6, 7]",0.12,4,20.0849826335907,0.0572773062158376,0.005020050230086781,0.0022497702375403605,Mean absolute RGB horizontal/vertical first-difference change
63274,63274,15818.5,0.0076285204475308645,474.555,30.0,32,32,31,0.06813616794534028,0.08523398078978062,29.98647991209126,0.9780983049422503,0.9652618076652288,0.06722005168276449,29.98647991209126,"[1920, 1088]","[1920, 1080]",1,False,,0.2673466205596924,0f0c0e2358ceec024230154da4777ed5c444a8382af1ec9d7165f3d7886141cf,0f0c0e2358ceec024230154da4777ed5c444a8382af1ec9d7165f3d7886141cf,757fcbd0a3c69c3091ee056e60a20fe64f46445ea1f5ebeb0e00ddb5ba6d75e8,True,True,True,63274,/Huang_group/zyyz/Projects/GVC-RT/experiments/gvcrt_neural_wrapper_v6_2_objective_calibration/bitstreams/fullqp/schedule_s2p0/step_2000/normal/video_04_qp8.bin,9e312dfe2e3b376523a982f4feb546f4d70d9f7665cba88998332a8c04ed656b,/Huang_group/zyyz/Projects/GVC-RT/experiments/gvcrt_neural_wrapper_v6_2_objective_calibration/features/fullqp/schedule_s2p0/step_2000/normal/video_04_qp8.npz,ab43f0d595585f5402b736d4d3ad0e30891a2c6bd0a5fd5210edbaa87486a4b3,"{'bridge': 'd4ec467021e4da84e6320ec570cb2bd06cb42731372a163c827bb1e8015d2896', 'generator': '746b779eef7c99cda0d395f6d9fd5658ac8e95dfa85e5676c76f0a70fc8cecfa'}",fullqp_schedule_v1,schedule_s2p0,2000,normal,normal,schedule_s2p0,8,8,4,1a076663-98ca-42cb-98a7-7fa30536a0f3,ea344f1c5b480abd7f695a2c3ef42dc4aa058bf3c324e6abee70248cedad4901,8008cf05a4bc40ea94ec439834d8e3ba61d893a6d554bcfc14618d0b19aa2205,/Huang_group/zyyz/Projects/GVC-RT/experiments/gvcrt_neural_wrapper_v6_2_objective_calibration/branches/schedule_s2p0/checkpoints/step_2000.pt,91d83d8ccc979b42b5a6eb044b8645805dc81f44ded58081814a53d994679b20,/Huang_group/zyyz/Projects/GVC-RT/experiments/gvcrt_neural_wrapper_v6_2_objective_calibration/parts/fullqp/schedule_s2p0/step_2000/normal/video_04_qp8.frames.csv,5f6b4725cdc0b45c2ab0563e1317c950158701b8cde84440ea6f0a0f4010312c,/Huang_group/zyyz/Projects/GVC-RT/experiments/gvcrt_neural_wrapper_v6_2_objective_calibration/features/fullqp/schedule_s2p0/step_2000/normal/video_04_qp8.transitions.csv,ff5c69a6d5ff81886a0dad0db598242e0b223aee33fa3021d6dc79df34263163,506192,"[8, 10, 8, 9, 8, 9, 8, 9, 8, 10, 8, 9, 8, 9, 8, 9, 8, 10, 8, 9, 8, 9, 8, 9, 8, 10, 8, 9, 8, 9, 8, 9]",0.12,4,20.286293268203735,0.0572773062158376,0.005020050230086781,0.0022497702375403605,Mean absolute RGB horizontal/vertical first-difference change
77964,77964,19491.0,0.009399594907407407,584.73,30.0,32,32,31,0.06483632337767631,0.08272427879273891,30.228545914270114,0.9792049191892147,0.9672955814749002,0.06347643259552217,30.228545914270114,"[1920, 1088]","[1920, 1080]",1,False,,0.2673466205596924,0f0c0e2358ceec024230154da4777ed5c444a8382af1ec9d7165f3d7886141cf,0f0c0e2358ceec024230154da4777ed5c444a8382af1ec9d7165f3d7886141cf,e71073c34756bf2d0e96fb36ac6abab89dca6ef2bb10040c39aaece79048e316,True,True,True,77964,/Huang_group/zyyz/Projects/GVC-RT/experiments/gvcrt_neural_wrapper_v6_2_objective_calibration/bitstreams/fullqp/schedule_s2p0/step_2000/normal/video_04_qp9.bin,285a81063c277bc590c87e4e1c18a4b3ff67df63b37484ad7340d3fe4a57ae1d,/Huang_group/zyyz/Projects/GVC-RT/experiments/gvcrt_neural_wrapper_v6_2_objective_calibration/features/fullqp/schedule_s2p0/step_2000/normal/video_04_qp9.npz,64a6adfa61ca646865b7c7ed4c7ba13ea87cad704c827e997a55c5052e11d49c,"{'bridge': 'd4ec467021e4da84e6320ec570cb2bd06cb42731372a163c827bb1e8015d2896', 'generator': '746b779eef7c99cda0d395f6d9fd5658ac8e95dfa85e5676c76f0a70fc8cecfa'}",fullqp_schedule_v1,schedule_s2p0,2000,normal,normal,schedule_s2p0,9,9,4,1a076663-98ca-42cb-98a7-7fa30536a0f3,ea344f1c5b480abd7f695a2c3ef42dc4aa058bf3c324e6abee70248cedad4901,8008cf05a4bc40ea94ec439834d8e3ba61d893a6d554bcfc14618d0b19aa2205,/Huang_group/zyyz/Projects/GVC-RT/experiments/gvcrt_neural_wrapper_v6_2_objective_calibration/branches/schedule_s2p0/checkpoints/step_2000.pt,91d83d8ccc979b42b5a6eb044b8645805dc81f44ded58081814a53d994679b20,/Huang_group/zyyz/Projects/GVC-RT/experiments/gvcrt_neural_wrapper_v6_2_objective_calibration/parts/fullqp/schedule_s2p0/step_2000/normal/video_04_qp9.frames.csv,f1395f08525abb14efbe9b94a9791cdc50c6cf333471e7cda221b6f048e0f6df,/Huang_group/zyyz/Projects/GVC-RT/experiments/gvcrt_neural_wrapper_v6_2_objective_calibration/features/fullqp/schedule_s2p0/step_2000/normal/video_04_qp9.transitions.csv,e802314e8134e782307aec6a7a3853945a87fb9f893571f585c38db17029f5fb,623712,"[9, 11, 9, 10, 9, 10, 9, 10, 9, 11, 9, 10, 9, 10, 9, 10, 9, 11, 9, 10, 9, 10, 9, 10, 9, 11, 9, 10, 9, 10, 9, 10]",0.12,4,20.18408751487732,0.0572773062158376,0.005020050230086781,0.0022497702375403605,Mean absolute RGB horizontal/vertical first-difference change
12836,12836,3209.0,0.0015475501543209876,96.27,30.0,32,32,31,0.2233929936774075,0.13193922117352486,19.91602424546771,0.7738709766417742,0.7717322260141373,0.23511676730648165,19.91602424546771,"[1920, 1088]","[1920, 1080]",1,False,,0.4482714831829071,0f0c0e2358ceec024230154da4777ed5c444a8382af1ec9d7165f3d7886141cf,0f0c0e2358ceec024230154da4777ed5c444a8382af1ec9d7165f3d7886141cf,7dba8a773417be96085a576b55754d9785f8673a116db6efa6cc2b4f95107189,True,True,True,12836,/Huang_group/zyyz/Projects/GVC-RT/experiments/gvcrt_neural_wrapper_v6_2_objective_calibration/bitstreams/fullqp/schedule_s2p0/step_2000/normal/video_05_qp0.bin,68f4e4673e5cc3d83feb1fc371beae43ebf89a9dd0e02226f1709191432a9675,/Huang_group/zyyz/Projects/GVC-RT/experiments/gvcrt_neural_wrapper_v6_2_objective_calibration/features/fullqp/schedule_s2p0/step_2000/normal/video_05_qp0.npz,e135174d31710f1f47dbe98c5342f36f4e69c5a6c0b367fc39b499071fba7d5a,"{'bridge': 'd4ec467021e4da84e6320ec570cb2bd06cb42731372a163c827bb1e8015d2896', 'generator': '746b779eef7c99cda0d395f6d9fd5658ac8e95dfa85e5676c76f0a70fc8cecfa'}",fullqp_schedule_v1,schedule_s2p0,2000,normal,normal,schedule_s2p0,0,0,5,4ffab9d2-254f-4dd4-9d49-6d1c332fab2f,4ee4fb642014d97bfa1b80f7028e67319b2747f856a9d4d8e8b13aeaaa8be8ee,63b1c5f1e574ab5ab1f58634db5a88e13ac41ed586454a9e1b74cd60ec056754,/Huang_group/zyyz/Projects/GVC-RT/experiments/gvcrt_neural_wrapper_v6_2_objective_calibration/branches/schedule_s2p0/checkpoints/step_2000.pt,91d83d8ccc979b42b5a6eb044b8645805dc81f44ded58081814a53d994679b20,/Huang_group/zyyz/Projects/GVC-RT/experiments/gvcrt_neural_wrapper_v6_2_objective_calibration/parts/fullqp/schedule_s2p0/step_2000/normal/video_05_qp0.frames.csv,58919c0f27ef54828cb94d8bd666ef6aca0f485bd9dcd0afee9830de1482f79e,/Huang_group/zyyz/Projects/GVC-RT/experiments/gvcrt_neural_wrapper_v6_2_objective_calibration/features/fullqp/schedule_s2p0/step_2000/normal/video_05_qp0.transitions.csv,f3bfb7139630a8c1455b84b17ee4f5490593d0f189aa6a07cf4adf8584ccf636,102688,"[0, 2, 0, 1, 0, 1, 0, 1, 0, 2, 0, 1, 0, 1, 0, 1, 0, 2, 0, 1, 0, 1, 0, 1, 0, 2, 0, 1, 0, 1, 0, 1]",0.12,6,20.15422821044922,0.06632518931291997,0.006342110718833283,0.009563263767631724,Mean absolute RGB horizontal/vertical first-difference change
20473,20473,5118.25,0.0024682918595679013,153.5475,30.0,32,32,31,0.189503095112741,0.12101292610168457,20.74496138269895,0.8119492176920176,0.8239151034504175,0.1936317494800014,20.74496138269895,"[1920, 1088]","[1920, 1080]",1,False,,0.4482714831829071,0f0c0e2358ceec024230154da4777ed5c444a8382af1ec9d7165f3d7886141cf,0f0c0e2358ceec024230154da4777ed5c444a8382af1ec9d7165f3d7886141cf,1fcdc11869bb759a49b4807310999d5ef348c0449c8919652fe737f252be969c,True,True,True,20473,/Huang_group/zyyz/Projects/GVC-RT/experiments/gvcrt_neural_wrapper_v6_2_objective_calibration/bitstreams/fullqp/schedule_s2p0/step_2000/normal/video_05_qp2.bin,62c8138291de951d7ebb6204187a6eb63ba42d35d20289c97e1fb0e60fe40296,/Huang_group/zyyz/Projects/GVC-RT/experiments/gvcrt_neural_wrapper_v6_2_objective_calibration/features/fullqp/schedule_s2p0/step_2000/normal/video_05_qp2.npz,eb535e96f08eff457ab054c020b7dfd3f95e3b963b17ae5a5a7b7663c3fb3ee4,"{'bridge': 'd4ec467021e4da84e6320ec570cb2bd06cb42731372a163c827bb1e8015d2896', 'generator': '746b779eef7c99cda0d395f6d9fd5658ac8e95dfa85e5676c76f0a70fc8cecfa'}",fullqp_schedule_v1,schedule_s2p0,2000,normal,normal,schedule_s2p0,2,2,5,4ffab9d2-254f-4dd4-9d49-6d1c332fab2f,4ee4fb642014d97bfa1b80f7028e67319b2747f856a9d4d8e8b13aeaaa8be8ee,63b1c5f1e574ab5ab1f58634db5a88e13ac41ed586454a9e1b74cd60ec056754,/Huang_group/zyyz/Projects/GVC-RT/experiments/gvcrt_neural_wrapper_v6_2_objective_calibration/branches/schedule_s2p0/checkpoints/step_2000.pt,91d83d8ccc979b42b5a6eb044b8645805dc81f44ded58081814a53d994679b20,/Huang_group/zyyz/Projects/GVC-RT/experiments/gvcrt_neural_wrapper_v6_2_objective_calibration/parts/fullqp/schedule_s2p0/step_2000/normal/video_05_qp2.frames.csv,91ce5fb3a5576a9390e07a1cd0cb86e5f77d0fd30f8f98e7b373decd74cfdfe5,/Huang_group/zyyz/Projects/GVC-RT/experiments/gvcrt_neural_wrapper_v6_2_objective_calibration/features/fullqp/schedule_s2p0/step_2000/normal/video_05_qp2.transitions.csv,b314bbd256ad3f802bbad5f27a4a2aa5700ca5eb98118e47c8eef8df27a75563,163784,"[2, 4, 2, 3, 2, 3, 2, 3, 2, 4, 2, 3, 2, 3, 2, 3, 2, 4, 2, 3, 2, 3, 2, 3, 2, 4, 2, 3, 2, 3, 2, 3]",0.12,6,20.277629375457764,0.06632518931291997,0.006342110718833283,0.009563263767631724,Mean absolute RGB horizontal/vertical first-difference change
32695,32695,8173.75,0.0039418161651234565,245.2125,30.0,32,32,31,0.16224305657669902,0.11160776950418949,21.511898149031698,0.8413618747144938,0.8613243512809277,0.1614924318367435,21.511898149031698,"[1920, 1088]","[1920, 1080]",1,False,,0.4482714831829071,0f0c0e2358ceec024230154da4777ed5c444a8382af1ec9d7165f3d7886141cf,0f0c0e2358ceec024230154da4777ed5c444a8382af1ec9d7165f3d7886141cf,e0a973bae3c6555107aa57246cb6aaf985a853addfab695489b671686baed667,True,True,True,32695,/Huang_group/zyyz/Projects/GVC-RT/experiments/gvcrt_neural_wrapper_v6_2_objective_calibration/bitstreams/fullqp/schedule_s2p0/step_2000/normal/video_05_qp4.bin,0684b14d6c6f50743d4e91d181dd8f6da71f141c622d27145ec0ba175e5dad8f,/Huang_group/zyyz/Projects/GVC-RT/experiments/gvcrt_neural_wrapper_v6_2_objective_calibration/features/fullqp/schedule_s2p0/step_2000/normal/video_05_qp4.npz,f1682a611d55b46830960e4a30d061b28679c0f9c6f1feef8b1984e5153429cd,"{'bridge': 'd4ec467021e4da84e6320ec570cb2bd06cb42731372a163c827bb1e8015d2896', 'generator': '746b779eef7c99cda0d395f6d9fd5658ac8e95dfa85e5676c76f0a70fc8cecfa'}",fullqp_schedule_v1,schedule_s2p0,2000,normal,normal,schedule_s2p0,4,4,5,4ffab9d2-254f-4dd4-9d49-6d1c332fab2f,4ee4fb642014d97bfa1b80f7028e67319b2747f856a9d4d8e8b13aeaaa8be8ee,63b1c5f1e574ab5ab1f58634db5a88e13ac41ed586454a9e1b74cd60ec056754,/Huang_group/zyyz/Projects/GVC-RT/experiments/gvcrt_neural_wrapper_v6_2_objective_calibration/branches/schedule_s2p0/checkpoints/step_2000.pt,91d83d8ccc979b42b5a6eb044b8645805dc81f44ded58081814a53d994679b20,/Huang_group/zyyz/Projects/GVC-RT/experiments/gvcrt_neural_wrapper_v6_2_objective_calibration/parts/fullqp/schedule_s2p0/step_2000/normal/video_05_qp4.frames.csv,a086485b59ca2140f1bbcb39d46796aed6a0a3d5448a792594879f297cab656b,/Huang_group/zyyz/Projects/GVC-RT/experiments/gvcrt_neural_wrapper_v6_2_objective_calibration/features/fullqp/schedule_s2p0/step_2000/normal/video_05_qp4.transitions.csv,b507047585dccf6359740f4fabc6568d9bb63930acb24e8748f443651c83eea4,261560,"[4, 6, 4, 5, 4, 5, 4, 5, 4, 6, 4, 5, 4, 5, 4, 5, 4, 6, 4, 5, 4, 5, 4, 5, 4, 6, 4, 5, 4, 5, 4, 5]",0.12,6,20.115960359573364,0.06632518931291997,0.006342110718833283,0.009563263767631724,Mean absolute RGB horizontal/vertical first-difference change
51135,51135,12783.75,0.006165002893518519,383.5125,30.0,32,32,31,0.14160025119781494,0.10616861283779144,22.11859352625115,0.8612961918115616,0.8861892241984606,0.13767087603768996,22.11859352625115,"[1920, 1088]","[1920, 1080]",1,False,,0.4482714831829071,0f0c0e2358ceec024230154da4777ed5c444a8382af1ec9d7165f3d7886141cf,0f0c0e2358ceec024230154da4777ed5c444a8382af1ec9d7165f3d7886141cf,5188214deb7828d2b27ed4e3b167ad615f775ef27ac1ed3c7ac14d60529f3f3d,True,True,True,51135,/Huang_group/zyyz/Projects/GVC-RT/experiments/gvcrt_neural_wrapper_v6_2_objective_calibration/bitstreams/fullqp/schedule_s2p0/step_2000/normal/video_05_qp6.bin,6f0f57f6de892d87e11e3fb2116b9ee19bb4997a0b03288b437af1541d5fc813,/Huang_group/zyyz/Projects/GVC-RT/experiments/gvcrt_neural_wrapper_v6_2_objective_calibration/features/fullqp/schedule_s2p0/step_2000/normal/video_05_qp6.npz,c04cb61caf6f212ac4fd4cd51902f58bd2e3cb3c3dba6495792560b0171a2d94,"{'bridge': 'd4ec467021e4da84e6320ec570cb2bd06cb42731372a163c827bb1e8015d2896', 'generator': '746b779eef7c99cda0d395f6d9fd5658ac8e95dfa85e5676c76f0a70fc8cecfa'}",fullqp_schedule_v1,schedule_s2p0,2000,normal,normal,schedule_s2p0,6,6,5,4ffab9d2-254f-4dd4-9d49-6d1c332fab2f,4ee4fb642014d97bfa1b80f7028e67319b2747f856a9d4d8e8b13aeaaa8be8ee,63b1c5f1e574ab5ab1f58634db5a88e13ac41ed586454a9e1b74cd60ec056754,/Huang_group/zyyz/Projects/GVC-RT/experiments/gvcrt_neural_wrapper_v6_2_objective_calibration/branches/schedule_s2p0/checkpoints/step_2000.pt,91d83d8ccc979b42b5a6eb044b8645805dc81f44ded58081814a53d994679b20,/Huang_group/zyyz/Projects/GVC-RT/experiments/gvcrt_neural_wrapper_v6_2_objective_calibration/parts/fullqp/schedule_s2p0/step_2000/normal/video_05_qp6.frames.csv,f4b2783a32502323ad56a45168ce0198e867ead95b1645e745e5bcb16f442242,/Huang_group/zyyz/Projects/GVC-RT/experiments/gvcrt_neural_wrapper_v6_2_objective_calibration/features/fullqp/schedule_s2p0/step_2000/normal/video_05_qp6.transitions.csv,ccebd2acb1414e2bb5e1f34baa31ec33404950f508f741b16a0baa1d87953964,409080,"[6, 8, 6, 7, 6, 7, 6, 7, 6, 8, 6, 7, 6, 7, 6, 7, 6, 8, 6, 7, 6, 7, 6, 7, 6, 8, 6, 7, 6, 7, 6, 7]",0.12,6,19.996948719024658,0.06632518931291997,0.006342110718833283,0.009563263767631724,Mean absolute RGB horizontal/vertical first-difference change
76360,76360,19090.0,0.009206211419753087,572.7,30.0,32,32,31,0.12895751255564392,0.10285035520792007,22.543144135566653,0.8734833896160126,0.9006445463746786,0.12155431701290992,22.543144135566653,"[1920, 1088]","[1920, 1080]",1,False,,0.4482714831829071,0f0c0e2358ceec024230154da4777ed5c444a8382af1ec9d7165f3d7886141cf,0f0c0e2358ceec024230154da4777ed5c444a8382af1ec9d7165f3d7886141cf,844fe960811ced5ee3f1291b4ebdd11f8fa32ab2337486d9c7d83f3d564cf963,True,True,True,76360,/Huang_group/zyyz/Projects/GVC-RT/experiments/gvcrt_neural_wrapper_v6_2_objective_calibration/bitstreams/fullqp/schedule_s2p0/step_2000/normal/video_05_qp8.bin,c47c98d2571d622031dd042cd34edbe388d4a101db33762539e3ccf7c9291cff,/Huang_group/zyyz/Projects/GVC-RT/experiments/gvcrt_neural_wrapper_v6_2_objective_calibration/features/fullqp/schedule_s2p0/step_2000/normal/video_05_qp8.npz,9b49871d3c7f0ff703d4869f52b1da085bd66831cf78d718d8c99265661facea,"{'bridge': 'd4ec467021e4da84e6320ec570cb2bd06cb42731372a163c827bb1e8015d2896', 'generator': '746b779eef7c99cda0d395f6d9fd5658ac8e95dfa85e5676c76f0a70fc8cecfa'}",fullqp_schedule_v1,schedule_s2p0,2000,normal,normal,schedule_s2p0,8,8,5,4ffab9d2-254f-4dd4-9d49-6d1c332fab2f,4ee4fb642014d97bfa1b80f7028e67319b2747f856a9d4d8e8b13aeaaa8be8ee,63b1c5f1e574ab5ab1f58634db5a88e13ac41ed586454a9e1b74cd60ec056754,/Huang_group/zyyz/Projects/GVC-RT/experiments/gvcrt_neural_wrapper_v6_2_objective_calibration/branches/schedule_s2p0/checkpoints/step_2000.pt,91d83d8ccc979b42b5a6eb044b8645805dc81f44ded58081814a53d994679b20,/Huang_group/zyyz/Projects/GVC-RT/experiments/gvcrt_neural_wrapper_v6_2_objective_calibration/parts/fullqp/schedule_s2p0/step_2000/normal/video_05_qp8.frames.csv,bf5e5c776b73f04e089e0caee89a5d689e828e0b813a106b67598e46fd24a8ad,/Huang_group/zyyz/Projects/GVC-RT/experiments/gvcrt_neural_wrapper_v6_2_objective_calibration/features/fullqp/schedule_s2p0/step_2000/normal/video_05_qp8.transitions.csv,31ce0c5a2fe7e537e289753012eb8f20debc56e7258531547c7b2cc5f17e5563,610880,"[8, 10, 8, 9, 8, 9, 8, 9, 8, 10, 8, 9, 8, 9, 8, 9, 8, 10, 8, 9, 8, 9, 8, 9, 8, 10, 8, 9, 8, 9, 8, 9]",0.12,6,20.38083267211914,0.06632518931291997,0.006342110718833283,0.009563263767631724,Mean absolute RGB horizontal/vertical first-difference change
90810,90810,22702.5,0.010948350694444444,681.075,30.0,32,32,31,0.12560483417473733,0.1035841591656208,22.71081993985583,0.8778818380087614,0.9057979062199593,0.11629889737213811,22.71081993985583,"[1920, 1088]","[1920, 1080]",1,False,,0.4482714831829071,0f0c0e2358ceec024230154da4777ed5c444a8382af1ec9d7165f3d7886141cf,0f0c0e2358ceec024230154da4777ed5c444a8382af1ec9d7165f3d7886141cf,8120968aaf0d4ea4afeb61f18cac1e163caf44a03806d37b9bff3fe2dd8c906e,True,True,True,90810,/Huang_group/zyyz/Projects/GVC-RT/experiments/gvcrt_neural_wrapper_v6_2_objective_calibration/bitstreams/fullqp/schedule_s2p0/step_2000/normal/video_05_qp9.bin,bab9418da2fc3fed0bdef83e785b90b0d5525bf6f5986dc0949e511a5d38fb84,/Huang_group/zyyz/Projects/GVC-RT/experiments/gvcrt_neural_wrapper_v6_2_objective_calibration/features/fullqp/schedule_s2p0/step_2000/normal/video_05_qp9.npz,375bd037217810c01847038938c9c32ae04a45ef9fcbedd616532a569ce9b9fb,"{'bridge': 'd4ec467021e4da84e6320ec570cb2bd06cb42731372a163c827bb1e8015d2896', 'generator': '746b779eef7c99cda0d395f6d9fd5658ac8e95dfa85e5676c76f0a70fc8cecfa'}",fullqp_schedule_v1,schedule_s2p0,2000,normal,normal,schedule_s2p0,9,9,5,4ffab9d2-254f-4dd4-9d49-6d1c332fab2f,4ee4fb642014d97bfa1b80f7028e67319b2747f856a9d4d8e8b13aeaaa8be8ee,63b1c5f1e574ab5ab1f58634db5a88e13ac41ed586454a9e1b74cd60ec056754,/Huang_group/zyyz/Projects/GVC-RT/experiments/gvcrt_neural_wrapper_v6_2_objective_calibration/branches/schedule_s2p0/checkpoints/step_2000.pt,91d83d8ccc979b42b5a6eb044b8645805dc81f44ded58081814a53d994679b20,/Huang_group/zyyz/Projects/GVC-RT/experiments/gvcrt_neural_wrapper_v6_2_objective_calibration/parts/fullqp/schedule_s2p0/step_2000/normal/video_05_qp9.frames.csv,3a596220a1ad4099c5cf4852a10f54913f78158d15fe95092e51a032892e1982,/Huang_group/zyyz/Projects/GVC-RT/experiments/gvcrt_neural_wrapper_v6_2_objective_calibration/features/fullqp/schedule_s2p0/step_2000/normal/video_05_qp9.transitions.csv,b9f11405f020c2b5e35ce521a598227e77691f4c39e8ad71686a37e634fd7496,726480,"[9, 11, 9, 10, 9, 10, 9, 10, 9, 11, 9, 10, 9, 10, 9, 10, 9, 11, 9, 10, 9, 10, 9, 10, 9, 11, 9, 10, 9, 10, 9, 10]",0.12,6,20.220694541931152,0.06632518931291997,0.006342110718833283,0.009563263767631724,Mean absolute RGB horizontal/vertical first-difference change
16159,16159,4039.75,0.0019481819058641975,100.99375,25.0,32,32,31,0.24675920978188515,0.09707373566925526,22.6852954014452,0.9614241328090429,0.7783736661076546,0.28144491295660695,22.6852954014452,"[1920, 1088]","[1920, 1080]",1,False,,0.4158783555030823,0f0c0e2358ceec024230154da4777ed5c444a8382af1ec9d7165f3d7886141cf,0f0c0e2358ceec024230154da4777ed5c444a8382af1ec9d7165f3d7886141cf,c788dde66f6f127b1c65a346869c372e209b532f6469ddca503faba84ee820c5,True,True,True,16159,/Huang_group/zyyz/Projects/GVC-RT/experiments/gvcrt_neural_wrapper_v6_2_objective_calibration/bitstreams/fullqp/schedule_s2p0/step_2000/normal/video_06_qp0.bin,564c3a6d8aae5f3bdd7949854b7cd276d2960dea138a0b9ffde4c8fb03014134,/Huang_group/zyyz/Projects/GVC-RT/experiments/gvcrt_neural_wrapper_v6_2_objective_calibration/features/fullqp/schedule_s2p0/step_2000/normal/video_06_qp0.npz,8f0a396ca2534a3b04845c83eaff9eba0849b3d2a2777e015476d8bf89e28620,"{'bridge': 'd4ec467021e4da84e6320ec570cb2bd06cb42731372a163c827bb1e8015d2896', 'generator': '746b779eef7c99cda0d395f6d9fd5658ac8e95dfa85e5676c76f0a70fc8cecfa'}",fullqp_schedule_v1,schedule_s2p0,2000,normal,normal,schedule_s2p0,0,0,6,5548e126-5401-426d-8636-e226cdf4bba7,bcaec1a140fe55bbb01a6e8d4f4868dd17b2978a8db32794eef7dabf5ec6a25b,7564397f36087c500a4a67b1315f28b081eaa273e5288d273e46e986c4fed9f1,/Huang_group/zyyz/Projects/GVC-RT/experiments/gvcrt_neural_wrapper_v6_2_objective_calibration/branches/schedule_s2p0/checkpoints/step_2000.pt,91d83d8ccc979b42b5a6eb044b8645805dc81f44ded58081814a53d994679b20,/Huang_group/zyyz/Projects/GVC-RT/experiments/gvcrt_neural_wrapper_v6_2_objective_calibration/parts/fullqp/schedule_s2p0/step_2000/normal/video_06_qp0.frames.csv,8eda22b04ee8bf264a3a59399781470568ea24aa868e0d23e69d6ff71d33473b,/Huang_group/zyyz/Projects/GVC-RT/experiments/gvcrt_neural_wrapper_v6_2_objective_calibration/features/fullqp/schedule_s2p0/step_2000/normal/video_06_qp0.transitions.csv,b08b9f3013a8435dca2c3ebd47707628cb575fdf7f569fdb85b3202d8fa6fe5d,129272,"[0, 2, 0, 1, 0, 1, 0, 1, 0, 2, 0, 1, 0, 1, 0, 1, 0, 2, 0, 1, 0, 1, 0, 1, 0, 2, 0, 1, 0, 1, 0, 1]",0.12,4,20.08505892753601,0.08254624344408512,0.010780376265756786,0.007010534405708313,Mean absolute RGB horizontal/vertical first-difference change
24903,24903,6225.75,0.003002387152777778,155.64375,25.0,32,32,31,0.20243718335404992,0.09073693864047527,23.78814112072673,0.9694000817835331,0.8179333228617907,0.21445948318127664,23.78814112072673,"[1920, 1088]","[1920, 1080]",1,False,,0.4158783555030823,0f0c0e2358ceec024230154da4777ed5c444a8382af1ec9d7165f3d7886141cf,0f0c0e2358ceec024230154da4777ed5c444a8382af1ec9d7165f3d7886141cf,72c4271ca66877484ff26027c1a69c7cc203e7b3a6c1ade32b952125f172a7f5,True,True,True,24903,/Huang_group/zyyz/Projects/GVC-RT/experiments/gvcrt_neural_wrapper_v6_2_objective_calibration/bitstreams/fullqp/schedule_s2p0/step_2000/normal/video_06_qp2.bin,261b60cd47225fb145526b24480d668c775db26bf278211b9383146d6c6c14e4,/Huang_group/zyyz/Projects/GVC-RT/experiments/gvcrt_neural_wrapper_v6_2_objective_calibration/features/fullqp/schedule_s2p0/step_2000/normal/video_06_qp2.npz,678b16c266de767d3960be8055c0c381e6ddae528195ff0bff163f282adb16b0,"{'bridge': 'd4ec467021e4da84e6320ec570cb2bd06cb42731372a163c827bb1e8015d2896', 'generator': '746b779eef7c99cda0d395f6d9fd5658ac8e95dfa85e5676c76f0a70fc8cecfa'}",fullqp_schedule_v1,schedule_s2p0,2000,normal,normal,schedule_s2p0,2,2,6,5548e126-5401-426d-8636-e226cdf4bba7,bcaec1a140fe55bbb01a6e8d4f4868dd17b2978a8db32794eef7dabf5ec6a25b,7564397f36087c500a4a67b1315f28b081eaa273e5288d273e46e986c4fed9f1,/Huang_group/zyyz/Projects/GVC-RT/experiments/gvcrt_neural_wrapper_v6_2_objective_calibration/branches/schedule_s2p0/checkpoints/step_2000.pt,91d83d8ccc979b42b5a6eb044b8645805dc81f44ded58081814a53d994679b20,/Huang_group/zyyz/Projects/GVC-RT/experiments/gvcrt_neural_wrapper_v6_2_objective_calibration/parts/fullqp/schedule_s2p0/step_2000/normal/video_06_qp2.frames.csv,42ba885ebed70347588a2655d32d58f1b5938f118bddd3e8da53e15834ba811b,/Huang_group/zyyz/Projects/GVC-RT/experiments/gvcrt_neural_wrapper_v6_2_objective_calibration/features/fullqp/schedule_s2p0/step_2000/normal/video_06_qp2.transitions.csv,c95629bc3a5cc4d82d3410ffb7f54687e56287314b354e867a54a317c88be2e9,199224,"[2, 4, 2, 3, 2, 3, 2, 3, 2, 4, 2, 3, 2, 3, 2, 3, 2, 4, 2, 3, 2, 3, 2, 3, 2, 4, 2, 3, 2, 3, 2, 3]",0.12,4,20.243244409561157,0.08254624344408512,0.010780376265756786,0.007010534405708313,Mean absolute RGB horizontal/vertical first-difference change
39270,39270,9817.5,0.004734519675925926,245.4375,25.0,32,32,31,0.17445344803854823,0.08528626523911953,24.496577792889905,0.9737402554601431,0.846695501357317,0.1750084039184355,24.496577792889905,"[1920, 1088]","[1920, 1080]",1,False,,0.4158783555030823,0f0c0e2358ceec024230154da4777ed5c444a8382af1ec9d7165f3d7886141cf,0f0c0e2358ceec024230154da4777ed5c444a8382af1ec9d7165f3d7886141cf,1c0efefbc7b8fe6da0c598bf929a680a831140f70ae7524cdd05550f3908d82d,True,True,True,39270,/Huang_group/zyyz/Projects/GVC-RT/experiments/gvcrt_neural_wrapper_v6_2_objective_calibration/bitstreams/fullqp/schedule_s2p0/step_2000/normal/video_06_qp4.bin,8809b06e4bdd93b261dee3f6e58ad60714ce0de236017f032cfa75c24cfd79b3,/Huang_group/zyyz/Projects/GVC-RT/experiments/gvcrt_neural_wrapper_v6_2_objective_calibration/features/fullqp/schedule_s2p0/step_2000/normal/video_06_qp4.npz,9e5cf8c210317956604576f28945cbce518f880bf2ef04166297b38bfe97aafd,"{'bridge': 'd4ec467021e4da84e6320ec570cb2bd06cb42731372a163c827bb1e8015d2896', 'generator': '746b779eef7c99cda0d395f6d9fd5658ac8e95dfa85e5676c76f0a70fc8cecfa'}",fullqp_schedule_v1,schedule_s2p0,2000,normal,normal,schedule_s2p0,4,4,6,5548e126-5401-426d-8636-e226cdf4bba7,bcaec1a140fe55bbb01a6e8d4f4868dd17b2978a8db32794eef7dabf5ec6a25b,7564397f36087c500a4a67b1315f28b081eaa273e5288d273e46e986c4fed9f1,/Huang_group/zyyz/Projects/GVC-RT/experiments/gvcrt_neural_wrapper_v6_2_objective_calibration/branches/schedule_s2p0/checkpoints/step_2000.pt,91d83d8ccc979b42b5a6eb044b8645805dc81f44ded58081814a53d994679b20,/Huang_group/zyyz/Projects/GVC-RT/experiments/gvcrt_neural_wrapper_v6_2_objective_calibration/parts/fullqp/schedule_s2p0/step_2000/normal/video_06_qp4.frames.csv,58fde58ff45cb1ed27952fe54459188917de7cb9d9771623de412df09ea9e824,/Huang_group/zyyz/Projects/GVC-RT/experiments/gvcrt_neural_wrapper_v6_2_objective_calibration/features/fullqp/schedule_s2p0/step_2000/normal/video_06_qp4.transitions.csv,670f446921472dc4cdab9c637a3a8d3d9dff72bf531b9e4313f4e4abab224fc8,314160,"[4, 6, 4, 5, 4, 5, 4, 5, 4, 6, 4, 5, 4, 5, 4, 5, 4, 6, 4, 5, 4, 5, 4, 5, 4, 6, 4, 5, 4, 5, 4, 5]",0.12,4,20.062044620513916,0.08254624344408512,0.010780376265756786,0.007010534405708313,Mean absolute RGB horizontal/vertical first-difference change
59824,59824,14956.0,0.007212577160493827,373.9,25.0,32,32,31,0.150963282212615,0.07960349135100842,25.122503696084056,0.9770529475063086,0.8690497949719429,0.14088954464081796,25.122503696084056,"[1920, 1088]","[1920, 1080]",1,False,,0.4158783555030823,0f0c0e2358ceec024230154da4777ed5c444a8382af1ec9d7165f3d7886141cf,0f0c0e2358ceec024230154da4777ed5c444a8382af1ec9d7165f3d7886141cf,d89775f65f0449a5d4d66c6ecfc54cb26052e1d7d08db5b427407d1c751450f6,True,True,True,59824,/Huang_group/zyyz/Projects/GVC-RT/experiments/gvcrt_neural_wrapper_v6_2_objective_calibration/bitstreams/fullqp/schedule_s2p0/step_2000/normal/video_06_qp6.bin,ca82d4f8839a92aa00281fecd23473fe94a7b6c50c9ce16e5a4ead29630cf041,/Huang_group/zyyz/Projects/GVC-RT/experiments/gvcrt_neural_wrapper_v6_2_objective_calibration/features/fullqp/schedule_s2p0/step_2000/normal/video_06_qp6.npz,d66ab328622f54eb9f956706da8943223b0106fa32f856f39ad01d169457a023,"{'bridge': 'd4ec467021e4da84e6320ec570cb2bd06cb42731372a163c827bb1e8015d2896', 'generator': '746b779eef7c99cda0d395f6d9fd5658ac8e95dfa85e5676c76f0a70fc8cecfa'}",fullqp_schedule_v1,schedule_s2p0,2000,normal,normal,schedule_s2p0,6,6,6,5548e126-5401-426d-8636-e226cdf4bba7,bcaec1a140fe55bbb01a6e8d4f4868dd17b2978a8db32794eef7dabf5ec6a25b,7564397f36087c500a4a67b1315f28b081eaa273e5288d273e46e986c4fed9f1,/Huang_group/zyyz/Projects/GVC-RT/experiments/gvcrt_neural_wrapper_v6_2_objective_calibration/branches/schedule_s2p0/checkpoints/step_2000.pt,91d83d8ccc979b42b5a6eb044b8645805dc81f44ded58081814a53d994679b20,/Huang_group/zyyz/Projects/GVC-RT/experiments/gvcrt_neural_wrapper_v6_2_objective_calibration/parts/fullqp/schedule_s2p0/step_2000/normal/video_06_qp6.frames.csv,da39959492f3d0b5125c5c1656d35c1ca14c0259fa5a2ce249f3db92c5eb230b,/Huang_group/zyyz/Projects/GVC-RT/experiments/gvcrt_neural_wrapper_v6_2_objective_calibration/features/fullqp/schedule_s2p0/step_2000/normal/video_06_qp6.transitions.csv,a60bec89b5a87b661cd44bbdc6f0d1abdcdbd9062ba45daffc79126a29ba3604,478592,"[6, 8, 6, 7, 6, 7, 6, 7, 6, 8, 6, 7, 6, 7, 6, 7, 6, 8, 6, 7, 6, 7, 6, 7, 6, 8, 6, 7, 6, 7, 6, 7]",0.12,4,20.104796171188354,0.08254624344408512,0.010780376265756786,0.007010534405708313,Mean absolute RGB horizontal/vertical first-difference change
87469,87469,21867.25,0.010545548804012346,546.68125,25.0,32,32,31,0.1379257943481207,0.07430106401443481,25.527733460708312,0.9789941180497408,0.883641142398119,0.12195000340861659,25.527733460708312,"[1920, 1088]","[1920, 1080]",1,False,,0.4158783555030823,0f0c0e2358ceec024230154da4777ed5c444a8382af1ec9d7165f3d7886141cf,0f0c0e2358ceec024230154da4777ed5c444a8382af1ec9d7165f3d7886141cf,7210de48dcb5109c3ff1ba2c78be8ff88f45bcb1c11312a7f0264753e1d72d68,True,True,True,87469,/Huang_group/zyyz/Projects/GVC-RT/experiments/gvcrt_neural_wrapper_v6_2_objective_calibration/bitstreams/fullqp/schedule_s2p0/step_2000/normal/video_06_qp8.bin,897a1f3a03207414117c74ca08d495a8fdfd3aefb46a1417678982ee5eba0fb5,/Huang_group/zyyz/Projects/GVC-RT/experiments/gvcrt_neural_wrapper_v6_2_objective_calibration/features/fullqp/schedule_s2p0/step_2000/normal/video_06_qp8.npz,38f2ac6b32986ed81a17df3eeb448164ecf52a1ad104af2f9f53c401e02d9c34,"{'bridge': 'd4ec467021e4da84e6320ec570cb2bd06cb42731372a163c827bb1e8015d2896', 'generator': '746b779eef7c99cda0d395f6d9fd5658ac8e95dfa85e5676c76f0a70fc8cecfa'}",fullqp_schedule_v1,schedule_s2p0,2000,normal,normal,schedule_s2p0,8,8,6,5548e126-5401-426d-8636-e226cdf4bba7,bcaec1a140fe55bbb01a6e8d4f4868dd17b2978a8db32794eef7dabf5ec6a25b,7564397f36087c500a4a67b1315f28b081eaa273e5288d273e46e986c4fed9f1,/Huang_group/zyyz/Projects/GVC-RT/experiments/gvcrt_neural_wrapper_v6_2_objective_calibration/branches/schedule_s2p0/checkpoints/step_2000.pt,91d83d8ccc979b42b5a6eb044b8645805dc81f44ded58081814a53d994679b20,/Huang_group/zyyz/Projects/GVC-RT/experiments/gvcrt_neural_wrapper_v6_2_objective_calibration/parts/fullqp/schedule_s2p0/step_2000/normal/video_06_qp8.frames.csv,d955c266563f303bdd87a6ade5696c14d0d8ec52049f49cb5455d8a30ec84ed2,/Huang_group/zyyz/Projects/GVC-RT/experiments/gvcrt_neural_wrapper_v6_2_objective_calibration/features/fullqp/schedule_s2p0/step_2000/normal/video_06_qp8.transitions.csv,bff8b1b8eaf27abbd2c82792faec46ec4322d8ba18d0b6d78dbaf4d5380e53a2,699752,"[8, 10, 8, 9, 8, 9, 8, 9, 8, 10, 8, 9, 8, 9, 8, 9, 8, 10, 8, 9, 8, 9, 8, 9, 8, 10, 8, 9, 8, 9, 8, 9]",0.12,4,20.274564027786255,0.08254624344408512,0.010780376265756786,0.007010534405708313,Mean absolute RGB horizontal/vertical first-difference change
103392,103392,25848.0,0.012465277777777778,646.2,25.0,32,32,31,0.13333717244677246,0.07331851683557034,25.69782255845842,0.9797363225370646,0.8888891246169806,0.11477380173821602,25.69782255845842,"[1920, 1088]","[1920, 1080]",1,False,,0.4158783555030823,0f0c0e2358ceec024230154da4777ed5c444a8382af1ec9d7165f3d7886141cf,0f0c0e2358ceec024230154da4777ed5c444a8382af1ec9d7165f3d7886141cf,949c86281f4b83fc7e94f18de6824d5743f5f24bc9a7149c641ca3b993a67288,True,True,True,103392,/Huang_group/zyyz/Projects/GVC-RT/experiments/gvcrt_neural_wrapper_v6_2_objective_calibration/bitstreams/fullqp/schedule_s2p0/step_2000/normal/video_06_qp9.bin,10a5347c2ff1d1ea221c995912dffb3bb920db65d00716fec0349d09bfeebbd3,/Huang_group/zyyz/Projects/GVC-RT/experiments/gvcrt_neural_wrapper_v6_2_objective_calibration/features/fullqp/schedule_s2p0/step_2000/normal/video_06_qp9.npz,1784076a6910f67bba682392b568d864bdd2828b812a564057d556744c32a155,"{'bridge': 'd4ec467021e4da84e6320ec570cb2bd06cb42731372a163c827bb1e8015d2896', 'generator': '746b779eef7c99cda0d395f6d9fd5658ac8e95dfa85e5676c76f0a70fc8cecfa'}",fullqp_schedule_v1,schedule_s2p0,2000,normal,normal,schedule_s2p0,9,9,6,5548e126-5401-426d-8636-e226cdf4bba7,bcaec1a140fe55bbb01a6e8d4f4868dd17b2978a8db32794eef7dabf5ec6a25b,7564397f36087c500a4a67b1315f28b081eaa273e5288d273e46e986c4fed9f1,/Huang_group/zyyz/Projects/GVC-RT/experiments/gvcrt_neural_wrapper_v6_2_objective_calibration/branches/schedule_s2p0/checkpoints/step_2000.pt,91d83d8ccc979b42b5a6eb044b8645805dc81f44ded58081814a53d994679b20,/Huang_group/zyyz/Projects/GVC-RT/experiments/gvcrt_neural_wrapper_v6_2_objective_calibration/parts/fullqp/schedule_s2p0/step_2000/normal/video_06_qp9.frames.csv,593d2adb0e2d5284d2a9eb2261bbfd3bf6f08e6d7d043319a441b94035a26609,/Huang_group/zyyz/Projects/GVC-RT/experiments/gvcrt_neural_wrapper_v6_2_objective_calibration/features/fullqp/schedule_s2p0/step_2000/normal/video_06_qp9.transitions.csv,9d53a9f463b1c49c362cca946a356c525a6c537e18c8a74aa9405d29f8ce3337,827136,"[9, 11, 9, 10, 9, 10, 9, 10, 9, 11, 9, 10, 9, 10, 9, 10, 9, 11, 9, 10, 9, 10, 9, 10, 9, 11, 9, 10, 9, 10, 9, 10]",0.12,4,20.631491899490356,0.08254624344408512,0.010780376265756786,0.007010534405708313,Mean absolute RGB horizontal/vertical first-difference change
20231,20231,5057.75,0.0024391155478395063,151.7325,30.0,32,32,31,0.3115957686677575,0.1553571354597807,15.385930774480807,0.8409233689308167,0.6259106853976846,0.34460578137828457,15.385930774480807,"[1920, 1088]","[1920, 1080]",1,False,,0.45490196347236633,0f0c0e2358ceec024230154da4777ed5c444a8382af1ec9d7165f3d7886141cf,0f0c0e2358ceec024230154da4777ed5c444a8382af1ec9d7165f3d7886141cf,1e7d25d6f49880852fdb6fef75927d53497bbabbc582332a7602dc568ccfbbd7,True,True,True,20231,/Huang_group/zyyz/Projects/GVC-RT/experiments/gvcrt_neural_wrapper_v6_2_objective_calibration/bitstreams/fullqp/schedule_s2p0/step_2000/normal/video_07_qp0.bin,b2d882f2bc5b034a96d26fb605323405dda011b15195aecfcb8ef1dd24bcbabd,/Huang_group/zyyz/Projects/GVC-RT/experiments/gvcrt_neural_wrapper_v6_2_objective_calibration/features/fullqp/schedule_s2p0/step_2000/normal/video_07_qp0.npz,6a640118f9e2b5ce761778fff6b061db3198f72be7aae13da1299437a243e203,"{'bridge': 'd4ec467021e4da84e6320ec570cb2bd06cb42731372a163c827bb1e8015d2896', 'generator': '746b779eef7c99cda0d395f6d9fd5658ac8e95dfa85e5676c76f0a70fc8cecfa'}",fullqp_schedule_v1,schedule_s2p0,2000,normal,normal,schedule_s2p0,0,0,7,72e7a7f7-4bb5-4434-a94b-38217ca6c3d3,433c3b310fbb0c740a665e68edff43c1cc8bf19bcdd917daf8c6fc02749b18b9,7b899e143a79c8300f7f23a00e50190bb32b76c7f974f34d4e48448c48b1fa99,/Huang_group/zyyz/Projects/GVC-RT/experiments/gvcrt_neural_wrapper_v6_2_objective_calibration/branches/schedule_s2p0/checkpoints/step_2000.pt,91d83d8ccc979b42b5a6eb044b8645805dc81f44ded58081814a53d994679b20,/Huang_group/zyyz/Projects/GVC-RT/experiments/gvcrt_neural_wrapper_v6_2_objective_calibration/parts/fullqp/schedule_s2p0/step_2000/normal/video_07_qp0.frames.csv,63a2cc8720f67dbf0193d3d3d0948866312a4e0841fcd9d852caf18385aaf90d,/Huang_group/zyyz/Projects/GVC-RT/experiments/gvcrt_neural_wrapper_v6_2_objective_calibration/features/fullqp/schedule_s2p0/step_2000/normal/video_07_qp0.transitions.csv,849c22930467c0e08504801a124e3285f9c91bdb431cfc2d130aa9cf5889f62c,161848,"[0, 2, 0, 1, 0, 1, 0, 1, 0, 2, 0, 1, 0, 1, 0, 1, 0, 2, 0, 1, 0, 1, 0, 1, 0, 2, 0, 1, 0, 1, 0, 1]",0.12,6,20.186068296432495,0.09468230418860912,0.013968385552288964,0.019135892507620156,Mean absolute RGB horizontal/vertical first-difference change
35600,35600,8900.0,0.0042920524691358024,267.0,30.0,32,32,31,0.2636190359480679,0.13808955065906048,16.23243148576696,0.8672374971210957,0.7060956582427025,0.29393728558094273,16.23243148576696,"[1920, 1088]","[1920, 1080]",1,False,,0.45490196347236633,0f0c0e2358ceec024230154da4777ed5c444a8382af1ec9d7165f3d7886141cf,0f0c0e2358ceec024230154da4777ed5c444a8382af1ec9d7165f3d7886141cf,859e23e0c414d9ef54643dcc8fd9c9e077a1eb2ca41fd28af6b98bfff13c9103,True,True,True,35600,/Huang_group/zyyz/Projects/GVC-RT/experiments/gvcrt_neural_wrapper_v6_2_objective_calibration/bitstreams/fullqp/schedule_s2p0/step_2000/normal/video_07_qp2.bin,a677db64de1eeeace15b45a54fcbc1659ff77fe6beb270fcb62f551bc80ff720,/Huang_group/zyyz/Projects/GVC-RT/experiments/gvcrt_neural_wrapper_v6_2_objective_calibration/features/fullqp/schedule_s2p0/step_2000/normal/video_07_qp2.npz,487d285682220f9ba76fd1dbd9115d37b3fdab0822a04d63f094c73fb58d8846,"{'bridge': 'd4ec467021e4da84e6320ec570cb2bd06cb42731372a163c827bb1e8015d2896', 'generator': '746b779eef7c99cda0d395f6d9fd5658ac8e95dfa85e5676c76f0a70fc8cecfa'}",fullqp_schedule_v1,schedule_s2p0,2000,normal,normal,schedule_s2p0,2,2,7,72e7a7f7-4bb5-4434-a94b-38217ca6c3d3,433c3b310fbb0c740a665e68edff43c1cc8bf19bcdd917daf8c6fc02749b18b9,7b899e143a79c8300f7f23a00e50190bb32b76c7f974f34d4e48448c48b1fa99,/Huang_group/zyyz/Projects/GVC-RT/experiments/gvcrt_neural_wrapper_v6_2_objective_calibration/branches/schedule_s2p0/checkpoints/step_2000.pt,91d83d8ccc979b42b5a6eb044b8645805dc81f44ded58081814a53d994679b20,/Huang_group/zyyz/Projects/GVC-RT/experiments/gvcrt_neural_wrapper_v6_2_objective_calibration/parts/fullqp/schedule_s2p0/step_2000/normal/video_07_qp2.frames.csv,7cd87f3f7035a101c005cbe29ef85d40b4c6ced70b6d7b793aaf852f62ecdbd6,/Huang_group/zyyz/Projects/GVC-RT/experiments/gvcrt_neural_wrapper_v6_2_objective_calibration/features/fullqp/schedule_s2p0/step_2000/normal/video_07_qp2.transitions.csv,150167e621fbea00d5e030a5973190a3e93a7a0161660753cd6baa234db40b2a,284800,"[2, 4, 2, 3, 2, 3, 2, 3, 2, 4, 2, 3, 2, 3, 2, 3, 2, 4, 2, 3, 2, 3, 2, 3, 2, 4, 2, 3, 2, 3, 2, 3]",0.12,6,20.279386043548584,0.09468230418860912,0.013968385552288964,0.019135892507620156,Mean absolute RGB horizontal/vertical first-difference change
58502,58502,14625.5,0.007053192515432099,438.765,30.0,32,32,31,0.22855449188500643,0.12651013396680355,16.922779653603655,0.8860931023955345,0.7627069186419249,0.25210626134949343,16.922779653603655,"[1920, 1088]","[1920, 1080]",1,False,,0.45490196347236633,0f0c0e2358ceec024230154da4777ed5c444a8382af1ec9d7165f3d7886141cf,0f0c0e2358ceec024230154da4777ed5c444a8382af1ec9d7165f3d7886141cf,5607c5c2b0dca5b93f2103bfc5aea011319d47e73d4350f743b86fde255b5739,True,True,True,58502,/Huang_group/zyyz/Projects/GVC-RT/experiments/gvcrt_neural_wrapper_v6_2_objective_calibration/bitstreams/fullqp/schedule_s2p0/step_2000/normal/video_07_qp4.bin,9e80110456e0bb16bb81631bf83eb77bd097b0ea2c07471ad726bdbbef37d75a,/Huang_group/zyyz/Projects/GVC-RT/experiments/gvcrt_neural_wrapper_v6_2_objective_calibration/features/fullqp/schedule_s2p0/step_2000/normal/video_07_qp4.npz,4610c49949235244c8857b593c34f31a12b3e4b2fa2c81534d9a8c2cd045bc89,"{'bridge': 'd4ec467021e4da84e6320ec570cb2bd06cb42731372a163c827bb1e8015d2896', 'generator': '746b779eef7c99cda0d395f6d9fd5658ac8e95dfa85e5676c76f0a70fc8cecfa'}",fullqp_schedule_v1,schedule_s2p0,2000,normal,normal,schedule_s2p0,4,4,7,72e7a7f7-4bb5-4434-a94b-38217ca6c3d3,433c3b310fbb0c740a665e68edff43c1cc8bf19bcdd917daf8c6fc02749b18b9,7b899e143a79c8300f7f23a00e50190bb32b76c7f974f34d4e48448c48b1fa99,/Huang_group/zyyz/Projects/GVC-RT/experiments/gvcrt_neural_wrapper_v6_2_objective_calibration/branches/schedule_s2p0/checkpoints/step_2000.pt,91d83d8ccc979b42b5a6eb044b8645805dc81f44ded58081814a53d994679b20,/Huang_group/zyyz/Projects/GVC-RT/experiments/gvcrt_neural_wrapper_v6_2_objective_calibration/parts/fullqp/schedule_s2p0/step_2000/normal/video_07_qp4.frames.csv,595bde7a6fcd98237394c997767652cbef3f4fde6f122e5a01e09f5074286634,/Huang_group/zyyz/Projects/GVC-RT/experiments/gvcrt_neural_wrapper_v6_2_objective_calibration/features/fullqp/schedule_s2p0/step_2000/normal/video_07_qp4.transitions.csv,abe633282c7c7356a7dc32db111d8b3563fb85d7a2b84b7ec5031ea1146f7a84,468016,"[4, 6, 4, 5, 4, 5, 4, 5, 4, 6, 4, 5, 4, 5, 4, 5, 4, 6, 4, 5, 4, 5, 4, 5, 4, 6, 4, 5, 4, 5, 4, 5]",0.12,6,20.286882162094116,0.09468230418860912,0.013968385552288964,0.019135892507620156,Mean absolute RGB horizontal/vertical first-difference change
89346,89346,22336.5,0.010771846064814815,670.095,30.0,32,32,31,0.20314897876232862,0.11515007354319096,17.49575717534902,0.8996286783367395,0.8018238134682178,0.22383464488290972,17.49575717534902,"[1920, 1088]","[1920, 1080]",1,False,,0.45490196347236633,0f0c0e2358ceec024230154da4777ed5c444a8382af1ec9d7165f3d7886141cf,0f0c0e2358ceec024230154da4777ed5c444a8382af1ec9d7165f3d7886141cf,5b11173ab13a53a17dc4e1c4737f69f863320082a30813abff737362b246e43c,True,True,True,89346,/Huang_group/zyyz/Projects/GVC-RT/experiments/gvcrt_neural_wrapper_v6_2_objective_calibration/bitstreams/fullqp/schedule_s2p0/step_2000/normal/video_07_qp6.bin,ad7367c9676525ee000e6abf986307ef28542a065bf2d3998cb309624047fa59,/Huang_group/zyyz/Projects/GVC-RT/experiments/gvcrt_neural_wrapper_v6_2_objective_calibration/features/fullqp/schedule_s2p0/step_2000/normal/video_07_qp6.npz,87e8cf7a71056e56c8b052b0f7bb46a75746d4e002e7a171df539ce9eab440c8,"{'bridge': 'd4ec467021e4da84e6320ec570cb2bd06cb42731372a163c827bb1e8015d2896', 'generator': '746b779eef7c99cda0d395f6d9fd5658ac8e95dfa85e5676c76f0a70fc8cecfa'}",fullqp_schedule_v1,schedule_s2p0,2000,normal,normal,schedule_s2p0,6,6,7,72e7a7f7-4bb5-4434-a94b-38217ca6c3d3,433c3b310fbb0c740a665e68edff43c1cc8bf19bcdd917daf8c6fc02749b18b9,7b899e143a79c8300f7f23a00e50190bb32b76c7f974f34d4e48448c48b1fa99,/Huang_group/zyyz/Projects/GVC-RT/experiments/gvcrt_neural_wrapper_v6_2_objective_calibration/branches/schedule_s2p0/checkpoints/step_2000.pt,91d83d8ccc979b42b5a6eb044b8645805dc81f44ded58081814a53d994679b20,/Huang_group/zyyz/Projects/GVC-RT/experiments/gvcrt_neural_wrapper_v6_2_objective_calibration/parts/fullqp/schedule_s2p0/step_2000/normal/video_07_qp6.frames.csv,d126d242f8776b26dd8acad0754c2e7f8e284e0f6581c60c67607e586e8b4801,/Huang_group/zyyz/Projects/GVC-RT/experiments/gvcrt_neural_wrapper_v6_2_objective_calibration/features/fullqp/schedule_s2p0/step_2000/normal/video_07_qp6.transitions.csv,7556b892597e3e213f100a6e8793f136cdb864308182e43a6edce33e78ee9f0c,714768,"[6, 8, 6, 7, 6, 7, 6, 7, 6, 8, 6, 7, 6, 7, 6, 7, 6, 8, 6, 7, 6, 7, 6, 7, 6, 8, 6, 7, 6, 7, 6, 7]",0.12,6,20.067037343978882,0.09468230418860912,0.013968385552288964,0.019135892507620156,Mean absolute RGB horizontal/vertical first-difference change
126127,126127,31531.75,0.015206283757716049,945.9525,30.0,32,32,31,0.1875361232087016,0.11021119356155396,17.90941804671573,0.9082312770187855,0.8260098490864038,0.20540480315685272,17.90941804671573,"[1920, 1088]","[1920, 1080]",1,False,,0.45490196347236633,0f0c0e2358ceec024230154da4777ed5c444a8382af1ec9d7165f3d7886141cf,0f0c0e2358ceec024230154da4777ed5c444a8382af1ec9d7165f3d7886141cf,78d9051392cbef16add469d54928aef6d74438e1b98aab71781a3ce6a3eff990,True,True,True,126127,/Huang_group/zyyz/Projects/GVC-RT/experiments/gvcrt_neural_wrapper_v6_2_objective_calibration/bitstreams/fullqp/schedule_s2p0/step_2000/normal/video_07_qp8.bin,96ffe94cbefeb289747b9e42fa6156e143cb3e3ee6e4420e64bfc740d3e558eb,/Huang_group/zyyz/Projects/GVC-RT/experiments/gvcrt_neural_wrapper_v6_2_objective_calibration/features/fullqp/schedule_s2p0/step_2000/normal/video_07_qp8.npz,543ec793a9ccc94ce003f628f94cc0684a58ac5e2f2014a0085c58bc5fafb63c,"{'bridge': 'd4ec467021e4da84e6320ec570cb2bd06cb42731372a163c827bb1e8015d2896', 'generator': '746b779eef7c99cda0d395f6d9fd5658ac8e95dfa85e5676c76f0a70fc8cecfa'}",fullqp_schedule_v1,schedule_s2p0,2000,normal,normal,schedule_s2p0,8,8,7,72e7a7f7-4bb5-4434-a94b-38217ca6c3d3,433c3b310fbb0c740a665e68edff43c1cc8bf19bcdd917daf8c6fc02749b18b9,7b899e143a79c8300f7f23a00e50190bb32b76c7f974f34d4e48448c48b1fa99,/Huang_group/zyyz/Projects/GVC-RT/experiments/gvcrt_neural_wrapper_v6_2_objective_calibration/branches/schedule_s2p0/checkpoints/step_2000.pt,91d83d8ccc979b42b5a6eb044b8645805dc81f44ded58081814a53d994679b20,/Huang_group/zyyz/Projects/GVC-RT/experiments/gvcrt_neural_wrapper_v6_2_objective_calibration/parts/fullqp/schedule_s2p0/step_2000/normal/video_07_qp8.frames.csv,865418c5f5fef359365247ca48273f1d74b5916dd7427c336d7bdcf870aa7ee0,/Huang_group/zyyz/Projects/GVC-RT/experiments/gvcrt_neural_wrapper_v6_2_objective_calibration/features/fullqp/schedule_s2p0/step_2000/normal/video_07_qp8.transitions.csv,7e910005748f818721f5d186cc90e7259089a723b0d2de9717fa76f1762c1966,1009016,"[8, 10, 8, 9, 8, 9, 8, 9, 8, 10, 8, 9, 8, 9, 8, 9, 8, 10, 8, 9, 8, 9, 8, 9, 8, 10, 8, 9, 8, 9, 8, 9]",0.12,6,20.46575140953064,0.09468230418860912,0.013968385552288964,0.019135892507620156,Mean absolute RGB horizontal/vertical first-difference change
145738,145738,36434.5,0.017570650077160493,1093.035,30.0,32,32,31,0.1814156579785049,0.10835198499262333,18.034129083154344,0.9107010271400213,0.833470618352294,0.19851462879488546,18.034129083154344,"[1920, 1088]","[1920, 1080]",1,False,,0.45490196347236633,0f0c0e2358ceec024230154da4777ed5c444a8382af1ec9d7165f3d7886141cf,0f0c0e2358ceec024230154da4777ed5c444a8382af1ec9d7165f3d7886141cf,1a7e0b03a57839827dca71b68a7a0c9ecb5e56fc1d1c06ab602324d37772e96f,True,True,True,145738,/Huang_group/zyyz/Projects/GVC-RT/experiments/gvcrt_neural_wrapper_v6_2_objective_calibration/bitstreams/fullqp/schedule_s2p0/step_2000/normal/video_07_qp9.bin,ab6498234addbcc7fbdb0673221967ccfff8465ef8be564364bb553f2a0ad16c,/Huang_group/zyyz/Projects/GVC-RT/experiments/gvcrt_neural_wrapper_v6_2_objective_calibration/features/fullqp/schedule_s2p0/step_2000/normal/video_07_qp9.npz,e9aea0a90467d51f3affb33e8df50699646b72e1500f53ec1db90e9887141b1f,"{'bridge': 'd4ec467021e4da84e6320ec570cb2bd06cb42731372a163c827bb1e8015d2896', 'generator': '746b779eef7c99cda0d395f6d9fd5658ac8e95dfa85e5676c76f0a70fc8cecfa'}",fullqp_schedule_v1,schedule_s2p0,2000,normal,normal,schedule_s2p0,9,9,7,72e7a7f7-4bb5-4434-a94b-38217ca6c3d3,433c3b310fbb0c740a665e68edff43c1cc8bf19bcdd917daf8c6fc02749b18b9,7b899e143a79c8300f7f23a00e50190bb32b76c7f974f34d4e48448c48b1fa99,/Huang_group/zyyz/Projects/GVC-RT/experiments/gvcrt_neural_wrapper_v6_2_objective_calibration/branches/schedule_s2p0/checkpoints/step_2000.pt,91d83d8ccc979b42b5a6eb044b8645805dc81f44ded58081814a53d994679b20,/Huang_group/zyyz/Projects/GVC-RT/experiments/gvcrt_neural_wrapper_v6_2_objective_calibration/parts/fullqp/schedule_s2p0/step_2000/normal/video_07_qp9.frames.csv,736bdab2deebd0311f7bd518bcbcd56707b6039e82c6215c12fa5d8b0f9facab,/Huang_group/zyyz/Projects/GVC-RT/experiments/gvcrt_neural_wrapper_v6_2_objective_calibration/features/fullqp/schedule_s2p0/step_2000/normal/video_07_qp9.transitions.csv,27e5acf2e9af6f16db68688ba8da674bdafe62bcb7b88696ca8f59767470a9f6,1165904,"[9, 11, 9, 10, 9, 10, 9, 10, 9, 11, 9, 10, 9, 10, 9, 10, 9, 11, 9, 10, 9, 10, 9, 10, 9, 11, 9, 10, 9, 10, 9, 10]",0.12,6,20.293238878250122,0.09468230418860912,0.013968385552288964,0.019135892507620156,Mean absolute RGB horizontal/vertical first-difference change
12459,12459,3114.75,0.0015020978009259258,93.4425,30.0,32,32,31,0.10918720066547394,0.09494783729314804,26.240484964771245,0.9143264498561621,0.9091794397681952,0.1258417774111994,26.240484964771245,"[1920, 1088]","[1920, 1080]",1,False,,0.2788291871547699,0f0c0e2358ceec024230154da4777ed5c444a8382af1ec9d7165f3d7886141cf,0f0c0e2358ceec024230154da4777ed5c444a8382af1ec9d7165f3d7886141cf,f6eae480b01bfada85afffaedd56362db6d532c9b5877c383e55b109fe6c5ca4,True,True,True,12459,/Huang_group/zyyz/Projects/GVC-RT/experiments/gvcrt_neural_wrapper_v6_2_objective_calibration/bitstreams/fullqp/schedule_s2p0/step_2000/normal/video_08_qp0.bin,2b51734fbfa545939c39eee0d2a54994891ef0234c879eacaaa23d705db311c6,/Huang_group/zyyz/Projects/GVC-RT/experiments/gvcrt_neural_wrapper_v6_2_objective_calibration/features/fullqp/schedule_s2p0/step_2000/normal/video_08_qp0.npz,6b9596f13f48740bcef21ae6941ada622f5f074fe8932c930d74eaadbf156f56,"{'bridge': 'd4ec467021e4da84e6320ec570cb2bd06cb42731372a163c827bb1e8015d2896', 'generator': '746b779eef7c99cda0d395f6d9fd5658ac8e95dfa85e5676c76f0a70fc8cecfa'}",fullqp_schedule_v1,schedule_s2p0,2000,normal,normal,schedule_s2p0,0,0,8,e2bc01fa-5c53-4d42-9024-f31ade141f6b,a9913949275fb3da7c2d09cab8b40713c87655cc206d42ed4344546a597f2d3d,c28ab8c90ec873a0d2dd52c4caea1091aad7b009b7b8dacf657527f79f153c8f,/Huang_group/zyyz/Projects/GVC-RT/experiments/gvcrt_neural_wrapper_v6_2_objective_calibration/branches/schedule_s2p0/checkpoints/step_2000.pt,91d83d8ccc979b42b5a6eb044b8645805dc81f44ded58081814a53d994679b20,/Huang_group/zyyz/Projects/GVC-RT/experiments/gvcrt_neural_wrapper_v6_2_objective_calibration/parts/fullqp/schedule_s2p0/step_2000/normal/video_08_qp0.frames.csv,1f45bb4fa7f004f506c02a5cf46b06fa368b506f55e1d65bc82c684030d0239f,/Huang_group/zyyz/Projects/GVC-RT/experiments/gvcrt_neural_wrapper_v6_2_objective_calibration/features/fullqp/schedule_s2p0/step_2000/normal/video_08_qp0.transitions.csv,6354557e2e0508399b0c96d85576c8d48a08cc6f804b861f4e3a5ffb3a2fd140,99672,"[0, 2, 0, 1, 0, 1, 0, 1, 0, 2, 0, 1, 0, 1, 0, 1, 0, 2, 0, 1, 0, 1, 0, 1, 0, 2, 0, 1, 0, 1, 0, 1]",0.12,4,20.271913051605225,0.09228099160827696,0.012181593134300783,0.002556692939833738,Mean absolute RGB horizontal/vertical first-difference change
20261,20261,5065.25,0.0024427324459876543,151.9575,30.0,32,32,31,0.09172270516864955,0.08422102779150009,27.139433424944105,0.9302654583007097,0.9266086742281914,0.1032643681091647,27.139433424944105,"[1920, 1088]","[1920, 1080]",1,False,,0.2788291871547699,0f0c0e2358ceec024230154da4777ed5c444a8382af1ec9d7165f3d7886141cf,0f0c0e2358ceec024230154da4777ed5c444a8382af1ec9d7165f3d7886141cf,390144c1d5b4cef860d46e698918c4161fb6ea8068ca9f5df4d2592c4a12346c,True,True,True,20261,/Huang_group/zyyz/Projects/GVC-RT/experiments/gvcrt_neural_wrapper_v6_2_objective_calibration/bitstreams/fullqp/schedule_s2p0/step_2000/normal/video_08_qp2.bin,4496613a220bb46622d36879edaf34e93789abc6943fdc107360cf3d405a1130,/Huang_group/zyyz/Projects/GVC-RT/experiments/gvcrt_neural_wrapper_v6_2_objective_calibration/features/fullqp/schedule_s2p0/step_2000/normal/video_08_qp2.npz,99b2fb97a4721066b0d6f14728a9c5671a870a5f1fb6794879eaabbd4b8a8e19,"{'bridge': 'd4ec467021e4da84e6320ec570cb2bd06cb42731372a163c827bb1e8015d2896', 'generator': '746b779eef7c99cda0d395f6d9fd5658ac8e95dfa85e5676c76f0a70fc8cecfa'}",fullqp_schedule_v1,schedule_s2p0,2000,normal,normal,schedule_s2p0,2,2,8,e2bc01fa-5c53-4d42-9024-f31ade141f6b,a9913949275fb3da7c2d09cab8b40713c87655cc206d42ed4344546a597f2d3d,c28ab8c90ec873a0d2dd52c4caea1091aad7b009b7b8dacf657527f79f153c8f,/Huang_group/zyyz/Projects/GVC-RT/experiments/gvcrt_neural_wrapper_v6_2_objective_calibration/branches/schedule_s2p0/checkpoints/step_2000.pt,91d83d8ccc979b42b5a6eb044b8645805dc81f44ded58081814a53d994679b20,/Huang_group/zyyz/Projects/GVC-RT/experiments/gvcrt_neural_wrapper_v6_2_objective_calibration/parts/fullqp/schedule_s2p0/step_2000/normal/video_08_qp2.frames.csv,a32d0664b26c3343e635b90537b749d4a84a43302234b268b665988c4a138685,/Huang_group/zyyz/Projects/GVC-RT/experiments/gvcrt_neural_wrapper_v6_2_objective_calibration/features/fullqp/schedule_s2p0/step_2000/normal/video_08_qp2.transitions.csv,95f88a088d694194d52ec113eac11b9950f08b2ec930bfc4612a40320c941808,162088,"[2, 4, 2, 3, 2, 3, 2, 3, 2, 4, 2, 3, 2, 3, 2, 3, 2, 4, 2, 3, 2, 3, 2, 3, 2, 4, 2, 3, 2, 3, 2, 3]",0.12,4,20.120538234710693,0.09228099160827696,0.012181593134300783,0.002556692939833738,Mean absolute RGB horizontal/vertical first-difference change
34516,34516,8629.0,0.004161361882716049,258.87,30.0,32,32,31,0.07736154168378562,0.07152556255459785,27.962750319062984,0.9419496338814497,0.9409699086099863,0.08473596421460952,27.962750319062984,"[1920, 1088]","[1920, 1080]",1,False,,0.2788291871547699,0f0c0e2358ceec024230154da4777ed5c444a8382af1ec9d7165f3d7886141cf,0f0c0e2358ceec024230154da4777ed5c444a8382af1ec9d7165f3d7886141cf,5c61e10512483d8c0c536f4b8e6f289ae310cf89d90efe82a1ce62ac5dbbf1ea,True,True,True,34516,/Huang_group/zyyz/Projects/GVC-RT/experiments/gvcrt_neural_wrapper_v6_2_objective_calibration/bitstreams/fullqp/schedule_s2p0/step_2000/normal/video_08_qp4.bin,67ab4546e711f9e21c483f6755eaa63ba265c9e78e2ac1c93e0975d888cdcf35,/Huang_group/zyyz/Projects/GVC-RT/experiments/gvcrt_neural_wrapper_v6_2_objective_calibration/features/fullqp/schedule_s2p0/step_2000/normal/video_08_qp4.npz,49d4068d922c5e423aa7b1b99b504f14bfd23945e247d782c985dc6fb5205f62,"{'bridge': 'd4ec467021e4da84e6320ec570cb2bd06cb42731372a163c827bb1e8015d2896', 'generator': '746b779eef7c99cda0d395f6d9fd5658ac8e95dfa85e5676c76f0a70fc8cecfa'}",fullqp_schedule_v1,schedule_s2p0,2000,normal,normal,schedule_s2p0,4,4,8,e2bc01fa-5c53-4d42-9024-f31ade141f6b,a9913949275fb3da7c2d09cab8b40713c87655cc206d42ed4344546a597f2d3d,c28ab8c90ec873a0d2dd52c4caea1091aad7b009b7b8dacf657527f79f153c8f,/Huang_group/zyyz/Projects/GVC-RT/experiments/gvcrt_neural_wrapper_v6_2_objective_calibration/branches/schedule_s2p0/checkpoints/step_2000.pt,91d83d8ccc979b42b5a6eb044b8645805dc81f44ded58081814a53d994679b20,/Huang_group/zyyz/Projects/GVC-RT/experiments/gvcrt_neural_wrapper_v6_2_objective_calibration/parts/fullqp/schedule_s2p0/step_2000/normal/video_08_qp4.frames.csv,91d2f6250cdf686c1f7a13060e0f1791b04ad858eb91fa54b30dcc564ead0d72,/Huang_group/zyyz/Projects/GVC-RT/experiments/gvcrt_neural_wrapper_v6_2_objective_calibration/features/fullqp/schedule_s2p0/step_2000/normal/video_08_qp4.transitions.csv,6b6ddcaa20c3494bfc31b9b96e19380d8190df0c2a2b7434ebfc174309650a01,276128,"[4, 6, 4, 5, 4, 5, 4, 5, 4, 6, 4, 5, 4, 5, 4, 5, 4, 6, 4, 5, 4, 5, 4, 5, 4, 6, 4, 5, 4, 5, 4, 5]",0.12,4,20.15285873413086,0.09228099160827696,0.012181593134300783,0.002556692939833738,Mean absolute RGB horizontal/vertical first-difference change
57066,57066,14266.5,0.006880063657407408,427.995,30.0,32,32,31,0.06626069324556738,0.06269155815243721,28.65857411755758,0.9501668326556683,0.9512805417180061,0.07273653341877845,28.65857411755758,"[1920, 1088]","[1920, 1080]",1,False,,0.2788291871547699,0f0c0e2358ceec024230154da4777ed5c444a8382af1ec9d7165f3d7886141cf,0f0c0e2358ceec024230154da4777ed5c444a8382af1ec9d7165f3d7886141cf,82401fbbddec97890afe72bb29a00628d40541a6f979ac8d26839b5f6f0e101c,True,True,True,57066,/Huang_group/zyyz/Projects/GVC-RT/experiments/gvcrt_neural_wrapper_v6_2_objective_calibration/bitstreams/fullqp/schedule_s2p0/step_2000/normal/video_08_qp6.bin,1ce47637717bc8e076fb3599396fcb2bfe6175272a1525e9009cfdd1f6012019,/Huang_group/zyyz/Projects/GVC-RT/experiments/gvcrt_neural_wrapper_v6_2_objective_calibration/features/fullqp/schedule_s2p0/step_2000/normal/video_08_qp6.npz,a8f5d42d7d4d9464513e01be710696f454aa67cb6eaf38f0b24d17424a6add33,"{'bridge': 'd4ec467021e4da84e6320ec570cb2bd06cb42731372a163c827bb1e8015d2896', 'generator': '746b779eef7c99cda0d395f6d9fd5658ac8e95dfa85e5676c76f0a70fc8cecfa'}",fullqp_schedule_v1,schedule_s2p0,2000,normal,normal,schedule_s2p0,6,6,8,e2bc01fa-5c53-4d42-9024-f31ade141f6b,a9913949275fb3da7c2d09cab8b40713c87655cc206d42ed4344546a597f2d3d,c28ab8c90ec873a0d2dd52c4caea1091aad7b009b7b8dacf657527f79f153c8f,/Huang_group/zyyz/Projects/GVC-RT/experiments/gvcrt_neural_wrapper_v6_2_objective_calibration/branches/schedule_s2p0/checkpoints/step_2000.pt,91d83d8ccc979b42b5a6eb044b8645805dc81f44ded58081814a53d994679b20,/Huang_group/zyyz/Projects/GVC-RT/experiments/gvcrt_neural_wrapper_v6_2_objective_calibration/parts/fullqp/schedule_s2p0/step_2000/normal/video_08_qp6.frames.csv,bdceb6ca61126d4a0c220bac56d2fb8f9c14e9174520162f8cd54425bc8d6661,/Huang_group/zyyz/Projects/GVC-RT/experiments/gvcrt_neural_wrapper_v6_2_objective_calibration/features/fullqp/schedule_s2p0/step_2000/normal/video_08_qp6.transitions.csv,24187e3ef4245eb99b2cee0420d9f16d21eeca364246107540703c3656f216e5,456528,"[6, 8, 6, 7, 6, 7, 6, 7, 6, 8, 6, 7, 6, 7, 6, 7, 6, 8, 6, 7, 6, 7, 6, 7, 6, 8, 6, 7, 6, 7, 6, 7]",0.12,4,20.303136587142944,0.09228099160827696,0.012181593134300783,0.002556692939833738,Mean absolute RGB horizontal/vertical first-difference change
89518,89518,22379.5,0.010792582947530865,671.385,30.0,32,32,31,0.06007413018960506,0.057238105684518814,29.092477271223554,0.9546716287732124,0.9578801542520523,0.06574364198792365,29.092477271223554,"[1920, 1088]","[1920, 1080]",1,False,,0.2788291871547699,0f0c0e2358ceec024230154da4777ed5c444a8382af1ec9d7165f3d7886141cf,0f0c0e2358ceec024230154da4777ed5c444a8382af1ec9d7165f3d7886141cf,e0e69c2bd95a890101e5e6b02b63b538a303d4c15ca77327f650f98f5d3e5706,True,True,True,89518,/Huang_group/zyyz/Projects/GVC-RT/experiments/gvcrt_neural_wrapper_v6_2_objective_calibration/bitstreams/fullqp/schedule_s2p0/step_2000/normal/video_08_qp8.bin,ca820d92da09754f8cefe71936280202fc654f17ba8b1dc6527b0bed06063fc7,/Huang_group/zyyz/Projects/GVC-RT/experiments/gvcrt_neural_wrapper_v6_2_objective_calibration/features/fullqp/schedule_s2p0/step_2000/normal/video_08_qp8.npz,4b89aa218cb7528f1324bbd142f4354e0bac995333320328e8582fd6a6f283ec,"{'bridge': 'd4ec467021e4da84e6320ec570cb2bd06cb42731372a163c827bb1e8015d2896', 'generator': '746b779eef7c99cda0d395f6d9fd5658ac8e95dfa85e5676c76f0a70fc8cecfa'}",fullqp_schedule_v1,schedule_s2p0,2000,normal,normal,schedule_s2p0,8,8,8,e2bc01fa-5c53-4d42-9024-f31ade141f6b,a9913949275fb3da7c2d09cab8b40713c87655cc206d42ed4344546a597f2d3d,c28ab8c90ec873a0d2dd52c4caea1091aad7b009b7b8dacf657527f79f153c8f,/Huang_group/zyyz/Projects/GVC-RT/experiments/gvcrt_neural_wrapper_v6_2_objective_calibration/branches/schedule_s2p0/checkpoints/step_2000.pt,91d83d8ccc979b42b5a6eb044b8645805dc81f44ded58081814a53d994679b20,/Huang_group/zyyz/Projects/GVC-RT/experiments/gvcrt_neural_wrapper_v6_2_objective_calibration/parts/fullqp/schedule_s2p0/step_2000/normal/video_08_qp8.frames.csv,88b441efeda38d41419093288d4ea2d7c5e08c7cae3fc68f98cbaf30b9972d8c,/Huang_group/zyyz/Projects/GVC-RT/experiments/gvcrt_neural_wrapper_v6_2_objective_calibration/features/fullqp/schedule_s2p0/step_2000/normal/video_08_qp8.transitions.csv,1521cbc69c36fcf3d9a92e0ce1f4a17a2b51bb94178fe3095be100a8332bc541,716144,"[8, 10, 8, 9, 8, 9, 8, 9, 8, 10, 8, 9, 8, 9, 8, 9, 8, 10, 8, 9, 8, 9, 8, 9, 8, 10, 8, 9, 8, 9, 8, 9]",0.12,4,20.791479349136353,0.09228099160827696,0.012181593134300783,0.002556692939833738,Mean absolute RGB horizontal/vertical first-difference change
109422,109422,27355.5,0.013192274305555555,820.665,30.0,32,32,31,0.05792505748104304,0.05440324358642101,29.284933177316802,0.9565567877143621,0.9604018237441778,0.06315068552090276,29.284933177316802,"[1920, 1088]","[1920, 1080]",1,False,,0.2788291871547699,0f0c0e2358ceec024230154da4777ed5c444a8382af1ec9d7165f3d7886141cf,0f0c0e2358ceec024230154da4777ed5c444a8382af1ec9d7165f3d7886141cf,7f503a8f50848b293167c3171893369650589ee355a1abb05c2814ddff1eadbf,True,True,True,109422,/Huang_group/zyyz/Projects/GVC-RT/experiments/gvcrt_neural_wrapper_v6_2_objective_calibration/bitstreams/fullqp/schedule_s2p0/step_2000/normal/video_08_qp9.bin,95f3bc1b64264c01c9ac4ba3e3d284b982bfd49a580551ad9d6c895077253241,/Huang_group/zyyz/Projects/GVC-RT/experiments/gvcrt_neural_wrapper_v6_2_objective_calibration/features/fullqp/schedule_s2p0/step_2000/normal/video_08_qp9.npz,ac23b01d6dab8f1768931ffcb3ebe7baf351df440a9c7e8efc41b1e57dff9408,"{'bridge': 'd4ec467021e4da84e6320ec570cb2bd06cb42731372a163c827bb1e8015d2896', 'generator': '746b779eef7c99cda0d395f6d9fd5658ac8e95dfa85e5676c76f0a70fc8cecfa'}",fullqp_schedule_v1,schedule_s2p0,2000,normal,normal,schedule_s2p0,9,9,8,e2bc01fa-5c53-4d42-9024-f31ade141f6b,a9913949275fb3da7c2d09cab8b40713c87655cc206d42ed4344546a597f2d3d,c28ab8c90ec873a0d2dd52c4caea1091aad7b009b7b8dacf657527f79f153c8f,/Huang_group/zyyz/Projects/GVC-RT/experiments/gvcrt_neural_wrapper_v6_2_objective_calibration/branches/schedule_s2p0/checkpoints/step_2000.pt,91d83d8ccc979b42b5a6eb044b8645805dc81f44ded58081814a53d994679b20,/Huang_group/zyyz/Projects/GVC-RT/experiments/gvcrt_neural_wrapper_v6_2_objective_calibration/parts/fullqp/schedule_s2p0/step_2000/normal/video_08_qp9.frames.csv,4628033b5f3509bf34e919cdbd0268c364d0d69fc6a1bb59a7f2674f3c6ce63b,/Huang_group/zyyz/Projects/GVC-RT/experiments/gvcrt_neural_wrapper_v6_2_objective_calibration/features/fullqp/schedule_s2p0/step_2000/normal/video_08_qp9.transitions.csv,d3209e1a48fe6113a8970e99bc14d7ad0d0f80230c37e8a428a059f226ffd9c6,875376,"[9, 11, 9, 10, 9, 10, 9, 10, 9, 11, 9, 10, 9, 10, 9, 10, 9, 11, 9, 10, 9, 10, 9, 10, 9, 11, 9, 10, 9, 10, 9, 10]",0.12,4,20.65107560157776,0.09228099160827696,0.012181593134300783,0.002556692939833738,Mean absolute RGB horizontal/vertical first-difference change
10404,10404,2601.0,0.0012543402777777778,78.03,30.0,32,32,31,0.1273362038191408,0.10612753964960575,23.32501139523704,0.9454719517379999,0.934840640053153,0.14978316762754995,23.32501139523704,"[1920, 1088]","[1920, 1080]",1,False,,0.39423272013664246,0f0c0e2358ceec024230154da4777ed5c444a8382af1ec9d7165f3d7886141cf,0f0c0e2358ceec024230154da4777ed5c444a8382af1ec9d7165f3d7886141cf,50d510f8813aa8a9413b2df92b530b027066d4b3439bebd3aa3125423feba694,True,True,True,10404,/Huang_group/zyyz/Projects/GVC-RT/experiments/gvcrt_neural_wrapper_v6_2_objective_calibration/bitstreams/fullqp/schedule_s2p0/step_2000/normal/video_09_qp0.bin,39ca9ab00f5fd5ba9e4340b9f129bb35b5a97439498fc37bcd935b06a947465e,/Huang_group/zyyz/Projects/GVC-RT/experiments/gvcrt_neural_wrapper_v6_2_objective_calibration/features/fullqp/schedule_s2p0/step_2000/normal/video_09_qp0.npz,50b2707a29c19097da838238cea0bcec45bd9de3c6d5cbcb2083717ccc6cd14e,"{'bridge': 'd4ec467021e4da84e6320ec570cb2bd06cb42731372a163c827bb1e8015d2896', 'generator': '746b779eef7c99cda0d395f6d9fd5658ac8e95dfa85e5676c76f0a70fc8cecfa'}",fullqp_schedule_v1,schedule_s2p0,2000,normal,normal,schedule_s2p0,0,0,9,49d6b04e-94b9-41e7-920b-ff925c358ec4,67a04d28c5de109ffe638f8c2ac400353fd207eaf655292268bf8d88edfc3806,805492d764bb3e22ce4e096ec77ec0c5f9500369b562ee83ab10214d95a9c6a6,/Huang_group/zyyz/Projects/GVC-RT/experiments/gvcrt_neural_wrapper_v6_2_objective_calibration/branches/schedule_s2p0/checkpoints/step_2000.pt,91d83d8ccc979b42b5a6eb044b8645805dc81f44ded58081814a53d994679b20,/Huang_group/zyyz/Projects/GVC-RT/experiments/gvcrt_neural_wrapper_v6_2_objective_calibration/parts/fullqp/schedule_s2p0/step_2000/normal/video_09_qp0.frames.csv,0ee1f53514d1148aa3851851f9d87da8abeb6d8eea8ce8134fdc6629b1b3a44f,/Huang_group/zyyz/Projects/GVC-RT/experiments/gvcrt_neural_wrapper_v6_2_objective_calibration/features/fullqp/schedule_s2p0/step_2000/normal/video_09_qp0.transitions.csv,b29bc0fdd1aca7eefb9f9a189a03dd75840bcd14a18c373b955ad646bd5d485c,83232,"[0, 2, 0, 1, 0, 1, 0, 1, 0, 2, 0, 1, 0, 1, 0, 1, 0, 2, 0, 1, 0, 1, 0, 1, 0, 2, 0, 1, 0, 1, 0, 1]",0.12,6,20.138195753097534,0.06573616759851575,0.006823523930506781,0.0015952079993439838,Mean absolute RGB horizontal/vertical first-difference change
15651,15651,3912.75,0.001886935763888889,117.3825,30.0,32,32,31,0.10713895317167044,0.0940175261348486,24.227189830698293,0.9543894734233618,0.9471279680728912,0.1269005010685613,24.227189830698293,"[1920, 1088]","[1920, 1080]",1,False,,0.39423272013664246,0f0c0e2358ceec024230154da4777ed5c444a8382af1ec9d7165f3d7886141cf,0f0c0e2358ceec024230154da4777ed5c444a8382af1ec9d7165f3d7886141cf,d7ab710c38d116782ea9892422dec779bb7d1dc20569aa8364fc5eccbec33f31,True,True,True,15651,/Huang_group/zyyz/Projects/GVC-RT/experiments/gvcrt_neural_wrapper_v6_2_objective_calibration/bitstreams/fullqp/schedule_s2p0/step_2000/normal/video_09_qp2.bin,f163dc8c8aec5f2256dd466b89d6cdeade32dd653a37d49280370cb3fa7c3939,/Huang_group/zyyz/Projects/GVC-RT/experiments/gvcrt_neural_wrapper_v6_2_objective_calibration/features/fullqp/schedule_s2p0/step_2000/normal/video_09_qp2.npz,bc85a08f634181c83aa445584b99d7d8604dba8359b794e3dcbca5bf6c1d672b,"{'bridge': 'd4ec467021e4da84e6320ec570cb2bd06cb42731372a163c827bb1e8015d2896', 'generator': '746b779eef7c99cda0d395f6d9fd5658ac8e95dfa85e5676c76f0a70fc8cecfa'}",fullqp_schedule_v1,schedule_s2p0,2000,normal,normal,schedule_s2p0,2,2,9,49d6b04e-94b9-41e7-920b-ff925c358ec4,67a04d28c5de109ffe638f8c2ac400353fd207eaf655292268bf8d88edfc3806,805492d764bb3e22ce4e096ec77ec0c5f9500369b562ee83ab10214d95a9c6a6,/Huang_group/zyyz/Projects/GVC-RT/experiments/gvcrt_neural_wrapper_v6_2_objective_calibration/branches/schedule_s2p0/checkpoints/step_2000.pt,91d83d8ccc979b42b5a6eb044b8645805dc81f44ded58081814a53d994679b20,/Huang_group/zyyz/Projects/GVC-RT/experiments/gvcrt_neural_wrapper_v6_2_objective_calibration/parts/fullqp/schedule_s2p0/step_2000/normal/video_09_qp2.frames.csv,278e16909e72233910438aaf8494935488cd7387faec1881c99025377a5568d7,/Huang_group/zyyz/Projects/GVC-RT/experiments/gvcrt_neural_wrapper_v6_2_objective_calibration/features/fullqp/schedule_s2p0/step_2000/normal/video_09_qp2.transitions.csv,44a1711fa8c6eeb33f4c75a8f695c7670a22a61a4d47c4616eda6d57b41cc5bb,125208,"[2, 4, 2, 3, 2, 3, 2, 3, 2, 4, 2, 3, 2, 3, 2, 3, 2, 4, 2, 3, 2, 3, 2, 3, 2, 4, 2, 3, 2, 3, 2, 3]",0.12,6,20.165544748306274,0.06573616759851575,0.006823523930506781,0.0015952079993439838,Mean absolute RGB horizontal/vertical first-difference change
25223,25223,6305.75,0.003040967399691358,189.1725,30.0,32,32,31,0.09225363261066377,0.08393247425556183,24.974804854343326,0.9607897084206343,0.9551369547843933,0.10307212005699834,24.974804854343326,"[1920, 1088]","[1920, 1080]",1,False,,0.39423272013664246,0f0c0e2358ceec024230154da4777ed5c444a8382af1ec9d7165f3d7886141cf,0f0c0e2358ceec024230154da4777ed5c444a8382af1ec9d7165f3d7886141cf,d7930cdbce8455cf4d6aff5610585428ad7aadf16971968895da11ab944353c8,True,True,True,25223,/Huang_group/zyyz/Projects/GVC-RT/experiments/gvcrt_neural_wrapper_v6_2_objective_calibration/bitstreams/fullqp/schedule_s2p0/step_2000/normal/video_09_qp4.bin,c23a4a6b96a14ab584ae5534ee122f881a5b88aef81e175a7fa463c3079b2c32,/Huang_group/zyyz/Projects/GVC-RT/experiments/gvcrt_neural_wrapper_v6_2_objective_calibration/features/fullqp/schedule_s2p0/step_2000/normal/video_09_qp4.npz,671cbc5ccc97c5733a4eeadae66b81fe7be445a00ed261e2fda172eace436690,"{'bridge': 'd4ec467021e4da84e6320ec570cb2bd06cb42731372a163c827bb1e8015d2896', 'generator': '746b779eef7c99cda0d395f6d9fd5658ac8e95dfa85e5676c76f0a70fc8cecfa'}",fullqp_schedule_v1,schedule_s2p0,2000,normal,normal,schedule_s2p0,4,4,9,49d6b04e-94b9-41e7-920b-ff925c358ec4,67a04d28c5de109ffe638f8c2ac400353fd207eaf655292268bf8d88edfc3806,805492d764bb3e22ce4e096ec77ec0c5f9500369b562ee83ab10214d95a9c6a6,/Huang_group/zyyz/Projects/GVC-RT/experiments/gvcrt_neural_wrapper_v6_2_objective_calibration/branches/schedule_s2p0/checkpoints/step_2000.pt,91d83d8ccc979b42b5a6eb044b8645805dc81f44ded58081814a53d994679b20,/Huang_group/zyyz/Projects/GVC-RT/experiments/gvcrt_neural_wrapper_v6_2_objective_calibration/parts/fullqp/schedule_s2p0/step_2000/normal/video_09_qp4.frames.csv,754214e0d6dc54c3d2f893e8f465a19c826f8b6c34ba5f85d436b6bc7f46fa0d,/Huang_group/zyyz/Projects/GVC-RT/experiments/gvcrt_neural_wrapper_v6_2_objective_calibration/features/fullqp/schedule_s2p0/step_2000/normal/video_09_qp4.transitions.csv,d078df2a547660e722077d64c216f70797d0220c7422dbd33e5e1e72994ed64e,201784,"[4, 6, 4, 5, 4, 5, 4, 5, 4, 6, 4, 5, 4, 5, 4, 5, 4, 6, 4, 5, 4, 5, 4, 5, 4, 6, 4, 5, 4, 5, 4, 5]",0.12,6,20.214568853378296,0.06573616759851575,0.006823523930506781,0.0015952079993439838,Mean absolute RGB horizontal/vertical first-difference change
42121,42121,10530.25,0.005078245563271605,315.9075,30.0,32,32,31,0.08130090427584946,0.07597307860851288,25.480032983773896,0.9646761268377304,0.9609083160758018,0.0865251729565282,25.480032983773896,"[1920, 1088]","[1920, 1080]",1,False,,0.39423272013664246,0f0c0e2358ceec024230154da4777ed5c444a8382af1ec9d7165f3d7886141cf,0f0c0e2358ceec024230154da4777ed5c444a8382af1ec9d7165f3d7886141cf,b94a690f8936822777c986491faefa0bc74d17f075454b5499227050da8bb1e5,True,True,True,42121,/Huang_group/zyyz/Projects/GVC-RT/experiments/gvcrt_neural_wrapper_v6_2_objective_calibration/bitstreams/fullqp/schedule_s2p0/step_2000/normal/video_09_qp6.bin,8f43e6c4f403637d669c1c03980acc81a47d2056c5f40d844bc80f321fd645bf,/Huang_group/zyyz/Projects/GVC-RT/experiments/gvcrt_neural_wrapper_v6_2_objective_calibration/features/fullqp/schedule_s2p0/step_2000/normal/video_09_qp6.npz,85234c72128dcb80142c075692e4b51063985101118a6658098221e1901f8b5f,"{'bridge': 'd4ec467021e4da84e6320ec570cb2bd06cb42731372a163c827bb1e8015d2896', 'generator': '746b779eef7c99cda0d395f6d9fd5658ac8e95dfa85e5676c76f0a70fc8cecfa'}",fullqp_schedule_v1,schedule_s2p0,2000,normal,normal,schedule_s2p0,6,6,9,49d6b04e-94b9-41e7-920b-ff925c358ec4,67a04d28c5de109ffe638f8c2ac400353fd207eaf655292268bf8d88edfc3806,805492d764bb3e22ce4e096ec77ec0c5f9500369b562ee83ab10214d95a9c6a6,/Huang_group/zyyz/Projects/GVC-RT/experiments/gvcrt_neural_wrapper_v6_2_objective_calibration/branches/schedule_s2p0/checkpoints/step_2000.pt,91d83d8ccc979b42b5a6eb044b8645805dc81f44ded58081814a53d994679b20,/Huang_group/zyyz/Projects/GVC-RT/experiments/gvcrt_neural_wrapper_v6_2_objective_calibration/parts/fullqp/schedule_s2p0/step_2000/normal/video_09_qp6.frames.csv,a02d7e6a14ac549cf76516f28b5ba76bb98fc0e2584738809a4d89d023f49db6,/Huang_group/zyyz/Projects/GVC-RT/experiments/gvcrt_neural_wrapper_v6_2_objective_calibration/features/fullqp/schedule_s2p0/step_2000/normal/video_09_qp6.transitions.csv,a199e0177435d8c91ea2c0be7c1fbc6e2dee70ef404bd7caa5389128cd70e821,336968,"[6, 8, 6, 7, 6, 7, 6, 7, 6, 8, 6, 7, 6, 7, 6, 7, 6, 8, 6, 7, 6, 7, 6, 7, 6, 8, 6, 7, 6, 7, 6, 7]",0.12,6,20.231430768966675,0.06573616759851575,0.006823523930506781,0.0015952079993439838,Mean absolute RGB horizontal/vertical first-difference change
70319,70319,17579.75,0.008477888695987654,527.3925,30.0,32,32,31,0.07293328666128218,0.0706887785345316,25.894614427862365,0.9675866439938545,0.9647707529366016,0.07525481235596441,25.894614427862365,"[1920, 1088]","[1920, 1080]",1,False,,0.39423272013664246,0f0c0e2358ceec024230154da4777ed5c444a8382af1ec9d7165f3d7886141cf,0f0c0e2358ceec024230154da4777ed5c444a8382af1ec9d7165f3d7886141cf,9942ffddce199aa62228a1499f7be459bdb631325a63aad67d0ea89f37e9dbfe,True,True,True,70319,/Huang_group/zyyz/Projects/GVC-RT/experiments/gvcrt_neural_wrapper_v6_2_objective_calibration/bitstreams/fullqp/schedule_s2p0/step_2000/normal/video_09_qp8.bin,6ea349138b1058e4178d7e4436da835e9d2583281f2bbc038f615791976c31d1,/Huang_group/zyyz/Projects/GVC-RT/experiments/gvcrt_neural_wrapper_v6_2_objective_calibration/features/fullqp/schedule_s2p0/step_2000/normal/video_09_qp8.npz,9b101bcfeee0c272bb787b27f640acbb67f3b9c6d9539ffa6da3fd8207f4645c,"{'bridge': 'd4ec467021e4da84e6320ec570cb2bd06cb42731372a163c827bb1e8015d2896', 'generator': '746b779eef7c99cda0d395f6d9fd5658ac8e95dfa85e5676c76f0a70fc8cecfa'}",fullqp_schedule_v1,schedule_s2p0,2000,normal,normal,schedule_s2p0,8,8,9,49d6b04e-94b9-41e7-920b-ff925c358ec4,67a04d28c5de109ffe638f8c2ac400353fd207eaf655292268bf8d88edfc3806,805492d764bb3e22ce4e096ec77ec0c5f9500369b562ee83ab10214d95a9c6a6,/Huang_group/zyyz/Projects/GVC-RT/experiments/gvcrt_neural_wrapper_v6_2_objective_calibration/branches/schedule_s2p0/checkpoints/step_2000.pt,91d83d8ccc979b42b5a6eb044b8645805dc81f44ded58081814a53d994679b20,/Huang_group/zyyz/Projects/GVC-RT/experiments/gvcrt_neural_wrapper_v6_2_objective_calibration/parts/fullqp/schedule_s2p0/step_2000/normal/video_09_qp8.frames.csv,8d549d733ceb1682724d4f91505ee7fc9a9b5e9d62f51a028ae9a0d67e36ffd6,/Huang_group/zyyz/Projects/GVC-RT/experiments/gvcrt_neural_wrapper_v6_2_objective_calibration/features/fullqp/schedule_s2p0/step_2000/normal/video_09_qp8.transitions.csv,65186e05730cdca1cdf6feb06d4fa2a35b88f8a36230c9c1b6a6d40383b36bbc,562552,"[8, 10, 8, 9, 8, 9, 8, 9, 8, 10, 8, 9, 8, 9, 8, 9, 8, 10, 8, 9, 8, 9, 8, 9, 8, 10, 8, 9, 8, 9, 8, 9]",0.12,6,20.316117763519287,0.06573616759851575,0.006823523930506781,0.0015952079993439838,Mean absolute RGB horizontal/vertical first-difference change
87960,87960,21990.0,0.01060474537037037,659.7,30.0,32,32,31,0.0700616524554789,0.06883570365607738,26.14799649011377,0.9692349787801504,0.966559587046504,0.07147344826690612,26.14799649011377,"[1920, 1088]","[1920, 1080]",1,False,,0.39423272013664246,0f0c0e2358ceec024230154da4777ed5c444a8382af1ec9d7165f3d7886141cf,0f0c0e2358ceec024230154da4777ed5c444a8382af1ec9d7165f3d7886141cf,64223029b44e1d83c1b3f7e74e2d36ce9da189cba63432925e0a60775c919af5,True,True,True,87960,/Huang_group/zyyz/Projects/GVC-RT/experiments/gvcrt_neural_wrapper_v6_2_objective_calibration/bitstreams/fullqp/schedule_s2p0/step_2000/normal/video_09_qp9.bin,1516d031cc0bfe1b23c145ac65bf5c3f79f2c13b659f49361154a7e6efbdca6e,/Huang_group/zyyz/Projects/GVC-RT/experiments/gvcrt_neural_wrapper_v6_2_objective_calibration/features/fullqp/schedule_s2p0/step_2000/normal/video_09_qp9.npz,4404431b151d71a6d6e0842835bdb79a85185a42b80d386526778109947ec767,"{'bridge': 'd4ec467021e4da84e6320ec570cb2bd06cb42731372a163c827bb1e8015d2896', 'generator': '746b779eef7c99cda0d395f6d9fd5658ac8e95dfa85e5676c76f0a70fc8cecfa'}",fullqp_schedule_v1,schedule_s2p0,2000,normal,normal,schedule_s2p0,9,9,9,49d6b04e-94b9-41e7-920b-ff925c358ec4,67a04d28c5de109ffe638f8c2ac400353fd207eaf655292268bf8d88edfc3806,805492d764bb3e22ce4e096ec77ec0c5f9500369b562ee83ab10214d95a9c6a6,/Huang_group/zyyz/Projects/GVC-RT/experiments/gvcrt_neural_wrapper_v6_2_objective_calibration/branches/schedule_s2p0/checkpoints/step_2000.pt,91d83d8ccc979b42b5a6eb044b8645805dc81f44ded58081814a53d994679b20,/Huang_group/zyyz/Projects/GVC-RT/experiments/gvcrt_neural_wrapper_v6_2_objective_calibration/parts/fullqp/schedule_s2p0/step_2000/normal/video_09_qp9.frames.csv,aebe6240097c54c4f07175cf23bcdc83dbb196bb37c1e8654ac974aeac78db06,/Huang_group/zyyz/Projects/GVC-RT/experiments/gvcrt_neural_wrapper_v6_2_objective_calibration/features/fullqp/schedule_s2p0/step_2000/normal/video_09_qp9.transitions.csv,b4b89fa4b5272170565b98281756ffdbde76a0a128897af4aa734777234be6cb,703680,"[9, 11, 9, 10, 9, 10, 9, 10, 9, 11, 9, 10, 9, 10, 9, 10, 9, 11, 9, 10, 9, 10, 9, 10, 9, 11, 9, 10, 9, 10, 9, 10]",0.12,6,20.43211054801941,0.06573616759851575,0.006823523930506781,0.0015952079993439838,Mean absolute RGB horizontal/vertical first-difference change
10150,10150,2537.5,0.0012237172067901235,76.125,30.0,32,32,31,0.28220989275723696,0.15837918408215046,19.953092818042123,0.8510405253618956,0.6183891389518976,0.32599705890301733,19.953092818042123,"[1920, 1088]","[1920, 1080]",1,False,,0.32293209433555603,0f0c0e2358ceec024230154da4777ed5c444a8382af1ec9d7165f3d7886141cf,0f0c0e2358ceec024230154da4777ed5c444a8382af1ec9d7165f3d7886141cf,6b6794a7ac5cddeef19e58b74e6663fe5ec2114eb3b0d95b8639f437fe54f860,True,True,True,10150,/Huang_group/zyyz/Projects/GVC-RT/experiments/gvcrt_neural_wrapper_v6_2_objective_calibration/bitstreams/fullqp/schedule_s2p0/step_2000/normal/video_10_qp0.bin,e1bf6124379a84cc67d8bc38388f38f668cba2fe735d8d657cc16b8d56d5a63c,/Huang_group/zyyz/Projects/GVC-RT/experiments/gvcrt_neural_wrapper_v6_2_objective_calibration/features/fullqp/schedule_s2p0/step_2000/normal/video_10_qp0.npz,c469cfb1a49ee0b397789cd10c9157f238e4c31c1ceeee298b78a91f6e555a34,"{'bridge': 'd4ec467021e4da84e6320ec570cb2bd06cb42731372a163c827bb1e8015d2896', 'generator': '746b779eef7c99cda0d395f6d9fd5658ac8e95dfa85e5676c76f0a70fc8cecfa'}",fullqp_schedule_v1,schedule_s2p0,2000,normal,normal,schedule_s2p0,0,0,10,89633b73-550c-4229-a6a0-15e10ea26e4f,dcdf00943ab610b741b5768ce1697b31c85f596444312d326f688306346be855,cbe81c20702d2c99bcd9d9a08c617eada0243eadf534fdf4bd14188c6d7d2a91,/Huang_group/zyyz/Projects/GVC-RT/experiments/gvcrt_neural_wrapper_v6_2_objective_calibration/branches/schedule_s2p0/checkpoints/step_2000.pt,91d83d8ccc979b42b5a6eb044b8645805dc81f44ded58081814a53d994679b20,/Huang_group/zyyz/Projects/GVC-RT/experiments/gvcrt_neural_wrapper_v6_2_objective_calibration/parts/fullqp/schedule_s2p0/step_2000/normal/video_10_qp0.frames.csv,9482ca844d2dcdc97fa24ce9cd4051dd32040c2b0ff188a38bfca43cf463958b,/Huang_group/zyyz/Projects/GVC-RT/experiments/gvcrt_neural_wrapper_v6_2_objective_calibration/features/fullqp/schedule_s2p0/step_2000/normal/video_10_qp0.transitions.csv,e49adfc544808299833e8489493a6849f1a233ab38ee9f56e284eaec088af085,81200,"[0, 2, 0, 1, 0, 1, 0, 1, 0, 2, 0, 1, 0, 1, 0, 1, 0, 2, 0, 1, 0, 1, 0, 1, 0, 2, 0, 1, 0, 1, 0, 1]",0.12,4,20.413915395736694,0.0765274609439075,0.008623086934676394,0.012148444599006325,Mean absolute RGB horizontal/vertical first-difference change
15797,15797,3949.25,0.00190453800154321,118.4775,30.0,32,32,31,0.24185359105467796,0.14903481490910053,20.549463136779792,0.8671340439468622,0.672949593514204,0.2617078000499356,20.549463136779792,"[1920, 1088]","[1920, 1080]",1,False,,0.32293209433555603,0f0c0e2358ceec024230154da4777ed5c444a8382af1ec9d7165f3d7886141cf,0f0c0e2358ceec024230154da4777ed5c444a8382af1ec9d7165f3d7886141cf,d058c90e46d9d08a66cafa1562d9525a9846a9996daf33c474172fbe6e380789,True,True,True,15797,/Huang_group/zyyz/Projects/GVC-RT/experiments/gvcrt_neural_wrapper_v6_2_objective_calibration/bitstreams/fullqp/schedule_s2p0/step_2000/normal/video_10_qp2.bin,346ce4b638cdc4b001dcc1ccc3f4f601c6e4bc64df9ce70e8ff5f3fb09c1edd5,/Huang_group/zyyz/Projects/GVC-RT/experiments/gvcrt_neural_wrapper_v6_2_objective_calibration/features/fullqp/schedule_s2p0/step_2000/normal/video_10_qp2.npz,7142ef39baf1ca3b855ff4c2eb3d44a192a423364513f14f702ba2224816a5e4,"{'bridge': 'd4ec467021e4da84e6320ec570cb2bd06cb42731372a163c827bb1e8015d2896', 'generator': '746b779eef7c99cda0d395f6d9fd5658ac8e95dfa85e5676c76f0a70fc8cecfa'}",fullqp_schedule_v1,schedule_s2p0,2000,normal,normal,schedule_s2p0,2,2,10,89633b73-550c-4229-a6a0-15e10ea26e4f,dcdf00943ab610b741b5768ce1697b31c85f596444312d326f688306346be855,cbe81c20702d2c99bcd9d9a08c617eada0243eadf534fdf4bd14188c6d7d2a91,/Huang_group/zyyz/Projects/GVC-RT/experiments/gvcrt_neural_wrapper_v6_2_objective_calibration/branches/schedule_s2p0/checkpoints/step_2000.pt,91d83d8ccc979b42b5a6eb044b8645805dc81f44ded58081814a53d994679b20,/Huang_group/zyyz/Projects/GVC-RT/experiments/gvcrt_neural_wrapper_v6_2_objective_calibration/parts/fullqp/schedule_s2p0/step_2000/normal/video_10_qp2.frames.csv,8ea37cfa306d557295b9c4b77754b0d5a8afad92cce6cae7aedd90296dfb6cdd,/Huang_group/zyyz/Projects/GVC-RT/experiments/gvcrt_neural_wrapper_v6_2_objective_calibration/features/fullqp/schedule_s2p0/step_2000/normal/video_10_qp2.transitions.csv,321a8e3a25c9e0f44c5218327e7633e296e847d83de2cd56307da854b594f1d3,126376,"[2, 4, 2, 3, 2, 3, 2, 3, 2, 4, 2, 3, 2, 3, 2, 3, 2, 4, 2, 3, 2, 3, 2, 3, 2, 4, 2, 3, 2, 3, 2, 3]",0.12,4,20.15843963623047,0.0765274609439075,0.008623086934676394,0.012148444599006325,Mean absolute RGB horizontal/vertical first-difference change
26808,26808,6702.0,0.003232060185185185,201.06,30.0,32,32,31,0.20977454958483577,0.13905798643827438,21.188891313024186,0.8823389634490013,0.7233233004808426,0.22212225342950515,21.188891313024186,"[1920, 1088]","[1920, 1080]",1,False,,0.32293209433555603,0f0c0e2358ceec024230154da4777ed5c444a8382af1ec9d7165f3d7886141cf,0f0c0e2358ceec024230154da4777ed5c444a8382af1ec9d7165f3d7886141cf,b5ce1c8b3d093d67d1588f1cc0d0bf722b75d24148b2fe8646249472a63aa6b6,True,True,True,26808,/Huang_group/zyyz/Projects/GVC-RT/experiments/gvcrt_neural_wrapper_v6_2_objective_calibration/bitstreams/fullqp/schedule_s2p0/step_2000/normal/video_10_qp4.bin,1daee38e248bf532171d5c34e630c1703807c92ebce465420937b7360034a3ac,/Huang_group/zyyz/Projects/GVC-RT/experiments/gvcrt_neural_wrapper_v6_2_objective_calibration/features/fullqp/schedule_s2p0/step_2000/normal/video_10_qp4.npz,191c21c790347c43f40f5f5fdd3dbebd5989ca48f968ce90425ad441f2742161,"{'bridge': 'd4ec467021e4da84e6320ec570cb2bd06cb42731372a163c827bb1e8015d2896', 'generator': '746b779eef7c99cda0d395f6d9fd5658ac8e95dfa85e5676c76f0a70fc8cecfa'}",fullqp_schedule_v1,schedule_s2p0,2000,normal,normal,schedule_s2p0,4,4,10,89633b73-550c-4229-a6a0-15e10ea26e4f,dcdf00943ab610b741b5768ce1697b31c85f596444312d326f688306346be855,cbe81c20702d2c99bcd9d9a08c617eada0243eadf534fdf4bd14188c6d7d2a91,/Huang_group/zyyz/Projects/GVC-RT/experiments/gvcrt_neural_wrapper_v6_2_objective_calibration/branches/schedule_s2p0/checkpoints/step_2000.pt,91d83d8ccc979b42b5a6eb044b8645805dc81f44ded58081814a53d994679b20,/Huang_group/zyyz/Projects/GVC-RT/experiments/gvcrt_neural_wrapper_v6_2_objective_calibration/parts/fullqp/schedule_s2p0/step_2000/normal/video_10_qp4.frames.csv,34cc848c92ac1efc23b42dbed976d37c9649820e4423634963767532c4662007,/Huang_group/zyyz/Projects/GVC-RT/experiments/gvcrt_neural_wrapper_v6_2_objective_calibration/features/fullqp/schedule_s2p0/step_2000/normal/video_10_qp4.transitions.csv,7a1389c703689921c5038629aeb65ea306df3ad94454abcdf3ef1007d4e533bc,214464,"[4, 6, 4, 5, 4, 5, 4, 5, 4, 6, 4, 5, 4, 5, 4, 5, 4, 6, 4, 5, 4, 5, 4, 5, 4, 6, 4, 5, 4, 5, 4, 5]",0.12,4,20.188910484313965,0.0765274609439075,0.008623086934676394,0.012148444599006325,Mean absolute RGB horizontal/vertical first-difference change
47027,47027,11756.75,0.005669728973765432,352.7025,30.0,32,32,31,0.18480243813246489,0.13447656854987144,21.75862905151424,0.8944820314645767,0.7632692810148001,0.19138298111577187,21.75862905151424,"[1920, 1088]","[1920, 1080]",1,False,,0.32293209433555603,0f0c0e2358ceec024230154da4777ed5c444a8382af1ec9d7165f3d7886141cf,0f0c0e2358ceec024230154da4777ed5c444a8382af1ec9d7165f3d7886141cf,130d9d912695ebb4305fb90e8f1c1e2261345874cbedd1e2edcc22e9dea34ba0,True,True,True,47027,/Huang_group/zyyz/Projects/GVC-RT/experiments/gvcrt_neural_wrapper_v6_2_objective_calibration/bitstreams/fullqp/schedule_s2p0/step_2000/normal/video_10_qp6.bin,b0bca1dd9ed32b09defba15f173fa48f8f244a106c5203277a89b3827084a6ac,/Huang_group/zyyz/Projects/GVC-RT/experiments/gvcrt_neural_wrapper_v6_2_objective_calibration/features/fullqp/schedule_s2p0/step_2000/normal/video_10_qp6.npz,a38a14399cb7f97d78020142b811cf0e6b9487cf3ede2366609538dd7eb086aa,"{'bridge': 'd4ec467021e4da84e6320ec570cb2bd06cb42731372a163c827bb1e8015d2896', 'generator': '746b779eef7c99cda0d395f6d9fd5658ac8e95dfa85e5676c76f0a70fc8cecfa'}",fullqp_schedule_v1,schedule_s2p0,2000,normal,normal,schedule_s2p0,6,6,10,89633b73-550c-4229-a6a0-15e10ea26e4f,dcdf00943ab610b741b5768ce1697b31c85f596444312d326f688306346be855,cbe81c20702d2c99bcd9d9a08c617eada0243eadf534fdf4bd14188c6d7d2a91,/Huang_group/zyyz/Projects/GVC-RT/experiments/gvcrt_neural_wrapper_v6_2_objective_calibration/branches/schedule_s2p0/checkpoints/step_2000.pt,91d83d8ccc979b42b5a6eb044b8645805dc81f44ded58081814a53d994679b20,/Huang_group/zyyz/Projects/GVC-RT/experiments/gvcrt_neural_wrapper_v6_2_objective_calibration/parts/fullqp/schedule_s2p0/step_2000/normal/video_10_qp6.frames.csv,0e9e19245f06a7b1029d053477a110b7d92c3603b4da77ed5043ae5656c88826,/Huang_group/zyyz/Projects/GVC-RT/experiments/gvcrt_neural_wrapper_v6_2_objective_calibration/features/fullqp/schedule_s2p0/step_2000/normal/video_10_qp6.transitions.csv,f19bd6ee5d8ee37c0fc67580fe546a51d05b89e002f8d241cfad84feb3934c17,376216,"[6, 8, 6, 7, 6, 7, 6, 7, 6, 8, 6, 7, 6, 7, 6, 7, 6, 8, 6, 7, 6, 7, 6, 7, 6, 8, 6, 7, 6, 7, 6, 7]",0.12,4,20.11244797706604,0.0765274609439075,0.008623086934676394,0.012148444599006325,Mean absolute RGB horizontal/vertical first-difference change
73851,73851,18462.75,0.008903718171296296,553.8825,30.0,32,32,31,0.16790375299751759,0.12393385171890259,22.188887239345046,0.9026867654174566,0.7915403582155704,0.1727115559962488,22.188887239345046,"[1920, 1088]","[1920, 1080]",1,False,,0.32293209433555603,0f0c0e2358ceec024230154da4777ed5c444a8382af1ec9d7165f3d7886141cf,0f0c0e2358ceec024230154da4777ed5c444a8382af1ec9d7165f3d7886141cf,1f8fb904cfbacbab56f5b5ff14fbca16ee6d2dd9b923fe64d498dcc39c0b9dae,True,True,True,73851,/Huang_group/zyyz/Projects/GVC-RT/experiments/gvcrt_neural_wrapper_v6_2_objective_calibration/bitstreams/fullqp/schedule_s2p0/step_2000/normal/video_10_qp8.bin,204bc9e0394443c09a5b6cc7b78881a290d482fa9d5cf622147d9c2605a73b55,/Huang_group/zyyz/Projects/GVC-RT/experiments/gvcrt_neural_wrapper_v6_2_objective_calibration/features/fullqp/schedule_s2p0/step_2000/normal/video_10_qp8.npz,df59dd732be1f78d4eee0a7023c01d430e1dc23a0268e8f4732ad57e4d3bfcb4,"{'bridge': 'd4ec467021e4da84e6320ec570cb2bd06cb42731372a163c827bb1e8015d2896', 'generator': '746b779eef7c99cda0d395f6d9fd5658ac8e95dfa85e5676c76f0a70fc8cecfa'}",fullqp_schedule_v1,schedule_s2p0,2000,normal,normal,schedule_s2p0,8,8,10,89633b73-550c-4229-a6a0-15e10ea26e4f,dcdf00943ab610b741b5768ce1697b31c85f596444312d326f688306346be855,cbe81c20702d2c99bcd9d9a08c617eada0243eadf534fdf4bd14188c6d7d2a91,/Huang_group/zyyz/Projects/GVC-RT/experiments/gvcrt_neural_wrapper_v6_2_objective_calibration/branches/schedule_s2p0/checkpoints/step_2000.pt,91d83d8ccc979b42b5a6eb044b8645805dc81f44ded58081814a53d994679b20,/Huang_group/zyyz/Projects/GVC-RT/experiments/gvcrt_neural_wrapper_v6_2_objective_calibration/parts/fullqp/schedule_s2p0/step_2000/normal/video_10_qp8.frames.csv,d976a39320edcd577e3e08eb6d1aa3dd9a504a660d7794e9ad90543607cb4c98,/Huang_group/zyyz/Projects/GVC-RT/experiments/gvcrt_neural_wrapper_v6_2_objective_calibration/features/fullqp/schedule_s2p0/step_2000/normal/video_10_qp8.transitions.csv,6111f40da4ed549fc54fcea0e4475ff65cddc5b9dba4dd4e81e1563775397a34,590808,"[8, 10, 8, 9, 8, 9, 8, 9, 8, 10, 8, 9, 8, 9, 8, 9, 8, 10, 8, 9, 8, 9, 8, 9, 8, 10, 8, 9, 8, 9, 8, 9]",0.12,4,20.004964113235474,0.0765274609439075,0.008623086934676394,0.012148444599006325,Mean absolute RGB horizontal/vertical first-difference change
88706,88706,22176.5,0.010694685570987654,665.295,30.0,32,32,31,0.16460978938266635,0.12308196537196636,22.32171970701983,0.9052167870104313,0.8000454697757959,0.16982635711469957,22.32171970701983,"[1920, 1088]","[1920, 1080]",1,False,,0.32293209433555603,0f0c0e2358ceec024230154da4777ed5c444a8382af1ec9d7165f3d7886141cf,0f0c0e2358ceec024230154da4777ed5c444a8382af1ec9d7165f3d7886141cf,73b4db93e08f3acfaa4726d861ab57f2e0504a26e62237a5443bfe9c7f9e826c,True,True,True,88706,/Huang_group/zyyz/Projects/GVC-RT/experiments/gvcrt_neural_wrapper_v6_2_objective_calibration/bitstreams/fullqp/schedule_s2p0/step_2000/normal/video_10_qp9.bin,69d03d8852b2ca998ae6f2a7c0133fc323d4c7bb6f90f032665fa13314a8363d,/Huang_group/zyyz/Projects/GVC-RT/experiments/gvcrt_neural_wrapper_v6_2_objective_calibration/features/fullqp/schedule_s2p0/step_2000/normal/video_10_qp9.npz,50a379577d27eeb32927f71ba6379029ed5636c1ae66940474abc57d8f0dc9cf,"{'bridge': 'd4ec467021e4da84e6320ec570cb2bd06cb42731372a163c827bb1e8015d2896', 'generator': '746b779eef7c99cda0d395f6d9fd5658ac8e95dfa85e5676c76f0a70fc8cecfa'}",fullqp_schedule_v1,schedule_s2p0,2000,normal,normal,schedule_s2p0,9,9,10,89633b73-550c-4229-a6a0-15e10ea26e4f,dcdf00943ab610b741b5768ce1697b31c85f596444312d326f688306346be855,cbe81c20702d2c99bcd9d9a08c617eada0243eadf534fdf4bd14188c6d7d2a91,/Huang_group/zyyz/Projects/GVC-RT/experiments/gvcrt_neural_wrapper_v6_2_objective_calibration/branches/schedule_s2p0/checkpoints/step_2000.pt,91d83d8ccc979b42b5a6eb044b8645805dc81f44ded58081814a53d994679b20,/Huang_group/zyyz/Projects/GVC-RT/experiments/gvcrt_neural_wrapper_v6_2_objective_calibration/parts/fullqp/schedule_s2p0/step_2000/normal/video_10_qp9.frames.csv,ac7c2cbfae55bb47ad643a4c5c2eda0fdacac0c82acfba70639745f222280d73,/Huang_group/zyyz/Projects/GVC-RT/experiments/gvcrt_neural_wrapper_v6_2_objective_calibration/features/fullqp/schedule_s2p0/step_2000/normal/video_10_qp9.transitions.csv,87063a4ab3f1931b21767f0fe59e779a83189f0c682b8d5f30d30da59e4d1709,709648,"[9, 11, 9, 10, 9, 10, 9, 10, 9, 11, 9, 10, 9, 10, 9, 10, 9, 11, 9, 10, 9, 10, 9, 10, 9, 11, 9, 10, 9, 10, 9, 10]",0.12,4,20.175302028656006,0.0765274609439075,0.008623086934676394,0.012148444599006325,Mean absolute RGB horizontal/vertical first-difference change
9993,9993,2498.25,0.0012047887731481482,74.9475,30.0,32,32,31,0.26293183816596866,0.14492140524089336,20.860131148100244,0.8425639178603888,0.6566044148057699,0.2483970941074433,20.860131148100244,"[1920, 1088]","[1920, 1080]",1,False,,0.2895485758781433,0f0c0e2358ceec024230154da4777ed5c444a8382af1ec9d7165f3d7886141cf,0f0c0e2358ceec024230154da4777ed5c444a8382af1ec9d7165f3d7886141cf,d60e6ad9827ee287612d13cf589473f261df9178cb04f9fc412e63455bcaad3b,True,True,True,9993,/Huang_group/zyyz/Projects/GVC-RT/experiments/gvcrt_neural_wrapper_v6_2_objective_calibration/bitstreams/fullqp/schedule_s2p0/step_2000/normal/video_11_qp0.bin,3bbbcfaa9f501fb20c18f5931dd7ddad1627966f72cd5a7ab297940b9d774505,/Huang_group/zyyz/Projects/GVC-RT/experiments/gvcrt_neural_wrapper_v6_2_objective_calibration/features/fullqp/schedule_s2p0/step_2000/normal/video_11_qp0.npz,af84d0128fc777c1d680ddce1456d18faeb16d38c5b338ee768d29e5b0bd6559,"{'bridge': 'd4ec467021e4da84e6320ec570cb2bd06cb42731372a163c827bb1e8015d2896', 'generator': '746b779eef7c99cda0d395f6d9fd5658ac8e95dfa85e5676c76f0a70fc8cecfa'}",fullqp_schedule_v1,schedule_s2p0,2000,normal,normal,schedule_s2p0,0,0,11,b6a736a4-1f15-4af5-8c89-b0d75c611575,1e023b04d726dbac95b873f9ec7487ea647e20b9f23ed5c7fe3b8d023274865d,807946381b3a82cdb6564275f9dedd99233b15a9b8054bd53ee4f80b58de1a16,/Huang_group/zyyz/Projects/GVC-RT/experiments/gvcrt_neural_wrapper_v6_2_objective_calibration/branches/schedule_s2p0/checkpoints/step_2000.pt,91d83d8ccc979b42b5a6eb044b8645805dc81f44ded58081814a53d994679b20,/Huang_group/zyyz/Projects/GVC-RT/experiments/gvcrt_neural_wrapper_v6_2_objective_calibration/parts/fullqp/schedule_s2p0/step_2000/normal/video_11_qp0.frames.csv,c290e206dbc0d2a25fd8d590828898fb5a478392ba9562eba084a22fe498e1d3,/Huang_group/zyyz/Projects/GVC-RT/experiments/gvcrt_neural_wrapper_v6_2_objective_calibration/features/fullqp/schedule_s2p0/step_2000/normal/video_11_qp0.transitions.csv,f5319d1fb8372399533c857229a5706a9f85dc7866e364a2ebfef955a116dcc7,79944,"[0, 2, 0, 1, 0, 1, 0, 1, 0, 2, 0, 1, 0, 1, 0, 1, 0, 2, 0, 1, 0, 1, 0, 1, 0, 2, 0, 1, 0, 1, 0, 1]",0.12,6,20.28398108482361,0.0669809530954808,0.006644515466177836,0.011918424133909866,Mean absolute RGB horizontal/vertical first-difference change
15979,15979,3994.75,0.0019264805169753086,119.8425,30.0,32,32,31,0.22520800633355975,0.14286146685481071,21.620761621501792,0.8644877281039953,0.7040788512676954,0.2088077236567774,21.620761621501792,"[1920, 1088]","[1920, 1080]",1,False,,0.2895485758781433,0f0c0e2358ceec024230154da4777ed5c444a8382af1ec9d7165f3d7886141cf,0f0c0e2358ceec024230154da4777ed5c444a8382af1ec9d7165f3d7886141cf,1254e73a7f084175339270b364a384534f0aa7460ceeb56d156f4c230b79539e,True,True,True,15979,/Huang_group/zyyz/Projects/GVC-RT/experiments/gvcrt_neural_wrapper_v6_2_objective_calibration/bitstreams/fullqp/schedule_s2p0/step_2000/normal/video_11_qp2.bin,0e076f4d2ffb8b04d904a3352346565cb1eb5212828da3e103d9b617a58004f8,/Huang_group/zyyz/Projects/GVC-RT/experiments/gvcrt_neural_wrapper_v6_2_objective_calibration/features/fullqp/schedule_s2p0/step_2000/normal/video_11_qp2.npz,ed641a4160f9d6a9b547d8bbee888c27cb311e121a93e59b398a1c60ce5daeea,"{'bridge': 'd4ec467021e4da84e6320ec570cb2bd06cb42731372a163c827bb1e8015d2896', 'generator': '746b779eef7c99cda0d395f6d9fd5658ac8e95dfa85e5676c76f0a70fc8cecfa'}",fullqp_schedule_v1,schedule_s2p0,2000,normal,normal,schedule_s2p0,2,2,11,b6a736a4-1f15-4af5-8c89-b0d75c611575,1e023b04d726dbac95b873f9ec7487ea647e20b9f23ed5c7fe3b8d023274865d,807946381b3a82cdb6564275f9dedd99233b15a9b8054bd53ee4f80b58de1a16,/Huang_group/zyyz/Projects/GVC-RT/experiments/gvcrt_neural_wrapper_v6_2_objective_calibration/branches/schedule_s2p0/checkpoints/step_2000.pt,91d83d8ccc979b42b5a6eb044b8645805dc81f44ded58081814a53d994679b20,/Huang_group/zyyz/Projects/GVC-RT/experiments/gvcrt_neural_wrapper_v6_2_objective_calibration/parts/fullqp/schedule_s2p0/step_2000/normal/video_11_qp2.frames.csv,f31d3346dcafa89efc3891bd1a13ed55b3cf3a7ff89bff28a24dec963f728fac,/Huang_group/zyyz/Projects/GVC-RT/experiments/gvcrt_neural_wrapper_v6_2_objective_calibration/features/fullqp/schedule_s2p0/step_2000/normal/video_11_qp2.transitions.csv,c872c76817e90b9db07e192477344cc5beb962df0cde9108c7122eb156eb1ecd,127832,"[2, 4, 2, 3, 2, 3, 2, 3, 2, 4, 2, 3, 2, 3, 2, 3, 2, 4, 2, 3, 2, 3, 2, 3, 2, 4, 2, 3, 2, 3, 2, 3]",0.12,6,20.10230541229248,0.0669809530954808,0.006644515466177836,0.011918424133909866,Mean absolute RGB horizontal/vertical first-difference change
30053,30053,7513.25,0.0036232880015432097,225.3975,30.0,32,32,31,0.19306545471772552,0.13581104949116707,22.310098081566423,0.8813675213605165,0.7481703255325556,0.17641387351097598,22.310098081566423,"[1920, 1088]","[1920, 1080]",1,False,,0.2895485758781433,0f0c0e2358ceec024230154da4777ed5c444a8382af1ec9d7165f3d7886141cf,0f0c0e2358ceec024230154da4777ed5c444a8382af1ec9d7165f3d7886141cf,c6c68abccfcb0ae16c7603b03ace3af9017a3d043f36d86e050d6a02defcc819,True,True,True,30053,/Huang_group/zyyz/Projects/GVC-RT/experiments/gvcrt_neural_wrapper_v6_2_objective_calibration/bitstreams/fullqp/schedule_s2p0/step_2000/normal/video_11_qp4.bin,8fe59d4af91824a67e7b8f7ce61426ac2090cb7e4b85a861af7485e43b0754c2,/Huang_group/zyyz/Projects/GVC-RT/experiments/gvcrt_neural_wrapper_v6_2_objective_calibration/features/fullqp/schedule_s2p0/step_2000/normal/video_11_qp4.npz,93ed34fcd3d6c8e5a334da43e961924f33e0ea090dc809439208334a343c1bfc,"{'bridge': 'd4ec467021e4da84e6320ec570cb2bd06cb42731372a163c827bb1e8015d2896', 'generator': '746b779eef7c99cda0d395f6d9fd5658ac8e95dfa85e5676c76f0a70fc8cecfa'}",fullqp_schedule_v1,schedule_s2p0,2000,normal,normal,schedule_s2p0,4,4,11,b6a736a4-1f15-4af5-8c89-b0d75c611575,1e023b04d726dbac95b873f9ec7487ea647e20b9f23ed5c7fe3b8d023274865d,807946381b3a82cdb6564275f9dedd99233b15a9b8054bd53ee4f80b58de1a16,/Huang_group/zyyz/Projects/GVC-RT/experiments/gvcrt_neural_wrapper_v6_2_objective_calibration/branches/schedule_s2p0/checkpoints/step_2000.pt,91d83d8ccc979b42b5a6eb044b8645805dc81f44ded58081814a53d994679b20,/Huang_group/zyyz/Projects/GVC-RT/experiments/gvcrt_neural_wrapper_v6_2_objective_calibration/parts/fullqp/schedule_s2p0/step_2000/normal/video_11_qp4.frames.csv,f0020f2ba7485dc7c123623554f8026483d732a3b7185c99a58c2d134b332aff,/Huang_group/zyyz/Projects/GVC-RT/experiments/gvcrt_neural_wrapper_v6_2_objective_calibration/features/fullqp/schedule_s2p0/step_2000/normal/video_11_qp4.transitions.csv,552b448dee2a0523be50fd2d3384ef8d2c19c99ba0a6690ec8a21ba2d5265b37,240424,"[4, 6, 4, 5, 4, 5, 4, 5, 4, 6, 4, 5, 4, 5, 4, 5, 4, 6, 4, 5, 4, 5, 4, 5, 4, 6, 4, 5, 4, 5, 4, 5]",0.12,6,20.084530353546143,0.0669809530954808,0.006644515466177836,0.011918424133909866,Mean absolute RGB horizontal/vertical first-difference change
54820,54820,13705.0,0.006609278549382716,411.15,30.0,32,32,31,0.17127985507249832,0.12196483463048935,22.9042950366486,0.8943323660641909,0.7845728080719709,0.1563507116610004,22.9042950366486,"[1920, 1088]","[1920, 1080]",1,False,,0.2895485758781433,0f0c0e2358ceec024230154da4777ed5c444a8382af1ec9d7165f3d7886141cf,0f0c0e2358ceec024230154da4777ed5c444a8382af1ec9d7165f3d7886141cf,feb91a06f62315bbd4a3454f0575ff3b1c6ed62f84d609110c24ea9ed93e610a,True,True,True,54820,/Huang_group/zyyz/Projects/GVC-RT/experiments/gvcrt_neural_wrapper_v6_2_objective_calibration/bitstreams/fullqp/schedule_s2p0/step_2000/normal/video_11_qp6.bin,b9a57a62d61c9d8993392b83884b906f8dcf501aed1f384e667c6f6f76d3f273,/Huang_group/zyyz/Projects/GVC-RT/experiments/gvcrt_neural_wrapper_v6_2_objective_calibration/features/fullqp/schedule_s2p0/step_2000/normal/video_11_qp6.npz,9e58b1e715b3237e6dbbf6cde13bdb057d8793eaf97a0fe3560499ab39a516f1,"{'bridge': 'd4ec467021e4da84e6320ec570cb2bd06cb42731372a163c827bb1e8015d2896', 'generator': '746b779eef7c99cda0d395f6d9fd5658ac8e95dfa85e5676c76f0a70fc8cecfa'}",fullqp_schedule_v1,schedule_s2p0,2000,normal,normal,schedule_s2p0,6,6,11,b6a736a4-1f15-4af5-8c89-b0d75c611575,1e023b04d726dbac95b873f9ec7487ea647e20b9f23ed5c7fe3b8d023274865d,807946381b3a82cdb6564275f9dedd99233b15a9b8054bd53ee4f80b58de1a16,/Huang_group/zyyz/Projects/GVC-RT/experiments/gvcrt_neural_wrapper_v6_2_objective_calibration/branches/schedule_s2p0/checkpoints/step_2000.pt,91d83d8ccc979b42b5a6eb044b8645805dc81f44ded58081814a53d994679b20,/Huang_group/zyyz/Projects/GVC-RT/experiments/gvcrt_neural_wrapper_v6_2_objective_calibration/parts/fullqp/schedule_s2p0/step_2000/normal/video_11_qp6.frames.csv,b19962501737bc54124550240ff7a0fc315022d18e9f995f4e093e40806fab45,/Huang_group/zyyz/Projects/GVC-RT/experiments/gvcrt_neural_wrapper_v6_2_objective_calibration/features/fullqp/schedule_s2p0/step_2000/normal/video_11_qp6.transitions.csv,5ebd228e94a1ff2c926f1e375a8afb141d348e2c06128da7db8b256ea18e3023,438560,"[6, 8, 6, 7, 6, 7, 6, 7, 6, 8, 6, 7, 6, 7, 6, 7, 6, 8, 6, 7, 6, 7, 6, 7, 6, 8, 6, 7, 6, 7, 6, 7]",0.12,6,20.763543128967285,0.0669809530954808,0.006644515466177836,0.011918424133909866,Mean absolute RGB horizontal/vertical first-difference change
85664,85664,21416.0,0.010327932098765431,642.48,30.0,32,32,31,0.15932418033480644,0.11355779506266117,23.308633480597685,0.9025563728064299,0.808685913681984,0.14560312561450467,23.308633480597685,"[1920, 1088]","[1920, 1080]",1,False,,0.2895485758781433,0f0c0e2358ceec024230154da4777ed5c444a8382af1ec9d7165f3d7886141cf,0f0c0e2358ceec024230154da4777ed5c444a8382af1ec9d7165f3d7886141cf,12028f3d5d2e0a57a15b7ea0be48f8a7d5e3ab600767ec0a900c1a9e9fb493cd,True,True,True,85664,/Huang_group/zyyz/Projects/GVC-RT/experiments/gvcrt_neural_wrapper_v6_2_objective_calibration/bitstreams/fullqp/schedule_s2p0/step_2000/normal/video_11_qp8.bin,fdaf040f5c3e5bcdd780125c9e4ab5501312c0fcbccb510e3c0cb2961296cfc4,/Huang_group/zyyz/Projects/GVC-RT/experiments/gvcrt_neural_wrapper_v6_2_objective_calibration/features/fullqp/schedule_s2p0/step_2000/normal/video_11_qp8.npz,f4464bb60653365023eaad52cde14e9d450ea18eab29e321c8f2f6003b896e6c,"{'bridge': 'd4ec467021e4da84e6320ec570cb2bd06cb42731372a163c827bb1e8015d2896', 'generator': '746b779eef7c99cda0d395f6d9fd5658ac8e95dfa85e5676c76f0a70fc8cecfa'}",fullqp_schedule_v1,schedule_s2p0,2000,normal,normal,schedule_s2p0,8,8,11,b6a736a4-1f15-4af5-8c89-b0d75c611575,1e023b04d726dbac95b873f9ec7487ea647e20b9f23ed5c7fe3b8d023274865d,807946381b3a82cdb6564275f9dedd99233b15a9b8054bd53ee4f80b58de1a16,/Huang_group/zyyz/Projects/GVC-RT/experiments/gvcrt_neural_wrapper_v6_2_objective_calibration/branches/schedule_s2p0/checkpoints/step_2000.pt,91d83d8ccc979b42b5a6eb044b8645805dc81f44ded58081814a53d994679b20,/Huang_group/zyyz/Projects/GVC-RT/experiments/gvcrt_neural_wrapper_v6_2_objective_calibration/parts/fullqp/schedule_s2p0/step_2000/normal/video_11_qp8.frames.csv,8b81f31d94c46192d1b2a864c4dede6d77fc942fbc52879db925901322867fd2,/Huang_group/zyyz/Projects/GVC-RT/experiments/gvcrt_neural_wrapper_v6_2_objective_calibration/features/fullqp/schedule_s2p0/step_2000/normal/video_11_qp8.transitions.csv,f4914e21479940bf39267dadf17a22b7ddfbe61c2fa4e6f6f615254d4c9e3229,685312,"[8, 10, 8, 9, 8, 9, 8, 9, 8, 10, 8, 9, 8, 9, 8, 9, 8, 10, 8, 9, 8, 9, 8, 9, 8, 10, 8, 9, 8, 9, 8, 9]",0.12,6,20.656816959381104,0.0669809530954808,0.006644515466177836,0.011918424133909866,Mean absolute RGB horizontal/vertical first-difference change
102915,102915,25728.75,0.012407769097222222,771.8625,30.0,32,32,31,0.1556466012261808,0.11008687317371368,23.442609830568873,0.9051386881619692,0.8171254992485046,0.1415532567808705,23.442609830568873,"[1920, 1088]","[1920, 1080]",1,False,,0.2895485758781433,0f0c0e2358ceec024230154da4777ed5c444a8382af1ec9d7165f3d7886141cf,0f0c0e2358ceec024230154da4777ed5c444a8382af1ec9d7165f3d7886141cf,693ecf81ee5d33bf55a14c368265f4e0b750453e80e2af85fab167e2f2e39b24,True,True,True,102915,/Huang_group/zyyz/Projects/GVC-RT/experiments/gvcrt_neural_wrapper_v6_2_objective_calibration/bitstreams/fullqp/schedule_s2p0/step_2000/normal/video_11_qp9.bin,e01a9eaabada3ca711e5c7fd85b5c8c5feeefb9752a39d0ab5861e95b890486c,/Huang_group/zyyz/Projects/GVC-RT/experiments/gvcrt_neural_wrapper_v6_2_objective_calibration/features/fullqp/schedule_s2p0/step_2000/normal/video_11_qp9.npz,b6cbd220cffcf6b8677163c1d12c5748e436228726d68cab63486849c671c03c,"{'bridge': 'd4ec467021e4da84e6320ec570cb2bd06cb42731372a163c827bb1e8015d2896', 'generator': '746b779eef7c99cda0d395f6d9fd5658ac8e95dfa85e5676c76f0a70fc8cecfa'}",fullqp_schedule_v1,schedule_s2p0,2000,normal,normal,schedule_s2p0,9,9,11,b6a736a4-1f15-4af5-8c89-b0d75c611575,1e023b04d726dbac95b873f9ec7487ea647e20b9f23ed5c7fe3b8d023274865d,807946381b3a82cdb6564275f9dedd99233b15a9b8054bd53ee4f80b58de1a16,/Huang_group/zyyz/Projects/GVC-RT/experiments/gvcrt_neural_wrapper_v6_2_objective_calibration/branches/schedule_s2p0/checkpoints/step_2000.pt,91d83d8ccc979b42b5a6eb044b8645805dc81f44ded58081814a53d994679b20,/Huang_group/zyyz/Projects/GVC-RT/experiments/gvcrt_neural_wrapper_v6_2_objective_calibration/parts/fullqp/schedule_s2p0/step_2000/normal/video_11_qp9.frames.csv,fc7923d5e7c6d09d600cca6f72f089bc78111a9b8b2805c96c62d2bf25e21633,/Huang_group/zyyz/Projects/GVC-RT/experiments/gvcrt_neural_wrapper_v6_2_objective_calibration/features/fullqp/schedule_s2p0/step_2000/normal/video_11_qp9.transitions.csv,a17010272aa698f32db8128fb3be2375afceea9072bd9f8ed37c95a9d9e701c5,823320,"[9, 11, 9, 10, 9, 10, 9, 10, 9, 11, 9, 10, 9, 10, 9, 10, 9, 11, 9, 10, 9, 10, 9, 10, 9, 11, 9, 10, 9, 10, 9, 10]",0.12,6,20.34702205657959,0.0669809530954808,0.006644515466177836,0.011918424133909866,Mean absolute RGB horizontal/vertical first-difference change
17867,17867,4466.75,0.002154103973765432,134.0025,30.0,32,32,31,0.24701429111883044,0.1644229907542467,23.667664559895222,0.9141480941325426,0.778376342728734,0.2656213852667039,23.667664559895222,"[1920, 1088]","[1920, 1080]",1,False,,0.36711186170578003,0f0c0e2358ceec024230154da4777ed5c444a8382af1ec9d7165f3d7886141cf,0f0c0e2358ceec024230154da4777ed5c444a8382af1ec9d7165f3d7886141cf,cd865c9b347e5501f1a59797cc35a4b5d71a582646a6aaccc2ef0a64bf8d6f1e,True,True,True,17867,/Huang_group/zyyz/Projects/GVC-RT/experiments/gvcrt_neural_wrapper_v6_2_objective_calibration/bitstreams/fullqp/schedule_s2p0/step_2000/normal/video_12_qp0.bin,b6d87a585c03923ddf3de764e65c6de14ba54b42582ab30f50935f88adab2d91,/Huang_group/zyyz/Projects/GVC-RT/experiments/gvcrt_neural_wrapper_v6_2_objective_calibration/features/fullqp/schedule_s2p0/step_2000/normal/video_12_qp0.npz,f6085deec609a701635a6757618cf3cea5263758ae5ff576f232d9a7e00e5316,"{'bridge': 'd4ec467021e4da84e6320ec570cb2bd06cb42731372a163c827bb1e8015d2896', 'generator': '746b779eef7c99cda0d395f6d9fd5658ac8e95dfa85e5676c76f0a70fc8cecfa'}",fullqp_schedule_v1,schedule_s2p0,2000,normal,normal,schedule_s2p0,0,0,12,1fb691fe-ceac-49ea-8a41-8c25954d4042,8957530c1ffff38300f4880854e018deb8bb3ec1a8c97d33eed62aeee60b357b,04e116b01df304baeac4b71bda59e83ff6076880daa07f9ccbf7a6a8cea1c62c,/Huang_group/zyyz/Projects/GVC-RT/experiments/gvcrt_neural_wrapper_v6_2_objective_calibration/branches/schedule_s2p0/checkpoints/step_2000.pt,91d83d8ccc979b42b5a6eb044b8645805dc81f44ded58081814a53d994679b20,/Huang_group/zyyz/Projects/GVC-RT/experiments/gvcrt_neural_wrapper_v6_2_objective_calibration/parts/fullqp/schedule_s2p0/step_2000/normal/video_12_qp0.frames.csv,63d099fcf13e2ddabddf771a8d4c5b00f99df6e71098ba2dd1005aa7eeb8d928,/Huang_group/zyyz/Projects/GVC-RT/experiments/gvcrt_neural_wrapper_v6_2_objective_calibration/features/fullqp/schedule_s2p0/step_2000/normal/video_12_qp0.transitions.csv,02d854c28ac2f7c7993fc9a67e73e656546b7c83b8fc383694b1fbba46ea269d,142936,"[0, 2, 0, 1, 0, 1, 0, 1, 0, 2, 0, 1, 0, 1, 0, 1, 0, 2, 0, 1, 0, 1, 0, 1, 0, 2, 0, 1, 0, 1, 0, 1]",0.12,4,20.60582184791565,0.06857267441228032,0.0062922849610913545,0.005604208723525517,Mean absolute RGB horizontal/vertical first-difference change
29023,29023,7255.75,0.0034991078317901233,217.6725,30.0,32,32,31,0.2066539190709591,0.1489759497344494,24.866932198697242,0.9334773849695921,0.8342782445251942,0.222792612929498,24.866932198697242,"[1920, 1088]","[1920, 1080]",1,False,,0.36711186170578003,0f0c0e2358ceec024230154da4777ed5c444a8382af1ec9d7165f3d7886141cf,0f0c0e2358ceec024230154da4777ed5c444a8382af1ec9d7165f3d7886141cf,78c77b9d6c5e1d9ba258a474068872f4727052b9ef92c99152bcdeb804a0b267,True,True,True,29023,/Huang_group/zyyz/Projects/GVC-RT/experiments/gvcrt_neural_wrapper_v6_2_objective_calibration/bitstreams/fullqp/schedule_s2p0/step_2000/normal/video_12_qp2.bin,d03bd0494c79e3ccdbc3138d4d186c5aee643e368bbd785bc9f020245fee0560,/Huang_group/zyyz/Projects/GVC-RT/experiments/gvcrt_neural_wrapper_v6_2_objective_calibration/features/fullqp/schedule_s2p0/step_2000/normal/video_12_qp2.npz,185446a003b71e4b499da1a3e73f651c9b150eee874d07e5bf12e2621ec0e1d4,"{'bridge': 'd4ec467021e4da84e6320ec570cb2bd06cb42731372a163c827bb1e8015d2896', 'generator': '746b779eef7c99cda0d395f6d9fd5658ac8e95dfa85e5676c76f0a70fc8cecfa'}",fullqp_schedule_v1,schedule_s2p0,2000,normal,normal,schedule_s2p0,2,2,12,1fb691fe-ceac-49ea-8a41-8c25954d4042,8957530c1ffff38300f4880854e018deb8bb3ec1a8c97d33eed62aeee60b357b,04e116b01df304baeac4b71bda59e83ff6076880daa07f9ccbf7a6a8cea1c62c,/Huang_group/zyyz/Projects/GVC-RT/experiments/gvcrt_neural_wrapper_v6_2_objective_calibration/branches/schedule_s2p0/checkpoints/step_2000.pt,91d83d8ccc979b42b5a6eb044b8645805dc81f44ded58081814a53d994679b20,/Huang_group/zyyz/Projects/GVC-RT/experiments/gvcrt_neural_wrapper_v6_2_objective_calibration/parts/fullqp/schedule_s2p0/step_2000/normal/video_12_qp2.frames.csv,896864a9c4d21649c8e2bf400699a480bbc9788991b232bacef0754220b9b18d,/Huang_group/zyyz/Projects/GVC-RT/experiments/gvcrt_neural_wrapper_v6_2_objective_calibration/features/fullqp/schedule_s2p0/step_2000/normal/video_12_qp2.transitions.csv,bdf3fefb67de79f3177dba984be4943e944e588686fffc8a4853347ae3f7df56,232184,"[2, 4, 2, 3, 2, 3, 2, 3, 2, 4, 2, 3, 2, 3, 2, 3, 2, 4, 2, 3, 2, 3, 2, 3, 2, 4, 2, 3, 2, 3, 2, 3]",0.12,4,20.55121111869812,0.06857267441228032,0.0062922849610913545,0.005604208723525517,Mean absolute RGB horizontal/vertical first-difference change
45889,45889,11472.25,0.005532527970679013,344.1675,30.0,32,32,31,0.17329417634755373,0.13473353162407875,25.88536239801352,0.9469997901469469,0.8732314240187407,0.18699085616296338,25.88536239801352,"[1920, 1088]","[1920, 1080]",1,False,,0.36711186170578003,0f0c0e2358ceec024230154da4777ed5c444a8382af1ec9d7165f3d7886141cf,0f0c0e2358ceec024230154da4777ed5c444a8382af1ec9d7165f3d7886141cf,85f02ad3959d5094adb5725bc2c4c999aa5ae17d98a734a686bc9f69935f69e7,True,True,True,45889,/Huang_group/zyyz/Projects/GVC-RT/experiments/gvcrt_neural_wrapper_v6_2_objective_calibration/bitstreams/fullqp/schedule_s2p0/step_2000/normal/video_12_qp4.bin,8820d08e5d3eff1a93cfe7609e91f988e4590e65ea47d939c40e0a5bb2c1dee7,/Huang_group/zyyz/Projects/GVC-RT/experiments/gvcrt_neural_wrapper_v6_2_objective_calibration/features/fullqp/schedule_s2p0/step_2000/normal/video_12_qp4.npz,b620b355e553882beccb42677a38d096bb2b4ea03d5480cd3bdf50aafcff5457,"{'bridge': 'd4ec467021e4da84e6320ec570cb2bd06cb42731372a163c827bb1e8015d2896', 'generator': '746b779eef7c99cda0d395f6d9fd5658ac8e95dfa85e5676c76f0a70fc8cecfa'}",fullqp_schedule_v1,schedule_s2p0,2000,normal,normal,schedule_s2p0,4,4,12,1fb691fe-ceac-49ea-8a41-8c25954d4042,8957530c1ffff38300f4880854e018deb8bb3ec1a8c97d33eed62aeee60b357b,04e116b01df304baeac4b71bda59e83ff6076880daa07f9ccbf7a6a8cea1c62c,/Huang_group/zyyz/Projects/GVC-RT/experiments/gvcrt_neural_wrapper_v6_2_objective_calibration/branches/schedule_s2p0/checkpoints/step_2000.pt,91d83d8ccc979b42b5a6eb044b8645805dc81f44ded58081814a53d994679b20,/Huang_group/zyyz/Projects/GVC-RT/experiments/gvcrt_neural_wrapper_v6_2_objective_calibration/parts/fullqp/schedule_s2p0/step_2000/normal/video_12_qp4.frames.csv,7a84b43f04a2a08184cc450dc817ffc212b943618023f20a558600c29a5e7763,/Huang_group/zyyz/Projects/GVC-RT/experiments/gvcrt_neural_wrapper_v6_2_objective_calibration/features/fullqp/schedule_s2p0/step_2000/normal/video_12_qp4.transitions.csv,7a532d2a8d59a794941c5cf82900bf1fb2a6bae99123a5a3142507db1bb420eb,367112,"[4, 6, 4, 5, 4, 5, 4, 5, 4, 6, 4, 5, 4, 5, 4, 5, 4, 6, 4, 5, 4, 5, 4, 5, 4, 6, 4, 5, 4, 5, 4, 5]",0.12,4,20.525051593780518,0.06857267441228032,0.0062922849610913545,0.005604208723525517,Mean absolute RGB horizontal/vertical first-difference change
68978,68978,17244.5,0.008316213348765433,517.335,30.0,32,32,31,0.14628738071769476,0.11937983334064484,26.727903424274405,0.9560754913836718,0.8995711077004671,0.15802227345205122,26.727903424274405,"[1920, 1088]","[1920, 1080]",1,False,,0.36711186170578003,0f0c0e2358ceec024230154da4777ed5c444a8382af1ec9d7165f3d7886141cf,0f0c0e2358ceec024230154da4777ed5c444a8382af1ec9d7165f3d7886141cf,83022f91fcaeb5bca3ee5d6164f41893f9d67b13dac5a707c293d336c455a0e5,True,True,True,68978,/Huang_group/zyyz/Projects/GVC-RT/experiments/gvcrt_neural_wrapper_v6_2_objective_calibration/bitstreams/fullqp/schedule_s2p0/step_2000/normal/video_12_qp6.bin,e1888d18d9122e40a807af228a4d7317d153c5b2714fa67a7f4332a618de8eb9,/Huang_group/zyyz/Projects/GVC-RT/experiments/gvcrt_neural_wrapper_v6_2_objective_calibration/features/fullqp/schedule_s2p0/step_2000/normal/video_12_qp6.npz,87fdc96ba4771bcadcb746a8ec0c0119f4a5a35177ef748bbdd4896f8cf3700e,"{'bridge': 'd4ec467021e4da84e6320ec570cb2bd06cb42731372a163c827bb1e8015d2896', 'generator': '746b779eef7c99cda0d395f6d9fd5658ac8e95dfa85e5676c76f0a70fc8cecfa'}",fullqp_schedule_v1,schedule_s2p0,2000,normal,normal,schedule_s2p0,6,6,12,1fb691fe-ceac-49ea-8a41-8c25954d4042,8957530c1ffff38300f4880854e018deb8bb3ec1a8c97d33eed62aeee60b357b,04e116b01df304baeac4b71bda59e83ff6076880daa07f9ccbf7a6a8cea1c62c,/Huang_group/zyyz/Projects/GVC-RT/experiments/gvcrt_neural_wrapper_v6_2_objective_calibration/branches/schedule_s2p0/checkpoints/step_2000.pt,91d83d8ccc979b42b5a6eb044b8645805dc81f44ded58081814a53d994679b20,/Huang_group/zyyz/Projects/GVC-RT/experiments/gvcrt_neural_wrapper_v6_2_objective_calibration/parts/fullqp/schedule_s2p0/step_2000/normal/video_12_qp6.frames.csv,dc8f76972fd141334103c2b055d190f0e01ee8271e4fd7ea5d0a1e79e51cbc53,/Huang_group/zyyz/Projects/GVC-RT/experiments/gvcrt_neural_wrapper_v6_2_objective_calibration/features/fullqp/schedule_s2p0/step_2000/normal/video_12_qp6.transitions.csv,38b65ff895631ef4e6ded94a35ad37896a5b485e8e7a0a608a424b5d8ee56168,551824,"[6, 8, 6, 7, 6, 7, 6, 7, 6, 8, 6, 7, 6, 7, 6, 7, 6, 8, 6, 7, 6, 7, 6, 7, 6, 8, 6, 7, 6, 7, 6, 7]",0.12,4,20.15110969543457,0.06857267441228032,0.0062922849610913545,0.005604208723525517,Mean absolute RGB horizontal/vertical first-difference change
97308,97308,24327.0,0.011731770833333334,729.81,30.0,32,32,31,0.1303132646717131,0.10660753957927227,27.337083039333333,0.9616691824048758,0.9156063478440046,0.14128391180307634,27.337083039333333,"[1920, 1088]","[1920, 1080]",1,False,,0.36711186170578003,0f0c0e2358ceec024230154da4777ed5c444a8382af1ec9d7165f3d7886141cf,0f0c0e2358ceec024230154da4777ed5c444a8382af1ec9d7165f3d7886141cf,0008a9758be2117191ce0f98a84fb79a3507f9ba0bb12e2f47514b2a1659b47b,True,True,True,97308,/Huang_group/zyyz/Projects/GVC-RT/experiments/gvcrt_neural_wrapper_v6_2_objective_calibration/bitstreams/fullqp/schedule_s2p0/step_2000/normal/video_12_qp8.bin,3f4b4d068f5f23f738ec679f8ad6cbfca8e54bdb662df7bb38e91205567858cb,/Huang_group/zyyz/Projects/GVC-RT/experiments/gvcrt_neural_wrapper_v6_2_objective_calibration/features/fullqp/schedule_s2p0/step_2000/normal/video_12_qp8.npz,f5cc0f4a97617d478b693a1d10130a3a144e6254a8b51a9c3fa8a9119b6a8672,"{'bridge': 'd4ec467021e4da84e6320ec570cb2bd06cb42731372a163c827bb1e8015d2896', 'generator': '746b779eef7c99cda0d395f6d9fd5658ac8e95dfa85e5676c76f0a70fc8cecfa'}",fullqp_schedule_v1,schedule_s2p0,2000,normal,normal,schedule_s2p0,8,8,12,1fb691fe-ceac-49ea-8a41-8c25954d4042,8957530c1ffff38300f4880854e018deb8bb3ec1a8c97d33eed62aeee60b357b,04e116b01df304baeac4b71bda59e83ff6076880daa07f9ccbf7a6a8cea1c62c,/Huang_group/zyyz/Projects/GVC-RT/experiments/gvcrt_neural_wrapper_v6_2_objective_calibration/branches/schedule_s2p0/checkpoints/step_2000.pt,91d83d8ccc979b42b5a6eb044b8645805dc81f44ded58081814a53d994679b20,/Huang_group/zyyz/Projects/GVC-RT/experiments/gvcrt_neural_wrapper_v6_2_objective_calibration/parts/fullqp/schedule_s2p0/step_2000/normal/video_12_qp8.frames.csv,aac82a45daa9f9fc4e9722414db6afa4d80d862d14bb23b7090a7864580ea120,/Huang_group/zyyz/Projects/GVC-RT/experiments/gvcrt_neural_wrapper_v6_2_objective_calibration/features/fullqp/schedule_s2p0/step_2000/normal/video_12_qp8.transitions.csv,245da429f656107c645a93142185d94c1d78845bf3993d67f65fe9d7fffb3261,778464,"[8, 10, 8, 9, 8, 9, 8, 9, 8, 10, 8, 9, 8, 9, 8, 9, 8, 10, 8, 9, 8, 9, 8, 9, 8, 10, 8, 9, 8, 9, 8, 9]",0.12,4,20.06437659263611,0.06857267441228032,0.0062922849610913545,0.005604208723525517,Mean absolute RGB horizontal/vertical first-difference change
113950,113950,28487.5,0.013738184799382717,854.625,30.0,32,32,31,0.12514356314204633,0.10122871957719326,27.566073432489333,0.9635706767439842,0.9210460726171732,0.13541497626612264,27.566073432489333,"[1920, 1088]","[1920, 1080]",1,False,,0.36711186170578003,0f0c0e2358ceec024230154da4777ed5c444a8382af1ec9d7165f3d7886141cf,0f0c0e2358ceec024230154da4777ed5c444a8382af1ec9d7165f3d7886141cf,148393c0724070334ff0be19a326873a067ce48bae3b5bee9c68f74dae513d1f,True,True,True,113950,/Huang_group/zyyz/Projects/GVC-RT/experiments/gvcrt_neural_wrapper_v6_2_objective_calibration/bitstreams/fullqp/schedule_s2p0/step_2000/normal/video_12_qp9.bin,a1257b9d6df5eac0164c9544d0e18a1c704fad0c7ad6e7ab0976c5f364c284d1,/Huang_group/zyyz/Projects/GVC-RT/experiments/gvcrt_neural_wrapper_v6_2_objective_calibration/features/fullqp/schedule_s2p0/step_2000/normal/video_12_qp9.npz,d29a56ceac5012f16c430e83fc68ca6833765ad83250b6118c5739a2ed5d2513,"{'bridge': 'd4ec467021e4da84e6320ec570cb2bd06cb42731372a163c827bb1e8015d2896', 'generator': '746b779eef7c99cda0d395f6d9fd5658ac8e95dfa85e5676c76f0a70fc8cecfa'}",fullqp_schedule_v1,schedule_s2p0,2000,normal,normal,schedule_s2p0,9,9,12,1fb691fe-ceac-49ea-8a41-8c25954d4042,8957530c1ffff38300f4880854e018deb8bb3ec1a8c97d33eed62aeee60b357b,04e116b01df304baeac4b71bda59e83ff6076880daa07f9ccbf7a6a8cea1c62c,/Huang_group/zyyz/Projects/GVC-RT/experiments/gvcrt_neural_wrapper_v6_2_objective_calibration/branches/schedule_s2p0/checkpoints/step_2000.pt,91d83d8ccc979b42b5a6eb044b8645805dc81f44ded58081814a53d994679b20,/Huang_group/zyyz/Projects/GVC-RT/experiments/gvcrt_neural_wrapper_v6_2_objective_calibration/parts/fullqp/schedule_s2p0/step_2000/normal/video_12_qp9.frames.csv,dffdf6bb97c33cbd7e495ce5c094afb4337906026e9e5a99d6f06934983fc66a,/Huang_group/zyyz/Projects/GVC-RT/experiments/gvcrt_neural_wrapper_v6_2_objective_calibration/features/fullqp/schedule_s2p0/step_2000/normal/video_12_qp9.transitions.csv,cdd7d6724d60c57b8c034bfeb9bb499fa0bdec5f8a1b5f8ed309ede4c3370446,911600,"[9, 11, 9, 10, 9, 10, 9, 10, 9, 11, 9, 10, 9, 10, 9, 10, 9, 11, 9, 10, 9, 10, 9, 10, 9, 11, 9, 10, 9, 10, 9, 10]",0.12,4,20.208935260772705,0.06857267441228032,0.0062922849610913545,0.005604208723525517,Mean absolute RGB horizontal/vertical first-difference change
17818,17818,4454.5,0.00214819637345679,133.635,30.0,32,32,31,0.25555900344625115,0.14630144089460373,22.87457790386575,0.8726405929774046,0.7523476798087358,0.24733666402678336,22.87457790386575,"[1920, 1088]","[1920, 1080]",1,False,,0.2951824367046356,0f0c0e2358ceec024230154da4777ed5c444a8382af1ec9d7165f3d7886141cf,0f0c0e2358ceec024230154da4777ed5c444a8382af1ec9d7165f3d7886141cf,21695b6fac6bbaf991fe22f36eafade2ebd4c27ff23ce76c3b954d5da8d42e69,True,True,True,17818,/Huang_group/zyyz/Projects/GVC-RT/experiments/gvcrt_neural_wrapper_v6_2_objective_calibration/bitstreams/fullqp/schedule_s2p0/step_2000/normal/video_13_qp0.bin,073235ea2e393c88478a4960a83e5918660dad81bbc9337659a0c2a33f87897e,/Huang_group/zyyz/Projects/GVC-RT/experiments/gvcrt_neural_wrapper_v6_2_objective_calibration/features/fullqp/schedule_s2p0/step_2000/normal/video_13_qp0.npz,7b75bf76626676b606fb1aba35a8b76ea4f29b781f2a35f3b6af02dcdff7aba2,"{'bridge': 'd4ec467021e4da84e6320ec570cb2bd06cb42731372a163c827bb1e8015d2896', 'generator': '746b779eef7c99cda0d395f6d9fd5658ac8e95dfa85e5676c76f0a70fc8cecfa'}",fullqp_schedule_v1,schedule_s2p0,2000,normal,normal,schedule_s2p0,0,0,13,6cdece83-0133-4e80-a840-4facbeb79083,01f7cd7cea4be3b9a7c8f70812c16ac025e6e895e052321a8dfeb88b62d7f30b,1e8b64c3250c2596b87dddec999bd79b7cf9b07bbc231ea2473d9e9a5fcbe49b,/Huang_group/zyyz/Projects/GVC-RT/experiments/gvcrt_neural_wrapper_v6_2_objective_calibration/branches/schedule_s2p0/checkpoints/step_2000.pt,91d83d8ccc979b42b5a6eb044b8645805dc81f44ded58081814a53d994679b20,/Huang_group/zyyz/Projects/GVC-RT/experiments/gvcrt_neural_wrapper_v6_2_objective_calibration/parts/fullqp/schedule_s2p0/step_2000/normal/video_13_qp0.frames.csv,15a9852f2c38cbea250aa1a126d6eedcb5287de2c88048132f801fd7761da860,/Huang_group/zyyz/Projects/GVC-RT/experiments/gvcrt_neural_wrapper_v6_2_objective_calibration/features/fullqp/schedule_s2p0/step_2000/normal/video_13_qp0.transitions.csv,30f8aafde32a82b259036499a04b3f5fd3eebedfc3de7952008a0abf8be7b21d,142544,"[0, 2, 0, 1, 0, 1, 0, 1, 0, 2, 0, 1, 0, 1, 0, 1, 0, 2, 0, 1, 0, 1, 0, 1, 0, 2, 0, 1, 0, 1, 0, 1]",0.12,6,21.11245632171631,0.06516138976439834,0.0061252355662873015,0.00810143508715555,Mean absolute RGB horizontal/vertical first-difference change
28151,28151,7037.75,0.003393976658950617,211.1325,30.0,32,32,31,0.20594415860250592,0.12674508057534695,24.132707672126138,0.9021506495773792,0.8167078178375959,0.1958305215643298,24.132707672126138,"[1920, 1088]","[1920, 1080]",1,False,,0.2951824367046356,0f0c0e2358ceec024230154da4777ed5c444a8382af1ec9d7165f3d7886141cf,0f0c0e2358ceec024230154da4777ed5c444a8382af1ec9d7165f3d7886141cf,ee896951922b4c000443fa4f58999f1b7fdded662cf0df8de367e6cb53ce2191,True,True,True,28151,/Huang_group/zyyz/Projects/GVC-RT/experiments/gvcrt_neural_wrapper_v6_2_objective_calibration/bitstreams/fullqp/schedule_s2p0/step_2000/normal/video_13_qp2.bin,01c32f6125d8115f569d9d17f3091c50f35ee7cc4fc3e7f8ab05876367fb276a,/Huang_group/zyyz/Projects/GVC-RT/experiments/gvcrt_neural_wrapper_v6_2_objective_calibration/features/fullqp/schedule_s2p0/step_2000/normal/video_13_qp2.npz,d3e273d401578176af1a79f73301c5f219a848a55400a6f58da4b063ee2c2fac,"{'bridge': 'd4ec467021e4da84e6320ec570cb2bd06cb42731372a163c827bb1e8015d2896', 'generator': '746b779eef7c99cda0d395f6d9fd5658ac8e95dfa85e5676c76f0a70fc8cecfa'}",fullqp_schedule_v1,schedule_s2p0,2000,normal,normal,schedule_s2p0,2,2,13,6cdece83-0133-4e80-a840-4facbeb79083,01f7cd7cea4be3b9a7c8f70812c16ac025e6e895e052321a8dfeb88b62d7f30b,1e8b64c3250c2596b87dddec999bd79b7cf9b07bbc231ea2473d9e9a5fcbe49b,/Huang_group/zyyz/Projects/GVC-RT/experiments/gvcrt_neural_wrapper_v6_2_objective_calibration/branches/schedule_s2p0/checkpoints/step_2000.pt,91d83d8ccc979b42b5a6eb044b8645805dc81f44ded58081814a53d994679b20,/Huang_group/zyyz/Projects/GVC-RT/experiments/gvcrt_neural_wrapper_v6_2_objective_calibration/parts/fullqp/schedule_s2p0/step_2000/normal/video_13_qp2.frames.csv,d41dc4364dbe6e285a7c67f61324ba9d7e125ace18deb752936a1a47aa822265,/Huang_group/zyyz/Projects/GVC-RT/experiments/gvcrt_neural_wrapper_v6_2_objective_calibration/features/fullqp/schedule_s2p0/step_2000/normal/video_13_qp2.transitions.csv,4e2cf0e825e2e7bf6b693c313376200bba4369ea8eba52a246c2b718800fa69f,225208,"[2, 4, 2, 3, 2, 3, 2, 3, 2, 4, 2, 3, 2, 3, 2, 3, 2, 4, 2, 3, 2, 3, 2, 3, 2, 4, 2, 3, 2, 3, 2, 3]",0.12,6,20.552388906478882,0.06516138976439834,0.0061252355662873015,0.00810143508715555,Mean absolute RGB horizontal/vertical first-difference change
43330,43330,10832.5,0.005224006558641975,324.975,30.0,32,32,31,0.16918574646115303,0.11378546617925167,25.058106715859886,0.9205947313457727,0.8573451656848192,0.16024928612093772,25.058106715859886,"[1920, 1088]","[1920, 1080]",1,False,,0.2951824367046356,0f0c0e2358ceec024230154da4777ed5c444a8382af1ec9d7165f3d7886141cf,0f0c0e2358ceec024230154da4777ed5c444a8382af1ec9d7165f3d7886141cf,0421ee6d7b3f4445456066fb05866c2b1e0ee06f73469d2b859039a63a4b01b7,True,True,True,43330,/Huang_group/zyyz/Projects/GVC-RT/experiments/gvcrt_neural_wrapper_v6_2_objective_calibration/bitstreams/fullqp/schedule_s2p0/step_2000/normal/video_13_qp4.bin,8ce85113546830aaab8b35ff82c455d82a8f7be14a81c4af2f11de1df5e627ce,/Huang_group/zyyz/Projects/GVC-RT/experiments/gvcrt_neural_wrapper_v6_2_objective_calibration/features/fullqp/schedule_s2p0/step_2000/normal/video_13_qp4.npz,84a9fde6f04371865b9827ba50609f1b49951797f7c1e9378338520042d10702,"{'bridge': 'd4ec467021e4da84e6320ec570cb2bd06cb42731372a163c827bb1e8015d2896', 'generator': '746b779eef7c99cda0d395f6d9fd5658ac8e95dfa85e5676c76f0a70fc8cecfa'}",fullqp_schedule_v1,schedule_s2p0,2000,normal,normal,schedule_s2p0,4,4,13,6cdece83-0133-4e80-a840-4facbeb79083,01f7cd7cea4be3b9a7c8f70812c16ac025e6e895e052321a8dfeb88b62d7f30b,1e8b64c3250c2596b87dddec999bd79b7cf9b07bbc231ea2473d9e9a5fcbe49b,/Huang_group/zyyz/Projects/GVC-RT/experiments/gvcrt_neural_wrapper_v6_2_objective_calibration/branches/schedule_s2p0/checkpoints/step_2000.pt,91d83d8ccc979b42b5a6eb044b8645805dc81f44ded58081814a53d994679b20,/Huang_group/zyyz/Projects/GVC-RT/experiments/gvcrt_neural_wrapper_v6_2_objective_calibration/parts/fullqp/schedule_s2p0/step_2000/normal/video_13_qp4.frames.csv,0b0df664439b972a37b7ea489fed0bd016b4b4a264590432c31f8179f5a09562,/Huang_group/zyyz/Projects/GVC-RT/experiments/gvcrt_neural_wrapper_v6_2_objective_calibration/features/fullqp/schedule_s2p0/step_2000/normal/video_13_qp4.transitions.csv,931c824a1a7225ee6343aeb0a743c2f7cf6323822de824feaddb9f136d4319c1,346640,"[4, 6, 4, 5, 4, 5, 4, 5, 4, 6, 4, 5, 4, 5, 4, 5, 4, 6, 4, 5, 4, 5, 4, 5, 4, 6, 4, 5, 4, 5, 4, 5]",0.12,6,20.484612941741943,0.06516138976439834,0.0061252355662873015,0.00810143508715555,Mean absolute RGB horizontal/vertical first-difference change
65408,65408,16352.0,0.007885802469135802,490.56,30.0,32,32,31,0.14617624040693045,0.10689504817128181,25.81971173691347,0.9329173713922501,0.8845925517380238,0.13897002945023199,25.81971173691347,"[1920, 1088]","[1920, 1080]",1,False,,0.2951824367046356,0f0c0e2358ceec024230154da4777ed5c444a8382af1ec9d7165f3d7886141cf,0f0c0e2358ceec024230154da4777ed5c444a8382af1ec9d7165f3d7886141cf,403482d6457590bb8118ee910ce300cd413ea6867d846ede46bdda0b3fe40bb0,True,True,True,65408,/Huang_group/zyyz/Projects/GVC-RT/experiments/gvcrt_neural_wrapper_v6_2_objective_calibration/bitstreams/fullqp/schedule_s2p0/step_2000/normal/video_13_qp6.bin,a7af2e7552498d8eb9fa0995a57fd57d19b2cc931e52ec29b452ea77ebc782dd,/Huang_group/zyyz/Projects/GVC-RT/experiments/gvcrt_neural_wrapper_v6_2_objective_calibration/features/fullqp/schedule_s2p0/step_2000/normal/video_13_qp6.npz,31113643ae8be7ad103a5d9a58cdb9aa562b8970f3535795719c928cacaac142,"{'bridge': 'd4ec467021e4da84e6320ec570cb2bd06cb42731372a163c827bb1e8015d2896', 'generator': '746b779eef7c99cda0d395f6d9fd5658ac8e95dfa85e5676c76f0a70fc8cecfa'}",fullqp_schedule_v1,schedule_s2p0,2000,normal,normal,schedule_s2p0,6,6,13,6cdece83-0133-4e80-a840-4facbeb79083,01f7cd7cea4be3b9a7c8f70812c16ac025e6e895e052321a8dfeb88b62d7f30b,1e8b64c3250c2596b87dddec999bd79b7cf9b07bbc231ea2473d9e9a5fcbe49b,/Huang_group/zyyz/Projects/GVC-RT/experiments/gvcrt_neural_wrapper_v6_2_objective_calibration/branches/schedule_s2p0/checkpoints/step_2000.pt,91d83d8ccc979b42b5a6eb044b8645805dc81f44ded58081814a53d994679b20,/Huang_group/zyyz/Projects/GVC-RT/experiments/gvcrt_neural_wrapper_v6_2_objective_calibration/parts/fullqp/schedule_s2p0/step_2000/normal/video_13_qp6.frames.csv,e32fce3addc9de48867d520c87a4200c24bbea0a63f8278768e4eeea4c373dc3,/Huang_group/zyyz/Projects/GVC-RT/experiments/gvcrt_neural_wrapper_v6_2_objective_calibration/features/fullqp/schedule_s2p0/step_2000/normal/video_13_qp6.transitions.csv,789465e66b373a57f52c4177fb00c7c076698d1bce3596d76f7d4b6edb13abd5,523264,"[6, 8, 6, 7, 6, 7, 6, 7, 6, 8, 6, 7, 6, 7, 6, 7, 6, 8, 6, 7, 6, 7, 6, 7, 6, 8, 6, 7, 6, 7, 6, 7]",0.12,6,20.155131340026855,0.06516138976439834,0.0061252355662873015,0.00810143508715555,Mean absolute RGB horizontal/vertical first-difference change
94833,94833,23708.25,0.011433376736111112,711.2475,30.0,32,32,31,0.1314203948713839,0.10092570818960667,26.319360928274293,0.9399058595299721,0.9008260741829872,0.12589613564552798,26.319360928274293,"[1920, 1088]","[1920, 1080]",1,False,,0.2951824367046356,0f0c0e2358ceec024230154da4777ed5c444a8382af1ec9d7165f3d7886141cf,0f0c0e2358ceec024230154da4777ed5c444a8382af1ec9d7165f3d7886141cf,607d564988a047ddb0c3a758c592402d7cc9fb6d0f6e5fda232e2acf8425a7c7,True,True,True,94833,/Huang_group/zyyz/Projects/GVC-RT/experiments/gvcrt_neural_wrapper_v6_2_objective_calibration/bitstreams/fullqp/schedule_s2p0/step_2000/normal/video_13_qp8.bin,ee4ae4bad7ab6ad181750b75dfe3ec3cebbeb81564f59f3018a0b10f81e00173,/Huang_group/zyyz/Projects/GVC-RT/experiments/gvcrt_neural_wrapper_v6_2_objective_calibration/features/fullqp/schedule_s2p0/step_2000/normal/video_13_qp8.npz,e4ed155c38dda1d27c7f7d903f9c0fe3ae54b8ee043eb17e6b865151e96e466c,"{'bridge': 'd4ec467021e4da84e6320ec570cb2bd06cb42731372a163c827bb1e8015d2896', 'generator': '746b779eef7c99cda0d395f6d9fd5658ac8e95dfa85e5676c76f0a70fc8cecfa'}",fullqp_schedule_v1,schedule_s2p0,2000,normal,normal,schedule_s2p0,8,8,13,6cdece83-0133-4e80-a840-4facbeb79083,01f7cd7cea4be3b9a7c8f70812c16ac025e6e895e052321a8dfeb88b62d7f30b,1e8b64c3250c2596b87dddec999bd79b7cf9b07bbc231ea2473d9e9a5fcbe49b,/Huang_group/zyyz/Projects/GVC-RT/experiments/gvcrt_neural_wrapper_v6_2_objective_calibration/branches/schedule_s2p0/checkpoints/step_2000.pt,91d83d8ccc979b42b5a6eb044b8645805dc81f44ded58081814a53d994679b20,/Huang_group/zyyz/Projects/GVC-RT/experiments/gvcrt_neural_wrapper_v6_2_objective_calibration/parts/fullqp/schedule_s2p0/step_2000/normal/video_13_qp8.frames.csv,5fc7d9b349c7c668054de1af864b39f59a68228907aad8217044261e194270a4,/Huang_group/zyyz/Projects/GVC-RT/experiments/gvcrt_neural_wrapper_v6_2_objective_calibration/features/fullqp/schedule_s2p0/step_2000/normal/video_13_qp8.transitions.csv,d98f54f60f19725db29649c2b9548eb6b99e38948e507bb1b5f6e9f38581d197,758664,"[8, 10, 8, 9, 8, 9, 8, 9, 8, 10, 8, 9, 8, 9, 8, 9, 8, 10, 8, 9, 8, 9, 8, 9, 8, 10, 8, 9, 8, 9, 8, 9]",0.12,6,20.153825283050537,0.06516138976439834,0.0061252355662873015,0.00810143508715555,Mean absolute RGB horizontal/vertical first-difference change
112980,112980,28245.0,0.013621238425925926,847.35,30.0,32,32,31,0.12749789166264236,0.09969089180231094,26.517639499161643,0.9424179047346115,0.9066829979419708,0.12227843653771185,26.517639499161643,"[1920, 1088]","[1920, 1080]",1,False,,0.2951824367046356,0f0c0e2358ceec024230154da4777ed5c444a8382af1ec9d7165f3d7886141cf,0f0c0e2358ceec024230154da4777ed5c444a8382af1ec9d7165f3d7886141cf,6895c9aa94fb89faa2f7538762594ef0196ed04efa0c0449beebabc1b534353b,True,True,True,112980,/Huang_group/zyyz/Projects/GVC-RT/experiments/gvcrt_neural_wrapper_v6_2_objective_calibration/bitstreams/fullqp/schedule_s2p0/step_2000/normal/video_13_qp9.bin,d630d91f58e07ae62fd0aaf9cb40d436af7d8c567b64629d8be5e057227e09f0,/Huang_group/zyyz/Projects/GVC-RT/experiments/gvcrt_neural_wrapper_v6_2_objective_calibration/features/fullqp/schedule_s2p0/step_2000/normal/video_13_qp9.npz,8a6cd44f40f6c3453bcda2c6a30fa47482f0821e137e814b027c126578be05e7,"{'bridge': 'd4ec467021e4da84e6320ec570cb2bd06cb42731372a163c827bb1e8015d2896', 'generator': '746b779eef7c99cda0d395f6d9fd5658ac8e95dfa85e5676c76f0a70fc8cecfa'}",fullqp_schedule_v1,schedule_s2p0,2000,normal,normal,schedule_s2p0,9,9,13,6cdece83-0133-4e80-a840-4facbeb79083,01f7cd7cea4be3b9a7c8f70812c16ac025e6e895e052321a8dfeb88b62d7f30b,1e8b64c3250c2596b87dddec999bd79b7cf9b07bbc231ea2473d9e9a5fcbe49b,/Huang_group/zyyz/Projects/GVC-RT/experiments/gvcrt_neural_wrapper_v6_2_objective_calibration/branches/schedule_s2p0/checkpoints/step_2000.pt,91d83d8ccc979b42b5a6eb044b8645805dc81f44ded58081814a53d994679b20,/Huang_group/zyyz/Projects/GVC-RT/experiments/gvcrt_neural_wrapper_v6_2_objective_calibration/parts/fullqp/schedule_s2p0/step_2000/normal/video_13_qp9.frames.csv,3a4ea90304385ddc83573bff9cc6b2b6b07cf7d8d2b67507e2d38c47ecfa768f,/Huang_group/zyyz/Projects/GVC-RT/experiments/gvcrt_neural_wrapper_v6_2_objective_calibration/features/fullqp/schedule_s2p0/step_2000/normal/video_13_qp9.transitions.csv,ab4775e182a12623baa5ac4ebec947ea6b38e5a962d2b51b74f5caef3660441e,903840,"[9, 11, 9, 10, 9, 10, 9, 10, 9, 11, 9, 10, 9, 10, 9, 10, 9, 11, 9, 10, 9, 10, 9, 10, 9, 11, 9, 10, 9, 10, 9, 10]",0.12,6,20.330641746520996,0.06516138976439834,0.0061252355662873015,0.00810143508715555,Mean absolute RGB horizontal/vertical first-difference change
16856,16856,4214.0,0.0020322145061728394,101.03496503496504,23.976023976023978,32,32,31,0.23636351386085153,0.10717814974486828,22.059330536780326,0.9390950817614794,0.7967883143573999,0.2337446073370595,22.059330536780326,"[1920, 1088]","[1920, 1080]",1,False,,0.40297967195510864,0f0c0e2358ceec024230154da4777ed5c444a8382af1ec9d7165f3d7886141cf,0f0c0e2358ceec024230154da4777ed5c444a8382af1ec9d7165f3d7886141cf,68fbb3bf14efbb9ba095629eb91688082ed609ef1707e3c72d04f7c6d5dad01b,True,True,True,16856,/Huang_group/zyyz/Projects/GVC-RT/experiments/gvcrt_neural_wrapper_v6_2_objective_calibration/bitstreams/fullqp/schedule_s2p0/step_2000/normal/video_14_qp0.bin,49e918454a4ec4d8a8938c9af1b2ccc70dd499ce4f8c9f202c25b042d9f8ec1f,/Huang_group/zyyz/Projects/GVC-RT/experiments/gvcrt_neural_wrapper_v6_2_objective_calibration/features/fullqp/schedule_s2p0/step_2000/normal/video_14_qp0.npz,ff80f599607bc401ad2c4ad4fd4eddc41a4c1d9fedee749b2d2852426ad60bb4,"{'bridge': 'd4ec467021e4da84e6320ec570cb2bd06cb42731372a163c827bb1e8015d2896', 'generator': '746b779eef7c99cda0d395f6d9fd5658ac8e95dfa85e5676c76f0a70fc8cecfa'}",fullqp_schedule_v1,schedule_s2p0,2000,normal,normal,schedule_s2p0,0,0,14,fb7ec78a-5174-4f11-9a0a-de4fdb5137a1,6adc6afef6f89dddab0df441422f907b484fb8d7c90e7312d80cb53c2ce91300,eefdecf92e59f81a10aa5f1c866b85e01f367a7ca8b98c25c1764a12feec94b9,/Huang_group/zyyz/Projects/GVC-RT/experiments/gvcrt_neural_wrapper_v6_2_objective_calibration/branches/schedule_s2p0/checkpoints/step_2000.pt,91d83d8ccc979b42b5a6eb044b8645805dc81f44ded58081814a53d994679b20,/Huang_group/zyyz/Projects/GVC-RT/experiments/gvcrt_neural_wrapper_v6_2_objective_calibration/parts/fullqp/schedule_s2p0/step_2000/normal/video_14_qp0.frames.csv,d0f3d92db6da1c710683c515e3b1253ba9113e7a98caa101b0b3622fe31d722c,/Huang_group/zyyz/Projects/GVC-RT/experiments/gvcrt_neural_wrapper_v6_2_objective_calibration/features/fullqp/schedule_s2p0/step_2000/normal/video_14_qp0.transitions.csv,3580d703ad1a7bc3b6ca63305c7227f3b680dd41aa86523b805b6100c2357a23,134848,"[0, 2, 0, 1, 0, 1, 0, 1, 0, 2, 0, 1, 0, 1, 0, 1, 0, 2, 0, 1, 0, 1, 0, 1, 0, 2, 0, 1, 0, 1, 0, 1]",0.12,4,20.4751238822937,0.07815988198854029,0.009317321237176657,0.007367753787548281,Mean absolute RGB horizontal/vertical first-difference change
27314,27314,6828.5,0.003293065200617284,163.72027972027973,23.976023976023978,32,32,31,0.19325876934453845,0.09826668910682201,23.182492425963307,0.9522209856659174,0.83849929086864,0.19085994362831116,23.182492425963307,"[1920, 1088]","[1920, 1080]",1,False,,0.40297967195510864,0f0c0e2358ceec024230154da4777ed5c444a8382af1ec9d7165f3d7886141cf,0f0c0e2358ceec024230154da4777ed5c444a8382af1ec9d7165f3d7886141cf,a3107246baa26e8b3468239d79884e0c142ccde1820dae77c78c4215dd677948,True,True,True,27314,/Huang_group/zyyz/Projects/GVC-RT/experiments/gvcrt_neural_wrapper_v6_2_objective_calibration/bitstreams/fullqp/schedule_s2p0/step_2000/normal/video_14_qp2.bin,0f788e1c71a69b83c06a0e73c6e38bfa6ec9bda900ec651357e35528d972f4fe,/Huang_group/zyyz/Projects/GVC-RT/experiments/gvcrt_neural_wrapper_v6_2_objective_calibration/features/fullqp/schedule_s2p0/step_2000/normal/video_14_qp2.npz,9316064fb207790154ba274e5b3647b740f78692c48ef91f76435b55b4da1717,"{'bridge': 'd4ec467021e4da84e6320ec570cb2bd06cb42731372a163c827bb1e8015d2896', 'generator': '746b779eef7c99cda0d395f6d9fd5658ac8e95dfa85e5676c76f0a70fc8cecfa'}",fullqp_schedule_v1,schedule_s2p0,2000,normal,normal,schedule_s2p0,2,2,14,fb7ec78a-5174-4f11-9a0a-de4fdb5137a1,6adc6afef6f89dddab0df441422f907b484fb8d7c90e7312d80cb53c2ce91300,eefdecf92e59f81a10aa5f1c866b85e01f367a7ca8b98c25c1764a12feec94b9,/Huang_group/zyyz/Projects/GVC-RT/experiments/gvcrt_neural_wrapper_v6_2_objective_calibration/branches/schedule_s2p0/checkpoints/step_2000.pt,91d83d8ccc979b42b5a6eb044b8645805dc81f44ded58081814a53d994679b20,/Huang_group/zyyz/Projects/GVC-RT/experiments/gvcrt_neural_wrapper_v6_2_objective_calibration/parts/fullqp/schedule_s2p0/step_2000/normal/video_14_qp2.frames.csv,f853b165a0958f7eb173dbbbc36f00e1f03633ac650529ffc8620313cabced38,/Huang_group/zyyz/Projects/GVC-RT/experiments/gvcrt_neural_wrapper_v6_2_objective_calibration/features/fullqp/schedule_s2p0/step_2000/normal/video_14_qp2.transitions.csv,9c63df43e58d5b945d69c90e357de143c3f57e133380aa5f329cf820680fa121,218512,"[2, 4, 2, 3, 2, 3, 2, 3, 2, 4, 2, 3, 2, 3, 2, 3, 2, 4, 2, 3, 2, 3, 2, 3, 2, 4, 2, 3, 2, 3, 2, 3]",0.12,4,21.093016862869263,0.07815988198854029,0.009317321237176657,0.007367753787548281,Mean absolute RGB horizontal/vertical first-difference change
44105,44105,11026.25,0.005317443094135802,264.36563436563443,23.976023976023978,32,32,31,0.16041272459551692,0.08954343758523464,24.21982640471107,0.9619789551943541,0.8720425050705671,0.15807919588781172,24.21982640471107,"[1920, 1088]","[1920, 1080]",1,False,,0.40297967195510864,0f0c0e2358ceec024230154da4777ed5c444a8382af1ec9d7165f3d7886141cf,0f0c0e2358ceec024230154da4777ed5c444a8382af1ec9d7165f3d7886141cf,4794f25d595c2b283566b704ea2984d14f6f5e3b19bc575848152199a6c5498d,True,True,True,44105,/Huang_group/zyyz/Projects/GVC-RT/experiments/gvcrt_neural_wrapper_v6_2_objective_calibration/bitstreams/fullqp/schedule_s2p0/step_2000/normal/video_14_qp4.bin,e89b6810ee0c4f2360a92794ce8583b8df43b79e21cd9184bba22fc12d02bd12,/Huang_group/zyyz/Projects/GVC-RT/experiments/gvcrt_neural_wrapper_v6_2_objective_calibration/features/fullqp/schedule_s2p0/step_2000/normal/video_14_qp4.npz,c2a1936da67860d171378131eb9e8fdcbf2786af44b56ead29c4f98190d3ffd4,"{'bridge': 'd4ec467021e4da84e6320ec570cb2bd06cb42731372a163c827bb1e8015d2896', 'generator': '746b779eef7c99cda0d395f6d9fd5658ac8e95dfa85e5676c76f0a70fc8cecfa'}",fullqp_schedule_v1,schedule_s2p0,2000,normal,normal,schedule_s2p0,4,4,14,fb7ec78a-5174-4f11-9a0a-de4fdb5137a1,6adc6afef6f89dddab0df441422f907b484fb8d7c90e7312d80cb53c2ce91300,eefdecf92e59f81a10aa5f1c866b85e01f367a7ca8b98c25c1764a12feec94b9,/Huang_group/zyyz/Projects/GVC-RT/experiments/gvcrt_neural_wrapper_v6_2_objective_calibration/branches/schedule_s2p0/checkpoints/step_2000.pt,91d83d8ccc979b42b5a6eb044b8645805dc81f44ded58081814a53d994679b20,/Huang_group/zyyz/Projects/GVC-RT/experiments/gvcrt_neural_wrapper_v6_2_objective_calibration/parts/fullqp/schedule_s2p0/step_2000/normal/video_14_qp4.frames.csv,609b8fa5d7a8509481f832b279a012abbbca5cff31b8e03ccde59de4e6b5a9af,/Huang_group/zyyz/Projects/GVC-RT/experiments/gvcrt_neural_wrapper_v6_2_objective_calibration/features/fullqp/schedule_s2p0/step_2000/normal/video_14_qp4.transitions.csv,78b7acdffb82ebc9d11d294acf5a9f12f1ac17af0f2212233d75161b91bc5775,352840,"[4, 6, 4, 5, 4, 5, 4, 5, 4, 6, 4, 5, 4, 5, 4, 5, 4, 6, 4, 5, 4, 5, 4, 5, 4, 6, 4, 5, 4, 5, 4, 5]",0.12,4,20.98024272918701,0.07815988198854029,0.009317321237176657,0.007367753787548281,Mean absolute RGB horizontal/vertical first-difference change
67143,67143,16785.75,0.00809497974537037,402.4555444555445,23.976023976023978,32,32,31,0.13637007283978164,0.0801648199558258,25.083948014266404,0.9685884974896908,0.8966402187943459,0.13386397808790207,25.083948014266404,"[1920, 1088]","[1920, 1080]",1,False,,0.40297967195510864,0f0c0e2358ceec024230154da4777ed5c444a8382af1ec9d7165f3d7886141cf,0f0c0e2358ceec024230154da4777ed5c444a8382af1ec9d7165f3d7886141cf,a48a757ef19eec0bc53f468504fb6ebd6ad306bfa4f3e134e6ab65b07b6514eb,True,True,True,67143,/Huang_group/zyyz/Projects/GVC-RT/experiments/gvcrt_neural_wrapper_v6_2_objective_calibration/bitstreams/fullqp/schedule_s2p0/step_2000/normal/video_14_qp6.bin,a5aa230f8277b68c0e789887ec29954c141a805d99caa5e8feabbfde2a256468,/Huang_group/zyyz/Projects/GVC-RT/experiments/gvcrt_neural_wrapper_v6_2_objective_calibration/features/fullqp/schedule_s2p0/step_2000/normal/video_14_qp6.npz,30932dc15087d11438250ce3d5909ee081b105f804ef9bf8c0ea92ebf976cd4f,"{'bridge': 'd4ec467021e4da84e6320ec570cb2bd06cb42731372a163c827bb1e8015d2896', 'generator': '746b779eef7c99cda0d395f6d9fd5658ac8e95dfa85e5676c76f0a70fc8cecfa'}",fullqp_schedule_v1,schedule_s2p0,2000,normal,normal,schedule_s2p0,6,6,14,fb7ec78a-5174-4f11-9a0a-de4fdb5137a1,6adc6afef6f89dddab0df441422f907b484fb8d7c90e7312d80cb53c2ce91300,eefdecf92e59f81a10aa5f1c866b85e01f367a7ca8b98c25c1764a12feec94b9,/Huang_group/zyyz/Projects/GVC-RT/experiments/gvcrt_neural_wrapper_v6_2_objective_calibration/branches/schedule_s2p0/checkpoints/step_2000.pt,91d83d8ccc979b42b5a6eb044b8645805dc81f44ded58081814a53d994679b20,/Huang_group/zyyz/Projects/GVC-RT/experiments/gvcrt_neural_wrapper_v6_2_objective_calibration/parts/fullqp/schedule_s2p0/step_2000/normal/video_14_qp6.frames.csv,5bd82089db20665b3f7f969e145dd2c0ea39968c2c39d2f39ef03c2822f1f6ef,/Huang_group/zyyz/Projects/GVC-RT/experiments/gvcrt_neural_wrapper_v6_2_objective_calibration/features/fullqp/schedule_s2p0/step_2000/normal/video_14_qp6.transitions.csv,3f95445d7e4939da500b1844dffa3b89a831d2988804d617e50c99e694213f95,537144,"[6, 8, 6, 7, 6, 7, 6, 7, 6, 8, 6, 7, 6, 7, 6, 7, 6, 8, 6, 7, 6, 7, 6, 7, 6, 8, 6, 7, 6, 7, 6, 7]",0.12,4,20.754923105239868,0.07815988198854029,0.009317321237176657,0.007367753787548281,Mean absolute RGB horizontal/vertical first-difference change
96992,96992,24248.0,0.011693672839506173,581.3706293706294,23.976023976023978,32,32,31,0.12263588630594313,0.07061920128762722,25.615963005482847,0.9721096232533455,0.9108800701797009,0.12009852547799388,25.615963005482847,"[1920, 1088]","[1920, 1080]",1,False,,0.40297967195510864,0f0c0e2358ceec024230154da4777ed5c444a8382af1ec9d7165f3d7886141cf,0f0c0e2358ceec024230154da4777ed5c444a8382af1ec9d7165f3d7886141cf,fdc7d92d6eb325dd76ee0dbd00fdb30d527f274da315e7b5cbfccca1c4e5b275,True,True,True,96992,/Huang_group/zyyz/Projects/GVC-RT/experiments/gvcrt_neural_wrapper_v6_2_objective_calibration/bitstreams/fullqp/schedule_s2p0/step_2000/normal/video_14_qp8.bin,af7a8033444c95497256680fcc936ac1dbfb3b869bf570333a4e1340f088b445,/Huang_group/zyyz/Projects/GVC-RT/experiments/gvcrt_neural_wrapper_v6_2_objective_calibration/features/fullqp/schedule_s2p0/step_2000/normal/video_14_qp8.npz,4b9d4168b2070deb3d751496ab715c4ea670233f5e0a9f90ba4a5ca5e974db15,"{'bridge': 'd4ec467021e4da84e6320ec570cb2bd06cb42731372a163c827bb1e8015d2896', 'generator': '746b779eef7c99cda0d395f6d9fd5658ac8e95dfa85e5676c76f0a70fc8cecfa'}",fullqp_schedule_v1,schedule_s2p0,2000,normal,normal,schedule_s2p0,8,8,14,fb7ec78a-5174-4f11-9a0a-de4fdb5137a1,6adc6afef6f89dddab0df441422f907b484fb8d7c90e7312d80cb53c2ce91300,eefdecf92e59f81a10aa5f1c866b85e01f367a7ca8b98c25c1764a12feec94b9,/Huang_group/zyyz/Projects/GVC-RT/experiments/gvcrt_neural_wrapper_v6_2_objective_calibration/branches/schedule_s2p0/checkpoints/step_2000.pt,91d83d8ccc979b42b5a6eb044b8645805dc81f44ded58081814a53d994679b20,/Huang_group/zyyz/Projects/GVC-RT/experiments/gvcrt_neural_wrapper_v6_2_objective_calibration/parts/fullqp/schedule_s2p0/step_2000/normal/video_14_qp8.frames.csv,4f23c6aa06c22eabab3605e4451fbaca350597247b3fbe613b7cb5290f874c8b,/Huang_group/zyyz/Projects/GVC-RT/experiments/gvcrt_neural_wrapper_v6_2_objective_calibration/features/fullqp/schedule_s2p0/step_2000/normal/video_14_qp8.transitions.csv,12172b7d252be1d20b37126f175b593a8bef0c933d427d07b202592a404668f1,775936,"[8, 10, 8, 9, 8, 9, 8, 9, 8, 10, 8, 9, 8, 9, 8, 9, 8, 10, 8, 9, 8, 9, 8, 9, 8, 10, 8, 9, 8, 9, 8, 9]",0.12,4,21.947027683258057,0.07815988198854029,0.009317321237176657,0.007367753787548281,Mean absolute RGB horizontal/vertical first-difference change
114787,114787,28696.75,0.013839096257716049,688.0339660339661,23.976023976023978,32,32,31,0.11793464422225952,0.06944316998124123,25.82914818036597,0.973395312204957,0.9158017076551914,0.11540093585368126,25.82914818036597,"[1920, 1088]","[1920, 1080]",1,False,,0.40297967195510864,0f0c0e2358ceec024230154da4777ed5c444a8382af1ec9d7165f3d7886141cf,0f0c0e2358ceec024230154da4777ed5c444a8382af1ec9d7165f3d7886141cf,5545a2d68287a8756546fd1a27850ac76cbcb33a227ed41c51112e7860b99438,True,True,True,114787,/Huang_group/zyyz/Projects/GVC-RT/experiments/gvcrt_neural_wrapper_v6_2_objective_calibration/bitstreams/fullqp/schedule_s2p0/step_2000/normal/video_14_qp9.bin,e71bb6533a4eca2f191ffd79f51e243b4de4e6c396224ebb3b406f62e7968a5b,/Huang_group/zyyz/Projects/GVC-RT/experiments/gvcrt_neural_wrapper_v6_2_objective_calibration/features/fullqp/schedule_s2p0/step_2000/normal/video_14_qp9.npz,e3556f43206b6e490c9bf0ed4cfe870b937a64f11c619bfb976c2b47bf96e3b5,"{'bridge': 'd4ec467021e4da84e6320ec570cb2bd06cb42731372a163c827bb1e8015d2896', 'generator': '746b779eef7c99cda0d395f6d9fd5658ac8e95dfa85e5676c76f0a70fc8cecfa'}",fullqp_schedule_v1,schedule_s2p0,2000,normal,normal,schedule_s2p0,9,9,14,fb7ec78a-5174-4f11-9a0a-de4fdb5137a1,6adc6afef6f89dddab0df441422f907b484fb8d7c90e7312d80cb53c2ce91300,eefdecf92e59f81a10aa5f1c866b85e01f367a7ca8b98c25c1764a12feec94b9,/Huang_group/zyyz/Projects/GVC-RT/experiments/gvcrt_neural_wrapper_v6_2_objective_calibration/branches/schedule_s2p0/checkpoints/step_2000.pt,91d83d8ccc979b42b5a6eb044b8645805dc81f44ded58081814a53d994679b20,/Huang_group/zyyz/Projects/GVC-RT/experiments/gvcrt_neural_wrapper_v6_2_objective_calibration/parts/fullqp/schedule_s2p0/step_2000/normal/video_14_qp9.frames.csv,d7091a15658000affdedc350c655e1db445fc22152a4e162a4d0aa503290b067,/Huang_group/zyyz/Projects/GVC-RT/experiments/gvcrt_neural_wrapper_v6_2_objective_calibration/features/fullqp/schedule_s2p0/step_2000/normal/video_14_qp9.transitions.csv,6e58e0005a7201f62960f4ea70d1e4c67b63ea78ed727cbc0624c2ca883f7609,918296,"[9, 11, 9, 10, 9, 10, 9, 10, 9, 11, 9, 10, 9, 10, 9, 10, 9, 11, 9, 10, 9, 10, 9, 10, 9, 11, 9, 10, 9, 10, 9, 10]",0.12,4,21.489670515060425,0.07815988198854029,0.009317321237176657,0.007367753787548281,Mean absolute RGB horizontal/vertical first-difference change
12372,12372,3093.0,0.0014916087962962962,92.6973026973027,29.97002997002997,32,32,31,0.11637986684218049,0.06721464730799198,23.107372006430115,0.9734366275370121,0.8987467680126429,0.0799530436915736,23.107372006430115,"[1920, 1088]","[1920, 1080]",1,False,,0.4497077465057373,0f0c0e2358ceec024230154da4777ed5c444a8382af1ec9d7165f3d7886141cf,0f0c0e2358ceec024230154da4777ed5c444a8382af1ec9d7165f3d7886141cf,169de679939d1697452870a6199710ae0d7b40882724ff382c3c7eef744a2385,True,True,True,12372,/Huang_group/zyyz/Projects/GVC-RT/experiments/gvcrt_neural_wrapper_v6_2_objective_calibration/bitstreams/fullqp/schedule_s2p0/step_2000/normal/video_15_qp0.bin,322046b0d61bdd4ca8dfa2eea0f314b463dc8e50d8dd00fe6e97dc33209ede71,/Huang_group/zyyz/Projects/GVC-RT/experiments/gvcrt_neural_wrapper_v6_2_objective_calibration/features/fullqp/schedule_s2p0/step_2000/normal/video_15_qp0.npz,49bb4ef61e09a5b9b662a08ac1cb17c4e43d6e0d53747243ad11411426c5198f,"{'bridge': 'd4ec467021e4da84e6320ec570cb2bd06cb42731372a163c827bb1e8015d2896', 'generator': '746b779eef7c99cda0d395f6d9fd5658ac8e95dfa85e5676c76f0a70fc8cecfa'}",fullqp_schedule_v1,schedule_s2p0,2000,normal,normal,schedule_s2p0,0,0,15,2734b7a8-0a72-4281-aadb-f980a8025f1e,b22a485d9503192b8424015addcb7490b6a36b7b9de0bc8698f9d1fc623711a6,77c6758acfadb5df043cae5073c0021e14992b948f500e3f6292c0c12a2e8f26,/Huang_group/zyyz/Projects/GVC-RT/experiments/gvcrt_neural_wrapper_v6_2_objective_calibration/branches/schedule_s2p0/checkpoints/step_2000.pt,91d83d8ccc979b42b5a6eb044b8645805dc81f44ded58081814a53d994679b20,/Huang_group/zyyz/Projects/GVC-RT/experiments/gvcrt_neural_wrapper_v6_2_objective_calibration/parts/fullqp/schedule_s2p0/step_2000/normal/video_15_qp0.frames.csv,7ce04f40ce2e371885b6aff3f7ba1b0d708a3495b54758714d42c2bbf79e3036,/Huang_group/zyyz/Projects/GVC-RT/experiments/gvcrt_neural_wrapper_v6_2_objective_calibration/features/fullqp/schedule_s2p0/step_2000/normal/video_15_qp0.transitions.csv,09929ddb94706a1b3b29a3b3d8a887d33fcb753fd3fd443eb75318b4abca7373,98976,"[0, 2, 0, 1, 0, 1, 0, 1, 0, 2, 0, 1, 0, 1, 0, 1, 0, 2, 0, 1, 0, 1, 0, 1, 0, 2, 0, 1, 0, 1, 0, 1]",0.12,6,20.078198194503784,0.10594764747656882,0.017262428649701178,0.004851285862969235,Mean absolute RGB horizontal/vertical first-difference change
18171,18171,4542.75,0.002190755208333333,136.14635364635365,29.97002997002997,32,32,31,0.09386243345215917,0.05912320874631405,24.25450720867535,0.9793867524713278,0.9219772089272738,0.07050810417821331,24.25450720867535,"[1920, 1088]","[1920, 1080]",1,False,,0.4497077465057373,0f0c0e2358ceec024230154da4777ed5c444a8382af1ec9d7165f3d7886141cf,0f0c0e2358ceec024230154da4777ed5c444a8382af1ec9d7165f3d7886141cf,807fd996ac9d792681a8c1ca4f9c610de1529385b19fb913beb84d991dab1686,True,True,True,18171,/Huang_group/zyyz/Projects/GVC-RT/experiments/gvcrt_neural_wrapper_v6_2_objective_calibration/bitstreams/fullqp/schedule_s2p0/step_2000/normal/video_15_qp2.bin,ac10c91e9a94ef0360097c6864667b3d3f310fbc34b0f29681145863a5b3b429,/Huang_group/zyyz/Projects/GVC-RT/experiments/gvcrt_neural_wrapper_v6_2_objective_calibration/features/fullqp/schedule_s2p0/step_2000/normal/video_15_qp2.npz,615c871db570b0211726824efc6188e9e4e8e3608817242016a7836c0314d0a5,"{'bridge': 'd4ec467021e4da84e6320ec570cb2bd06cb42731372a163c827bb1e8015d2896', 'generator': '746b779eef7c99cda0d395f6d9fd5658ac8e95dfa85e5676c76f0a70fc8cecfa'}",fullqp_schedule_v1,schedule_s2p0,2000,normal,normal,schedule_s2p0,2,2,15,2734b7a8-0a72-4281-aadb-f980a8025f1e,b22a485d9503192b8424015addcb7490b6a36b7b9de0bc8698f9d1fc623711a6,77c6758acfadb5df043cae5073c0021e14992b948f500e3f6292c0c12a2e8f26,/Huang_group/zyyz/Projects/GVC-RT/experiments/gvcrt_neural_wrapper_v6_2_objective_calibration/branches/schedule_s2p0/checkpoints/step_2000.pt,91d83d8ccc979b42b5a6eb044b8645805dc81f44ded58081814a53d994679b20,/Huang_group/zyyz/Projects/GVC-RT/experiments/gvcrt_neural_wrapper_v6_2_objective_calibration/parts/fullqp/schedule_s2p0/step_2000/normal/video_15_qp2.frames.csv,5557745f33729c1993b21a3e1f21c99abb8e4e5fe54a3b2d8d33c0dd5982d217,/Huang_group/zyyz/Projects/GVC-RT/experiments/gvcrt_neural_wrapper_v6_2_objective_calibration/features/fullqp/schedule_s2p0/step_2000/normal/video_15_qp2.transitions.csv,8d96b2295bde96830c872cb6bac17da080946edae5b3e0bfffbb6d9972dc6d27,145368,"[2, 4, 2, 3, 2, 3, 2, 3, 2, 4, 2, 3, 2, 3, 2, 3, 2, 4, 2, 3, 2, 3, 2, 3, 2, 4, 2, 3, 2, 3, 2, 3]",0.12,6,20.44300150871277,0.10594764747656882,0.017262428649701178,0.004851285862969235,Mean absolute RGB horizontal/vertical first-difference change
26875,26875,6718.75,0.003240137924382716,201.36113886113887,29.97002997002997,32,32,31,0.07872779620811343,0.05233842320740223,25.054591457516224,0.9828284457325935,0.938273249194026,0.06158912506315016,25.054591457516224,"[1920, 1088]","[1920, 1080]",1,False,,0.4497077465057373,0f0c0e2358ceec024230154da4777ed5c444a8382af1ec9d7165f3d7886141cf,0f0c0e2358ceec024230154da4777ed5c444a8382af1ec9d7165f3d7886141cf,419d7ad8e748aa7edbdd499005928ab19bcd629ef730ec8a6f636d8a0c219c57,True,True,True,26875,/Huang_group/zyyz/Projects/GVC-RT/experiments/gvcrt_neural_wrapper_v6_2_objective_calibration/bitstreams/fullqp/schedule_s2p0/step_2000/normal/video_15_qp4.bin,c61bae408f9bed9d17749ea28e21e0331c609a87706bc3b058d033b159288885,/Huang_group/zyyz/Projects/GVC-RT/experiments/gvcrt_neural_wrapper_v6_2_objective_calibration/features/fullqp/schedule_s2p0/step_2000/normal/video_15_qp4.npz,050c7255624a9ded82b694631d2f6133b98faea2aefe0ebf9b1e9e8caec43ca7,"{'bridge': 'd4ec467021e4da84e6320ec570cb2bd06cb42731372a163c827bb1e8015d2896', 'generator': '746b779eef7c99cda0d395f6d9fd5658ac8e95dfa85e5676c76f0a70fc8cecfa'}",fullqp_schedule_v1,schedule_s2p0,2000,normal,normal,schedule_s2p0,4,4,15,2734b7a8-0a72-4281-aadb-f980a8025f1e,b22a485d9503192b8424015addcb7490b6a36b7b9de0bc8698f9d1fc623711a6,77c6758acfadb5df043cae5073c0021e14992b948f500e3f6292c0c12a2e8f26,/Huang_group/zyyz/Projects/GVC-RT/experiments/gvcrt_neural_wrapper_v6_2_objective_calibration/branches/schedule_s2p0/checkpoints/step_2000.pt,91d83d8ccc979b42b5a6eb044b8645805dc81f44ded58081814a53d994679b20,/Huang_group/zyyz/Projects/GVC-RT/experiments/gvcrt_neural_wrapper_v6_2_objective_calibration/parts/fullqp/schedule_s2p0/step_2000/normal/video_15_qp4.frames.csv,e1eeafc9f047ebd4fb93df4f32d21d30d32cdcc3fb1918d70695da97da8ccbaa,/Huang_group/zyyz/Projects/GVC-RT/experiments/gvcrt_neural_wrapper_v6_2_objective_calibration/features/fullqp/schedule_s2p0/step_2000/normal/video_15_qp4.transitions.csv,128908ce95c7ff62f9b12f077a19068e6acccf4439059b803a81532c48770811,215000,"[4, 6, 4, 5, 4, 5, 4, 5, 4, 6, 4, 5, 4, 5, 4, 5, 4, 6, 4, 5, 4, 5, 4, 5, 4, 6, 4, 5, 4, 5, 4, 5]",0.12,6,20.292768239974976,0.10594764747656882,0.017262428649701178,0.004851285862969235,Mean absolute RGB horizontal/vertical first-difference change
38948,38948,9737.0,0.0046956983024691356,291.8181818181818,29.97002997002997,32,32,31,0.06757214129902422,0.04710812494158745,25.695227817959697,0.9851638562977314,0.9484031572937965,0.05428524315357208,25.695227817959697,"[1920, 1088]","[1920, 1080]",1,False,,0.4497077465057373,0f0c0e2358ceec024230154da4777ed5c444a8382af1ec9d7165f3d7886141cf,0f0c0e2358ceec024230154da4777ed5c444a8382af1ec9d7165f3d7886141cf,57c580271eccc10b2bb59c835243fe1b3b79ea913048ef05b0589cfafe7609b5,True,True,True,38948,/Huang_group/zyyz/Projects/GVC-RT/experiments/gvcrt_neural_wrapper_v6_2_objective_calibration/bitstreams/fullqp/schedule_s2p0/step_2000/normal/video_15_qp6.bin,f8a7b8029b3578f6e2a5732c76f485ceafcc7f428724a1e3a98bb4ef8e515a35,/Huang_group/zyyz/Projects/GVC-RT/experiments/gvcrt_neural_wrapper_v6_2_objective_calibration/features/fullqp/schedule_s2p0/step_2000/normal/video_15_qp6.npz,9323342312816ab2033432abf0ac5c7997265ae2491ed00850c237e43ef40fc1,"{'bridge': 'd4ec467021e4da84e6320ec570cb2bd06cb42731372a163c827bb1e8015d2896', 'generator': '746b779eef7c99cda0d395f6d9fd5658ac8e95dfa85e5676c76f0a70fc8cecfa'}",fullqp_schedule_v1,schedule_s2p0,2000,normal,normal,schedule_s2p0,6,6,15,2734b7a8-0a72-4281-aadb-f980a8025f1e,b22a485d9503192b8424015addcb7490b6a36b7b9de0bc8698f9d1fc623711a6,77c6758acfadb5df043cae5073c0021e14992b948f500e3f6292c0c12a2e8f26,/Huang_group/zyyz/Projects/GVC-RT/experiments/gvcrt_neural_wrapper_v6_2_objective_calibration/branches/schedule_s2p0/checkpoints/step_2000.pt,91d83d8ccc979b42b5a6eb044b8645805dc81f44ded58081814a53d994679b20,/Huang_group/zyyz/Projects/GVC-RT/experiments/gvcrt_neural_wrapper_v6_2_objective_calibration/parts/fullqp/schedule_s2p0/step_2000/normal/video_15_qp6.frames.csv,9335b4e9c71fbcfe2a35b334cbb5847aec4090e243f66180d2ce67d9d8f31190,/Huang_group/zyyz/Projects/GVC-RT/experiments/gvcrt_neural_wrapper_v6_2_objective_calibration/features/fullqp/schedule_s2p0/step_2000/normal/video_15_qp6.transitions.csv,63f0b7912756c711d6d657dec78592c2dfef10a033241f3632c0f8714eb6442d,311584,"[6, 8, 6, 7, 6, 7, 6, 7, 6, 8, 6, 7, 6, 7, 6, 7, 6, 8, 6, 7, 6, 7, 6, 7, 6, 8, 6, 7, 6, 7, 6, 7]",0.12,6,20.337462425231934,0.10594764747656882,0.017262428649701178,0.004851285862969235,Mean absolute RGB horizontal/vertical first-difference change
55477,55477,13869.25,0.006688488618827161,415.6618381618382,29.97002997002997,32,32,31,0.06072721991222352,0.04383862763643265,26.13918825518009,0.9865849558264017,0.9553389232605696,0.049641146174361626,26.13918825518009,"[1920, 1088]","[1920, 1080]",1,False,,0.4497077465057373,0f0c0e2358ceec024230154da4777ed5c444a8382af1ec9d7165f3d7886141cf,0f0c0e2358ceec024230154da4777ed5c444a8382af1ec9d7165f3d7886141cf,8e35d5853d1fc9c3b5d4e29b6e1975f6a361714b4c84cda01f9ec2004f62dc06,True,True,True,55477,/Huang_group/zyyz/Projects/GVC-RT/experiments/gvcrt_neural_wrapper_v6_2_objective_calibration/bitstreams/fullqp/schedule_s2p0/step_2000/normal/video_15_qp8.bin,f1f06490207f5046f1298b67c6307927985c3716e163386973bbacd6bbd36f55,/Huang_group/zyyz/Projects/GVC-RT/experiments/gvcrt_neural_wrapper_v6_2_objective_calibration/features/fullqp/schedule_s2p0/step_2000/normal/video_15_qp8.npz,6a9d5c0dbe8500b69590e7f69aba56fac46bef79ec85e72422aaae5f7467266f,"{'bridge': 'd4ec467021e4da84e6320ec570cb2bd06cb42731372a163c827bb1e8015d2896', 'generator': '746b779eef7c99cda0d395f6d9fd5658ac8e95dfa85e5676c76f0a70fc8cecfa'}",fullqp_schedule_v1,schedule_s2p0,2000,normal,normal,schedule_s2p0,8,8,15,2734b7a8-0a72-4281-aadb-f980a8025f1e,b22a485d9503192b8424015addcb7490b6a36b7b9de0bc8698f9d1fc623711a6,77c6758acfadb5df043cae5073c0021e14992b948f500e3f6292c0c12a2e8f26,/Huang_group/zyyz/Projects/GVC-RT/experiments/gvcrt_neural_wrapper_v6_2_objective_calibration/branches/schedule_s2p0/checkpoints/step_2000.pt,91d83d8ccc979b42b5a6eb044b8645805dc81f44ded58081814a53d994679b20,/Huang_group/zyyz/Projects/GVC-RT/experiments/gvcrt_neural_wrapper_v6_2_objective_calibration/parts/fullqp/schedule_s2p0/step_2000/normal/video_15_qp8.frames.csv,a9ca944bf8f9ce3f0255e6a3732bea6f9f004c93ae2c6aaaa22bd0d59ee11b81,/Huang_group/zyyz/Projects/GVC-RT/experiments/gvcrt_neural_wrapper_v6_2_objective_calibration/features/fullqp/schedule_s2p0/step_2000/normal/video_15_qp8.transitions.csv,75ff263f6502bc2feeaa40ffadfa0ba601c8f33f9dd5387ab94b0b3957817771,443816,"[8, 10, 8, 9, 8, 9, 8, 9, 8, 10, 8, 9, 8, 9, 8, 9, 8, 10, 8, 9, 8, 9, 8, 9, 8, 10, 8, 9, 8, 9, 8, 9]",0.12,6,20.167375564575195,0.10594764747656882,0.017262428649701178,0.004851285862969235,Mean absolute RGB horizontal/vertical first-difference change
64643,64643,16160.75,0.007793571566358025,484.3381618381618,29.97002997002997,32,32,31,0.05887945683207363,0.04298777133226395,26.26647533912663,0.9869574345648289,0.9572958517819643,0.04809254287712036,26.26647533912663,"[1920, 1088]","[1920, 1080]",1,False,,0.4497077465057373,0f0c0e2358ceec024230154da4777ed5c444a8382af1ec9d7165f3d7886141cf,0f0c0e2358ceec024230154da4777ed5c444a8382af1ec9d7165f3d7886141cf,f58a6ce74359ff15b7e9195b5603244f5dd9d5b9b4cffbf46bc75737fcaebc58,True,True,True,64643,/Huang_group/zyyz/Projects/GVC-RT/experiments/gvcrt_neural_wrapper_v6_2_objective_calibration/bitstreams/fullqp/schedule_s2p0/step_2000/normal/video_15_qp9.bin,1de4b4e2c40eaab6b7d7f69ea33444aa53adddb85765e2e63a43783239e46cbc,/Huang_group/zyyz/Projects/GVC-RT/experiments/gvcrt_neural_wrapper_v6_2_objective_calibration/features/fullqp/schedule_s2p0/step_2000/normal/video_15_qp9.npz,d45ba0b226f9a39ec14a798c3e5cb8023526d50a3751e1db6899127fab4645d8,"{'bridge': 'd4ec467021e4da84e6320ec570cb2bd06cb42731372a163c827bb1e8015d2896', 'generator': '746b779eef7c99cda0d395f6d9fd5658ac8e95dfa85e5676c76f0a70fc8cecfa'}",fullqp_schedule_v1,schedule_s2p0,2000,normal,normal,schedule_s2p0,9,9,15,2734b7a8-0a72-4281-aadb-f980a8025f1e,b22a485d9503192b8424015addcb7490b6a36b7b9de0bc8698f9d1fc623711a6,77c6758acfadb5df043cae5073c0021e14992b948f500e3f6292c0c12a2e8f26,/Huang_group/zyyz/Projects/GVC-RT/experiments/gvcrt_neural_wrapper_v6_2_objective_calibration/branches/schedule_s2p0/checkpoints/step_2000.pt,91d83d8ccc979b42b5a6eb044b8645805dc81f44ded58081814a53d994679b20,/Huang_group/zyyz/Projects/GVC-RT/experiments/gvcrt_neural_wrapper_v6_2_objective_calibration/parts/fullqp/schedule_s2p0/step_2000/normal/video_15_qp9.frames.csv,b5d668e73636f00a92f9f3bd41c1a10322ed6ba4e3108f357ca5786224f29415,/Huang_group/zyyz/Projects/GVC-RT/experiments/gvcrt_neural_wrapper_v6_2_objective_calibration/features/fullqp/schedule_s2p0/step_2000/normal/video_15_qp9.transitions.csv,32470ccbff18cccb8cf170ae6fdcbf7cb9838bbac355e4109427e2a6cf8de258,517144,"[9, 11, 9, 10, 9, 10, 9, 10, 9, 11, 9, 10, 9, 10, 9, 10, 9, 11, 9, 10, 9, 10, 9, 10, 9, 11, 9, 10, 9, 10, 9, 10]",0.12,6,20.178040504455566,0.10594764747656882,0.017262428649701178,0.004851285862969235,Mean absolute RGB horizontal/vertical first-difference change
11409,11409,2852.25,0.0013755063657407407,85.5675,30.0,32,32,31,0.0713889867765829,0.09519161283969879,28.932301153634267,0.9684726726263762,0.9549252260476351,0.06347645410606938,28.932301153634267,"[1920, 1088]","[1920, 1080]",1,False,,0.391440749168396,0f0c0e2358ceec024230154da4777ed5c444a8382af1ec9d7165f3d7886141cf,0f0c0e2358ceec024230154da4777ed5c444a8382af1ec9d7165f3d7886141cf,8c7a20ff10b095b61936fe390370e0da7bf47b5884471f8e4f41fbec593b2129,True,True,True,11409,/Huang_group/zyyz/Projects/GVC-RT/experiments/gvcrt_neural_wrapper_v6_2_objective_calibration/bitstreams/fullqp/schedule_s2p0/step_2000/normal/video_16_qp0.bin,be9d4ce45ba824d04150cbff23029feb0f67e965b1a9513465affc57217f2b65,/Huang_group/zyyz/Projects/GVC-RT/experiments/gvcrt_neural_wrapper_v6_2_objective_calibration/features/fullqp/schedule_s2p0/step_2000/normal/video_16_qp0.npz,f170db5e61012bd3d7b6ae5b3fb152161a8047c6d98c671cf98fb009f402617e,"{'bridge': 'd4ec467021e4da84e6320ec570cb2bd06cb42731372a163c827bb1e8015d2896', 'generator': '746b779eef7c99cda0d395f6d9fd5658ac8e95dfa85e5676c76f0a70fc8cecfa'}",fullqp_schedule_v1,schedule_s2p0,2000,normal,normal,schedule_s2p0,0,0,16,d31f6a10-e65c-409c-a930-0f37d976aca5,e672b9cb465b20477a05c33e37916cc58c0ac4d0bf521b537eeeaebf7a4ed842,6ff362e29ed0d00674ab75b640ad9eb72f78daae1bc79236f0865d05bc6d95f9,/Huang_group/zyyz/Projects/GVC-RT/experiments/gvcrt_neural_wrapper_v6_2_objective_calibration/branches/schedule_s2p0/checkpoints/step_2000.pt,91d83d8ccc979b42b5a6eb044b8645805dc81f44ded58081814a53d994679b20,/Huang_group/zyyz/Projects/GVC-RT/experiments/gvcrt_neural_wrapper_v6_2_objective_calibration/parts/fullqp/schedule_s2p0/step_2000/normal/video_16_qp0.frames.csv,899970ccb26c90e3bdf629ba86197228869cbec67db45ad2242a875ed2749ab4,/Huang_group/zyyz/Projects/GVC-RT/experiments/gvcrt_neural_wrapper_v6_2_objective_calibration/features/fullqp/schedule_s2p0/step_2000/normal/video_16_qp0.transitions.csv,0b558a4452b55e50c1a6f7c67ef802718e5b605bb1ac0b92f0af29bdc9379350,91272,"[0, 2, 0, 1, 0, 1, 0, 1, 0, 2, 0, 1, 0, 1, 0, 1, 0, 2, 0, 1, 0, 1, 0, 1, 0, 2, 0, 1, 0, 1, 0, 1]",0.12,4,20.36813473701477,0.08418904826976359,0.008665325323818251,0.0012121941690566018,Mean absolute RGB horizontal/vertical first-difference change
16165,16165,4041.25,0.001948905285493827,121.2375,30.0,32,32,31,0.057430281303822994,0.08535965532064438,29.427465537509967,0.9719796050339937,0.9625701997429132,0.053319558140731624,29.427465537509967,"[1920, 1088]","[1920, 1080]",1,False,,0.391440749168396,0f0c0e2358ceec024230154da4777ed5c444a8382af1ec9d7165f3d7886141cf,0f0c0e2358ceec024230154da4777ed5c444a8382af1ec9d7165f3d7886141cf,76f41258051b49597673b17ec5344a481b4cd24eeea98d5c07fcf057faffc769,True,True,True,16165,/Huang_group/zyyz/Projects/GVC-RT/experiments/gvcrt_neural_wrapper_v6_2_objective_calibration/bitstreams/fullqp/schedule_s2p0/step_2000/normal/video_16_qp2.bin,5f2a6d4aff358b43423b896f81f7b777b09f2720690a3ad57d87a87a97044c9a,/Huang_group/zyyz/Projects/GVC-RT/experiments/gvcrt_neural_wrapper_v6_2_objective_calibration/features/fullqp/schedule_s2p0/step_2000/normal/video_16_qp2.npz,c5301a393b7b19faa47d8fa0c551b0125a90e47a7a9c551e384274f1b18ff696,"{'bridge': 'd4ec467021e4da84e6320ec570cb2bd06cb42731372a163c827bb1e8015d2896', 'generator': '746b779eef7c99cda0d395f6d9fd5658ac8e95dfa85e5676c76f0a70fc8cecfa'}",fullqp_schedule_v1,schedule_s2p0,2000,normal,normal,schedule_s2p0,2,2,16,d31f6a10-e65c-409c-a930-0f37d976aca5,e672b9cb465b20477a05c33e37916cc58c0ac4d0bf521b537eeeaebf7a4ed842,6ff362e29ed0d00674ab75b640ad9eb72f78daae1bc79236f0865d05bc6d95f9,/Huang_group/zyyz/Projects/GVC-RT/experiments/gvcrt_neural_wrapper_v6_2_objective_calibration/branches/schedule_s2p0/checkpoints/step_2000.pt,91d83d8ccc979b42b5a6eb044b8645805dc81f44ded58081814a53d994679b20,/Huang_group/zyyz/Projects/GVC-RT/experiments/gvcrt_neural_wrapper_v6_2_objective_calibration/parts/fullqp/schedule_s2p0/step_2000/normal/video_16_qp2.frames.csv,b48907ccf687a7b27e8f42eb61afe628333caa6e175adaf97bece1ce11d8b8d1,/Huang_group/zyyz/Projects/GVC-RT/experiments/gvcrt_neural_wrapper_v6_2_objective_calibration/features/fullqp/schedule_s2p0/step_2000/normal/video_16_qp2.transitions.csv,5f8259928cfc2f1c8d5cdf00a6a038df8d1a93a55c3e94f3b93536ed03446942,129320,"[2, 4, 2, 3, 2, 3, 2, 3, 2, 4, 2, 3, 2, 3, 2, 3, 2, 4, 2, 3, 2, 3, 2, 3, 2, 4, 2, 3, 2, 3, 2, 3]",0.12,4,20.296422243118286,0.08418904826976359,0.008665325323818251,0.0012121941690566018,Mean absolute RGB horizontal/vertical first-difference change
24812,24812,6203.0,0.0029914158950617286,186.09,30.0,32,32,31,0.047120170667767525,0.07628853246569633,29.949158047503847,0.9749039076268673,0.9670126531273127,0.04601483912237229,29.949158047503847,"[1920, 1088]","[1920, 1080]",1,False,,0.391440749168396,0f0c0e2358ceec024230154da4777ed5c444a8382af1ec9d7165f3d7886141cf,0f0c0e2358ceec024230154da4777ed5c444a8382af1ec9d7165f3d7886141cf,26fa1ea0c0b067ed90f34573619d6398fb1be898380f8708cd038ec5633bbdaf,True,True,True,24812,/Huang_group/zyyz/Projects/GVC-RT/experiments/gvcrt_neural_wrapper_v6_2_objective_calibration/bitstreams/fullqp/schedule_s2p0/step_2000/normal/video_16_qp4.bin,cd536a60a487fedb10addf70b78a67129d993ebd0d0fef0bda0e404532a90f3f,/Huang_group/zyyz/Projects/GVC-RT/experiments/gvcrt_neural_wrapper_v6_2_objective_calibration/features/fullqp/schedule_s2p0/step_2000/normal/video_16_qp4.npz,b3a9c66b013e83aa3cf34b430c31095d02011edcc1d26fc5de81f1e3342257ee,"{'bridge': 'd4ec467021e4da84e6320ec570cb2bd06cb42731372a163c827bb1e8015d2896', 'generator': '746b779eef7c99cda0d395f6d9fd5658ac8e95dfa85e5676c76f0a70fc8cecfa'}",fullqp_schedule_v1,schedule_s2p0,2000,normal,normal,schedule_s2p0,4,4,16,d31f6a10-e65c-409c-a930-0f37d976aca5,e672b9cb465b20477a05c33e37916cc58c0ac4d0bf521b537eeeaebf7a4ed842,6ff362e29ed0d00674ab75b640ad9eb72f78daae1bc79236f0865d05bc6d95f9,/Huang_group/zyyz/Projects/GVC-RT/experiments/gvcrt_neural_wrapper_v6_2_objective_calibration/branches/schedule_s2p0/checkpoints/step_2000.pt,91d83d8ccc979b42b5a6eb044b8645805dc81f44ded58081814a53d994679b20,/Huang_group/zyyz/Projects/GVC-RT/experiments/gvcrt_neural_wrapper_v6_2_objective_calibration/parts/fullqp/schedule_s2p0/step_2000/normal/video_16_qp4.frames.csv,fdf5a619adc48d02858e4bc2e39de972cef675ecf2cb873a0f3d3a09785f2af5,/Huang_group/zyyz/Projects/GVC-RT/experiments/gvcrt_neural_wrapper_v6_2_objective_calibration/features/fullqp/schedule_s2p0/step_2000/normal/video_16_qp4.transitions.csv,f39430da097e8d4ae14e4a08075d71e39de66ba43ffa304c91208e7f1d74cb7b,198496,"[4, 6, 4, 5, 4, 5, 4, 5, 4, 6, 4, 5, 4, 5, 4, 5, 4, 6, 4, 5, 4, 5, 4, 5, 4, 6, 4, 5, 4, 5, 4, 5]",0.12,4,20.216542959213257,0.08418904826976359,0.008665325323818251,0.0012121941690566018,Mean absolute RGB horizontal/vertical first-difference change
39068,39068,9767.0,0.004710165895061728,293.01,30.0,32,32,31,0.040676557924598455,0.06888700649142265,30.24319552464023,0.9764228761196136,0.9696762375533581,0.03931298100900266,30.24319552464023,"[1920, 1088]","[1920, 1080]",1,False,,0.391440749168396,0f0c0e2358ceec024230154da4777ed5c444a8382af1ec9d7165f3d7886141cf,0f0c0e2358ceec024230154da4777ed5c444a8382af1ec9d7165f3d7886141cf,b903ec6c8b3c7455ec43973b9b3355c418e0ee4f69313404fd03b109ad300f82,True,True,True,39068,/Huang_group/zyyz/Projects/GVC-RT/experiments/gvcrt_neural_wrapper_v6_2_objective_calibration/bitstreams/fullqp/schedule_s2p0/step_2000/normal/video_16_qp6.bin,a8b4cbd7235b48e176e6aa8e3c125a7c47ed981c7b11d0a8b43449e965422f28,/Huang_group/zyyz/Projects/GVC-RT/experiments/gvcrt_neural_wrapper_v6_2_objective_calibration/features/fullqp/schedule_s2p0/step_2000/normal/video_16_qp6.npz,a282d212139b6079ba04beb6a21b2c116af3e37179a91dc7ced133ea1ce6f74b,"{'bridge': 'd4ec467021e4da84e6320ec570cb2bd06cb42731372a163c827bb1e8015d2896', 'generator': '746b779eef7c99cda0d395f6d9fd5658ac8e95dfa85e5676c76f0a70fc8cecfa'}",fullqp_schedule_v1,schedule_s2p0,2000,normal,normal,schedule_s2p0,6,6,16,d31f6a10-e65c-409c-a930-0f37d976aca5,e672b9cb465b20477a05c33e37916cc58c0ac4d0bf521b537eeeaebf7a4ed842,6ff362e29ed0d00674ab75b640ad9eb72f78daae1bc79236f0865d05bc6d95f9,/Huang_group/zyyz/Projects/GVC-RT/experiments/gvcrt_neural_wrapper_v6_2_objective_calibration/branches/schedule_s2p0/checkpoints/step_2000.pt,91d83d8ccc979b42b5a6eb044b8645805dc81f44ded58081814a53d994679b20,/Huang_group/zyyz/Projects/GVC-RT/experiments/gvcrt_neural_wrapper_v6_2_objective_calibration/parts/fullqp/schedule_s2p0/step_2000/normal/video_16_qp6.frames.csv,f9bfed6667b0b3d988652df2cdd86b8da81004ce7cd6285dc3a45ae7ab1f36a4,/Huang_group/zyyz/Projects/GVC-RT/experiments/gvcrt_neural_wrapper_v6_2_objective_calibration/features/fullqp/schedule_s2p0/step_2000/normal/video_16_qp6.transitions.csv,3ab7263e0f6da40fc9e78d1e7e98d13d2702d8adee3cef2b74483b97016e6fae,312544,"[6, 8, 6, 7, 6, 7, 6, 7, 6, 8, 6, 7, 6, 7, 6, 7, 6, 8, 6, 7, 6, 7, 6, 7, 6, 8, 6, 7, 6, 7, 6, 7]",0.12,4,20.15737748146057,0.08418904826976359,0.008665325323818251,0.0012121941690566018,Mean absolute RGB horizontal/vertical first-difference change
62431,62431,15607.75,0.007526885609567901,468.2325,30.0,32,32,31,0.036537075182422996,0.06568510457873344,30.43247522291641,0.9773648250848055,0.971911359578371,0.03561606264162448,30.43247522291641,"[1920, 1088]","[1920, 1080]",1,False,,0.391440749168396,0f0c0e2358ceec024230154da4777ed5c444a8382af1ec9d7165f3d7886141cf,0f0c0e2358ceec024230154da4777ed5c444a8382af1ec9d7165f3d7886141cf,6cdf5d74f4fff2c87462e845ccdc630553f0fa59565e65588ba4de6344295176,True,True,True,62431,/Huang_group/zyyz/Projects/GVC-RT/experiments/gvcrt_neural_wrapper_v6_2_objective_calibration/bitstreams/fullqp/schedule_s2p0/step_2000/normal/video_16_qp8.bin,70521705f71698f030936c55320797152e089d1b0b78cfb61a2f61abe7cc992c,/Huang_group/zyyz/Projects/GVC-RT/experiments/gvcrt_neural_wrapper_v6_2_objective_calibration/features/fullqp/schedule_s2p0/step_2000/normal/video_16_qp8.npz,b7a870de85b50efe1c24b9d6ad2ca8a7a7697d68c7523b8e04fcd5804ae455b0,"{'bridge': 'd4ec467021e4da84e6320ec570cb2bd06cb42731372a163c827bb1e8015d2896', 'generator': '746b779eef7c99cda0d395f6d9fd5658ac8e95dfa85e5676c76f0a70fc8cecfa'}",fullqp_schedule_v1,schedule_s2p0,2000,normal,normal,schedule_s2p0,8,8,16,d31f6a10-e65c-409c-a930-0f37d976aca5,e672b9cb465b20477a05c33e37916cc58c0ac4d0bf521b537eeeaebf7a4ed842,6ff362e29ed0d00674ab75b640ad9eb72f78daae1bc79236f0865d05bc6d95f9,/Huang_group/zyyz/Projects/GVC-RT/experiments/gvcrt_neural_wrapper_v6_2_objective_calibration/branches/schedule_s2p0/checkpoints/step_2000.pt,91d83d8ccc979b42b5a6eb044b8645805dc81f44ded58081814a53d994679b20,/Huang_group/zyyz/Projects/GVC-RT/experiments/gvcrt_neural_wrapper_v6_2_objective_calibration/parts/fullqp/schedule_s2p0/step_2000/normal/video_16_qp8.frames.csv,6ed8563afbd4156c42fa86a83c0e13de24832c2b96dc870cf6c166f89c331138,/Huang_group/zyyz/Projects/GVC-RT/experiments/gvcrt_neural_wrapper_v6_2_objective_calibration/features/fullqp/schedule_s2p0/step_2000/normal/video_16_qp8.transitions.csv,1a909e0348f73d91e17641bb4f4fd6c4e750ee6278554a4c41f46d9afcb61769,499448,"[8, 10, 8, 9, 8, 9, 8, 9, 8, 10, 8, 9, 8, 9, 8, 9, 8, 10, 8, 9, 8, 9, 8, 9, 8, 10, 8, 9, 8, 9, 8, 9]",0.12,4,20.27497386932373,0.08418904826976359,0.008665325323818251,0.0012121941690566018,Mean absolute RGB horizontal/vertical first-difference change
78109,78109,19527.25,0.009417076581790123,585.8175,30.0,32,32,31,0.035163785330951214,0.06326198391616344,30.5874807114321,0.9780794382095337,0.9732649940997362,0.033819267826695594,30.5874807114321,"[1920, 1088]","[1920, 1080]",1,False,,0.391440749168396,0f0c0e2358ceec024230154da4777ed5c444a8382af1ec9d7165f3d7886141cf,0f0c0e2358ceec024230154da4777ed5c444a8382af1ec9d7165f3d7886141cf,7a2516d57a2f8b1d340746e9f90a46735dec734bb2e643d346edde79243fb0f9,True,True,True,78109,/Huang_group/zyyz/Projects/GVC-RT/experiments/gvcrt_neural_wrapper_v6_2_objective_calibration/bitstreams/fullqp/schedule_s2p0/step_2000/normal/video_16_qp9.bin,f77529c1e4ba3c264adb59702fded8a7bfb559d10f8d9b9b8ac97938956d5a8e,/Huang_group/zyyz/Projects/GVC-RT/experiments/gvcrt_neural_wrapper_v6_2_objective_calibration/features/fullqp/schedule_s2p0/step_2000/normal/video_16_qp9.npz,75cc49f83c5a8285cd3f82791ec0dac2251519316afef64eba22df68d0832711,"{'bridge': 'd4ec467021e4da84e6320ec570cb2bd06cb42731372a163c827bb1e8015d2896', 'generator': '746b779eef7c99cda0d395f6d9fd5658ac8e95dfa85e5676c76f0a70fc8cecfa'}",fullqp_schedule_v1,schedule_s2p0,2000,normal,normal,schedule_s2p0,9,9,16,d31f6a10-e65c-409c-a930-0f37d976aca5,e672b9cb465b20477a05c33e37916cc58c0ac4d0bf521b537eeeaebf7a4ed842,6ff362e29ed0d00674ab75b640ad9eb72f78daae1bc79236f0865d05bc6d95f9,/Huang_group/zyyz/Projects/GVC-RT/experiments/gvcrt_neural_wrapper_v6_2_objective_calibration/branches/schedule_s2p0/checkpoints/step_2000.pt,91d83d8ccc979b42b5a6eb044b8645805dc81f44ded58081814a53d994679b20,/Huang_group/zyyz/Projects/GVC-RT/experiments/gvcrt_neural_wrapper_v6_2_objective_calibration/parts/fullqp/schedule_s2p0/step_2000/normal/video_16_qp9.frames.csv,34171b0eaa1e25cea7953a50c164b205e07ee3f4b290356b4e8ad617b1423277,/Huang_group/zyyz/Projects/GVC-RT/experiments/gvcrt_neural_wrapper_v6_2_objective_calibration/features/fullqp/schedule_s2p0/step_2000/normal/video_16_qp9.transitions.csv,08c17cfd065543db7bd07a0bcc52bff96f247592003a65ec06b016fcf3a15735,624872,"[9, 11, 9, 10, 9, 10, 9, 10, 9, 11, 9, 10, 9, 10, 9, 10, 9, 11, 9, 10, 9, 10, 9, 10, 9, 11, 9, 10, 9, 10, 9, 10]",0.12,4,20.204524755477905,0.08418904826976359,0.008665325323818251,0.0012121941690566018,Mean absolute RGB horizontal/vertical first-difference change
17088,17088,4272.0,0.0020601851851851853,128.16,30.0,32,32,31,0.15386926988139749,0.12917339242994785,25.237652686213178,0.888520972803235,0.8849767334759235,0.20328260621716898,25.237652686213178,"[1920, 1088]","[1920, 1080]",1,False,,0.32941317558288574,0f0c0e2358ceec024230154da4777ed5c444a8382af1ec9d7165f3d7886141cf,0f0c0e2358ceec024230154da4777ed5c444a8382af1ec9d7165f3d7886141cf,71c6f12e225295a324faa343220946295220081fd94b993d25f9a67211f434bb,True,True,True,17088,/Huang_group/zyyz/Projects/GVC-RT/experiments/gvcrt_neural_wrapper_v6_2_objective_calibration/bitstreams/fullqp/schedule_s2p0/step_2000/normal/video_17_qp0.bin,235b694fde99e3f854e8f732774b58900dbce123c20acd9768bd1e5a92c8cc28,/Huang_group/zyyz/Projects/GVC-RT/experiments/gvcrt_neural_wrapper_v6_2_objective_calibration/features/fullqp/schedule_s2p0/step_2000/normal/video_17_qp0.npz,eb9c8aafd9fb26ea8531a23412ddc8e736d9146662d56943397b7a9b540bf5be,"{'bridge': 'd4ec467021e4da84e6320ec570cb2bd06cb42731372a163c827bb1e8015d2896', 'generator': '746b779eef7c99cda0d395f6d9fd5658ac8e95dfa85e5676c76f0a70fc8cecfa'}",fullqp_schedule_v1,schedule_s2p0,2000,normal,normal,schedule_s2p0,0,0,17,36ea3b40-3e2a-4b43-8c7c-1dd4e8e36ed4,e84bcc98f9220f1384057a414102febfba61b2d3dd26d6ca88dd473652ad811a,e89f90b64b3059de94a7f19ac3ed48b1ac18dba37e108d91fc0954f04f823253,/Huang_group/zyyz/Projects/GVC-RT/experiments/gvcrt_neural_wrapper_v6_2_objective_calibration/branches/schedule_s2p0/checkpoints/step_2000.pt,91d83d8ccc979b42b5a6eb044b8645805dc81f44ded58081814a53d994679b20,/Huang_group/zyyz/Projects/GVC-RT/experiments/gvcrt_neural_wrapper_v6_2_objective_calibration/parts/fullqp/schedule_s2p0/step_2000/normal/video_17_qp0.frames.csv,335c7f33a297eaecf388b9321cdab84b4b524b42d6ee36796287d9a1c9d03c23,/Huang_group/zyyz/Projects/GVC-RT/experiments/gvcrt_neural_wrapper_v6_2_objective_calibration/features/fullqp/schedule_s2p0/step_2000/normal/video_17_qp0.transitions.csv,e23d27eb865f64c99fd91a9e3e1e7662fc83415320720a436870e3e81ac531ce,136704,"[0, 2, 0, 1, 0, 1, 0, 1, 0, 2, 0, 1, 0, 1, 0, 1, 0, 2, 0, 1, 0, 1, 0, 1, 0, 2, 0, 1, 0, 1, 0, 1]",0.12,6,20.168541431427002,0.07792902854271233,0.008646649337606505,0.003081267059314996,Mean absolute RGB horizontal/vertical first-difference change
29269,29269,7317.25,0.003528766396604938,219.5175,30.0,32,32,31,0.12282443908043206,0.1072774026542902,26.41018702680634,0.9111208748072386,0.9144236873835325,0.16260038532557025,26.41018702680634,"[1920, 1088]","[1920, 1080]",1,False,,0.32941317558288574,0f0c0e2358ceec024230154da4777ed5c444a8382af1ec9d7165f3d7886141cf,0f0c0e2358ceec024230154da4777ed5c444a8382af1ec9d7165f3d7886141cf,49f20719d0fe9510c4f948f944cc9cadbe3201f03ac8df18fdedb22322dfa9ba,True,True,True,29269,/Huang_group/zyyz/Projects/GVC-RT/experiments/gvcrt_neural_wrapper_v6_2_objective_calibration/bitstreams/fullqp/schedule_s2p0/step_2000/normal/video_17_qp2.bin,f77e0ccba988a08575a585f74932635916e8d578a78119eb5ed94494b69bb8e6,/Huang_group/zyyz/Projects/GVC-RT/experiments/gvcrt_neural_wrapper_v6_2_objective_calibration/features/fullqp/schedule_s2p0/step_2000/normal/video_17_qp2.npz,54ddaa5548478085290b103dfd264573461a53b6e2b6c95c9c5301e5bea9f632,"{'bridge': 'd4ec467021e4da84e6320ec570cb2bd06cb42731372a163c827bb1e8015d2896', 'generator': '746b779eef7c99cda0d395f6d9fd5658ac8e95dfa85e5676c76f0a70fc8cecfa'}",fullqp_schedule_v1,schedule_s2p0,2000,normal,normal,schedule_s2p0,2,2,17,36ea3b40-3e2a-4b43-8c7c-1dd4e8e36ed4,e84bcc98f9220f1384057a414102febfba61b2d3dd26d6ca88dd473652ad811a,e89f90b64b3059de94a7f19ac3ed48b1ac18dba37e108d91fc0954f04f823253,/Huang_group/zyyz/Projects/GVC-RT/experiments/gvcrt_neural_wrapper_v6_2_objective_calibration/branches/schedule_s2p0/checkpoints/step_2000.pt,91d83d8ccc979b42b5a6eb044b8645805dc81f44ded58081814a53d994679b20,/Huang_group/zyyz/Projects/GVC-RT/experiments/gvcrt_neural_wrapper_v6_2_objective_calibration/parts/fullqp/schedule_s2p0/step_2000/normal/video_17_qp2.frames.csv,5bf1d96e15b0a9ba572f50797d9ab91c6df1265c70c841831783dd2f0f78bdfd,/Huang_group/zyyz/Projects/GVC-RT/experiments/gvcrt_neural_wrapper_v6_2_objective_calibration/features/fullqp/schedule_s2p0/step_2000/normal/video_17_qp2.transitions.csv,2c998b0aa372e24c635fdd9fbf8f5999e00c6873ef3f33888a9fa12691bc0d85,234152,"[2, 4, 2, 3, 2, 3, 2, 3, 2, 4, 2, 3, 2, 3, 2, 3, 2, 4, 2, 3, 2, 3, 2, 3, 2, 4, 2, 3, 2, 3, 2, 3]",0.12,6,20.122525453567505,0.07792902854271233,0.008646649337606505,0.003081267059314996,Mean absolute RGB horizontal/vertical first-difference change
48861,48861,12215.25,0.005890842013888889,366.4575,30.0,32,32,31,0.10434216307476163,0.09490882977843285,27.317955067030447,0.9268210623413324,0.9322301000356674,0.1404259757649514,27.317955067030447,"[1920, 1088]","[1920, 1080]",1,False,,0.32941317558288574,0f0c0e2358ceec024230154da4777ed5c444a8382af1ec9d7165f3d7886141cf,0f0c0e2358ceec024230154da4777ed5c444a8382af1ec9d7165f3d7886141cf,ad91f1b862a68555f2ca67aca6043ed7cf02c45d998638cabf508bd14e66c67e,True,True,True,48861,/Huang_group/zyyz/Projects/GVC-RT/experiments/gvcrt_neural_wrapper_v6_2_objective_calibration/bitstreams/fullqp/schedule_s2p0/step_2000/normal/video_17_qp4.bin,9649461ae668c7b0a3f088334846eb06a4fe2a94ba878961b6029b6d7b5bd48f,/Huang_group/zyyz/Projects/GVC-RT/experiments/gvcrt_neural_wrapper_v6_2_objective_calibration/features/fullqp/schedule_s2p0/step_2000/normal/video_17_qp4.npz,70fe3bbe977b383558c5a1003225239fb230f3118b942d526a4d180fdad860ae,"{'bridge': 'd4ec467021e4da84e6320ec570cb2bd06cb42731372a163c827bb1e8015d2896', 'generator': '746b779eef7c99cda0d395f6d9fd5658ac8e95dfa85e5676c76f0a70fc8cecfa'}",fullqp_schedule_v1,schedule_s2p0,2000,normal,normal,schedule_s2p0,4,4,17,36ea3b40-3e2a-4b43-8c7c-1dd4e8e36ed4,e84bcc98f9220f1384057a414102febfba61b2d3dd26d6ca88dd473652ad811a,e89f90b64b3059de94a7f19ac3ed48b1ac18dba37e108d91fc0954f04f823253,/Huang_group/zyyz/Projects/GVC-RT/experiments/gvcrt_neural_wrapper_v6_2_objective_calibration/branches/schedule_s2p0/checkpoints/step_2000.pt,91d83d8ccc979b42b5a6eb044b8645805dc81f44ded58081814a53d994679b20,/Huang_group/zyyz/Projects/GVC-RT/experiments/gvcrt_neural_wrapper_v6_2_objective_calibration/parts/fullqp/schedule_s2p0/step_2000/normal/video_17_qp4.frames.csv,b9f5f0543a22d7b0a070f6c9cc97bf076d164edf5fc028db48e35d9c6223ada3,/Huang_group/zyyz/Projects/GVC-RT/experiments/gvcrt_neural_wrapper_v6_2_objective_calibration/features/fullqp/schedule_s2p0/step_2000/normal/video_17_qp4.transitions.csv,ffdf4793a7fb868dab6866dc48b8493dbeeb60070538bc2ead0a74670a5489db,390888,"[4, 6, 4, 5, 4, 5, 4, 5, 4, 6, 4, 5, 4, 5, 4, 5, 4, 6, 4, 5, 4, 5, 4, 5, 4, 6, 4, 5, 4, 5, 4, 5]",0.12,6,20.090306520462036,0.07792902854271233,0.008646649337606505,0.003081267059314996,Mean absolute RGB horizontal/vertical first-difference change
77509,77509,19377.25,0.00934473861882716,581.3175,30.0,32,32,31,0.08939231978729367,0.08786710724234581,27.94672985364691,0.9356773309409618,0.9440742079168558,0.12148526551262025,27.94672985364691,"[1920, 1088]","[1920, 1080]",1,False,,0.32941317558288574,0f0c0e2358ceec024230154da4777ed5c444a8382af1ec9d7165f3d7886141cf,0f0c0e2358ceec024230154da4777ed5c444a8382af1ec9d7165f3d7886141cf,94d86abb7a7784e894bb673e224f95b7eea40bf83e804dd30a52cc39ebc18aad,True,True,True,77509,/Huang_group/zyyz/Projects/GVC-RT/experiments/gvcrt_neural_wrapper_v6_2_objective_calibration/bitstreams/fullqp/schedule_s2p0/step_2000/normal/video_17_qp6.bin,507fd35b25c00e0112b5d732bef6b0a5515841c1fc05491bcdfd539c53e3e01c,/Huang_group/zyyz/Projects/GVC-RT/experiments/gvcrt_neural_wrapper_v6_2_objective_calibration/features/fullqp/schedule_s2p0/step_2000/normal/video_17_qp6.npz,f43716760a19dacd3ed18d27e1c91b8f3bdb4e7e2f013ef77b86737795052ec0,"{'bridge': 'd4ec467021e4da84e6320ec570cb2bd06cb42731372a163c827bb1e8015d2896', 'generator': '746b779eef7c99cda0d395f6d9fd5658ac8e95dfa85e5676c76f0a70fc8cecfa'}",fullqp_schedule_v1,schedule_s2p0,2000,normal,normal,schedule_s2p0,6,6,17,36ea3b40-3e2a-4b43-8c7c-1dd4e8e36ed4,e84bcc98f9220f1384057a414102febfba61b2d3dd26d6ca88dd473652ad811a,e89f90b64b3059de94a7f19ac3ed48b1ac18dba37e108d91fc0954f04f823253,/Huang_group/zyyz/Projects/GVC-RT/experiments/gvcrt_neural_wrapper_v6_2_objective_calibration/branches/schedule_s2p0/checkpoints/step_2000.pt,91d83d8ccc979b42b5a6eb044b8645805dc81f44ded58081814a53d994679b20,/Huang_group/zyyz/Projects/GVC-RT/experiments/gvcrt_neural_wrapper_v6_2_objective_calibration/parts/fullqp/schedule_s2p0/step_2000/normal/video_17_qp6.frames.csv,bf2aeb819960922fd5e4a4992ac17015c8dfe0e0014445caaf3c0be03480c6b1,/Huang_group/zyyz/Projects/GVC-RT/experiments/gvcrt_neural_wrapper_v6_2_objective_calibration/features/fullqp/schedule_s2p0/step_2000/normal/video_17_qp6.transitions.csv,60ca7ab942abb09a6921d4d45e3be58a488c838e6eeb49e4945f8a0acde89698,620072,"[6, 8, 6, 7, 6, 7, 6, 7, 6, 8, 6, 7, 6, 7, 6, 7, 6, 8, 6, 7, 6, 7, 6, 7, 6, 8, 6, 7, 6, 7, 6, 7]",0.12,6,20.578277349472046,0.07792902854271233,0.008646649337606505,0.003081267059314996,Mean absolute RGB horizontal/vertical first-difference change
119316,119316,29829.0,0.014385127314814814,894.87,30.0,32,32,31,0.07928157481364906,0.08353936113417149,28.399949056607046,0.9413989158347249,0.9519599918276072,0.1041277656632085,28.399949056607046,"[1920, 1088]","[1920, 1080]",1,False,,0.32941317558288574,0f0c0e2358ceec024230154da4777ed5c444a8382af1ec9d7165f3d7886141cf,0f0c0e2358ceec024230154da4777ed5c444a8382af1ec9d7165f3d7886141cf,0b10f6658573908698f48464948c61483d0c860b9651a9a2a5d05c787f3ddfd1,True,True,True,119316,/Huang_group/zyyz/Projects/GVC-RT/experiments/gvcrt_neural_wrapper_v6_2_objective_calibration/bitstreams/fullqp/schedule_s2p0/step_2000/normal/video_17_qp8.bin,9fe2013d03509b5da831a864e93f9c6a57158a502d0c367992b1c7e5e9841081,/Huang_group/zyyz/Projects/GVC-RT/experiments/gvcrt_neural_wrapper_v6_2_objective_calibration/features/fullqp/schedule_s2p0/step_2000/normal/video_17_qp8.npz,5031f552f577707d59f3769f4d257134d9fc0d3c9502391021d01371fe8fb21d,"{'bridge': 'd4ec467021e4da84e6320ec570cb2bd06cb42731372a163c827bb1e8015d2896', 'generator': '746b779eef7c99cda0d395f6d9fd5658ac8e95dfa85e5676c76f0a70fc8cecfa'}",fullqp_schedule_v1,schedule_s2p0,2000,normal,normal,schedule_s2p0,8,8,17,36ea3b40-3e2a-4b43-8c7c-1dd4e8e36ed4,e84bcc98f9220f1384057a414102febfba61b2d3dd26d6ca88dd473652ad811a,e89f90b64b3059de94a7f19ac3ed48b1ac18dba37e108d91fc0954f04f823253,/Huang_group/zyyz/Projects/GVC-RT/experiments/gvcrt_neural_wrapper_v6_2_objective_calibration/branches/schedule_s2p0/checkpoints/step_2000.pt,91d83d8ccc979b42b5a6eb044b8645805dc81f44ded58081814a53d994679b20,/Huang_group/zyyz/Projects/GVC-RT/experiments/gvcrt_neural_wrapper_v6_2_objective_calibration/parts/fullqp/schedule_s2p0/step_2000/normal/video_17_qp8.frames.csv,b7f84bdb23a2c4dd1628241dd0322d1e4584349fd67f1b714b7af7456b7e2c82,/Huang_group/zyyz/Projects/GVC-RT/experiments/gvcrt_neural_wrapper_v6_2_objective_calibration/features/fullqp/schedule_s2p0/step_2000/normal/video_17_qp8.transitions.csv,9dc145e53149ef194177ff0328e1a626a3a2de504f612fd2ea591bbdd0015047,954528,"[8, 10, 8, 9, 8, 9, 8, 9, 8, 10, 8, 9, 8, 9, 8, 9, 8, 10, 8, 9, 8, 9, 8, 9, 8, 10, 8, 9, 8, 9, 8, 9]",0.12,6,20.628451347351074,0.07792902854271233,0.008646649337606505,0.003081267059314996,Mean absolute RGB horizontal/vertical first-difference change
144707,144707,36176.75,0.017446349344135803,1085.3025,30.0,32,32,31,0.0755070571321994,0.08114581555128098,28.613382074013508,0.9437638139352202,0.9550581108778715,0.0993017753766429,28.613382074013508,"[1920, 1088]","[1920, 1080]",1,False,,0.32941317558288574,0f0c0e2358ceec024230154da4777ed5c444a8382af1ec9d7165f3d7886141cf,0f0c0e2358ceec024230154da4777ed5c444a8382af1ec9d7165f3d7886141cf,1d8c08eeae527f5fa5148ca357c73c115becaf0f20aa8549c308f833eefbb572,True,True,True,144707,/Huang_group/zyyz/Projects/GVC-RT/experiments/gvcrt_neural_wrapper_v6_2_objective_calibration/bitstreams/fullqp/schedule_s2p0/step_2000/normal/video_17_qp9.bin,87c66b1a7f0847d9b923d24cf49d05ee0aa88eb1d647ac14258c7327d3cf9bdb,/Huang_group/zyyz/Projects/GVC-RT/experiments/gvcrt_neural_wrapper_v6_2_objective_calibration/features/fullqp/schedule_s2p0/step_2000/normal/video_17_qp9.npz,85624e8ceb5fc251a59d2302adddbc6746cdbde8807013d7dcb5c32ce08e5b4c,"{'bridge': 'd4ec467021e4da84e6320ec570cb2bd06cb42731372a163c827bb1e8015d2896', 'generator': '746b779eef7c99cda0d395f6d9fd5658ac8e95dfa85e5676c76f0a70fc8cecfa'}",fullqp_schedule_v1,schedule_s2p0,2000,normal,normal,schedule_s2p0,9,9,17,36ea3b40-3e2a-4b43-8c7c-1dd4e8e36ed4,e84bcc98f9220f1384057a414102febfba61b2d3dd26d6ca88dd473652ad811a,e89f90b64b3059de94a7f19ac3ed48b1ac18dba37e108d91fc0954f04f823253,/Huang_group/zyyz/Projects/GVC-RT/experiments/gvcrt_neural_wrapper_v6_2_objective_calibration/branches/schedule_s2p0/checkpoints/step_2000.pt,91d83d8ccc979b42b5a6eb044b8645805dc81f44ded58081814a53d994679b20,/Huang_group/zyyz/Projects/GVC-RT/experiments/gvcrt_neural_wrapper_v6_2_objective_calibration/parts/fullqp/schedule_s2p0/step_2000/normal/video_17_qp9.frames.csv,722244aced0c15aac86a2172c910d53649f78d63831b9a4f6dfdbeb7cdac7557,/Huang_group/zyyz/Projects/GVC-RT/experiments/gvcrt_neural_wrapper_v6_2_objective_calibration/features/fullqp/schedule_s2p0/step_2000/normal/video_17_qp9.transitions.csv,9add7ddf124e2583e1ca978f4317835a1c3d92c5554619bb415af1ad44c16c48,1157656,"[9, 11, 9, 10, 9, 10, 9, 10, 9, 11, 9, 10, 9, 10, 9, 10, 9, 11, 9, 10, 9, 10, 9, 10, 9, 11, 9, 10, 9, 10, 9, 10]",0.12,6,20.324229955673218,0.07792902854271233,0.008646649337606505,0.003081267059314996,Mean absolute RGB horizontal/vertical first-difference change
9368,9368,2342.0,0.0011294367283950617,70.26,30.0,32,32,31,0.20370717998594046,0.15360276587307453,22.82204253782237,0.9475925453007221,0.7793931365013123,0.20389705271490158,22.82204253782237,"[1920, 1088]","[1920, 1080]",1,False,,0.3231629729270935,0f0c0e2358ceec024230154da4777ed5c444a8382af1ec9d7165f3d7886141cf,0f0c0e2358ceec024230154da4777ed5c444a8382af1ec9d7165f3d7886141cf,31806b10a86bfeae7230a86d57b9b25ea0e3f4da38a788fb073db2f4514ca0c5,True,True,True,9368,/Huang_group/zyyz/Projects/GVC-RT/experiments/gvcrt_neural_wrapper_v6_2_objective_calibration/bitstreams/fullqp/schedule_s2p0/step_2000/normal/video_18_qp0.bin,c62677174a37f8b0586f5b3bdcbb99fc237a6e5fdcd21c926fb28f1d8031843b,/Huang_group/zyyz/Projects/GVC-RT/experiments/gvcrt_neural_wrapper_v6_2_objective_calibration/features/fullqp/schedule_s2p0/step_2000/normal/video_18_qp0.npz,f793c2b9b3be39464a3259155ef428970acb556a6b2582e54819cae4098c352d,"{'bridge': 'd4ec467021e4da84e6320ec570cb2bd06cb42731372a163c827bb1e8015d2896', 'generator': '746b779eef7c99cda0d395f6d9fd5658ac8e95dfa85e5676c76f0a70fc8cecfa'}",fullqp_schedule_v1,schedule_s2p0,2000,normal,normal,schedule_s2p0,0,0,18,46bd300e-b455-42ed-a00c-9f043f59573e,6bd244d66e05d40d699e66f929f33a2608ac5e83d6c83f7c6d33a52151f66643,212be9753638a6181f5a0737c7f3fd10c98b74d817c4fe0d6f0521739c86b178,/Huang_group/zyyz/Projects/GVC-RT/experiments/gvcrt_neural_wrapper_v6_2_objective_calibration/branches/schedule_s2p0/checkpoints/step_2000.pt,91d83d8ccc979b42b5a6eb044b8645805dc81f44ded58081814a53d994679b20,/Huang_group/zyyz/Projects/GVC-RT/experiments/gvcrt_neural_wrapper_v6_2_objective_calibration/parts/fullqp/schedule_s2p0/step_2000/normal/video_18_qp0.frames.csv,90edbcdf3cf0ab0c81b3deefa2c97acd89f5dbbb020d04ebee4192750434bf84,/Huang_group/zyyz/Projects/GVC-RT/experiments/gvcrt_neural_wrapper_v6_2_objective_calibration/features/fullqp/schedule_s2p0/step_2000/normal/video_18_qp0.transitions.csv,59c2e2f7bdfe339653a1baece26e9a0ffd85b526c655f9ed258f3a64b04f17a4,74944,"[0, 2, 0, 1, 0, 1, 0, 1, 0, 2, 0, 1, 0, 1, 0, 1, 0, 2, 0, 1, 0, 1, 0, 1, 0, 2, 0, 1, 0, 1, 0, 1]",0.12,4,20.512571573257446,0.08243628474883735,0.01091033493867144,0.00624872648040764,Mean absolute RGB horizontal/vertical first-difference change
14218,14218,3554.5,0.0017141685956790123,106.635,30.0,32,32,31,0.17160533228889108,0.1461462788283825,23.551443343154503,0.9550910480320454,0.8158255536109209,0.1736548134396153,23.551443343154503,"[1920, 1088]","[1920, 1080]",1,False,,0.3231629729270935,0f0c0e2358ceec024230154da4777ed5c444a8382af1ec9d7165f3d7886141cf,0f0c0e2358ceec024230154da4777ed5c444a8382af1ec9d7165f3d7886141cf,ddb4786b2217cec278dc52a3e5f4b5940101191b73d73842e31db6e89fd88c8d,True,True,True,14218,/Huang_group/zyyz/Projects/GVC-RT/experiments/gvcrt_neural_wrapper_v6_2_objective_calibration/bitstreams/fullqp/schedule_s2p0/step_2000/normal/video_18_qp2.bin,d2fa2b15426937a1b408ed3e8eab6cc90bf7dc2bb3d446d8bad7010deaae9a45,/Huang_group/zyyz/Projects/GVC-RT/experiments/gvcrt_neural_wrapper_v6_2_objective_calibration/features/fullqp/schedule_s2p0/step_2000/normal/video_18_qp2.npz,673331092abbce02b956af8ccb94e1c1732a0b6bee44702e359456d634cec0cb,"{'bridge': 'd4ec467021e4da84e6320ec570cb2bd06cb42731372a163c827bb1e8015d2896', 'generator': '746b779eef7c99cda0d395f6d9fd5658ac8e95dfa85e5676c76f0a70fc8cecfa'}",fullqp_schedule_v1,schedule_s2p0,2000,normal,normal,schedule_s2p0,2,2,18,46bd300e-b455-42ed-a00c-9f043f59573e,6bd244d66e05d40d699e66f929f33a2608ac5e83d6c83f7c6d33a52151f66643,212be9753638a6181f5a0737c7f3fd10c98b74d817c4fe0d6f0521739c86b178,/Huang_group/zyyz/Projects/GVC-RT/experiments/gvcrt_neural_wrapper_v6_2_objective_calibration/branches/schedule_s2p0/checkpoints/step_2000.pt,91d83d8ccc979b42b5a6eb044b8645805dc81f44ded58081814a53d994679b20,/Huang_group/zyyz/Projects/GVC-RT/experiments/gvcrt_neural_wrapper_v6_2_objective_calibration/parts/fullqp/schedule_s2p0/step_2000/normal/video_18_qp2.frames.csv,bdd378e42715b4d4533806625311529f1a6d9c2719fa1bb053b938831b10f343,/Huang_group/zyyz/Projects/GVC-RT/experiments/gvcrt_neural_wrapper_v6_2_objective_calibration/features/fullqp/schedule_s2p0/step_2000/normal/video_18_qp2.transitions.csv,ae747d8f66d6d3141e323144e0af39f29ec6e002c478e5904e6609ff47c9dbe4,113744,"[2, 4, 2, 3, 2, 3, 2, 3, 2, 4, 2, 3, 2, 3, 2, 3, 2, 4, 2, 3, 2, 3, 2, 3, 2, 4, 2, 3, 2, 3, 2, 3]",0.12,4,20.385008096694946,0.08243628474883735,0.01091033493867144,0.00624872648040764,Mean absolute RGB horizontal/vertical first-difference change
24115,24115,6028.75,0.0029073832947530865,180.8625,30.0,32,32,31,0.15357119496911764,0.1461851168423891,23.953628709176282,0.9589600432664156,0.8412775248289108,0.15172743196448973,23.953628709176282,"[1920, 1088]","[1920, 1080]",1,False,,0.3231629729270935,0f0c0e2358ceec024230154da4777ed5c444a8382af1ec9d7165f3d7886141cf,0f0c0e2358ceec024230154da4777ed5c444a8382af1ec9d7165f3d7886141cf,c07ff2cedd5ef778ab2e33934e2d154d419bf4b72992d120b5efe24ad14a3d55,True,True,True,24115,/Huang_group/zyyz/Projects/GVC-RT/experiments/gvcrt_neural_wrapper_v6_2_objective_calibration/bitstreams/fullqp/schedule_s2p0/step_2000/normal/video_18_qp4.bin,754f22d440369394c6c2e4e7b6273a449686dcb36507f7fa00f34bc369e1eb83,/Huang_group/zyyz/Projects/GVC-RT/experiments/gvcrt_neural_wrapper_v6_2_objective_calibration/features/fullqp/schedule_s2p0/step_2000/normal/video_18_qp4.npz,89afa30260f23cde4412d42819a68bf82c7c3303a1dbd39a8d6dd74b48e82499,"{'bridge': 'd4ec467021e4da84e6320ec570cb2bd06cb42731372a163c827bb1e8015d2896', 'generator': '746b779eef7c99cda0d395f6d9fd5658ac8e95dfa85e5676c76f0a70fc8cecfa'}",fullqp_schedule_v1,schedule_s2p0,2000,normal,normal,schedule_s2p0,4,4,18,46bd300e-b455-42ed-a00c-9f043f59573e,6bd244d66e05d40d699e66f929f33a2608ac5e83d6c83f7c6d33a52151f66643,212be9753638a6181f5a0737c7f3fd10c98b74d817c4fe0d6f0521739c86b178,/Huang_group/zyyz/Projects/GVC-RT/experiments/gvcrt_neural_wrapper_v6_2_objective_calibration/branches/schedule_s2p0/checkpoints/step_2000.pt,91d83d8ccc979b42b5a6eb044b8645805dc81f44ded58081814a53d994679b20,/Huang_group/zyyz/Projects/GVC-RT/experiments/gvcrt_neural_wrapper_v6_2_objective_calibration/parts/fullqp/schedule_s2p0/step_2000/normal/video_18_qp4.frames.csv,b674a1712fc9807e1a9ef92d1a72cf9259bc5e61fac62ea57eff7bcaddab814c,/Huang_group/zyyz/Projects/GVC-RT/experiments/gvcrt_neural_wrapper_v6_2_objective_calibration/features/fullqp/schedule_s2p0/step_2000/normal/video_18_qp4.transitions.csv,65d21823d3c1a0eb34060fae6603c4da27e0a918eb2f5e8a16b02206782656bf,192920,"[4, 6, 4, 5, 4, 5, 4, 5, 4, 6, 4, 5, 4, 5, 4, 5, 4, 6, 4, 5, 4, 5, 4, 5, 4, 6, 4, 5, 4, 5, 4, 5]",0.12,4,20.29612159729004,0.08243628474883735,0.01091033493867144,0.00624872648040764,Mean absolute RGB horizontal/vertical first-difference change
40712,40712,10178.0,0.004908371913580247,305.34,30.0,32,32,31,0.14076116075739264,0.14540515467524529,24.344745878700987,0.96233787573874,0.8614646531641483,0.13323315857879578,24.344745878700987,"[1920, 1088]","[1920, 1080]",1,False,,0.3231629729270935,0f0c0e2358ceec024230154da4777ed5c444a8382af1ec9d7165f3d7886141cf,0f0c0e2358ceec024230154da4777ed5c444a8382af1ec9d7165f3d7886141cf,a37260c7f29a11bde938a7e0e4064ff09ba652efdc7d818cd318221820faf49c,True,True,True,40712,/Huang_group/zyyz/Projects/GVC-RT/experiments/gvcrt_neural_wrapper_v6_2_objective_calibration/bitstreams/fullqp/schedule_s2p0/step_2000/normal/video_18_qp6.bin,3d8f4efb50c7a0c2fb6ea81847c7747fde041e2fdcea73ff98afc0423371acfb,/Huang_group/zyyz/Projects/GVC-RT/experiments/gvcrt_neural_wrapper_v6_2_objective_calibration/features/fullqp/schedule_s2p0/step_2000/normal/video_18_qp6.npz,4483a08f295929d76cad06f3f912c98436317db5fd5c14f6a6a43c6d2e46d992,"{'bridge': 'd4ec467021e4da84e6320ec570cb2bd06cb42731372a163c827bb1e8015d2896', 'generator': '746b779eef7c99cda0d395f6d9fd5658ac8e95dfa85e5676c76f0a70fc8cecfa'}",fullqp_schedule_v1,schedule_s2p0,2000,normal,normal,schedule_s2p0,6,6,18,46bd300e-b455-42ed-a00c-9f043f59573e,6bd244d66e05d40d699e66f929f33a2608ac5e83d6c83f7c6d33a52151f66643,212be9753638a6181f5a0737c7f3fd10c98b74d817c4fe0d6f0521739c86b178,/Huang_group/zyyz/Projects/GVC-RT/experiments/gvcrt_neural_wrapper_v6_2_objective_calibration/branches/schedule_s2p0/checkpoints/step_2000.pt,91d83d8ccc979b42b5a6eb044b8645805dc81f44ded58081814a53d994679b20,/Huang_group/zyyz/Projects/GVC-RT/experiments/gvcrt_neural_wrapper_v6_2_objective_calibration/parts/fullqp/schedule_s2p0/step_2000/normal/video_18_qp6.frames.csv,67d414513f2b44890b69aecf5851a1af3c1810d0a1057fd761a63a90baa056dc,/Huang_group/zyyz/Projects/GVC-RT/experiments/gvcrt_neural_wrapper_v6_2_objective_calibration/features/fullqp/schedule_s2p0/step_2000/normal/video_18_qp6.transitions.csv,4b3b65d6d27b134cdbdfceadab60b7c90ca22700473fb0b8cf30f1fe5aab93df,325696,"[6, 8, 6, 7, 6, 7, 6, 7, 6, 8, 6, 7, 6, 7, 6, 7, 6, 8, 6, 7, 6, 7, 6, 7, 6, 8, 6, 7, 6, 7, 6, 7]",0.12,4,20.13544988632202,0.08243628474883735,0.01091033493867144,0.00624872648040764,Mean absolute RGB horizontal/vertical first-difference change
65984,65984,16496.0,0.007955246913580247,494.88,30.0,32,32,31,0.1303676867391914,0.13471451960504055,24.65597736628538,0.9647780638188124,0.8774864859879017,0.12038497939225166,24.65597736628538,"[1920, 1088]","[1920, 1080]",1,False,,0.3231629729270935,0f0c0e2358ceec024230154da4777ed5c444a8382af1ec9d7165f3d7886141cf,0f0c0e2358ceec024230154da4777ed5c444a8382af1ec9d7165f3d7886141cf,fc97dc346cdfa3c43ab1938ede8933e56848e73edcf0b4908ca331d558a0f327,True,True,True,65984,/Huang_group/zyyz/Projects/GVC-RT/experiments/gvcrt_neural_wrapper_v6_2_objective_calibration/bitstreams/fullqp/schedule_s2p0/step_2000/normal/video_18_qp8.bin,7fc3e6f3ee77534d6e2221961594f1ac546c2bfbfa97b4beb66c9000cd6c08a4,/Huang_group/zyyz/Projects/GVC-RT/experiments/gvcrt_neural_wrapper_v6_2_objective_calibration/features/fullqp/schedule_s2p0/step_2000/normal/video_18_qp8.npz,7f0a0ae11cc03e92c03aa82ddee2331b71872b31fa5caf970b323d6e1ca60327,"{'bridge': 'd4ec467021e4da84e6320ec570cb2bd06cb42731372a163c827bb1e8015d2896', 'generator': '746b779eef7c99cda0d395f6d9fd5658ac8e95dfa85e5676c76f0a70fc8cecfa'}",fullqp_schedule_v1,schedule_s2p0,2000,normal,normal,schedule_s2p0,8,8,18,46bd300e-b455-42ed-a00c-9f043f59573e,6bd244d66e05d40d699e66f929f33a2608ac5e83d6c83f7c6d33a52151f66643,212be9753638a6181f5a0737c7f3fd10c98b74d817c4fe0d6f0521739c86b178,/Huang_group/zyyz/Projects/GVC-RT/experiments/gvcrt_neural_wrapper_v6_2_objective_calibration/branches/schedule_s2p0/checkpoints/step_2000.pt,91d83d8ccc979b42b5a6eb044b8645805dc81f44ded58081814a53d994679b20,/Huang_group/zyyz/Projects/GVC-RT/experiments/gvcrt_neural_wrapper_v6_2_objective_calibration/parts/fullqp/schedule_s2p0/step_2000/normal/video_18_qp8.frames.csv,0b09386ad8d796254075540aab66a9a84f3cb79606469b8e12936483d35fa682,/Huang_group/zyyz/Projects/GVC-RT/experiments/gvcrt_neural_wrapper_v6_2_objective_calibration/features/fullqp/schedule_s2p0/step_2000/normal/video_18_qp8.transitions.csv,36888fe369c327cc10d795ecf303ecf2eea75735d09ddec1b291900111cea272,527872,"[8, 10, 8, 9, 8, 9, 8, 9, 8, 10, 8, 9, 8, 9, 8, 9, 8, 10, 8, 9, 8, 9, 8, 9, 8, 10, 8, 9, 8, 9, 8, 9]",0.12,4,20.18735694885254,0.08243628474883735,0.01091033493867144,0.00624872648040764,Mean absolute RGB horizontal/vertical first-difference change
81750,81750,20437.5,0.009856047453703705,613.125,30.0,32,32,31,0.12667042738758028,0.1307298243045807,24.755957815460725,0.9655012618750334,0.8824723549187183,0.11642893716212242,24.755957815460725,"[1920, 1088]","[1920, 1080]",1,False,,0.3231629729270935,0f0c0e2358ceec024230154da4777ed5c444a8382af1ec9d7165f3d7886141cf,0f0c0e2358ceec024230154da4777ed5c444a8382af1ec9d7165f3d7886141cf,b8aebd1435c6688013d89c7c7667ab7e6778484bfb3a3b964523c20905fe6c5e,True,True,True,81750,/Huang_group/zyyz/Projects/GVC-RT/experiments/gvcrt_neural_wrapper_v6_2_objective_calibration/bitstreams/fullqp/schedule_s2p0/step_2000/normal/video_18_qp9.bin,004de34713109b8993acc706d01226f92eae08752ccfa6a00c2c1c6a74451585,/Huang_group/zyyz/Projects/GVC-RT/experiments/gvcrt_neural_wrapper_v6_2_objective_calibration/features/fullqp/schedule_s2p0/step_2000/normal/video_18_qp9.npz,f68557e10d40b0ee1379c10b52599ffed8e485f1a323c2fec33fa93f66810c48,"{'bridge': 'd4ec467021e4da84e6320ec570cb2bd06cb42731372a163c827bb1e8015d2896', 'generator': '746b779eef7c99cda0d395f6d9fd5658ac8e95dfa85e5676c76f0a70fc8cecfa'}",fullqp_schedule_v1,schedule_s2p0,2000,normal,normal,schedule_s2p0,9,9,18,46bd300e-b455-42ed-a00c-9f043f59573e,6bd244d66e05d40d699e66f929f33a2608ac5e83d6c83f7c6d33a52151f66643,212be9753638a6181f5a0737c7f3fd10c98b74d817c4fe0d6f0521739c86b178,/Huang_group/zyyz/Projects/GVC-RT/experiments/gvcrt_neural_wrapper_v6_2_objective_calibration/branches/schedule_s2p0/checkpoints/step_2000.pt,91d83d8ccc979b42b5a6eb044b8645805dc81f44ded58081814a53d994679b20,/Huang_group/zyyz/Projects/GVC-RT/experiments/gvcrt_neural_wrapper_v6_2_objective_calibration/parts/fullqp/schedule_s2p0/step_2000/normal/video_18_qp9.frames.csv,b3368a4da597a69772ce915c065c09aa39d05df5c0eae3bc87f47b7760e0724c,/Huang_group/zyyz/Projects/GVC-RT/experiments/gvcrt_neural_wrapper_v6_2_objective_calibration/features/fullqp/schedule_s2p0/step_2000/normal/video_18_qp9.transitions.csv,596f265ef439a8e1f47c1897f6f9a5c815797509a375d803e4681b1954b21c2b,654000,"[9, 11, 9, 10, 9, 10, 9, 10, 9, 11, 9, 10, 9, 10, 9, 10, 9, 11, 9, 10, 9, 10, 9, 10, 9, 11, 9, 10, 9, 10, 9, 10]",0.12,4,20.060521602630615,0.08243628474883735,0.01091033493867144,0.00624872648040764,Mean absolute RGB horizontal/vertical first-difference change
14661,14661,3665.25,0.001988525390625,109.84765234765234,29.97002997002997,32,32,31,0.0981272344943136,0.07710423320531845,26.26886198172373,0.9824852868914604,0.9447767361998558,0.15041441806862432,26.26886198172373,"[1920, 960]","[1920, 960]",1,False,,0.38757815957069397,0f0c0e2358ceec024230154da4777ed5c444a8382af1ec9d7165f3d7886141cf,0f0c0e2358ceec024230154da4777ed5c444a8382af1ec9d7165f3d7886141cf,e3ddb003e7a3ef2ba4b698854e91e99d4c84737e28627900d0f0841b5e78fb4c,True,True,True,14661,/Huang_group/zyyz/Projects/GVC-RT/experiments/gvcrt_neural_wrapper_v6_2_objective_calibration/bitstreams/fullqp/schedule_s2p0/step_2000/normal/video_19_qp0.bin,dc093e9cd19b05f6cd22e959f20277cdb999f6d43d8c33f8b01d26dc34b3567c,/Huang_group/zyyz/Projects/GVC-RT/experiments/gvcrt_neural_wrapper_v6_2_objective_calibration/features/fullqp/schedule_s2p0/step_2000/normal/video_19_qp0.npz,2ae4fef80abb17e405c0fcfc2318bf1057e4a12d26259b301d54773235d43d4e,"{'bridge': 'd4ec467021e4da84e6320ec570cb2bd06cb42731372a163c827bb1e8015d2896', 'generator': '746b779eef7c99cda0d395f6d9fd5658ac8e95dfa85e5676c76f0a70fc8cecfa'}",fullqp_schedule_v1,schedule_s2p0,2000,normal,normal,schedule_s2p0,0,0,19,c94832de-6f32-4565-be05-b248d5a1f66c,ebab0556611cbbe67868a8278ffde6fbb9e8cb75637112bd6f417713528ccf3b,38e33dfdf727beaf09908aa93227855c5a7d17d885bcc6914520e92344754013,/Huang_group/zyyz/Projects/GVC-RT/experiments/gvcrt_neural_wrapper_v6_2_objective_calibration/branches/schedule_s2p0/checkpoints/step_2000.pt,91d83d8ccc979b42b5a6eb044b8645805dc81f44ded58081814a53d994679b20,/Huang_group/zyyz/Projects/GVC-RT/experiments/gvcrt_neural_wrapper_v6_2_objective_calibration/parts/fullqp/schedule_s2p0/step_2000/normal/video_19_qp0.frames.csv,47714947866139fadad8101dc423a29f1f60f61ce5b4009f627fa9204362f48b,/Huang_group/zyyz/Projects/GVC-RT/experiments/gvcrt_neural_wrapper_v6_2_objective_calibration/features/fullqp/schedule_s2p0/step_2000/normal/video_19_qp0.transitions.csv,05ad7470f95cfe9e0426e8e34de20b811ee0eddba29be42228d87fb7dd77c611,117288,"[0, 2, 0, 1, 0, 1, 0, 1, 0, 2, 0, 1, 0, 1, 0, 1, 0, 2, 0, 1, 0, 1, 0, 1, 0, 2, 0, 1, 0, 1, 0, 1]",0.12,6,19.131072521209717,0.08012083545327187,0.009746364405145869,0.0022755898171453737,Mean absolute RGB horizontal/vertical first-difference change
21426,21426,5356.5,0.0029060872395833335,160.53446553446554,29.97002997002997,32,32,31,0.07561120192985982,0.06343881972134113,27.194569635899924,0.9855893179774284,0.9580327346920967,0.1176872688435739,27.194569635899924,"[1920, 960]","[1920, 960]",1,False,,0.38757815957069397,0f0c0e2358ceec024230154da4777ed5c444a8382af1ec9d7165f3d7886141cf,0f0c0e2358ceec024230154da4777ed5c444a8382af1ec9d7165f3d7886141cf,1935baa80b477dda24a888a3096ac5663c8acd68a591b0ea5c659b0fa60b2209,True,True,True,21426,/Huang_group/zyyz/Projects/GVC-RT/experiments/gvcrt_neural_wrapper_v6_2_objective_calibration/bitstreams/fullqp/schedule_s2p0/step_2000/normal/video_19_qp2.bin,b6539542f251140e8ef50d255b05294f6b0e5f93c3060ae6e3cf9a877d0f7c93,/Huang_group/zyyz/Projects/GVC-RT/experiments/gvcrt_neural_wrapper_v6_2_objective_calibration/features/fullqp/schedule_s2p0/step_2000/normal/video_19_qp2.npz,aa499683e364a75bcbe2228c5ee972323c1ef2e30867024d014a5185c3551f23,"{'bridge': 'd4ec467021e4da84e6320ec570cb2bd06cb42731372a163c827bb1e8015d2896', 'generator': '746b779eef7c99cda0d395f6d9fd5658ac8e95dfa85e5676c76f0a70fc8cecfa'}",fullqp_schedule_v1,schedule_s2p0,2000,normal,normal,schedule_s2p0,2,2,19,c94832de-6f32-4565-be05-b248d5a1f66c,ebab0556611cbbe67868a8278ffde6fbb9e8cb75637112bd6f417713528ccf3b,38e33dfdf727beaf09908aa93227855c5a7d17d885bcc6914520e92344754013,/Huang_group/zyyz/Projects/GVC-RT/experiments/gvcrt_neural_wrapper_v6_2_objective_calibration/branches/schedule_s2p0/checkpoints/step_2000.pt,91d83d8ccc979b42b5a6eb044b8645805dc81f44ded58081814a53d994679b20,/Huang_group/zyyz/Projects/GVC-RT/experiments/gvcrt_neural_wrapper_v6_2_objective_calibration/parts/fullqp/schedule_s2p0/step_2000/normal/video_19_qp2.frames.csv,cb8a8fbdb8645e93c28e63d83be436ca2de022e3509d4cda2b86efd3cf3d1dc7,/Huang_group/zyyz/Projects/GVC-RT/experiments/gvcrt_neural_wrapper_v6_2_objective_calibration/features/fullqp/schedule_s2p0/step_2000/normal/video_19_qp2.transitions.csv,c95cea4276b50520bb0c8a47145c99a84c26e57eca41d3cf43edcacb668322b8,171408,"[2, 4, 2, 3, 2, 3, 2, 3, 2, 4, 2, 3, 2, 3, 2, 3, 2, 4, 2, 3, 2, 3, 2, 3, 2, 4, 2, 3, 2, 3, 2, 3]",0.12,6,19.054906606674194,0.08012083545327187,0.009746364405145869,0.0022755898171453737,Mean absolute RGB horizontal/vertical first-difference change
30962,30962,7740.5,0.004199490017361111,231.98301698301697,29.97002997002997,32,32,31,0.061901107896119356,0.05692262947559357,27.858265252019713,0.987490015104413,0.9659244418144226,0.09228033404196462,27.858265252019713,"[1920, 960]","[1920, 960]",1,False,,0.38757815957069397,0f0c0e2358ceec024230154da4777ed5c444a8382af1ec9d7165f3d7886141cf,0f0c0e2358ceec024230154da4777ed5c444a8382af1ec9d7165f3d7886141cf,51919b87a4c2b43d4456d8d7ee66064c9e4d27d66e6336af9c2dcfb264b4892d,True,True,True,30962,/Huang_group/zyyz/Projects/GVC-RT/experiments/gvcrt_neural_wrapper_v6_2_objective_calibration/bitstreams/fullqp/schedule_s2p0/step_2000/normal/video_19_qp4.bin,f751df7a525b79ef35789b6be5a32a46c54cab675745946bc316963f88e014eb,/Huang_group/zyyz/Projects/GVC-RT/experiments/gvcrt_neural_wrapper_v6_2_objective_calibration/features/fullqp/schedule_s2p0/step_2000/normal/video_19_qp4.npz,a317e273636f92b34e7a8c0b7b114403e4b0ad4425b14159d25f0312c1fedfe0,"{'bridge': 'd4ec467021e4da84e6320ec570cb2bd06cb42731372a163c827bb1e8015d2896', 'generator': '746b779eef7c99cda0d395f6d9fd5658ac8e95dfa85e5676c76f0a70fc8cecfa'}",fullqp_schedule_v1,schedule_s2p0,2000,normal,normal,schedule_s2p0,4,4,19,c94832de-6f32-4565-be05-b248d5a1f66c,ebab0556611cbbe67868a8278ffde6fbb9e8cb75637112bd6f417713528ccf3b,38e33dfdf727beaf09908aa93227855c5a7d17d885bcc6914520e92344754013,/Huang_group/zyyz/Projects/GVC-RT/experiments/gvcrt_neural_wrapper_v6_2_objective_calibration/branches/schedule_s2p0/checkpoints/step_2000.pt,91d83d8ccc979b42b5a6eb044b8645805dc81f44ded58081814a53d994679b20,/Huang_group/zyyz/Projects/GVC-RT/experiments/gvcrt_neural_wrapper_v6_2_objective_calibration/parts/fullqp/schedule_s2p0/step_2000/normal/video_19_qp4.frames.csv,138997a255b7b8dfa01d32e66bcf291589ccde9a431c5fb32e792bff77511f09,/Huang_group/zyyz/Projects/GVC-RT/experiments/gvcrt_neural_wrapper_v6_2_objective_calibration/features/fullqp/schedule_s2p0/step_2000/normal/video_19_qp4.transitions.csv,51094ede74e3a63a8b4ba0836aaad228dfe3509fee583c53a5a31ff4af272f60,247696,"[4, 6, 4, 5, 4, 5, 4, 5, 4, 6, 4, 5, 4, 5, 4, 5, 4, 6, 4, 5, 4, 5, 4, 5, 4, 6, 4, 5, 4, 5, 4, 5]",0.12,6,19.099313259124756,0.08012083545327187,0.009746364405145869,0.0022755898171453737,Mean absolute RGB horizontal/vertical first-difference change
44911,44911,11227.75,0.006091444227430556,336.496003996004,29.97002997002997,32,32,31,0.05344759568106383,0.049944477155804634,28.34493276391544,0.9887356739491224,0.9707296192646027,0.07675376991110464,28.34493276391544,"[1920, 960]","[1920, 960]",1,False,,0.38757815957069397,0f0c0e2358ceec024230154da4777ed5c444a8382af1ec9d7165f3d7886141cf,0f0c0e2358ceec024230154da4777ed5c444a8382af1ec9d7165f3d7886141cf,87d8f269842c859ce7723032bef17a460d55f435045839c0bc375496f93fe762,True,True,True,44911,/Huang_group/zyyz/Projects/GVC-RT/experiments/gvcrt_neural_wrapper_v6_2_objective_calibration/bitstreams/fullqp/schedule_s2p0/step_2000/normal/video_19_qp6.bin,70c0abcbe0d6313c137c14528bdce5376893ed39a8748e5d34f5602d43764e70,/Huang_group/zyyz/Projects/GVC-RT/experiments/gvcrt_neural_wrapper_v6_2_objective_calibration/features/fullqp/schedule_s2p0/step_2000/normal/video_19_qp6.npz,f235aa1d50eb8cc55e9fc09c0c37d25c2269c4bf0a121554f82e98e05da163b4,"{'bridge': 'd4ec467021e4da84e6320ec570cb2bd06cb42731372a163c827bb1e8015d2896', 'generator': '746b779eef7c99cda0d395f6d9fd5658ac8e95dfa85e5676c76f0a70fc8cecfa'}",fullqp_schedule_v1,schedule_s2p0,2000,normal,normal,schedule_s2p0,6,6,19,c94832de-6f32-4565-be05-b248d5a1f66c,ebab0556611cbbe67868a8278ffde6fbb9e8cb75637112bd6f417713528ccf3b,38e33dfdf727beaf09908aa93227855c5a7d17d885bcc6914520e92344754013,/Huang_group/zyyz/Projects/GVC-RT/experiments/gvcrt_neural_wrapper_v6_2_objective_calibration/branches/schedule_s2p0/checkpoints/step_2000.pt,91d83d8ccc979b42b5a6eb044b8645805dc81f44ded58081814a53d994679b20,/Huang_group/zyyz/Projects/GVC-RT/experiments/gvcrt_neural_wrapper_v6_2_objective_calibration/parts/fullqp/schedule_s2p0/step_2000/normal/video_19_qp6.frames.csv,16b5ed5cfad6a7b609c02d90504361e92a79258402cb5ef6ed78d08ba7e27ef6,/Huang_group/zyyz/Projects/GVC-RT/experiments/gvcrt_neural_wrapper_v6_2_objective_calibration/features/fullqp/schedule_s2p0/step_2000/normal/video_19_qp6.transitions.csv,54491717a8aad7ae051aa871f069ea8032620325615969528eada482878ed68b,359288,"[6, 8, 6, 7, 6, 7, 6, 7, 6, 8, 6, 7, 6, 7, 6, 7, 6, 8, 6, 7, 6, 7, 6, 7, 6, 8, 6, 7, 6, 7, 6, 7]",0.12,6,19.3515362739563,0.08012083545327187,0.009746364405145869,0.0022755898171453737,Mean absolute RGB horizontal/vertical first-difference change
64711,64711,16177.75,0.008776991102430555,484.84765234765234,29.97002997002997,32,32,31,0.04789802408777177,0.04609166644513607,28.70260127867607,0.989561228081584,0.9740103892982006,0.06835957075799665,28.70260127867607,"[1920, 960]","[1920, 960]",1,False,,0.38757815957069397,0f0c0e2358ceec024230154da4777ed5c444a8382af1ec9d7165f3d7886141cf,0f0c0e2358ceec024230154da4777ed5c444a8382af1ec9d7165f3d7886141cf,f3610fd0c49699692dbbdcbca59542e5e356e4d295f5aec4b6c9f4e28f2cbc06,True,True,True,64711,/Huang_group/zyyz/Projects/GVC-RT/experiments/gvcrt_neural_wrapper_v6_2_objective_calibration/bitstreams/fullqp/schedule_s2p0/step_2000/normal/video_19_qp8.bin,5392a1d470363ac32c5517ccc4ff6fd9b18682d80540101bdd22c4a04e3371f4,/Huang_group/zyyz/Projects/GVC-RT/experiments/gvcrt_neural_wrapper_v6_2_objective_calibration/features/fullqp/schedule_s2p0/step_2000/normal/video_19_qp8.npz,f2fd266f13ff595b84815958c3d00246987ead857e45ae54c16adf7874f7c162,"{'bridge': 'd4ec467021e4da84e6320ec570cb2bd06cb42731372a163c827bb1e8015d2896', 'generator': '746b779eef7c99cda0d395f6d9fd5658ac8e95dfa85e5676c76f0a70fc8cecfa'}",fullqp_schedule_v1,schedule_s2p0,2000,normal,normal,schedule_s2p0,8,8,19,c94832de-6f32-4565-be05-b248d5a1f66c,ebab0556611cbbe67868a8278ffde6fbb9e8cb75637112bd6f417713528ccf3b,38e33dfdf727beaf09908aa93227855c5a7d17d885bcc6914520e92344754013,/Huang_group/zyyz/Projects/GVC-RT/experiments/gvcrt_neural_wrapper_v6_2_objective_calibration/branches/schedule_s2p0/checkpoints/step_2000.pt,91d83d8ccc979b42b5a6eb044b8645805dc81f44ded58081814a53d994679b20,/Huang_group/zyyz/Projects/GVC-RT/experiments/gvcrt_neural_wrapper_v6_2_objective_calibration/parts/fullqp/schedule_s2p0/step_2000/normal/video_19_qp8.frames.csv,a8534a7ac2f974fd22dfb5bf1c8c940146bf4358e3bb7b4c6041e34870baff78,/Huang_group/zyyz/Projects/GVC-RT/experiments/gvcrt_neural_wrapper_v6_2_objective_calibration/features/fullqp/schedule_s2p0/step_2000/normal/video_19_qp8.transitions.csv,bbd4ce34ef91043b1896c8a46a1b520a5ed6e11baba1813fd062e66aa278740b,517688,"[8, 10, 8, 9, 8, 9, 8, 9, 8, 10, 8, 9, 8, 9, 8, 9, 8, 10, 8, 9, 8, 9, 8, 9, 8, 10, 8, 9, 8, 9, 8, 9]",0.12,6,19.502533674240112,0.08012083545327187,0.009746364405145869,0.0022755898171453737,Mean absolute RGB horizontal/vertical first-difference change
76662,76662,19165.5,0.01039794921875,574.3906093906095,29.97002997002997,32,32,31,0.04635439068078995,0.04440351389348507,28.7782121198831,0.9897187575697899,0.9751513879746199,0.06552252437799208,28.7782121198831,"[1920, 960]","[1920, 960]",1,False,,0.38757815957069397,0f0c0e2358ceec024230154da4777ed5c444a8382af1ec9d7165f3d7886141cf,0f0c0e2358ceec024230154da4777ed5c444a8382af1ec9d7165f3d7886141cf,81ca7fc1e1f3b6a7dfbf908bc4525a31cf4c9d129ac93fb2728480752ab82011,True,True,True,76662,/Huang_group/zyyz/Projects/GVC-RT/experiments/gvcrt_neural_wrapper_v6_2_objective_calibration/bitstreams/fullqp/schedule_s2p0/step_2000/normal/video_19_qp9.bin,f6a9b5f6808fbfcd93fa4e4a3b6e9bf50f480db1aa0bdc45d1444f077fb17357,/Huang_group/zyyz/Projects/GVC-RT/experiments/gvcrt_neural_wrapper_v6_2_objective_calibration/features/fullqp/schedule_s2p0/step_2000/normal/video_19_qp9.npz,7308a69584da4e66c606faead7fe27c7be939abeb006a12149a472850d75537b,"{'bridge': 'd4ec467021e4da84e6320ec570cb2bd06cb42731372a163c827bb1e8015d2896', 'generator': '746b779eef7c99cda0d395f6d9fd5658ac8e95dfa85e5676c76f0a70fc8cecfa'}",fullqp_schedule_v1,schedule_s2p0,2000,normal,normal,schedule_s2p0,9,9,19,c94832de-6f32-4565-be05-b248d5a1f66c,ebab0556611cbbe67868a8278ffde6fbb9e8cb75637112bd6f417713528ccf3b,38e33dfdf727beaf09908aa93227855c5a7d17d885bcc6914520e92344754013,/Huang_group/zyyz/Projects/GVC-RT/experiments/gvcrt_neural_wrapper_v6_2_objective_calibration/branches/schedule_s2p0/checkpoints/step_2000.pt,91d83d8ccc979b42b5a6eb044b8645805dc81f44ded58081814a53d994679b20,/Huang_group/zyyz/Projects/GVC-RT/experiments/gvcrt_neural_wrapper_v6_2_objective_calibration/parts/fullqp/schedule_s2p0/step_2000/normal/video_19_qp9.frames.csv,97092a172c654afa606379c9538a32acbb0caba8b903840957503362aecfba2c,/Huang_group/zyyz/Projects/GVC-RT/experiments/gvcrt_neural_wrapper_v6_2_objective_calibration/features/fullqp/schedule_s2p0/step_2000/normal/video_19_qp9.transitions.csv,ce38045bc5e9863fef47b2384d64f6ffcf57a8dc336e22f5df036515694f9dc2,613296,"[9, 11, 9, 10, 9, 10, 9, 10, 9, 11, 9, 10, 9, 10, 9, 10, 9, 11, 9, 10, 9, 10, 9, 10, 9, 11, 9, 10, 9, 10, 9, 10]",0.12,6,19.478900909423828,0.08012083545327187,0.009746364405145869,0.0022755898171453737,Mean absolute RGB horizontal/vertical first-difference change
11150,11150,2787.5,0.0013442804783950616,83.625,30.0,32,32,31,0.08117899904027581,0.11807451955974102,21.156235244579026,0.9631974399089813,0.9218028616160154,0.08740250261560563,21.156235244579026,"[1920, 1088]","[1920, 1080]",1,False,,0.42747604846954346,0f0c0e2358ceec024230154da4777ed5c444a8382af1ec9d7165f3d7886141cf,0f0c0e2358ceec024230154da4777ed5c444a8382af1ec9d7165f3d7886141cf,9c3a619055f559def86098b6451fe5ccb77c0715cdc5939ad65ea073ca8bc65d,True,True,True,11150,/Huang_group/zyyz/Projects/GVC-RT/experiments/gvcrt_neural_wrapper_v6_2_objective_calibration/bitstreams/fullqp/schedule_s2p0/step_2000/normal/video_20_qp0.bin,31cd73a250a325e7f0d9bdb7ab85e488278045a8911d0969a654bfa57966e40b,/Huang_group/zyyz/Projects/GVC-RT/experiments/gvcrt_neural_wrapper_v6_2_objective_calibration/features/fullqp/schedule_s2p0/step_2000/normal/video_20_qp0.npz,6f7e3bc773855ca94ef5bcf859f8cb081bef79161af8fc3e5413a478f5b94566,"{'bridge': 'd4ec467021e4da84e6320ec570cb2bd06cb42731372a163c827bb1e8015d2896', 'generator': '746b779eef7c99cda0d395f6d9fd5658ac8e95dfa85e5676c76f0a70fc8cecfa'}",fullqp_schedule_v1,schedule_s2p0,2000,normal,normal,schedule_s2p0,0,0,20,27ff8729-bd1a-43a3-b053-2c36ee18e1fa,d6d297b09f6755e80343940b48b1999bc3300698922e2dfb7b5441160a5e8a52,862ee7bf8542258c6603fcef3eb6badd5011220f9111376c01b928350cd08366,/Huang_group/zyyz/Projects/GVC-RT/experiments/gvcrt_neural_wrapper_v6_2_objective_calibration/branches/schedule_s2p0/checkpoints/step_2000.pt,91d83d8ccc979b42b5a6eb044b8645805dc81f44ded58081814a53d994679b20,/Huang_group/zyyz/Projects/GVC-RT/experiments/gvcrt_neural_wrapper_v6_2_objective_calibration/parts/fullqp/schedule_s2p0/step_2000/normal/video_20_qp0.frames.csv,4b8356fac95439364121cc7ad334288c46a39ded63d81cdf11783c6e6269aefe,/Huang_group/zyyz/Projects/GVC-RT/experiments/gvcrt_neural_wrapper_v6_2_objective_calibration/features/fullqp/schedule_s2p0/step_2000/normal/video_20_qp0.transitions.csv,f997db388abbae620eb2a91c1a9f049265edb4e8c52aeff8bba89c6b5040f83f,89200,"[0, 2, 0, 1, 0, 1, 0, 1, 0, 2, 0, 1, 0, 1, 0, 1, 0, 2, 0, 1, 0, 1, 0, 1, 0, 2, 0, 1, 0, 1, 0, 1]",0.12,4,20.291465520858765,0.13391454610973597,0.024791544186882675,0.0038860712156747468,Mean absolute RGB horizontal/vertical first-difference change
16255,16255,4063.75,0.0019597559799382717,121.9125,30.0,32,32,31,0.0692456099204719,0.10453676991164684,21.941034380502554,0.96893903426826,0.9353652056306601,0.07052795841328559,21.941034380502554,"[1920, 1088]","[1920, 1080]",1,False,,0.42747604846954346,0f0c0e2358ceec024230154da4777ed5c444a8382af1ec9d7165f3d7886141cf,0f0c0e2358ceec024230154da4777ed5c444a8382af1ec9d7165f3d7886141cf,ade7ad0402294b9106fe6521c8c014f60c66985250990dddfa2303826b139872,True,True,True,16255,/Huang_group/zyyz/Projects/GVC-RT/experiments/gvcrt_neural_wrapper_v6_2_objective_calibration/bitstreams/fullqp/schedule_s2p0/step_2000/normal/video_20_qp2.bin,8202716fbe5cdd3e7425e864b72ec36a8d61a57361f4ed855ac4f3b952afdda3,/Huang_group/zyyz/Projects/GVC-RT/experiments/gvcrt_neural_wrapper_v6_2_objective_calibration/features/fullqp/schedule_s2p0/step_2000/normal/video_20_qp2.npz,d7e74ddf8d2e0a8f53ae462770f7c3b3a7bbd417084548a17ff091c058859971,"{'bridge': 'd4ec467021e4da84e6320ec570cb2bd06cb42731372a163c827bb1e8015d2896', 'generator': '746b779eef7c99cda0d395f6d9fd5658ac8e95dfa85e5676c76f0a70fc8cecfa'}",fullqp_schedule_v1,schedule_s2p0,2000,normal,normal,schedule_s2p0,2,2,20,27ff8729-bd1a-43a3-b053-2c36ee18e1fa,d6d297b09f6755e80343940b48b1999bc3300698922e2dfb7b5441160a5e8a52,862ee7bf8542258c6603fcef3eb6badd5011220f9111376c01b928350cd08366,/Huang_group/zyyz/Projects/GVC-RT/experiments/gvcrt_neural_wrapper_v6_2_objective_calibration/branches/schedule_s2p0/checkpoints/step_2000.pt,91d83d8ccc979b42b5a6eb044b8645805dc81f44ded58081814a53d994679b20,/Huang_group/zyyz/Projects/GVC-RT/experiments/gvcrt_neural_wrapper_v6_2_objective_calibration/parts/fullqp/schedule_s2p0/step_2000/normal/video_20_qp2.frames.csv,1043120c4e82b53f2960eaf679d04337cdf172d993f6e18e496d7644dcf1844c,/Huang_group/zyyz/Projects/GVC-RT/experiments/gvcrt_neural_wrapper_v6_2_objective_calibration/features/fullqp/schedule_s2p0/step_2000/normal/video_20_qp2.transitions.csv,6fca9b9a6fa26a414a7ab1dabe67a67a895e6f76f779d348cae84507c2e02b5a,130040,"[2, 4, 2, 3, 2, 3, 2, 3, 2, 4, 2, 3, 2, 3, 2, 3, 2, 4, 2, 3, 2, 3, 2, 3, 2, 4, 2, 3, 2, 3, 2, 3]",0.12,4,20.2789044380188,0.13391454610973597,0.024791544186882675,0.0038860712156747468,Mean absolute RGB horizontal/vertical first-difference change
24516,24516,6129.0,0.002955729166666667,183.87,30.0,32,32,31,0.06101076945196837,0.0956463124603033,22.64656737870673,0.9732354357838631,0.9467671494930983,0.05525694727416961,22.64656737870673,"[1920, 1088]","[1920, 1080]",1,False,,0.42747604846954346,0f0c0e2358ceec024230154da4777ed5c444a8382af1ec9d7165f3d7886141cf,0f0c0e2358ceec024230154da4777ed5c444a8382af1ec9d7165f3d7886141cf,3c20cab8a5cfdf5f193f043fb31d1aa1b27b21c1d06afa1ed8a771138dd14106,True,True,True,24516,/Huang_group/zyyz/Projects/GVC-RT/experiments/gvcrt_neural_wrapper_v6_2_objective_calibration/bitstreams/fullqp/schedule_s2p0/step_2000/normal/video_20_qp4.bin,01bb8c8e4e699277ad1ddde3acf2391c54fba681850cfdf8da5d6c96c6ded3e4,/Huang_group/zyyz/Projects/GVC-RT/experiments/gvcrt_neural_wrapper_v6_2_objective_calibration/features/fullqp/schedule_s2p0/step_2000/normal/video_20_qp4.npz,fcba4276b6eb9ff9f59b7341aa5760519c7ce0930c88e307b2d70920bcd5afb0,"{'bridge': 'd4ec467021e4da84e6320ec570cb2bd06cb42731372a163c827bb1e8015d2896', 'generator': '746b779eef7c99cda0d395f6d9fd5658ac8e95dfa85e5676c76f0a70fc8cecfa'}",fullqp_schedule_v1,schedule_s2p0,2000,normal,normal,schedule_s2p0,4,4,20,27ff8729-bd1a-43a3-b053-2c36ee18e1fa,d6d297b09f6755e80343940b48b1999bc3300698922e2dfb7b5441160a5e8a52,862ee7bf8542258c6603fcef3eb6badd5011220f9111376c01b928350cd08366,/Huang_group/zyyz/Projects/GVC-RT/experiments/gvcrt_neural_wrapper_v6_2_objective_calibration/branches/schedule_s2p0/checkpoints/step_2000.pt,91d83d8ccc979b42b5a6eb044b8645805dc81f44ded58081814a53d994679b20,/Huang_group/zyyz/Projects/GVC-RT/experiments/gvcrt_neural_wrapper_v6_2_objective_calibration/parts/fullqp/schedule_s2p0/step_2000/normal/video_20_qp4.frames.csv,7927161b0772e3f93310779aad9dfc40ea04fbbb424dc7795edd7cc0e86b5fd3,/Huang_group/zyyz/Projects/GVC-RT/experiments/gvcrt_neural_wrapper_v6_2_objective_calibration/features/fullqp/schedule_s2p0/step_2000/normal/video_20_qp4.transitions.csv,8fef056bc23a4fa43b23fb35ec487a759a19c0baeba24b38e838aabcb91e290a,196128,"[4, 6, 4, 5, 4, 5, 4, 5, 4, 6, 4, 5, 4, 5, 4, 5, 4, 6, 4, 5, 4, 5, 4, 5, 4, 6, 4, 5, 4, 5, 4, 5]",0.12,4,20.226809978485107,0.13391454610973597,0.024791544186882675,0.0038860712156747468,Mean absolute RGB horizontal/vertical first-difference change
37033,37033,9258.25,0.004464819637345679,277.7475,30.0,32,32,31,0.055370045360177755,0.089133245870471,23.08951407972684,0.9757266864180565,0.9532045219093561,0.04794331495800326,23.08951407972684,"[1920, 1088]","[1920, 1080]",1,False,,0.42747604846954346,0f0c0e2358ceec024230154da4777ed5c444a8382af1ec9d7165f3d7886141cf,0f0c0e2358ceec024230154da4777ed5c444a8382af1ec9d7165f3d7886141cf,493300a0f002b9cf1573b88b2f70a889c666407a2e6aa494effedd825b6d184b,True,True,True,37033,/Huang_group/zyyz/Projects/GVC-RT/experiments/gvcrt_neural_wrapper_v6_2_objective_calibration/bitstreams/fullqp/schedule_s2p0/step_2000/normal/video_20_qp6.bin,f9ce873612c489cdee6b0c15ce64b6dd779ad3c3eda74395a0c8931427be7111,/Huang_group/zyyz/Projects/GVC-RT/experiments/gvcrt_neural_wrapper_v6_2_objective_calibration/features/fullqp/schedule_s2p0/step_2000/normal/video_20_qp6.npz,fcaef228daf15bbbca06d3a2ab3b136eb36fbcaaed4ee969636e54f8350693a0,"{'bridge': 'd4ec467021e4da84e6320ec570cb2bd06cb42731372a163c827bb1e8015d2896', 'generator': '746b779eef7c99cda0d395f6d9fd5658ac8e95dfa85e5676c76f0a70fc8cecfa'}",fullqp_schedule_v1,schedule_s2p0,2000,normal,normal,schedule_s2p0,6,6,20,27ff8729-bd1a-43a3-b053-2c36ee18e1fa,d6d297b09f6755e80343940b48b1999bc3300698922e2dfb7b5441160a5e8a52,862ee7bf8542258c6603fcef3eb6badd5011220f9111376c01b928350cd08366,/Huang_group/zyyz/Projects/GVC-RT/experiments/gvcrt_neural_wrapper_v6_2_objective_calibration/branches/schedule_s2p0/checkpoints/step_2000.pt,91d83d8ccc979b42b5a6eb044b8645805dc81f44ded58081814a53d994679b20,/Huang_group/zyyz/Projects/GVC-RT/experiments/gvcrt_neural_wrapper_v6_2_objective_calibration/parts/fullqp/schedule_s2p0/step_2000/normal/video_20_qp6.frames.csv,1d32a730c7fe6badb418047893d4b721fdf120c92b555c48b72aeeac24b7059a,/Huang_group/zyyz/Projects/GVC-RT/experiments/gvcrt_neural_wrapper_v6_2_objective_calibration/features/fullqp/schedule_s2p0/step_2000/normal/video_20_qp6.transitions.csv,8fecd6f582a21043a54743800926142274ee2e1dd9ba8ee553d68924d59644b3,296264,"[6, 8, 6, 7, 6, 7, 6, 7, 6, 8, 6, 7, 6, 7, 6, 7, 6, 8, 6, 7, 6, 7, 6, 7, 6, 8, 6, 7, 6, 7, 6, 7]",0.12,4,20.223019123077393,0.13391454610973597,0.024791544186882675,0.0038860712156747468,Mean absolute RGB horizontal/vertical first-difference change
56148,56148,14037.0,0.006769386574074074,421.11,30.0,32,32,31,0.05230435112025589,0.08726738579571247,23.352851145824815,0.9770969338715076,0.9569147750735283,0.04452669067728904,23.352851145824815,"[1920, 1088]","[1920, 1080]",1,False,,0.42747604846954346,0f0c0e2358ceec024230154da4777ed5c444a8382af1ec9d7165f3d7886141cf,0f0c0e2358ceec024230154da4777ed5c444a8382af1ec9d7165f3d7886141cf,08204dff16ede3371cb4cdadbde5af01cbd192a1159ca11c460def9f1fbf0350,True,True,True,56148,/Huang_group/zyyz/Projects/GVC-RT/experiments/gvcrt_neural_wrapper_v6_2_objective_calibration/bitstreams/fullqp/schedule_s2p0/step_2000/normal/video_20_qp8.bin,4c49116a8499094ea4f150e1c17bc2b6aaaf95323cf9d37244e35922642136a2,/Huang_group/zyyz/Projects/GVC-RT/experiments/gvcrt_neural_wrapper_v6_2_objective_calibration/features/fullqp/schedule_s2p0/step_2000/normal/video_20_qp8.npz,b3d6efec3f65c6eb56a50108132863fc7d13aae065f0dfd7abe93bc0cf823039,"{'bridge': 'd4ec467021e4da84e6320ec570cb2bd06cb42731372a163c827bb1e8015d2896', 'generator': '746b779eef7c99cda0d395f6d9fd5658ac8e95dfa85e5676c76f0a70fc8cecfa'}",fullqp_schedule_v1,schedule_s2p0,2000,normal,normal,schedule_s2p0,8,8,20,27ff8729-bd1a-43a3-b053-2c36ee18e1fa,d6d297b09f6755e80343940b48b1999bc3300698922e2dfb7b5441160a5e8a52,862ee7bf8542258c6603fcef3eb6badd5011220f9111376c01b928350cd08366,/Huang_group/zyyz/Projects/GVC-RT/experiments/gvcrt_neural_wrapper_v6_2_objective_calibration/branches/schedule_s2p0/checkpoints/step_2000.pt,91d83d8ccc979b42b5a6eb044b8645805dc81f44ded58081814a53d994679b20,/Huang_group/zyyz/Projects/GVC-RT/experiments/gvcrt_neural_wrapper_v6_2_objective_calibration/parts/fullqp/schedule_s2p0/step_2000/normal/video_20_qp8.frames.csv,f18b5a286511e00a90912e83e85660977d6f2f26132829fd4e541d793cdfe899,/Huang_group/zyyz/Projects/GVC-RT/experiments/gvcrt_neural_wrapper_v6_2_objective_calibration/features/fullqp/schedule_s2p0/step_2000/normal/video_20_qp8.transitions.csv,3639a5b3bd32e4f31106271a808e3d2dfd43fc7864a3ae37cada2acf6116dc7d,449184,"[8, 10, 8, 9, 8, 9, 8, 9, 8, 10, 8, 9, 8, 9, 8, 9, 8, 10, 8, 9, 8, 9, 8, 9, 8, 10, 8, 9, 8, 9, 8, 9]",0.12,4,20.397176265716553,0.13391454610973597,0.024791544186882675,0.0038860712156747468,Mean absolute RGB horizontal/vertical first-difference change
69066,69066,17266.5,0.008326822916666667,517.995,30.0,32,32,31,0.051303556421771646,0.08543782867491245,23.470895609822293,0.9776816852390766,0.958334306254983,0.04354107452015723,23.470895609822293,"[1920, 1088]","[1920, 1080]",1,False,,0.42747604846954346,0f0c0e2358ceec024230154da4777ed5c444a8382af1ec9d7165f3d7886141cf,0f0c0e2358ceec024230154da4777ed5c444a8382af1ec9d7165f3d7886141cf,db739ad0f89e66f4c8993cda8620e16a3027179d6774da3b2d3f7ccbfcb75f6b,True,True,True,69066,/Huang_group/zyyz/Projects/GVC-RT/experiments/gvcrt_neural_wrapper_v6_2_objective_calibration/bitstreams/fullqp/schedule_s2p0/step_2000/normal/video_20_qp9.bin,8c39e045343e71f70d2949d9c0a31c070578bbb6d156bcc42c9ef9c8177a075b,/Huang_group/zyyz/Projects/GVC-RT/experiments/gvcrt_neural_wrapper_v6_2_objective_calibration/features/fullqp/schedule_s2p0/step_2000/normal/video_20_qp9.npz,5423e581a6137bce1b2a1da8f26be907a22dc660161f47f77a71462787a1fa39,"{'bridge': 'd4ec467021e4da84e6320ec570cb2bd06cb42731372a163c827bb1e8015d2896', 'generator': '746b779eef7c99cda0d395f6d9fd5658ac8e95dfa85e5676c76f0a70fc8cecfa'}",fullqp_schedule_v1,schedule_s2p0,2000,normal,normal,schedule_s2p0,9,9,20,27ff8729-bd1a-43a3-b053-2c36ee18e1fa,d6d297b09f6755e80343940b48b1999bc3300698922e2dfb7b5441160a5e8a52,862ee7bf8542258c6603fcef3eb6badd5011220f9111376c01b928350cd08366,/Huang_group/zyyz/Projects/GVC-RT/experiments/gvcrt_neural_wrapper_v6_2_objective_calibration/branches/schedule_s2p0/checkpoints/step_2000.pt,91d83d8ccc979b42b5a6eb044b8645805dc81f44ded58081814a53d994679b20,/Huang_group/zyyz/Projects/GVC-RT/experiments/gvcrt_neural_wrapper_v6_2_objective_calibration/parts/fullqp/schedule_s2p0/step_2000/normal/video_20_qp9.frames.csv,645dfffabb2ac042f195b940c55427b883a66628e20bb1743514d5041fa32c4e,/Huang_group/zyyz/Projects/GVC-RT/experiments/gvcrt_neural_wrapper_v6_2_objective_calibration/features/fullqp/schedule_s2p0/step_2000/normal/video_20_qp9.transitions.csv,0fcdc00ef70bbf5452d613e4003d74ea46eaefe0702ac9c7fad6c9b8464c5356,552528,"[9, 11, 9, 10, 9, 10, 9, 10, 9, 11, 9, 10, 9, 10, 9, 10, 9, 11, 9, 10, 9, 10, 9, 10, 9, 11, 9, 10, 9, 10, 9, 10]",0.12,4,20.23508310317993,0.13391454610973597,0.024791544186882675,0.0038860712156747468,Mean absolute RGB horizontal/vertical first-difference change
26129,26129,6532.25,0.003150197723765432,195.9675,30.0,32,32,31,0.23777048476040363,0.11747218668460846,23.860063504706226,0.9643933288753033,0.8330223355442286,0.24025912582874298,23.860063504706226,"[1920, 1088]","[1920, 1080]",1,False,,0.4181634187698364,0f0c0e2358ceec024230154da4777ed5c444a8382af1ec9d7165f3d7886141cf,0f0c0e2358ceec024230154da4777ed5c444a8382af1ec9d7165f3d7886141cf,210980684ca973b5c685acf645d3309b58bcef1ff1a44dbfae21a8fe1812d0f6,True,True,True,26129,/Huang_group/zyyz/Projects/GVC-RT/experiments/gvcrt_neural_wrapper_v6_2_objective_calibration/bitstreams/fullqp/schedule_s2p0/step_2000/normal/video_21_qp0.bin,99f8634039549ae09cc1599435506233e96dd377085c7bfd8305f8faeecb3a14,/Huang_group/zyyz/Projects/GVC-RT/experiments/gvcrt_neural_wrapper_v6_2_objective_calibration/features/fullqp/schedule_s2p0/step_2000/normal/video_21_qp0.npz,fe45429fb77de85a77b9bc61b0f6a2780758f3afd886bad4fcf90e6e066ed4da,"{'bridge': 'd4ec467021e4da84e6320ec570cb2bd06cb42731372a163c827bb1e8015d2896', 'generator': '746b779eef7c99cda0d395f6d9fd5658ac8e95dfa85e5676c76f0a70fc8cecfa'}",fullqp_schedule_v1,schedule_s2p0,2000,normal,normal,schedule_s2p0,0,0,21,f4a1a666-e1f3-4447-a0b4-3fccc978e2c3,d18c666df5cf9d182dd0507422141fda00491d154c7a23ab956331be96dc2f12,0979944b5c16db65928b3cf37b4a589df8c8e1bb8f839b2e25ff27391b8c7ecf,/Huang_group/zyyz/Projects/GVC-RT/experiments/gvcrt_neural_wrapper_v6_2_objective_calibration/branches/schedule_s2p0/checkpoints/step_2000.pt,91d83d8ccc979b42b5a6eb044b8645805dc81f44ded58081814a53d994679b20,/Huang_group/zyyz/Projects/GVC-RT/experiments/gvcrt_neural_wrapper_v6_2_objective_calibration/parts/fullqp/schedule_s2p0/step_2000/normal/video_21_qp0.frames.csv,0d87af76d6112a8e59b3d438cd3ba982db207769a22084716d1d5f709b949332,/Huang_group/zyyz/Projects/GVC-RT/experiments/gvcrt_neural_wrapper_v6_2_objective_calibration/features/fullqp/schedule_s2p0/step_2000/normal/video_21_qp0.transitions.csv,b7eb72454df87bf065ebd53b3f939d0323d38c29c03b9b11d7de88aceb967a9f,209032,"[0, 2, 0, 1, 0, 1, 0, 1, 0, 2, 0, 1, 0, 1, 0, 1, 0, 2, 0, 1, 0, 1, 0, 1, 0, 2, 0, 1, 0, 1, 0, 1]",0.12,6,20.19402527809143,0.07660664315335453,0.009016296156914905,0.004605298250680789,Mean absolute RGB horizontal/vertical first-difference change
40951,40951,10237.75,0.004937186535493827,307.1325,30.0,32,32,31,0.18463382264599204,0.10356316715478897,25.29174915390842,0.9738242197781801,0.8749492280185223,0.18146764607198776,25.29174915390842,"[1920, 1088]","[1920, 1080]",1,False,,0.4181634187698364,0f0c0e2358ceec024230154da4777ed5c444a8382af1ec9d7165f3d7886141cf,0f0c0e2358ceec024230154da4777ed5c444a8382af1ec9d7165f3d7886141cf,d8c611b72311bbb372d9e78dc4167490af138aba0ea97adaced84df9d24f6c12,True,True,True,40951,/Huang_group/zyyz/Projects/GVC-RT/experiments/gvcrt_neural_wrapper_v6_2_objective_calibration/bitstreams/fullqp/schedule_s2p0/step_2000/normal/video_21_qp2.bin,a334726e53e7c4ef9bcb50fdcb1ce42203b1f5d6489c4f8cb7e93309a7155e03,/Huang_group/zyyz/Projects/GVC-RT/experiments/gvcrt_neural_wrapper_v6_2_objective_calibration/features/fullqp/schedule_s2p0/step_2000/normal/video_21_qp2.npz,bbf5cf0029bd249bd0337ca9b76c4365667dbad65053316208aa1d2b841588a1,"{'bridge': 'd4ec467021e4da84e6320ec570cb2bd06cb42731372a163c827bb1e8015d2896', 'generator': '746b779eef7c99cda0d395f6d9fd5658ac8e95dfa85e5676c76f0a70fc8cecfa'}",fullqp_schedule_v1,schedule_s2p0,2000,normal,normal,schedule_s2p0,2,2,21,f4a1a666-e1f3-4447-a0b4-3fccc978e2c3,d18c666df5cf9d182dd0507422141fda00491d154c7a23ab956331be96dc2f12,0979944b5c16db65928b3cf37b4a589df8c8e1bb8f839b2e25ff27391b8c7ecf,/Huang_group/zyyz/Projects/GVC-RT/experiments/gvcrt_neural_wrapper_v6_2_objective_calibration/branches/schedule_s2p0/checkpoints/step_2000.pt,91d83d8ccc979b42b5a6eb044b8645805dc81f44ded58081814a53d994679b20,/Huang_group/zyyz/Projects/GVC-RT/experiments/gvcrt_neural_wrapper_v6_2_objective_calibration/parts/fullqp/schedule_s2p0/step_2000/normal/video_21_qp2.frames.csv,1582dbaafc79650f444a1ab00e787f06e225621e12b1283de1437ff31c4caff5,/Huang_group/zyyz/Projects/GVC-RT/experiments/gvcrt_neural_wrapper_v6_2_objective_calibration/features/fullqp/schedule_s2p0/step_2000/normal/video_21_qp2.transitions.csv,cee8c026a14a3d2bcc6f687005d6c5b523ab3bafd28d1d898f3b685709004471,327608,"[2, 4, 2, 3, 2, 3, 2, 3, 2, 4, 2, 3, 2, 3, 2, 3, 2, 4, 2, 3, 2, 3, 2, 3, 2, 4, 2, 3, 2, 3, 2, 3]",0.12,6,19.904935836791992,0.07660664315335453,0.009016296156914905,0.004605298250680789,Mean absolute RGB horizontal/vertical first-difference change
61464,61464,15366.0,0.007410300925925926,460.98,30.0,32,32,31,0.1488001965917647,0.09325484372675419,26.359792295380533,0.9793131779879332,0.9025502633303404,0.14424640637251637,26.359792295380533,"[1920, 1088]","[1920, 1080]",1,False,,0.4181634187698364,0f0c0e2358ceec024230154da4777ed5c444a8382af1ec9d7165f3d7886141cf,0f0c0e2358ceec024230154da4777ed5c444a8382af1ec9d7165f3d7886141cf,f86201df3acdf0daea76221ebdc329c9dc6cf01b9a7bc6696145bba9e9daba3b,True,True,True,61464,/Huang_group/zyyz/Projects/GVC-RT/experiments/gvcrt_neural_wrapper_v6_2_objective_calibration/bitstreams/fullqp/schedule_s2p0/step_2000/normal/video_21_qp4.bin,5c212b68e7acd8fbc6b1b7da84eb42495eb2ad87d8aa931c48de6cfee0bb4273,/Huang_group/zyyz/Projects/GVC-RT/experiments/gvcrt_neural_wrapper_v6_2_objective_calibration/features/fullqp/schedule_s2p0/step_2000/normal/video_21_qp4.npz,b54b35c882f43e83b7d932e01843d2d697e174415280576f8a7ad7d61884aa88,"{'bridge': 'd4ec467021e4da84e6320ec570cb2bd06cb42731372a163c827bb1e8015d2896', 'generator': '746b779eef7c99cda0d395f6d9fd5658ac8e95dfa85e5676c76f0a70fc8cecfa'}",fullqp_schedule_v1,schedule_s2p0,2000,normal,normal,schedule_s2p0,4,4,21,f4a1a666-e1f3-4447-a0b4-3fccc978e2c3,d18c666df5cf9d182dd0507422141fda00491d154c7a23ab956331be96dc2f12,0979944b5c16db65928b3cf37b4a589df8c8e1bb8f839b2e25ff27391b8c7ecf,/Huang_group/zyyz/Projects/GVC-RT/experiments/gvcrt_neural_wrapper_v6_2_objective_calibration/branches/schedule_s2p0/checkpoints/step_2000.pt,91d83d8ccc979b42b5a6eb044b8645805dc81f44ded58081814a53d994679b20,/Huang_group/zyyz/Projects/GVC-RT/experiments/gvcrt_neural_wrapper_v6_2_objective_calibration/parts/fullqp/schedule_s2p0/step_2000/normal/video_21_qp4.frames.csv,223ff1fe8ca5a41edce87ed1b02ff1c7e495895793295cc319a8cfa4c5bd8bb9,/Huang_group/zyyz/Projects/GVC-RT/experiments/gvcrt_neural_wrapper_v6_2_objective_calibration/features/fullqp/schedule_s2p0/step_2000/normal/video_21_qp4.transitions.csv,4ea1eb912d7fa0ae10b4e2f604a427aa2a37a36a0949ad8eb1d75f6a35a75ceb,491712,"[4, 6, 4, 5, 4, 5, 4, 5, 4, 6, 4, 5, 4, 5, 4, 5, 4, 6, 4, 5, 4, 5, 4, 5, 4, 6, 4, 5, 4, 5, 4, 5]",0.12,6,20.103806257247925,0.07660664315335453,0.009016296156914905,0.004605298250680789,Mean absolute RGB horizontal/vertical first-difference change
89895,89895,22473.75,0.010838035300925926,674.2125,30.0,32,32,31,0.12452319194562733,0.08856917172670364,27.10220264245941,0.9824858047068119,0.9211814906448126,0.11922320699499499,27.10220264245941,"[1920, 1088]","[1920, 1080]",1,False,,0.4181634187698364,0f0c0e2358ceec024230154da4777ed5c444a8382af1ec9d7165f3d7886141cf,0f0c0e2358ceec024230154da4777ed5c444a8382af1ec9d7165f3d7886141cf,831c12441d42bd6583cedada16df5750a6454daccdef1aecab58a6ce1e9eae8d,True,True,True,89895,/Huang_group/zyyz/Projects/GVC-RT/experiments/gvcrt_neural_wrapper_v6_2_objective_calibration/bitstreams/fullqp/schedule_s2p0/step_2000/normal/video_21_qp6.bin,e808596412d6c9ad92138d55af476f65538aea93906e5da4753cad9b4ca4f372,/Huang_group/zyyz/Projects/GVC-RT/experiments/gvcrt_neural_wrapper_v6_2_objective_calibration/features/fullqp/schedule_s2p0/step_2000/normal/video_21_qp6.npz,de0c5e038d1afd09dbb41c2cab68125d69e3f85cd7bf34b008cd1e950b6e1952,"{'bridge': 'd4ec467021e4da84e6320ec570cb2bd06cb42731372a163c827bb1e8015d2896', 'generator': '746b779eef7c99cda0d395f6d9fd5658ac8e95dfa85e5676c76f0a70fc8cecfa'}",fullqp_schedule_v1,schedule_s2p0,2000,normal,normal,schedule_s2p0,6,6,21,f4a1a666-e1f3-4447-a0b4-3fccc978e2c3,d18c666df5cf9d182dd0507422141fda00491d154c7a23ab956331be96dc2f12,0979944b5c16db65928b3cf37b4a589df8c8e1bb8f839b2e25ff27391b8c7ecf,/Huang_group/zyyz/Projects/GVC-RT/experiments/gvcrt_neural_wrapper_v6_2_objective_calibration/branches/schedule_s2p0/checkpoints/step_2000.pt,91d83d8ccc979b42b5a6eb044b8645805dc81f44ded58081814a53d994679b20,/Huang_group/zyyz/Projects/GVC-RT/experiments/gvcrt_neural_wrapper_v6_2_objective_calibration/parts/fullqp/schedule_s2p0/step_2000/normal/video_21_qp6.frames.csv,b6bbec63b022d0dbc8fe9eb202028915572790081deba938c3d9e5b14f4c8ac0,/Huang_group/zyyz/Projects/GVC-RT/experiments/gvcrt_neural_wrapper_v6_2_objective_calibration/features/fullqp/schedule_s2p0/step_2000/normal/video_21_qp6.transitions.csv,378a37eed44d75ff956d3f84a08aa31b472c1b2a0b863502b1a991bbf354561e,719160,"[6, 8, 6, 7, 6, 7, 6, 7, 6, 8, 6, 7, 6, 7, 6, 7, 6, 8, 6, 7, 6, 7, 6, 7, 6, 8, 6, 7, 6, 7, 6, 7]",0.12,6,20.204726457595825,0.07660664315335453,0.009016296156914905,0.004605298250680789,Mean absolute RGB horizontal/vertical first-difference change
127796,127796,31949.0,0.01540750385802469,958.47,30.0,32,32,31,0.10869048442691565,0.08046217076480389,27.700704857658817,0.9846689999103546,0.9332332368940115,0.1024295312743033,27.700704857658817,"[1920, 1088]","[1920, 1080]",1,False,,0.4181634187698364,0f0c0e2358ceec024230154da4777ed5c444a8382af1ec9d7165f3d7886141cf,0f0c0e2358ceec024230154da4777ed5c444a8382af1ec9d7165f3d7886141cf,12f6b79fdbf5ac0027b8bcfd93d36b9be3b8898c987b382ba644a61589b0cab4,True,True,True,127796,/Huang_group/zyyz/Projects/GVC-RT/experiments/gvcrt_neural_wrapper_v6_2_objective_calibration/bitstreams/fullqp/schedule_s2p0/step_2000/normal/video_21_qp8.bin,70b8f1c35c0123dc360f7984ff0beb8c3c187e0b17115987dadc3ef84e88f12b,/Huang_group/zyyz/Projects/GVC-RT/experiments/gvcrt_neural_wrapper_v6_2_objective_calibration/features/fullqp/schedule_s2p0/step_2000/normal/video_21_qp8.npz,608ece08d19fe6b6c3cdcf79b0af48d5a9bc1a60a1ab69ab50696070cedef0ba,"{'bridge': 'd4ec467021e4da84e6320ec570cb2bd06cb42731372a163c827bb1e8015d2896', 'generator': '746b779eef7c99cda0d395f6d9fd5658ac8e95dfa85e5676c76f0a70fc8cecfa'}",fullqp_schedule_v1,schedule_s2p0,2000,normal,normal,schedule_s2p0,8,8,21,f4a1a666-e1f3-4447-a0b4-3fccc978e2c3,d18c666df5cf9d182dd0507422141fda00491d154c7a23ab956331be96dc2f12,0979944b5c16db65928b3cf37b4a589df8c8e1bb8f839b2e25ff27391b8c7ecf,/Huang_group/zyyz/Projects/GVC-RT/experiments/gvcrt_neural_wrapper_v6_2_objective_calibration/branches/schedule_s2p0/checkpoints/step_2000.pt,91d83d8ccc979b42b5a6eb044b8645805dc81f44ded58081814a53d994679b20,/Huang_group/zyyz/Projects/GVC-RT/experiments/gvcrt_neural_wrapper_v6_2_objective_calibration/parts/fullqp/schedule_s2p0/step_2000/normal/video_21_qp8.frames.csv,641b02a0ef7715f4165c97eebc1546bfd0d520795296cd453ed4c74c031d0708,/Huang_group/zyyz/Projects/GVC-RT/experiments/gvcrt_neural_wrapper_v6_2_objective_calibration/features/fullqp/schedule_s2p0/step_2000/normal/video_21_qp8.transitions.csv,5429ad460a502819905330ccee347be997e0a428a6ad771c10d37d629e50b501,1022368,"[8, 10, 8, 9, 8, 9, 8, 9, 8, 10, 8, 9, 8, 9, 8, 9, 8, 10, 8, 9, 8, 9, 8, 9, 8, 10, 8, 9, 8, 9, 8, 9]",0.12,6,20.047876358032227,0.07660664315335453,0.009016296156914905,0.004605298250680789,Mean absolute RGB horizontal/vertical first-difference change
152472,152472,38118.0,0.018382523148148148,1143.54,30.0,32,32,31,0.10337695316411555,0.07827513478696346,27.918967398332157,0.9854077063500881,0.9374026842415333,0.09709002245818416,27.918967398332157,"[1920, 1088]","[1920, 1080]",1,False,,0.4181634187698364,0f0c0e2358ceec024230154da4777ed5c444a8382af1ec9d7165f3d7886141cf,0f0c0e2358ceec024230154da4777ed5c444a8382af1ec9d7165f3d7886141cf,c0a7be5f115d5db06a43f3c5fc2c108941e4ada92ffb62b0511c0baa8ae3ae9c,True,True,True,152472,/Huang_group/zyyz/Projects/GVC-RT/experiments/gvcrt_neural_wrapper_v6_2_objective_calibration/bitstreams/fullqp/schedule_s2p0/step_2000/normal/video_21_qp9.bin,03f99963f5432133a74281fcddb393b8d2372a407a2b8892a1163716fb711bbe,/Huang_group/zyyz/Projects/GVC-RT/experiments/gvcrt_neural_wrapper_v6_2_objective_calibration/features/fullqp/schedule_s2p0/step_2000/normal/video_21_qp9.npz,e63e1a6dc8f5414071f1ea9a2222fd3399037ecdf33138bd192da2bba9c7f057,"{'bridge': 'd4ec467021e4da84e6320ec570cb2bd06cb42731372a163c827bb1e8015d2896', 'generator': '746b779eef7c99cda0d395f6d9fd5658ac8e95dfa85e5676c76f0a70fc8cecfa'}",fullqp_schedule_v1,schedule_s2p0,2000,normal,normal,schedule_s2p0,9,9,21,f4a1a666-e1f3-4447-a0b4-3fccc978e2c3,d18c666df5cf9d182dd0507422141fda00491d154c7a23ab956331be96dc2f12,0979944b5c16db65928b3cf37b4a589df8c8e1bb8f839b2e25ff27391b8c7ecf,/Huang_group/zyyz/Projects/GVC-RT/experiments/gvcrt_neural_wrapper_v6_2_objective_calibration/branches/schedule_s2p0/checkpoints/step_2000.pt,91d83d8ccc979b42b5a6eb044b8645805dc81f44ded58081814a53d994679b20,/Huang_group/zyyz/Projects/GVC-RT/experiments/gvcrt_neural_wrapper_v6_2_objective_calibration/parts/fullqp/schedule_s2p0/step_2000/normal/video_21_qp9.frames.csv,ea2d3298db7bbf7fbb401f5c29cfd0dd0e94d637c921b9b2252abc111a5a11a7,/Huang_group/zyyz/Projects/GVC-RT/experiments/gvcrt_neural_wrapper_v6_2_objective_calibration/features/fullqp/schedule_s2p0/step_2000/normal/video_21_qp9.transitions.csv,63749c00e30988fb5f14f26dea6a39440493f2767606080b6b722b409c2cf247,1219776,"[9, 11, 9, 10, 9, 10, 9, 10, 9, 11, 9, 10, 9, 10, 9, 10, 9, 11, 9, 10, 9, 10, 9, 10, 9, 11, 9, 10, 9, 10, 9, 10]",0.12,6,20.111284971237183,0.07660664315335453,0.009016296156914905,0.004605298250680789,Mean absolute RGB horizontal/vertical first-difference change
20749,20749,5187.25,0.002501567322530864,129.68125,25.0,32,32,31,0.2024667225778103,0.0807455200701952,21.09817553668701,0.9336894024163485,0.7855120282620192,0.2578795422469416,21.09817553668701,"[1920, 1088]","[1920, 1080]",1,False,,0.5767078399658203,0f0c0e2358ceec024230154da4777ed5c444a8382af1ec9d7165f3d7886141cf,0f0c0e2358ceec024230154da4777ed5c444a8382af1ec9d7165f3d7886141cf,25da6ee3d51145bd87c569cb114cfbcfa343296b893e9917ede7cc2c258c81af,True,True,True,20749,/Huang_group/zyyz/Projects/GVC-RT/experiments/gvcrt_neural_wrapper_v6_2_objective_calibration/bitstreams/fullqp/schedule_s2p0/step_2000/normal/video_22_qp0.bin,b81fba2c2986fe1c0f1985c7fd7e34918b92bb3e6d5b37d1b966369f9571d1a2,/Huang_group/zyyz/Projects/GVC-RT/experiments/gvcrt_neural_wrapper_v6_2_objective_calibration/features/fullqp/schedule_s2p0/step_2000/normal/video_22_qp0.npz,be383d0fb4dd682bbb354e382a62632b94431846465d890633cae784f6ecc3a0,"{'bridge': 'd4ec467021e4da84e6320ec570cb2bd06cb42731372a163c827bb1e8015d2896', 'generator': '746b779eef7c99cda0d395f6d9fd5658ac8e95dfa85e5676c76f0a70fc8cecfa'}",fullqp_schedule_v1,schedule_s2p0,2000,normal,normal,schedule_s2p0,0,0,22,d5d333fb-eb1b-4967-9bcf-6d626a214177,e1daff883263787dc3b8a5f770c3e6fc79bf22be27d989bff0d0f7da572befd2,60fc48cf9a0412fc62886943cca4a0f56872ac5fa63f3a551781aed251253f8b,/Huang_group/zyyz/Projects/GVC-RT/experiments/gvcrt_neural_wrapper_v6_2_objective_calibration/branches/schedule_s2p0/checkpoints/step_2000.pt,91d83d8ccc979b42b5a6eb044b8645805dc81f44ded58081814a53d994679b20,/Huang_group/zyyz/Projects/GVC-RT/experiments/gvcrt_neural_wrapper_v6_2_objective_calibration/parts/fullqp/schedule_s2p0/step_2000/normal/video_22_qp0.frames.csv,fdd49c867c07a374036d1bda9aa5dac30227fe36574a8feed2ce595a11a59519,/Huang_group/zyyz/Projects/GVC-RT/experiments/gvcrt_neural_wrapper_v6_2_objective_calibration/features/fullqp/schedule_s2p0/step_2000/normal/video_22_qp0.transitions.csv,9df7c23971ac0a3fe4604e40a66d7a920582aba7b3fa70389fe2ca889768dad0,165992,"[0, 2, 0, 1, 0, 1, 0, 1, 0, 2, 0, 1, 0, 1, 0, 1, 0, 2, 0, 1, 0, 1, 0, 1, 0, 2, 0, 1, 0, 1, 0, 1]",0.12,4,20.230416774749756,0.0709659606218338,0.007627019804203883,0.009006331762066111,Mean absolute RGB horizontal/vertical first-difference change
32183,32183,8045.75,0.0038800877700617283,201.14375,25.0,32,32,31,0.15805507637560368,0.06817238591611385,22.03214819692844,0.9460798669606447,0.8378900699317455,0.19408115456181188,22.03214819692844,"[1920, 1088]","[1920, 1080]",1,False,,0.5767078399658203,0f0c0e2358ceec024230154da4777ed5c444a8382af1ec9d7165f3d7886141cf,0f0c0e2358ceec024230154da4777ed5c444a8382af1ec9d7165f3d7886141cf,971736e0095f61c56d561054e25137e3dc246809ed517b88da1c035399c38117,True,True,True,32183,/Huang_group/zyyz/Projects/GVC-RT/experiments/gvcrt_neural_wrapper_v6_2_objective_calibration/bitstreams/fullqp/schedule_s2p0/step_2000/normal/video_22_qp2.bin,93646dc6182056f8dea1a1bbba8e2a71fc61cb68b061a975739fb8d2bbc63d7f,/Huang_group/zyyz/Projects/GVC-RT/experiments/gvcrt_neural_wrapper_v6_2_objective_calibration/features/fullqp/schedule_s2p0/step_2000/normal/video_22_qp2.npz,7a17ae4a2517b502a6d2312535696d695e2cee231d96fd3442930aca2101894f,"{'bridge': 'd4ec467021e4da84e6320ec570cb2bd06cb42731372a163c827bb1e8015d2896', 'generator': '746b779eef7c99cda0d395f6d9fd5658ac8e95dfa85e5676c76f0a70fc8cecfa'}",fullqp_schedule_v1,schedule_s2p0,2000,normal,normal,schedule_s2p0,2,2,22,d5d333fb-eb1b-4967-9bcf-6d626a214177,e1daff883263787dc3b8a5f770c3e6fc79bf22be27d989bff0d0f7da572befd2,60fc48cf9a0412fc62886943cca4a0f56872ac5fa63f3a551781aed251253f8b,/Huang_group/zyyz/Projects/GVC-RT/experiments/gvcrt_neural_wrapper_v6_2_objective_calibration/branches/schedule_s2p0/checkpoints/step_2000.pt,91d83d8ccc979b42b5a6eb044b8645805dc81f44ded58081814a53d994679b20,/Huang_group/zyyz/Projects/GVC-RT/experiments/gvcrt_neural_wrapper_v6_2_objective_calibration/parts/fullqp/schedule_s2p0/step_2000/normal/video_22_qp2.frames.csv,981c6f73adaebcaba43211d7deb0f2758fc1de06860e1f59a419f536719ac454,/Huang_group/zyyz/Projects/GVC-RT/experiments/gvcrt_neural_wrapper_v6_2_objective_calibration/features/fullqp/schedule_s2p0/step_2000/normal/video_22_qp2.transitions.csv,a784145b8dbcc28db0c3b797ee21ba266e624a25630c3413642164a16b09ef07,257464,"[2, 4, 2, 3, 2, 3, 2, 3, 2, 4, 2, 3, 2, 3, 2, 3, 2, 4, 2, 3, 2, 3, 2, 3, 2, 4, 2, 3, 2, 3, 2, 3]",0.12,4,20.077136278152466,0.0709659606218338,0.007627019804203883,0.009006331762066111,Mean absolute RGB horizontal/vertical first-difference change
48387,48387,12096.75,0.005833695023148148,302.41875,25.0,32,32,31,0.12669909209944308,0.06152639910578728,22.860734086442626,0.9551305994391441,0.8738654721528292,0.15508140046750346,22.860734086442626,"[1920, 1088]","[1920, 1080]",1,False,,0.5767078399658203,0f0c0e2358ceec024230154da4777ed5c444a8382af1ec9d7165f3d7886141cf,0f0c0e2358ceec024230154da4777ed5c444a8382af1ec9d7165f3d7886141cf,72c59e814484f2c2294fe9e832464d76315d36a6a6e688c6c45f4d32bb5844c6,True,True,True,48387,/Huang_group/zyyz/Projects/GVC-RT/experiments/gvcrt_neural_wrapper_v6_2_objective_calibration/bitstreams/fullqp/schedule_s2p0/step_2000/normal/video_22_qp4.bin,042546bd34e6c1b686dd35d629f5a479212d956930a8751180c85414adfac88f,/Huang_group/zyyz/Projects/GVC-RT/experiments/gvcrt_neural_wrapper_v6_2_objective_calibration/features/fullqp/schedule_s2p0/step_2000/normal/video_22_qp4.npz,bd6ef594170be6fce4b96aa6e550122e87dbe8912428ab299a86b02abf543b65,"{'bridge': 'd4ec467021e4da84e6320ec570cb2bd06cb42731372a163c827bb1e8015d2896', 'generator': '746b779eef7c99cda0d395f6d9fd5658ac8e95dfa85e5676c76f0a70fc8cecfa'}",fullqp_schedule_v1,schedule_s2p0,2000,normal,normal,schedule_s2p0,4,4,22,d5d333fb-eb1b-4967-9bcf-6d626a214177,e1daff883263787dc3b8a5f770c3e6fc79bf22be27d989bff0d0f7da572befd2,60fc48cf9a0412fc62886943cca4a0f56872ac5fa63f3a551781aed251253f8b,/Huang_group/zyyz/Projects/GVC-RT/experiments/gvcrt_neural_wrapper_v6_2_objective_calibration/branches/schedule_s2p0/checkpoints/step_2000.pt,91d83d8ccc979b42b5a6eb044b8645805dc81f44ded58081814a53d994679b20,/Huang_group/zyyz/Projects/GVC-RT/experiments/gvcrt_neural_wrapper_v6_2_objective_calibration/parts/fullqp/schedule_s2p0/step_2000/normal/video_22_qp4.frames.csv,74dabb55a2b38089de5a3891bdc85f88e54f8693260bd7bce4990787735514eb,/Huang_group/zyyz/Projects/GVC-RT/experiments/gvcrt_neural_wrapper_v6_2_objective_calibration/features/fullqp/schedule_s2p0/step_2000/normal/video_22_qp4.transitions.csv,247a8af152a9b320f2ab32cecaf1930c13652adc722fb300509623505ee05df1,387096,"[4, 6, 4, 5, 4, 5, 4, 5, 4, 6, 4, 5, 4, 5, 4, 5, 4, 6, 4, 5, 4, 5, 4, 5, 4, 6, 4, 5, 4, 5, 4, 5]",0.12,4,20.013710260391235,0.0709659606218338,0.007627019804203883,0.009006331762066111,Mean absolute RGB horizontal/vertical first-difference change
69506,69506,17376.5,0.008379870756172839,434.4125,25.0,32,32,31,0.10710635641589761,0.056017590686678886,23.48729351291894,0.9609471894800663,0.8953756373375654,0.13356540664549796,23.48729351291894,"[1920, 1088]","[1920, 1080]",1,False,,0.5767078399658203,0f0c0e2358ceec024230154da4777ed5c444a8382af1ec9d7165f3d7886141cf,0f0c0e2358ceec024230154da4777ed5c444a8382af1ec9d7165f3d7886141cf,fc2474cb2b77314b41985ec05a259ec7e5fdb7b6eede3f5fd861527f25651bb1,True,True,True,69506,/Huang_group/zyyz/Projects/GVC-RT/experiments/gvcrt_neural_wrapper_v6_2_objective_calibration/bitstreams/fullqp/schedule_s2p0/step_2000/normal/video_22_qp6.bin,a397332522db098f22f346f59e4ae2549b678dc31a462eaf5d21f94c7dce08d5,/Huang_group/zyyz/Projects/GVC-RT/experiments/gvcrt_neural_wrapper_v6_2_objective_calibration/features/fullqp/schedule_s2p0/step_2000/normal/video_22_qp6.npz,0d709f4dc1444d18defee9a2ea2b9e5b18ccce915151c8614430cd9c9200368d,"{'bridge': 'd4ec467021e4da84e6320ec570cb2bd06cb42731372a163c827bb1e8015d2896', 'generator': '746b779eef7c99cda0d395f6d9fd5658ac8e95dfa85e5676c76f0a70fc8cecfa'}",fullqp_schedule_v1,schedule_s2p0,2000,normal,normal,schedule_s2p0,6,6,22,d5d333fb-eb1b-4967-9bcf-6d626a214177,e1daff883263787dc3b8a5f770c3e6fc79bf22be27d989bff0d0f7da572befd2,60fc48cf9a0412fc62886943cca4a0f56872ac5fa63f3a551781aed251253f8b,/Huang_group/zyyz/Projects/GVC-RT/experiments/gvcrt_neural_wrapper_v6_2_objective_calibration/branches/schedule_s2p0/checkpoints/step_2000.pt,91d83d8ccc979b42b5a6eb044b8645805dc81f44ded58081814a53d994679b20,/Huang_group/zyyz/Projects/GVC-RT/experiments/gvcrt_neural_wrapper_v6_2_objective_calibration/parts/fullqp/schedule_s2p0/step_2000/normal/video_22_qp6.frames.csv,5a72c94e64666d8b43d4678e4fcd3528a17684fb40fb25b0e9c5b174e696f38a,/Huang_group/zyyz/Projects/GVC-RT/experiments/gvcrt_neural_wrapper_v6_2_objective_calibration/features/fullqp/schedule_s2p0/step_2000/normal/video_22_qp6.transitions.csv,191914e4ad0df6c8f8aad2b6f0d77430e087efc91197ad5efc8ad972a6e86b8e,556048,"[6, 8, 6, 7, 6, 7, 6, 7, 6, 8, 6, 7, 6, 7, 6, 7, 6, 8, 6, 7, 6, 7, 6, 7, 6, 8, 6, 7, 6, 7, 6, 7]",0.12,4,20.07514715194702,0.0709659606218338,0.007627019804203883,0.009006331762066111,Mean absolute RGB horizontal/vertical first-difference change
97500,97500,24375.0,0.01175491898148148,609.375,25.0,32,32,31,0.09434169251471758,0.052639834582805634,23.957763027437803,0.9648400750011206,0.909555297344923,0.11789281329801006,23.957763027437803,"[1920, 1088]","[1920, 1080]",1,False,,0.5767078399658203,0f0c0e2358ceec024230154da4777ed5c444a8382af1ec9d7165f3d7886141cf,0f0c0e2358ceec024230154da4777ed5c444a8382af1ec9d7165f3d7886141cf,915689908a6bf19de038d8a0e9e36fd61fb4f7ac1d9ef65e956abcc433eb68ef,True,True,True,97500,/Huang_group/zyyz/Projects/GVC-RT/experiments/gvcrt_neural_wrapper_v6_2_objective_calibration/bitstreams/fullqp/schedule_s2p0/step_2000/normal/video_22_qp8.bin,82b87c0baaeae4f030fde55a64a0222aeb11c082c6b0f6c2ba40451279ba9e9c,/Huang_group/zyyz/Projects/GVC-RT/experiments/gvcrt_neural_wrapper_v6_2_objective_calibration/features/fullqp/schedule_s2p0/step_2000/normal/video_22_qp8.npz,fb5f4d0c5b71a1f35606ab5b3dab1477ba82362fb0d95d50ca5635fd3ee5b8f0,"{'bridge': 'd4ec467021e4da84e6320ec570cb2bd06cb42731372a163c827bb1e8015d2896', 'generator': '746b779eef7c99cda0d395f6d9fd5658ac8e95dfa85e5676c76f0a70fc8cecfa'}",fullqp_schedule_v1,schedule_s2p0,2000,normal,normal,schedule_s2p0,8,8,22,d5d333fb-eb1b-4967-9bcf-6d626a214177,e1daff883263787dc3b8a5f770c3e6fc79bf22be27d989bff0d0f7da572befd2,60fc48cf9a0412fc62886943cca4a0f56872ac5fa63f3a551781aed251253f8b,/Huang_group/zyyz/Projects/GVC-RT/experiments/gvcrt_neural_wrapper_v6_2_objective_calibration/branches/schedule_s2p0/checkpoints/step_2000.pt,91d83d8ccc979b42b5a6eb044b8645805dc81f44ded58081814a53d994679b20,/Huang_group/zyyz/Projects/GVC-RT/experiments/gvcrt_neural_wrapper_v6_2_objective_calibration/parts/fullqp/schedule_s2p0/step_2000/normal/video_22_qp8.frames.csv,26062b468a34a531a4228ef14f5476b6a799eddcdae40881e341f6e91c63bf01,/Huang_group/zyyz/Projects/GVC-RT/experiments/gvcrt_neural_wrapper_v6_2_objective_calibration/features/fullqp/schedule_s2p0/step_2000/normal/video_22_qp8.transitions.csv,af9ac6dd8805f92167b9edd3207b6ed50b0c15856c10eec5c909a258e9f118ed,780000,"[8, 10, 8, 9, 8, 9, 8, 9, 8, 10, 8, 9, 8, 9, 8, 9, 8, 10, 8, 9, 8, 9, 8, 9, 8, 10, 8, 9, 8, 9, 8, 9]",0.12,4,20.225165843963623,0.0709659606218338,0.007627019804203883,0.009006331762066111,Mean absolute RGB horizontal/vertical first-difference change
113145,113145,28286.25,0.01364113136574074,707.15625,25.0,32,32,31,0.09144529257901013,0.05104435421526432,24.119795942690207,0.9660743530839682,0.9141960926353931,0.11438310747185061,24.119795942690207,"[1920, 1088]","[1920, 1080]",1,False,,0.5767078399658203,0f0c0e2358ceec024230154da4777ed5c444a8382af1ec9d7165f3d7886141cf,0f0c0e2358ceec024230154da4777ed5c444a8382af1ec9d7165f3d7886141cf,caf04f974fb36128ad8342bff52daa45f1ab74a67221ba396e6b86f254043f51,True,True,True,113145,/Huang_group/zyyz/Projects/GVC-RT/experiments/gvcrt_neural_wrapper_v6_2_objective_calibration/bitstreams/fullqp/schedule_s2p0/step_2000/normal/video_22_qp9.bin,6c981d1bfdf6588d9890b94f5c51f07146a84ec90514ec9e227fb4e4fbc9d854,/Huang_group/zyyz/Projects/GVC-RT/experiments/gvcrt_neural_wrapper_v6_2_objective_calibration/features/fullqp/schedule_s2p0/step_2000/normal/video_22_qp9.npz,128e1d970285b70e2cec7ead322c23d0894c0dd25cc82665d41bb7071525e382,"{'bridge': 'd4ec467021e4da84e6320ec570cb2bd06cb42731372a163c827bb1e8015d2896', 'generator': '746b779eef7c99cda0d395f6d9fd5658ac8e95dfa85e5676c76f0a70fc8cecfa'}",fullqp_schedule_v1,schedule_s2p0,2000,normal,normal,schedule_s2p0,9,9,22,d5d333fb-eb1b-4967-9bcf-6d626a214177,e1daff883263787dc3b8a5f770c3e6fc79bf22be27d989bff0d0f7da572befd2,60fc48cf9a0412fc62886943cca4a0f56872ac5fa63f3a551781aed251253f8b,/Huang_group/zyyz/Projects/GVC-RT/experiments/gvcrt_neural_wrapper_v6_2_objective_calibration/branches/schedule_s2p0/checkpoints/step_2000.pt,91d83d8ccc979b42b5a6eb044b8645805dc81f44ded58081814a53d994679b20,/Huang_group/zyyz/Projects/GVC-RT/experiments/gvcrt_neural_wrapper_v6_2_objective_calibration/parts/fullqp/schedule_s2p0/step_2000/normal/video_22_qp9.frames.csv,cd606f65ba8d6265148ff601006b84862da624761dbab38c7e6647de7c6f533f,/Huang_group/zyyz/Projects/GVC-RT/experiments/gvcrt_neural_wrapper_v6_2_objective_calibration/features/fullqp/schedule_s2p0/step_2000/normal/video_22_qp9.transitions.csv,a753cb082973d2a1eab68112287843995348161f0a642abdccbf39e5969d6bf8,905160,"[9, 11, 9, 10, 9, 10, 9, 10, 9, 11, 9, 10, 9, 10, 9, 10, 9, 11, 9, 10, 9, 10, 9, 10, 9, 11, 9, 10, 9, 10, 9, 10]",0.12,4,20.04940915107727,0.0709659606218338,0.007627019804203883,0.009006331762066111,Mean absolute RGB horizontal/vertical first-difference change
19712,19712,4928.0,0.0023765432098765433,123.2,25.0,32,32,31,0.17649662913754582,0.07395131886005402,22.77031714579383,0.9604047071188688,0.844899320974946,0.17126896544810263,22.77031714579383,"[1920, 1088]","[1920, 1080]",1,False,,0.45507681369781494,0f0c0e2358ceec024230154da4777ed5c444a8382af1ec9d7165f3d7886141cf,0f0c0e2358ceec024230154da4777ed5c444a8382af1ec9d7165f3d7886141cf,361ca39f34a37b612d83bcd0bcc73f67b0c94f784227657b52ee678bc2b57f09,True,True,True,19712,/Huang_group/zyyz/Projects/GVC-RT/experiments/gvcrt_neural_wrapper_v6_2_objective_calibration/bitstreams/fullqp/schedule_s2p0/step_2000/normal/video_23_qp0.bin,b4c274b755de2f95db8bde7ac8503786bdbb6ba81f2628cabaf54044fb9fcb0f,/Huang_group/zyyz/Projects/GVC-RT/experiments/gvcrt_neural_wrapper_v6_2_objective_calibration/features/fullqp/schedule_s2p0/step_2000/normal/video_23_qp0.npz,387a575b6cec93c357c672b4aabae564405b46d5036ce8467ca8ae356048aaea,"{'bridge': 'd4ec467021e4da84e6320ec570cb2bd06cb42731372a163c827bb1e8015d2896', 'generator': '746b779eef7c99cda0d395f6d9fd5658ac8e95dfa85e5676c76f0a70fc8cecfa'}",fullqp_schedule_v1,schedule_s2p0,2000,normal,normal,schedule_s2p0,0,0,23,2fda6aff-1557-4378-af56-22ec975c51bf,cff93d97f7df0a012dee2fad44c3842af883bf81ba980bfc968ecee0e8041dba,6ccd0d554a1f3e25db92b41f7f5c38db6d01a2b625f9460597efa62e74fe74e4,/Huang_group/zyyz/Projects/GVC-RT/experiments/gvcrt_neural_wrapper_v6_2_objective_calibration/branches/schedule_s2p0/checkpoints/step_2000.pt,91d83d8ccc979b42b5a6eb044b8645805dc81f44ded58081814a53d994679b20,/Huang_group/zyyz/Projects/GVC-RT/experiments/gvcrt_neural_wrapper_v6_2_objective_calibration/parts/fullqp/schedule_s2p0/step_2000/normal/video_23_qp0.frames.csv,af00e49126906006157888a349d63bb2559747e77785b0375ec8bfdaa7a37076,/Huang_group/zyyz/Projects/GVC-RT/experiments/gvcrt_neural_wrapper_v6_2_objective_calibration/features/fullqp/schedule_s2p0/step_2000/normal/video_23_qp0.transitions.csv,c600e933f1ae060300c65ed5a5ae5514e18f7446755f9ee6e4aa796163b42eb7,157696,"[0, 2, 0, 1, 0, 1, 0, 1, 0, 2, 0, 1, 0, 1, 0, 1, 0, 2, 0, 1, 0, 1, 0, 1, 0, 2, 0, 1, 0, 1, 0, 1]",0.12,6,20.93169069290161,0.08674287633039057,0.010882907808991149,0.006520093185827136,Mean absolute RGB horizontal/vertical first-difference change
29927,29927,7481.75,0.0036080970293209877,187.04375,25.0,32,32,31,0.1419857880100608,0.06191135384142399,23.853418274871512,0.9688402134925127,0.8792876042425632,0.12951333219966582,23.853418274871512,"[1920, 1088]","[1920, 1080]",1,False,,0.45507681369781494,0f0c0e2358ceec024230154da4777ed5c444a8382af1ec9d7165f3d7886141cf,0f0c0e2358ceec024230154da4777ed5c444a8382af1ec9d7165f3d7886141cf,0dcbb28fd4c0250fbbd486c7ce93ec03b256fa7043a8153824a031edbf6441a1,True,True,True,29927,/Huang_group/zyyz/Projects/GVC-RT/experiments/gvcrt_neural_wrapper_v6_2_objective_calibration/bitstreams/fullqp/schedule_s2p0/step_2000/normal/video_23_qp2.bin,2ec394397b1d49be4e8fedba8faeb88f1774c0aeba22bac8868c8c986e1215c6,/Huang_group/zyyz/Projects/GVC-RT/experiments/gvcrt_neural_wrapper_v6_2_objective_calibration/features/fullqp/schedule_s2p0/step_2000/normal/video_23_qp2.npz,4ed66732102fe3c912084e522fe037acbde12b192f7cedd21787ba3ecbdc59bd,"{'bridge': 'd4ec467021e4da84e6320ec570cb2bd06cb42731372a163c827bb1e8015d2896', 'generator': '746b779eef7c99cda0d395f6d9fd5658ac8e95dfa85e5676c76f0a70fc8cecfa'}",fullqp_schedule_v1,schedule_s2p0,2000,normal,normal,schedule_s2p0,2,2,23,2fda6aff-1557-4378-af56-22ec975c51bf,cff93d97f7df0a012dee2fad44c3842af883bf81ba980bfc968ecee0e8041dba,6ccd0d554a1f3e25db92b41f7f5c38db6d01a2b625f9460597efa62e74fe74e4,/Huang_group/zyyz/Projects/GVC-RT/experiments/gvcrt_neural_wrapper_v6_2_objective_calibration/branches/schedule_s2p0/checkpoints/step_2000.pt,91d83d8ccc979b42b5a6eb044b8645805dc81f44ded58081814a53d994679b20,/Huang_group/zyyz/Projects/GVC-RT/experiments/gvcrt_neural_wrapper_v6_2_objective_calibration/parts/fullqp/schedule_s2p0/step_2000/normal/video_23_qp2.frames.csv,6d47963a89dceb352a968b3a243f3e460b68d2f4267272ce364af019611696ef,/Huang_group/zyyz/Projects/GVC-RT/experiments/gvcrt_neural_wrapper_v6_2_objective_calibration/features/fullqp/schedule_s2p0/step_2000/normal/video_23_qp2.transitions.csv,33381becd4f749567f1746d12d05700d5197af29ade4d6799529aee3dd4ee4b1,239416,"[2, 4, 2, 3, 2, 3, 2, 3, 2, 4, 2, 3, 2, 3, 2, 3, 2, 4, 2, 3, 2, 3, 2, 3, 2, 4, 2, 3, 2, 3, 2, 3]",0.12,6,20.287678241729736,0.08674287633039057,0.010882907808991149,0.006520093185827136,Mean absolute RGB horizontal/vertical first-difference change
44380,44380,11095.0,0.005350597993827161,277.375,25.0,32,32,31,0.1197037436068058,0.04933866299688816,24.687734005947966,0.9741200171411037,0.9016844015568495,0.10351720692649964,24.687734005947966,"[1920, 1088]","[1920, 1080]",1,False,,0.45507681369781494,0f0c0e2358ceec024230154da4777ed5c444a8382af1ec9d7165f3d7886141cf,0f0c0e2358ceec024230154da4777ed5c444a8382af1ec9d7165f3d7886141cf,9de37269ab698ee646c8d8188ce60c2da4b7da331b6356fb9dfa64c6f154829d,True,True,True,44380,/Huang_group/zyyz/Projects/GVC-RT/experiments/gvcrt_neural_wrapper_v6_2_objective_calibration/bitstreams/fullqp/schedule_s2p0/step_2000/normal/video_23_qp4.bin,a7b9c453bca095a6af02ad32a84d74bf5b0c26a167b8bf88259633e63f4a978e,/Huang_group/zyyz/Projects/GVC-RT/experiments/gvcrt_neural_wrapper_v6_2_objective_calibration/features/fullqp/schedule_s2p0/step_2000/normal/video_23_qp4.npz,9ece5cd4cdf1cf492ec06b9cb202d1b2d41861fd07fa40cf3d8d770dac954ad3,"{'bridge': 'd4ec467021e4da84e6320ec570cb2bd06cb42731372a163c827bb1e8015d2896', 'generator': '746b779eef7c99cda0d395f6d9fd5658ac8e95dfa85e5676c76f0a70fc8cecfa'}",fullqp_schedule_v1,schedule_s2p0,2000,normal,normal,schedule_s2p0,4,4,23,2fda6aff-1557-4378-af56-22ec975c51bf,cff93d97f7df0a012dee2fad44c3842af883bf81ba980bfc968ecee0e8041dba,6ccd0d554a1f3e25db92b41f7f5c38db6d01a2b625f9460597efa62e74fe74e4,/Huang_group/zyyz/Projects/GVC-RT/experiments/gvcrt_neural_wrapper_v6_2_objective_calibration/branches/schedule_s2p0/checkpoints/step_2000.pt,91d83d8ccc979b42b5a6eb044b8645805dc81f44ded58081814a53d994679b20,/Huang_group/zyyz/Projects/GVC-RT/experiments/gvcrt_neural_wrapper_v6_2_objective_calibration/parts/fullqp/schedule_s2p0/step_2000/normal/video_23_qp4.frames.csv,f308898f64ebe3565a49eb3197dc1cad740bef581e73d1c83bbde4b268991633,/Huang_group/zyyz/Projects/GVC-RT/experiments/gvcrt_neural_wrapper_v6_2_objective_calibration/features/fullqp/schedule_s2p0/step_2000/normal/video_23_qp4.transitions.csv,1a5ca3f29ec31f46169a9c540d2c24b70103571344c141c788563206f9114e6e,355040,"[4, 6, 4, 5, 4, 5, 4, 5, 4, 6, 4, 5, 4, 5, 4, 5, 4, 6, 4, 5, 4, 5, 4, 5, 4, 6, 4, 5, 4, 5, 4, 5]",0.12,6,20.340913772583008,0.08674287633039057,0.010882907808991149,0.006520093185827136,Mean absolute RGB horizontal/vertical first-difference change
64838,64838,16209.5,0.007817081404320988,405.2375,25.0,32,32,31,0.1056721843779087,0.041541432961821556,25.338896679015516,0.9775921143591404,0.9163516871631145,0.0868999982072461,25.338896679015516,"[1920, 1088]","[1920, 1080]",1,False,,0.45507681369781494,0f0c0e2358ceec024230154da4777ed5c444a8382af1ec9d7165f3d7886141cf,0f0c0e2358ceec024230154da4777ed5c444a8382af1ec9d7165f3d7886141cf,c558cb7e630ac6c94d228af7848ac578df08bda63bff8c507e9eb91f85d0ef6d,True,True,True,64838,/Huang_group/zyyz/Projects/GVC-RT/experiments/gvcrt_neural_wrapper_v6_2_objective_calibration/bitstreams/fullqp/schedule_s2p0/step_2000/normal/video_23_qp6.bin,3c11bc125851f28fadc17b5b191cf781e483d03100642887eacb4863cfa1b70b,/Huang_group/zyyz/Projects/GVC-RT/experiments/gvcrt_neural_wrapper_v6_2_objective_calibration/features/fullqp/schedule_s2p0/step_2000/normal/video_23_qp6.npz,224725c0247bdd1c9cc6fb1a4a78adabf238748b7135633b317f98b094350c15,"{'bridge': 'd4ec467021e4da84e6320ec570cb2bd06cb42731372a163c827bb1e8015d2896', 'generator': '746b779eef7c99cda0d395f6d9fd5658ac8e95dfa85e5676c76f0a70fc8cecfa'}",fullqp_schedule_v1,schedule_s2p0,2000,normal,normal,schedule_s2p0,6,6,23,2fda6aff-1557-4378-af56-22ec975c51bf,cff93d97f7df0a012dee2fad44c3842af883bf81ba980bfc968ecee0e8041dba,6ccd0d554a1f3e25db92b41f7f5c38db6d01a2b625f9460597efa62e74fe74e4,/Huang_group/zyyz/Projects/GVC-RT/experiments/gvcrt_neural_wrapper_v6_2_objective_calibration/branches/schedule_s2p0/checkpoints/step_2000.pt,91d83d8ccc979b42b5a6eb044b8645805dc81f44ded58081814a53d994679b20,/Huang_group/zyyz/Projects/GVC-RT/experiments/gvcrt_neural_wrapper_v6_2_objective_calibration/parts/fullqp/schedule_s2p0/step_2000/normal/video_23_qp6.frames.csv,d9818a5bbf8263a75719c7fc13ae6a6512a5cb09a3eeb8936e8e3fab239d8596,/Huang_group/zyyz/Projects/GVC-RT/experiments/gvcrt_neural_wrapper_v6_2_objective_calibration/features/fullqp/schedule_s2p0/step_2000/normal/video_23_qp6.transitions.csv,aaa6068adce9be24bb0f17e9e69f33d1880a1c52be7367a7b43d82e4fdb433f7,518704,"[6, 8, 6, 7, 6, 7, 6, 7, 6, 8, 6, 7, 6, 7, 6, 7, 6, 8, 6, 7, 6, 7, 6, 7, 6, 8, 6, 7, 6, 7, 6, 7]",0.12,6,20.16417670249939,0.08674287633039057,0.010882907808991149,0.006520093185827136,Mean absolute RGB horizontal/vertical first-difference change
93206,93206,23301.5,0.011237220293209877,582.5375,25.0,32,32,31,0.09409680566750467,0.0363597646355629,25.865299350566147,0.9800475146621466,0.9275427144020796,0.07679872515220795,25.865299350566147,"[1920, 1088]","[1920, 1080]",1,False,,0.45507681369781494,0f0c0e2358ceec024230154da4777ed5c444a8382af1ec9d7165f3d7886141cf,0f0c0e2358ceec024230154da4777ed5c444a8382af1ec9d7165f3d7886141cf,1f0f2abb77df79befb3c114aea5cc55f541cb1ee081b6cfa90080beb9b1341ed,True,True,True,93206,/Huang_group/zyyz/Projects/GVC-RT/experiments/gvcrt_neural_wrapper_v6_2_objective_calibration/bitstreams/fullqp/schedule_s2p0/step_2000/normal/video_23_qp8.bin,303f9aad4c981c246e3e32758ade4d7f04f5e4035ee6a832e2fac74e4fb17de7,/Huang_group/zyyz/Projects/GVC-RT/experiments/gvcrt_neural_wrapper_v6_2_objective_calibration/features/fullqp/schedule_s2p0/step_2000/normal/video_23_qp8.npz,d801601d23214113269d04f2b0862771370e62bffbe5e00a4341f3710889d4e6,"{'bridge': 'd4ec467021e4da84e6320ec570cb2bd06cb42731372a163c827bb1e8015d2896', 'generator': '746b779eef7c99cda0d395f6d9fd5658ac8e95dfa85e5676c76f0a70fc8cecfa'}",fullqp_schedule_v1,schedule_s2p0,2000,normal,normal,schedule_s2p0,8,8,23,2fda6aff-1557-4378-af56-22ec975c51bf,cff93d97f7df0a012dee2fad44c3842af883bf81ba980bfc968ecee0e8041dba,6ccd0d554a1f3e25db92b41f7f5c38db6d01a2b625f9460597efa62e74fe74e4,/Huang_group/zyyz/Projects/GVC-RT/experiments/gvcrt_neural_wrapper_v6_2_objective_calibration/branches/schedule_s2p0/checkpoints/step_2000.pt,91d83d8ccc979b42b5a6eb044b8645805dc81f44ded58081814a53d994679b20,/Huang_group/zyyz/Projects/GVC-RT/experiments/gvcrt_neural_wrapper_v6_2_objective_calibration/parts/fullqp/schedule_s2p0/step_2000/normal/video_23_qp8.frames.csv,5dcc6d2f3c79d1009945cfff15971cc0faabd2f55e21fba941e5948a48d51c2f,/Huang_group/zyyz/Projects/GVC-RT/experiments/gvcrt_neural_wrapper_v6_2_objective_calibration/features/fullqp/schedule_s2p0/step_2000/normal/video_23_qp8.transitions.csv,f760a1e2729235845f98ba45df337feb15bd805f8b23002160134e128f3e8613,745648,"[8, 10, 8, 9, 8, 9, 8, 9, 8, 10, 8, 9, 8, 9, 8, 9, 8, 10, 8, 9, 8, 9, 8, 9, 8, 10, 8, 9, 8, 9, 8, 9]",0.12,6,20.160919904708862,0.08674287633039057,0.010882907808991149,0.006520093185827136,Mean absolute RGB horizontal/vertical first-difference change
110115,110115,27528.75,0.013275824652777778,688.21875,25.0,32,32,31,0.09088270901702344,0.035547638311982155,26.042457662528122,0.9808077551424503,0.9312029201537371,0.07400973237329914,26.042457662528122,"[1920, 1088]","[1920, 1080]",1,False,,0.45507681369781494,0f0c0e2358ceec024230154da4777ed5c444a8382af1ec9d7165f3d7886141cf,0f0c0e2358ceec024230154da4777ed5c444a8382af1ec9d7165f3d7886141cf,e682427da0af194318107a2c5dbdd7fc4a9d521be984c1cf6a44e9d9a64ca01d,True,True,True,110115,/Huang_group/zyyz/Projects/GVC-RT/experiments/gvcrt_neural_wrapper_v6_2_objective_calibration/bitstreams/fullqp/schedule_s2p0/step_2000/normal/video_23_qp9.bin,682d89b22500584daf21030f4d6d46f53963099a73973b614112fecb8414b199,/Huang_group/zyyz/Projects/GVC-RT/experiments/gvcrt_neural_wrapper_v6_2_objective_calibration/features/fullqp/schedule_s2p0/step_2000/normal/video_23_qp9.npz,d26395077d28f5f9df80002e4e2c1ed4bfc7663ba56ae5e11b08f36220b674f4,"{'bridge': 'd4ec467021e4da84e6320ec570cb2bd06cb42731372a163c827bb1e8015d2896', 'generator': '746b779eef7c99cda0d395f6d9fd5658ac8e95dfa85e5676c76f0a70fc8cecfa'}",fullqp_schedule_v1,schedule_s2p0,2000,normal,normal,schedule_s2p0,9,9,23,2fda6aff-1557-4378-af56-22ec975c51bf,cff93d97f7df0a012dee2fad44c3842af883bf81ba980bfc968ecee0e8041dba,6ccd0d554a1f3e25db92b41f7f5c38db6d01a2b625f9460597efa62e74fe74e4,/Huang_group/zyyz/Projects/GVC-RT/experiments/gvcrt_neural_wrapper_v6_2_objective_calibration/branches/schedule_s2p0/checkpoints/step_2000.pt,91d83d8ccc979b42b5a6eb044b8645805dc81f44ded58081814a53d994679b20,/Huang_group/zyyz/Projects/GVC-RT/experiments/gvcrt_neural_wrapper_v6_2_objective_calibration/parts/fullqp/schedule_s2p0/step_2000/normal/video_23_qp9.frames.csv,6084b4ad054f54eb957b20643cc09806210307a545c68fbc5a45490f64ce1831,/Huang_group/zyyz/Projects/GVC-RT/experiments/gvcrt_neural_wrapper_v6_2_objective_calibration/features/fullqp/schedule_s2p0/step_2000/normal/video_23_qp9.transitions.csv,8feb196cdf523d3412d2ed0f8ef605b3dcec74fa5640646c86a3ff4ced693bc6,880920,"[9, 11, 9, 10, 9, 10, 9, 10, 9, 11, 9, 10, 9, 10, 9, 10, 9, 11, 9, 10, 9, 10, 9, 10, 9, 11, 9, 10, 9, 10, 9, 10]",0.12,6,20.526566982269287,0.08674287633039057,0.010882907808991149,0.006520093185827136,Mean absolute RGB horizontal/vertical first-difference change
40586,40586,10146.5,0.004893180941358025,243.27272727272728,23.976023976023978,32,32,31,0.30118070216849446,0.16565811820328236,24.766844528373227,0.9502129442989826,0.872652830556035,0.30839606783082407,24.766844528373227,"[1920, 1088]","[1920, 1080]",1,False,,0.27033746242523193,0f0c0e2358ceec024230154da4777ed5c444a8382af1ec9d7165f3d7886141cf,0f0c0e2358ceec024230154da4777ed5c444a8382af1ec9d7165f3d7886141cf,5b0edfb2309c401f0cb72ed0e9bf4a813dcbc00b55a39881846150630559f95b,True,True,True,40586,/Huang_group/zyyz/Projects/GVC-RT/experiments/gvcrt_neural_wrapper_v6_2_objective_calibration/bitstreams/fullqp/schedule_s2p0/step_2000/normal/video_24_qp0.bin,f71bf2bca593bfb9eafe3ab4a905c25c3b9d85f6e143875355712e65693b330f,/Huang_group/zyyz/Projects/GVC-RT/experiments/gvcrt_neural_wrapper_v6_2_objective_calibration/features/fullqp/schedule_s2p0/step_2000/normal/video_24_qp0.npz,2d823e6e0824b5df3f03c0c7273ec26bc9b2424a4a1f7ea933f96d12a0849b8b,"{'bridge': 'd4ec467021e4da84e6320ec570cb2bd06cb42731372a163c827bb1e8015d2896', 'generator': '746b779eef7c99cda0d395f6d9fd5658ac8e95dfa85e5676c76f0a70fc8cecfa'}",fullqp_schedule_v1,schedule_s2p0,2000,normal,normal,schedule_s2p0,0,0,24,2325d9a9-0426-4ae1-98b9-fc54a0411ead,38b8f270e0e2e7486e5c001b72b8a9412345f6ed594cd0ad59bfd47a8faa6865,7dc20d30e907e3d3c512cee1841a6326ee9f4fe93a27a1390a33090b339b9471,/Huang_group/zyyz/Projects/GVC-RT/experiments/gvcrt_neural_wrapper_v6_2_objective_calibration/branches/schedule_s2p0/checkpoints/step_2000.pt,91d83d8ccc979b42b5a6eb044b8645805dc81f44ded58081814a53d994679b20,/Huang_group/zyyz/Projects/GVC-RT/experiments/gvcrt_neural_wrapper_v6_2_objective_calibration/parts/fullqp/schedule_s2p0/step_2000/normal/video_24_qp0.frames.csv,e7f520e995bf5e3a7d3156750992865fac74462e96c5217c8b3e9d31bb0dd68f,/Huang_group/zyyz/Projects/GVC-RT/experiments/gvcrt_neural_wrapper_v6_2_objective_calibration/features/fullqp/schedule_s2p0/step_2000/normal/video_24_qp0.transitions.csv,21d2bcb28469dd1ba307690c89953d82a27ca771760201791b603075d5af56e3,324688,"[0, 2, 0, 1, 0, 1, 0, 1, 0, 2, 0, 1, 0, 1, 0, 1, 0, 2, 0, 1, 0, 1, 0, 1, 0, 2, 0, 1, 0, 1, 0, 1]",0.12,4,20.336934089660645,0.07327283499762416,0.007654422995983623,0.002037960872257827,Mean absolute RGB horizontal/vertical first-difference change
70095,70095,17523.75,0.008450882523148148,420.1498501498502,23.976023976023978,32,32,31,0.23533497471362352,0.1339331455528736,26.219112002376804,0.9631475191563368,0.9032313320785761,0.23906339656922124,26.219112002376804,"[1920, 1088]","[1920, 1080]",1,False,,0.27033746242523193,0f0c0e2358ceec024230154da4777ed5c444a8382af1ec9d7165f3d7886141cf,0f0c0e2358ceec024230154da4777ed5c444a8382af1ec9d7165f3d7886141cf,b0931d5dbb36c80862cc07b2dca974dd2c76c501da435f1a09d714811d689cdb,True,True,True,70095,/Huang_group/zyyz/Projects/GVC-RT/experiments/gvcrt_neural_wrapper_v6_2_objective_calibration/bitstreams/fullqp/schedule_s2p0/step_2000/normal/video_24_qp2.bin,26ad850d4021a0105dc998bfca8561ea27f27cf47c9475bb74553b8bb046f080,/Huang_group/zyyz/Projects/GVC-RT/experiments/gvcrt_neural_wrapper_v6_2_objective_calibration/features/fullqp/schedule_s2p0/step_2000/normal/video_24_qp2.npz,d1e813fa530bd898546c0d4b4362f172ba4fc878d81f9336410125711b7cf319,"{'bridge': 'd4ec467021e4da84e6320ec570cb2bd06cb42731372a163c827bb1e8015d2896', 'generator': '746b779eef7c99cda0d395f6d9fd5658ac8e95dfa85e5676c76f0a70fc8cecfa'}",fullqp_schedule_v1,schedule_s2p0,2000,normal,normal,schedule_s2p0,2,2,24,2325d9a9-0426-4ae1-98b9-fc54a0411ead,38b8f270e0e2e7486e5c001b72b8a9412345f6ed594cd0ad59bfd47a8faa6865,7dc20d30e907e3d3c512cee1841a6326ee9f4fe93a27a1390a33090b339b9471,/Huang_group/zyyz/Projects/GVC-RT/experiments/gvcrt_neural_wrapper_v6_2_objective_calibration/branches/schedule_s2p0/checkpoints/step_2000.pt,91d83d8ccc979b42b5a6eb044b8645805dc81f44ded58081814a53d994679b20,/Huang_group/zyyz/Projects/GVC-RT/experiments/gvcrt_neural_wrapper_v6_2_objective_calibration/parts/fullqp/schedule_s2p0/step_2000/normal/video_24_qp2.frames.csv,63cd2d24106af051af39c51346e3dff881bbf8992fd67951e51818c1a12be6f3,/Huang_group/zyyz/Projects/GVC-RT/experiments/gvcrt_neural_wrapper_v6_2_objective_calibration/features/fullqp/schedule_s2p0/step_2000/normal/video_24_qp2.transitions.csv,cd562025d2f571cbe5b89eeb848dbef927601aee429a281d6d8b7d0d8582e078,560760,"[2, 4, 2, 3, 2, 3, 2, 3, 2, 4, 2, 3, 2, 3, 2, 3, 2, 4, 2, 3, 2, 3, 2, 3, 2, 4, 2, 3, 2, 3, 2, 3]",0.12,4,20.1717791557312,0.07327283499762416,0.007654422995983623,0.002037960872257827,Mean absolute RGB horizontal/vertical first-difference change
116748,116748,29187.0,0.014075520833333334,699.7882117882118,23.976023976023978,32,32,31,0.18290532007813454,0.1125909611582756,27.441914648041497,0.971574779599905,0.926333200186491,0.18827098079266086,27.441914648041497,"[1920, 1088]","[1920, 1080]",1,False,,0.27033746242523193,0f0c0e2358ceec024230154da4777ed5c444a8382af1ec9d7165f3d7886141cf,0f0c0e2358ceec024230154da4777ed5c444a8382af1ec9d7165f3d7886141cf,0e7d82af7d888d4f2ab4959e33bc0c23510fd592fa6d363e69d64afa1939eed2,True,True,True,116748,/Huang_group/zyyz/Projects/GVC-RT/experiments/gvcrt_neural_wrapper_v6_2_objective_calibration/bitstreams/fullqp/schedule_s2p0/step_2000/normal/video_24_qp4.bin,a4be4d4671ff8c8acf0c761b70aef1dfc49f6d47683075d0de19eb357788990c,/Huang_group/zyyz/Projects/GVC-RT/experiments/gvcrt_neural_wrapper_v6_2_objective_calibration/features/fullqp/schedule_s2p0/step_2000/normal/video_24_qp4.npz,35953c98b8ad786ac627f7d89a0fa2b528c122470ad03ddd48aa1702867c5128,"{'bridge': 'd4ec467021e4da84e6320ec570cb2bd06cb42731372a163c827bb1e8015d2896', 'generator': '746b779eef7c99cda0d395f6d9fd5658ac8e95dfa85e5676c76f0a70fc8cecfa'}",fullqp_schedule_v1,schedule_s2p0,2000,normal,normal,schedule_s2p0,4,4,24,2325d9a9-0426-4ae1-98b9-fc54a0411ead,38b8f270e0e2e7486e5c001b72b8a9412345f6ed594cd0ad59bfd47a8faa6865,7dc20d30e907e3d3c512cee1841a6326ee9f4fe93a27a1390a33090b339b9471,/Huang_group/zyyz/Projects/GVC-RT/experiments/gvcrt_neural_wrapper_v6_2_objective_calibration/branches/schedule_s2p0/checkpoints/step_2000.pt,91d83d8ccc979b42b5a6eb044b8645805dc81f44ded58081814a53d994679b20,/Huang_group/zyyz/Projects/GVC-RT/experiments/gvcrt_neural_wrapper_v6_2_objective_calibration/parts/fullqp/schedule_s2p0/step_2000/normal/video_24_qp4.frames.csv,e57d30cb05c4a711993f446a78a788f8bcb36990dee5ae3aa412f16c6a08f401,/Huang_group/zyyz/Projects/GVC-RT/experiments/gvcrt_neural_wrapper_v6_2_objective_calibration/features/fullqp/schedule_s2p0/step_2000/normal/video_24_qp4.transitions.csv,dec2d8d2e41148066795cefac41c3846dcdadf62ead4778a5ffb33b87ab86433,933984,"[4, 6, 4, 5, 4, 5, 4, 5, 4, 6, 4, 5, 4, 5, 4, 5, 4, 6, 4, 5, 4, 5, 4, 5, 4, 6, 4, 5, 4, 5, 4, 5]",0.12,4,20.387001752853394,0.07327283499762416,0.007654422995983623,0.002037960872257827,Mean absolute RGB horizontal/vertical first-difference change
181685,181685,45421.25,0.02190453800154321,1089.020979020979,23.976023976023978,32,32,31,0.14519457216374576,0.09630117006599903,28.497538528434948,0.9771439768373966,0.9429866913706064,0.14830880467930146,28.497538528434948,"[1920, 1088]","[1920, 1080]",1,False,,0.27033746242523193,0f0c0e2358ceec024230154da4777ed5c444a8382af1ec9d7165f3d7886141cf,0f0c0e2358ceec024230154da4777ed5c444a8382af1ec9d7165f3d7886141cf,4723eaaee3a93cb7496b196c55fcfb7dee7b33808193d6ed598c288219be6ae2,True,True,True,181685,/Huang_group/zyyz/Projects/GVC-RT/experiments/gvcrt_neural_wrapper_v6_2_objective_calibration/bitstreams/fullqp/schedule_s2p0/step_2000/normal/video_24_qp6.bin,aa8b11bcdacaf99471fafd14f779a00453cdcc348bbc023eecf09a5a60a9bd53,/Huang_group/zyyz/Projects/GVC-RT/experiments/gvcrt_neural_wrapper_v6_2_objective_calibration/features/fullqp/schedule_s2p0/step_2000/normal/video_24_qp6.npz,2bd517f57c687a774767930027a09abb22a7b9c1ada0f735a9050b3b8511ee97,"{'bridge': 'd4ec467021e4da84e6320ec570cb2bd06cb42731372a163c827bb1e8015d2896', 'generator': '746b779eef7c99cda0d395f6d9fd5658ac8e95dfa85e5676c76f0a70fc8cecfa'}",fullqp_schedule_v1,schedule_s2p0,2000,normal,normal,schedule_s2p0,6,6,24,2325d9a9-0426-4ae1-98b9-fc54a0411ead,38b8f270e0e2e7486e5c001b72b8a9412345f6ed594cd0ad59bfd47a8faa6865,7dc20d30e907e3d3c512cee1841a6326ee9f4fe93a27a1390a33090b339b9471,/Huang_group/zyyz/Projects/GVC-RT/experiments/gvcrt_neural_wrapper_v6_2_objective_calibration/branches/schedule_s2p0/checkpoints/step_2000.pt,91d83d8ccc979b42b5a6eb044b8645805dc81f44ded58081814a53d994679b20,/Huang_group/zyyz/Projects/GVC-RT/experiments/gvcrt_neural_wrapper_v6_2_objective_calibration/parts/fullqp/schedule_s2p0/step_2000/normal/video_24_qp6.frames.csv,fa929273c48d430386292450792983323580f184e25e4db9039f16f6b05826a9,/Huang_group/zyyz/Projects/GVC-RT/experiments/gvcrt_neural_wrapper_v6_2_objective_calibration/features/fullqp/schedule_s2p0/step_2000/normal/video_24_qp6.transitions.csv,abebe9a09ab8e74f6b94c2b3b2773f932433946e6b3dbee3374fde420135b70b,1453480,"[6, 8, 6, 7, 6, 7, 6, 7, 6, 8, 6, 7, 6, 7, 6, 7, 6, 8, 6, 7, 6, 7, 6, 7, 6, 8, 6, 7, 6, 7, 6, 7]",0.12,4,20.513468980789185,0.07327283499762416,0.007654422995983623,0.002037960872257827,Mean absolute RGB horizontal/vertical first-difference change
267422,267422,66855.5,0.0322412712191358,1602.929070929071,23.976023976023978,32,32,31,0.12078964221291244,0.08650311827659607,29.33349933041393,0.9807360861450434,0.9543910752981901,0.12295958183465465,29.33349933041393,"[1920, 1088]","[1920, 1080]",1,False,,0.27033746242523193,0f0c0e2358ceec024230154da4777ed5c444a8382af1ec9d7165f3d7886141cf,0f0c0e2358ceec024230154da4777ed5c444a8382af1ec9d7165f3d7886141cf,f11401a22194cad76eaabe3489a3c1af281db3b7221256cd392eda550670a0a1,True,True,True,267422,/Huang_group/zyyz/Projects/GVC-RT/experiments/gvcrt_neural_wrapper_v6_2_objective_calibration/bitstreams/fullqp/schedule_s2p0/step_2000/normal/video_24_qp8.bin,029d427590441d470b2324a03d49185363172c57444435e5a70f9ee680300258,/Huang_group/zyyz/Projects/GVC-RT/experiments/gvcrt_neural_wrapper_v6_2_objective_calibration/features/fullqp/schedule_s2p0/step_2000/normal/video_24_qp8.npz,60e93d8c4a055d55ef217e75248d17aa5ec4d36c4dac841883946a06dcc39c6b,"{'bridge': 'd4ec467021e4da84e6320ec570cb2bd06cb42731372a163c827bb1e8015d2896', 'generator': '746b779eef7c99cda0d395f6d9fd5658ac8e95dfa85e5676c76f0a70fc8cecfa'}",fullqp_schedule_v1,schedule_s2p0,2000,normal,normal,schedule_s2p0,8,8,24,2325d9a9-0426-4ae1-98b9-fc54a0411ead,38b8f270e0e2e7486e5c001b72b8a9412345f6ed594cd0ad59bfd47a8faa6865,7dc20d30e907e3d3c512cee1841a6326ee9f4fe93a27a1390a33090b339b9471,/Huang_group/zyyz/Projects/GVC-RT/experiments/gvcrt_neural_wrapper_v6_2_objective_calibration/branches/schedule_s2p0/checkpoints/step_2000.pt,91d83d8ccc979b42b5a6eb044b8645805dc81f44ded58081814a53d994679b20,/Huang_group/zyyz/Projects/GVC-RT/experiments/gvcrt_neural_wrapper_v6_2_objective_calibration/parts/fullqp/schedule_s2p0/step_2000/normal/video_24_qp8.frames.csv,b82961839f075dc5448624f0a917730d502a944f926746034950896840902269,/Huang_group/zyyz/Projects/GVC-RT/experiments/gvcrt_neural_wrapper_v6_2_objective_calibration/features/fullqp/schedule_s2p0/step_2000/normal/video_24_qp8.transitions.csv,7f8ffdb8719e4095dcec2d7e9863c5819e5537e80e597473751b8a2323e220f1,2139376,"[8, 10, 8, 9, 8, 9, 8, 9, 8, 10, 8, 9, 8, 9, 8, 9, 8, 10, 8, 9, 8, 9, 8, 9, 8, 10, 8, 9, 8, 9, 8, 9]",0.12,4,20.17266869544983,0.07327283499762416,0.007654422995983623,0.002037960872257827,Mean absolute RGB horizontal/vertical first-difference change
315864,315864,78966.0,0.03808159722222222,1893.2907092907094,23.976023976023978,32,32,31,0.11265334975905716,0.08335106447339058,29.692262533369625,0.9821119569242001,0.9585379660129547,0.11496158545055697,29.692262533369625,"[1920, 1088]","[1920, 1080]",1,False,,0.27033746242523193,0f0c0e2358ceec024230154da4777ed5c444a8382af1ec9d7165f3d7886141cf,0f0c0e2358ceec024230154da4777ed5c444a8382af1ec9d7165f3d7886141cf,13dc991e58163108ba21625c80bf2fadcbd006782e37bf9e9404d4658340d7f2,True,True,True,315864,/Huang_group/zyyz/Projects/GVC-RT/experiments/gvcrt_neural_wrapper_v6_2_objective_calibration/bitstreams/fullqp/schedule_s2p0/step_2000/normal/video_24_qp9.bin,e7a60415d974a08efc8eb9f0930589e0f22f2caa812300371856f847e036e85f,/Huang_group/zyyz/Projects/GVC-RT/experiments/gvcrt_neural_wrapper_v6_2_objective_calibration/features/fullqp/schedule_s2p0/step_2000/normal/video_24_qp9.npz,860d305ee8c611f2e8f29e8ebea48a8b66bfabc924497b7daa5333c8afdb4720,"{'bridge': 'd4ec467021e4da84e6320ec570cb2bd06cb42731372a163c827bb1e8015d2896', 'generator': '746b779eef7c99cda0d395f6d9fd5658ac8e95dfa85e5676c76f0a70fc8cecfa'}",fullqp_schedule_v1,schedule_s2p0,2000,normal,normal,schedule_s2p0,9,9,24,2325d9a9-0426-4ae1-98b9-fc54a0411ead,38b8f270e0e2e7486e5c001b72b8a9412345f6ed594cd0ad59bfd47a8faa6865,7dc20d30e907e3d3c512cee1841a6326ee9f4fe93a27a1390a33090b339b9471,/Huang_group/zyyz/Projects/GVC-RT/experiments/gvcrt_neural_wrapper_v6_2_objective_calibration/branches/schedule_s2p0/checkpoints/step_2000.pt,91d83d8ccc979b42b5a6eb044b8645805dc81f44ded58081814a53d994679b20,/Huang_group/zyyz/Projects/GVC-RT/experiments/gvcrt_neural_wrapper_v6_2_objective_calibration/parts/fullqp/schedule_s2p0/step_2000/normal/video_24_qp9.frames.csv,5b9b4c0bb52cdbd46c60ba3b73394ea4fbb560c04db1d116643326be1f3ad52d,/Huang_group/zyyz/Projects/GVC-RT/experiments/gvcrt_neural_wrapper_v6_2_objective_calibration/features/fullqp/schedule_s2p0/step_2000/normal/video_24_qp9.transitions.csv,6cb95f621f701c9451009b4beaea4d5ab43762a6bed06838971621b845c8ea76,2526912,"[9, 11, 9, 10, 9, 10, 9, 10, 9, 11, 9, 10, 9, 10, 9, 10, 9, 11, 9, 10, 9, 10, 9, 10, 9, 11, 9, 10, 9, 10, 9, 10]",0.12,4,20.35932946205139,0.07327283499762416,0.007654422995983623,0.002037960872257827,Mean absolute RGB horizontal/vertical first-difference change
22998,22998,5749.5,0.0027727141203703703,143.7375,25.0,32,32,31,0.13598903152160347,0.0811262484639883,25.471050772650948,0.963092627003789,0.9236718565225601,0.143797465630116,25.471050772650948,"[1920, 1088]","[1920, 1080]",1,False,,0.42116308212280273,0f0c0e2358ceec024230154da4777ed5c444a8382af1ec9d7165f3d7886141cf,0f0c0e2358ceec024230154da4777ed5c444a8382af1ec9d7165f3d7886141cf,657e774e1c6d9c306845b4ee040b2a21c4bff362d92afaccac374d1dfccd628a,True,True,True,22998,/Huang_group/zyyz/Projects/GVC-RT/experiments/gvcrt_neural_wrapper_v6_2_objective_calibration/bitstreams/fullqp/schedule_s2p0/step_2000/normal/video_25_qp0.bin,6d81a1011a72ecc75cd10da84f124d1cf098d436148a4fdd983fbb8d5de9fd95,/Huang_group/zyyz/Projects/GVC-RT/experiments/gvcrt_neural_wrapper_v6_2_objective_calibration/features/fullqp/schedule_s2p0/step_2000/normal/video_25_qp0.npz,73f9914c5cc15a86b584871e0153e3758ed75f04ee42b979ce01f8ef5a5e7af6,"{'bridge': 'd4ec467021e4da84e6320ec570cb2bd06cb42731372a163c827bb1e8015d2896', 'generator': '746b779eef7c99cda0d395f6d9fd5658ac8e95dfa85e5676c76f0a70fc8cecfa'}",fullqp_schedule_v1,schedule_s2p0,2000,normal,normal,schedule_s2p0,0,0,25,6e4895bc-b646-4a71-b870-b88168280a51,1ae0be3b81361ef2e91f7025ca0892e9e84ec985267ba5586959e6341caf0224,62c3f61c1d41d2c8de3bc8c1ce320bd7bf87a095718dc43b63c257a17036234b,/Huang_group/zyyz/Projects/GVC-RT/experiments/gvcrt_neural_wrapper_v6_2_objective_calibration/branches/schedule_s2p0/checkpoints/step_2000.pt,91d83d8ccc979b42b5a6eb044b8645805dc81f44ded58081814a53d994679b20,/Huang_group/zyyz/Projects/GVC-RT/experiments/gvcrt_neural_wrapper_v6_2_objective_calibration/parts/fullqp/schedule_s2p0/step_2000/normal/video_25_qp0.frames.csv,b441f398312918d1f8170d44fa57c7d142451a4fcbf9b9501822349b106d79b6,/Huang_group/zyyz/Projects/GVC-RT/experiments/gvcrt_neural_wrapper_v6_2_objective_calibration/features/fullqp/schedule_s2p0/step_2000/normal/video_25_qp0.transitions.csv,e566ce4ab51a5201f20f55c4b52a9976fdc32c018ce4e2ae43ab9b172ccb96b5,183984,"[0, 2, 0, 1, 0, 1, 0, 1, 0, 2, 0, 1, 0, 1, 0, 1, 0, 2, 0, 1, 0, 1, 0, 1, 0, 2, 0, 1, 0, 1, 0, 1]",0.12,6,20.436911821365356,0.07817605510354042,0.00922875433752779,0.0023741939512547106,Mean absolute RGB horizontal/vertical first-difference change
34968,34968,8742.0,0.004215856481481482,218.55,25.0,32,32,31,0.1041584606282413,0.06896722689270973,26.644231488156905,0.971439853310585,0.9436926376074553,0.108546408434068,26.644231488156905,"[1920, 1088]","[1920, 1080]",1,False,,0.42116308212280273,0f0c0e2358ceec024230154da4777ed5c444a8382af1ec9d7165f3d7886141cf,0f0c0e2358ceec024230154da4777ed5c444a8382af1ec9d7165f3d7886141cf,8a91fc9452061535fb1ded50d9e3bfb1c92066eb885ef173cf53611657000d1a,True,True,True,34968,/Huang_group/zyyz/Projects/GVC-RT/experiments/gvcrt_neural_wrapper_v6_2_objective_calibration/bitstreams/fullqp/schedule_s2p0/step_2000/normal/video_25_qp2.bin,90c16f3045680c6968bfeb3b21a95b9d48aca7bbf00491c166d5b69f9164d660,/Huang_group/zyyz/Projects/GVC-RT/experiments/gvcrt_neural_wrapper_v6_2_objective_calibration/features/fullqp/schedule_s2p0/step_2000/normal/video_25_qp2.npz,111f63f44358b5f576f2fcb01b6ce1fa24da981da3b9ff195a05b536a96b40c3,"{'bridge': 'd4ec467021e4da84e6320ec570cb2bd06cb42731372a163c827bb1e8015d2896', 'generator': '746b779eef7c99cda0d395f6d9fd5658ac8e95dfa85e5676c76f0a70fc8cecfa'}",fullqp_schedule_v1,schedule_s2p0,2000,normal,normal,schedule_s2p0,2,2,25,6e4895bc-b646-4a71-b870-b88168280a51,1ae0be3b81361ef2e91f7025ca0892e9e84ec985267ba5586959e6341caf0224,62c3f61c1d41d2c8de3bc8c1ce320bd7bf87a095718dc43b63c257a17036234b,/Huang_group/zyyz/Projects/GVC-RT/experiments/gvcrt_neural_wrapper_v6_2_objective_calibration/branches/schedule_s2p0/checkpoints/step_2000.pt,91d83d8ccc979b42b5a6eb044b8645805dc81f44ded58081814a53d994679b20,/Huang_group/zyyz/Projects/GVC-RT/experiments/gvcrt_neural_wrapper_v6_2_objective_calibration/parts/fullqp/schedule_s2p0/step_2000/normal/video_25_qp2.frames.csv,e46676e7030ad001a64173d1c87d373ea76e2dd0f0c7dcdf0ac4fe1ab1b1dff8,/Huang_group/zyyz/Projects/GVC-RT/experiments/gvcrt_neural_wrapper_v6_2_objective_calibration/features/fullqp/schedule_s2p0/step_2000/normal/video_25_qp2.transitions.csv,bb319a273d69ec9cb5d3a73fa8800f371c0b5178afd7aa0ea9582e9869f18fc5,279744,"[2, 4, 2, 3, 2, 3, 2, 3, 2, 4, 2, 3, 2, 3, 2, 3, 2, 4, 2, 3, 2, 3, 2, 3, 2, 4, 2, 3, 2, 3, 2, 3]",0.12,6,20.567612886428833,0.07817605510354042,0.00922875433752779,0.0023741939512547106,Mean absolute RGB horizontal/vertical first-difference change
52123,52123,13030.75,0.006284119405864198,325.76875,25.0,32,32,31,0.08514645486138761,0.06194188632071018,27.509378050424594,0.9762665126472712,0.9555177632719278,0.08579345696395443,27.509378050424594,"[1920, 1088]","[1920, 1080]",1,False,,0.42116308212280273,0f0c0e2358ceec024230154da4777ed5c444a8382af1ec9d7165f3d7886141cf,0f0c0e2358ceec024230154da4777ed5c444a8382af1ec9d7165f3d7886141cf,6083e3c7fe7023e946cb6ac7c9782cd6740d4dc2b4bfc64e996a91c621945bbf,True,True,True,52123,/Huang_group/zyyz/Projects/GVC-RT/experiments/gvcrt_neural_wrapper_v6_2_objective_calibration/bitstreams/fullqp/schedule_s2p0/step_2000/normal/video_25_qp4.bin,b4ecf6395838738cb5999ba0ad0df0773887767794f1836560ba6b9f6fcc8266,/Huang_group/zyyz/Projects/GVC-RT/experiments/gvcrt_neural_wrapper_v6_2_objective_calibration/features/fullqp/schedule_s2p0/step_2000/normal/video_25_qp4.npz,df6bce411c1354f160c6f8729374a26e26425fc202486c882e4e0e84e78ca8a1,"{'bridge': 'd4ec467021e4da84e6320ec570cb2bd06cb42731372a163c827bb1e8015d2896', 'generator': '746b779eef7c99cda0d395f6d9fd5658ac8e95dfa85e5676c76f0a70fc8cecfa'}",fullqp_schedule_v1,schedule_s2p0,2000,normal,normal,schedule_s2p0,4,4,25,6e4895bc-b646-4a71-b870-b88168280a51,1ae0be3b81361ef2e91f7025ca0892e9e84ec985267ba5586959e6341caf0224,62c3f61c1d41d2c8de3bc8c1ce320bd7bf87a095718dc43b63c257a17036234b,/Huang_group/zyyz/Projects/GVC-RT/experiments/gvcrt_neural_wrapper_v6_2_objective_calibration/branches/schedule_s2p0/checkpoints/step_2000.pt,91d83d8ccc979b42b5a6eb044b8645805dc81f44ded58081814a53d994679b20,/Huang_group/zyyz/Projects/GVC-RT/experiments/gvcrt_neural_wrapper_v6_2_objective_calibration/parts/fullqp/schedule_s2p0/step_2000/normal/video_25_qp4.frames.csv,264414d78db7971d17e421281da6edb73d4b9e6aea4f6ec91a33c0ad02ed8942,/Huang_group/zyyz/Projects/GVC-RT/experiments/gvcrt_neural_wrapper_v6_2_objective_calibration/features/fullqp/schedule_s2p0/step_2000/normal/video_25_qp4.transitions.csv,6fac6e9fae7fb98d8557ff3762cecba082047b4bd5bb6de09f239193900baec7,416984,"[4, 6, 4, 5, 4, 5, 4, 5, 4, 6, 4, 5, 4, 5, 4, 5, 4, 6, 4, 5, 4, 5, 4, 5, 4, 6, 4, 5, 4, 5, 4, 5]",0.12,6,20.234168767929077,0.07817605510354042,0.00922875433752779,0.0023741939512547106,Mean absolute RGB horizontal/vertical first-difference change
77426,77426,19356.5,0.00933473186728395,483.9125,25.0,32,32,31,0.07224678935017437,0.05604667402803898,28.160085328867304,0.9793155994266272,0.9630553759634495,0.07335968772249837,28.160085328867304,"[1920, 1088]","[1920, 1080]",1,False,,0.42116308212280273,0f0c0e2358ceec024230154da4777ed5c444a8382af1ec9d7165f3d7886141cf,0f0c0e2358ceec024230154da4777ed5c444a8382af1ec9d7165f3d7886141cf,dc02ee2adcaeebb65c6daafe1596c350c2e6f0b821cee37186f427eea7750399,True,True,True,77426,/Huang_group/zyyz/Projects/GVC-RT/experiments/gvcrt_neural_wrapper_v6_2_objective_calibration/bitstreams/fullqp/schedule_s2p0/step_2000/normal/video_25_qp6.bin,386b6e0ca19272198d34d1828ca9cf5bcbaeace2b1b1bdd9753f2b85f424ec18,/Huang_group/zyyz/Projects/GVC-RT/experiments/gvcrt_neural_wrapper_v6_2_objective_calibration/features/fullqp/schedule_s2p0/step_2000/normal/video_25_qp6.npz,18ead7f58d081d76e669a193839b8b9197a7073846e14ad31792595303e76848,"{'bridge': 'd4ec467021e4da84e6320ec570cb2bd06cb42731372a163c827bb1e8015d2896', 'generator': '746b779eef7c99cda0d395f6d9fd5658ac8e95dfa85e5676c76f0a70fc8cecfa'}",fullqp_schedule_v1,schedule_s2p0,2000,normal,normal,schedule_s2p0,6,6,25,6e4895bc-b646-4a71-b870-b88168280a51,1ae0be3b81361ef2e91f7025ca0892e9e84ec985267ba5586959e6341caf0224,62c3f61c1d41d2c8de3bc8c1ce320bd7bf87a095718dc43b63c257a17036234b,/Huang_group/zyyz/Projects/GVC-RT/experiments/gvcrt_neural_wrapper_v6_2_objective_calibration/branches/schedule_s2p0/checkpoints/step_2000.pt,91d83d8ccc979b42b5a6eb044b8645805dc81f44ded58081814a53d994679b20,/Huang_group/zyyz/Projects/GVC-RT/experiments/gvcrt_neural_wrapper_v6_2_objective_calibration/parts/fullqp/schedule_s2p0/step_2000/normal/video_25_qp6.frames.csv,4d99f9632ff382e15b23acab4e38f9e6c44ed1a3bc174b5a9e43a1ae395d4af4,/Huang_group/zyyz/Projects/GVC-RT/experiments/gvcrt_neural_wrapper_v6_2_objective_calibration/features/fullqp/schedule_s2p0/step_2000/normal/video_25_qp6.transitions.csv,4a3153aedd652ffbe910c3760730011bcc257abe3679ac5dd5cf651c8dd3d5c4,619408,"[6, 8, 6, 7, 6, 7, 6, 7, 6, 8, 6, 7, 6, 7, 6, 7, 6, 8, 6, 7, 6, 7, 6, 7, 6, 8, 6, 7, 6, 7, 6, 7]",0.12,6,20.298083066940308,0.07817605510354042,0.00922875433752779,0.0023741939512547106,Mean absolute RGB horizontal/vertical first-difference change
114949,114949,28737.25,0.01385862750771605,718.43125,25.0,32,32,31,0.06418777990620583,0.05230710655450821,28.580911128044505,0.9811035338789225,0.9676146935671568,0.06389315498452033,28.580911128044505,"[1920, 1088]","[1920, 1080]",1,False,,0.42116308212280273,0f0c0e2358ceec024230154da4777ed5c444a8382af1ec9d7165f3d7886141cf,0f0c0e2358ceec024230154da4777ed5c444a8382af1ec9d7165f3d7886141cf,ab86b9ac07b6c901145930182f071fabc027b84aa4614011d53fc5261f471f85,True,True,True,114949,/Huang_group/zyyz/Projects/GVC-RT/experiments/gvcrt_neural_wrapper_v6_2_objective_calibration/bitstreams/fullqp/schedule_s2p0/step_2000/normal/video_25_qp8.bin,ef84f0aa34241e86690bb4a73f1bec3f7ae5e55f707f164d79d1ca70fa5dcee8,/Huang_group/zyyz/Projects/GVC-RT/experiments/gvcrt_neural_wrapper_v6_2_objective_calibration/features/fullqp/schedule_s2p0/step_2000/normal/video_25_qp8.npz,865d87b22800caa1148681ef1cc95cbf3419cc43011fbe6dd1765d06c2d83658,"{'bridge': 'd4ec467021e4da84e6320ec570cb2bd06cb42731372a163c827bb1e8015d2896', 'generator': '746b779eef7c99cda0d395f6d9fd5658ac8e95dfa85e5676c76f0a70fc8cecfa'}",fullqp_schedule_v1,schedule_s2p0,2000,normal,normal,schedule_s2p0,8,8,25,6e4895bc-b646-4a71-b870-b88168280a51,1ae0be3b81361ef2e91f7025ca0892e9e84ec985267ba5586959e6341caf0224,62c3f61c1d41d2c8de3bc8c1ce320bd7bf87a095718dc43b63c257a17036234b,/Huang_group/zyyz/Projects/GVC-RT/experiments/gvcrt_neural_wrapper_v6_2_objective_calibration/branches/schedule_s2p0/checkpoints/step_2000.pt,91d83d8ccc979b42b5a6eb044b8645805dc81f44ded58081814a53d994679b20,/Huang_group/zyyz/Projects/GVC-RT/experiments/gvcrt_neural_wrapper_v6_2_objective_calibration/parts/fullqp/schedule_s2p0/step_2000/normal/video_25_qp8.frames.csv,2d918758aea9453bc17a8b4ec81eeeeec7812682ad4b38b28b0ead9caa6b6ea0,/Huang_group/zyyz/Projects/GVC-RT/experiments/gvcrt_neural_wrapper_v6_2_objective_calibration/features/fullqp/schedule_s2p0/step_2000/normal/video_25_qp8.transitions.csv,0bc9b5ea53668ce8ae5fcfb4cfa5e986578230be3fdbb83549a6cc79d1d519db,919592,"[8, 10, 8, 9, 8, 9, 8, 9, 8, 10, 8, 9, 8, 9, 8, 9, 8, 10, 8, 9, 8, 9, 8, 9, 8, 10, 8, 9, 8, 9, 8, 9]",0.12,6,19.943026304244995,0.07817605510354042,0.00922875433752779,0.0023741939512547106,Mean absolute RGB horizontal/vertical first-difference change
137772,137772,34443.0,0.016610243055555557,861.075,25.0,32,32,31,0.061017656698822975,0.05070415325462818,28.789603214931585,0.9818987865000963,0.9694020543247461,0.059580491194801945,28.789603214931585,"[1920, 1088]","[1920, 1080]",1,False,,0.42116308212280273,0f0c0e2358ceec024230154da4777ed5c444a8382af1ec9d7165f3d7886141cf,0f0c0e2358ceec024230154da4777ed5c444a8382af1ec9d7165f3d7886141cf,3fcd686359a667124abc9e15fb1242466c029f5cc5ac7601a68df0d59fdd0f5b,True,True,True,137772,/Huang_group/zyyz/Projects/GVC-RT/experiments/gvcrt_neural_wrapper_v6_2_objective_calibration/bitstreams/fullqp/schedule_s2p0/step_2000/normal/video_25_qp9.bin,c6d882cf7fa06bce7bc8e760984a215a1a37730da429daaeb571bf0f3d9fe626,/Huang_group/zyyz/Projects/GVC-RT/experiments/gvcrt_neural_wrapper_v6_2_objective_calibration/features/fullqp/schedule_s2p0/step_2000/normal/video_25_qp9.npz,c2504c4836786e1b4644a8d77864e4ddddf636788c45f34da7d0f7013d7b6b66,"{'bridge': 'd4ec467021e4da84e6320ec570cb2bd06cb42731372a163c827bb1e8015d2896', 'generator': '746b779eef7c99cda0d395f6d9fd5658ac8e95dfa85e5676c76f0a70fc8cecfa'}",fullqp_schedule_v1,schedule_s2p0,2000,normal,normal,schedule_s2p0,9,9,25,6e4895bc-b646-4a71-b870-b88168280a51,1ae0be3b81361ef2e91f7025ca0892e9e84ec985267ba5586959e6341caf0224,62c3f61c1d41d2c8de3bc8c1ce320bd7bf87a095718dc43b63c257a17036234b,/Huang_group/zyyz/Projects/GVC-RT/experiments/gvcrt_neural_wrapper_v6_2_objective_calibration/branches/schedule_s2p0/checkpoints/step_2000.pt,91d83d8ccc979b42b5a6eb044b8645805dc81f44ded58081814a53d994679b20,/Huang_group/zyyz/Projects/GVC-RT/experiments/gvcrt_neural_wrapper_v6_2_objective_calibration/parts/fullqp/schedule_s2p0/step_2000/normal/video_25_qp9.frames.csv,0df574c845d5d8eaebe0b4be3517192a4ff2c69fffeb00d0abb781f1ab91baf6,/Huang_group/zyyz/Projects/GVC-RT/experiments/gvcrt_neural_wrapper_v6_2_objective_calibration/features/fullqp/schedule_s2p0/step_2000/normal/video_25_qp9.transitions.csv,1e4e157b7ecaf5a9fa6f8fa3a36fa9f898342aae4cdd0c9948fd21e501b470f6,1102176,"[9, 11, 9, 10, 9, 10, 9, 10, 9, 11, 9, 10, 9, 10, 9, 10, 9, 11, 9, 10, 9, 10, 9, 10, 9, 11, 9, 10, 9, 10, 9, 10]",0.12,6,20.2341787815094,0.07817605510354042,0.00922875433752779,0.0023741939512547106,Mean absolute RGB horizontal/vertical first-difference change
14009,14009,3502.25,0.0016889708719135803,105.0675,30.0,32,32,31,0.23274528561159968,0.12564747966825962,25.29729158644954,0.9799232557415962,0.7839673478156328,0.24463661063101985,25.29729158644954,"[1920, 1088]","[1920, 1080]",1,False,,0.4445263147354126,0f0c0e2358ceec024230154da4777ed5c444a8382af1ec9d7165f3d7886141cf,0f0c0e2358ceec024230154da4777ed5c444a8382af1ec9d7165f3d7886141cf,887f4a01894ca10d568a4530eaededf4508ba509bbbdf2101d88a82aae3e91d5,True,True,True,14009,/Huang_group/zyyz/Projects/GVC-RT/experiments/gvcrt_neural_wrapper_v6_2_objective_calibration/bitstreams/fullqp/schedule_s2p0/step_2000/normal/video_26_qp0.bin,9a76c8a3b150329818f191d73a8b029e6ee9e512eb657bb4c1e3cfe97e656b7f,/Huang_group/zyyz/Projects/GVC-RT/experiments/gvcrt_neural_wrapper_v6_2_objective_calibration/features/fullqp/schedule_s2p0/step_2000/normal/video_26_qp0.npz,479e2f55ad332eb3d863df41ffc533af7371bca02a8353ed91488021b38dc250,"{'bridge': 'd4ec467021e4da84e6320ec570cb2bd06cb42731372a163c827bb1e8015d2896', 'generator': '746b779eef7c99cda0d395f6d9fd5658ac8e95dfa85e5676c76f0a70fc8cecfa'}",fullqp_schedule_v1,schedule_s2p0,2000,normal,normal,schedule_s2p0,0,0,26,70d621e7-3f51-41da-869b-77729e10d55e,4f2f6d76cff6533745f1876021aa9426d16e00ab845f0040511b1dc10bb6ad5b,e5829559fe968fea193b025ce83edd181246af9f506863aadf48a7423aaef470,/Huang_group/zyyz/Projects/GVC-RT/experiments/gvcrt_neural_wrapper_v6_2_objective_calibration/branches/schedule_s2p0/checkpoints/step_2000.pt,91d83d8ccc979b42b5a6eb044b8645805dc81f44ded58081814a53d994679b20,/Huang_group/zyyz/Projects/GVC-RT/experiments/gvcrt_neural_wrapper_v6_2_objective_calibration/parts/fullqp/schedule_s2p0/step_2000/normal/video_26_qp0.frames.csv,d34cf933837e4ec4a687b5f05c2c8a6fec120ad80a3ce477a24bd73a7c691abe,/Huang_group/zyyz/Projects/GVC-RT/experiments/gvcrt_neural_wrapper_v6_2_objective_calibration/features/fullqp/schedule_s2p0/step_2000/normal/video_26_qp0.transitions.csv,82318230f1da5fcc666e43fe1006a4d9b7dbbd994fd158f1b9254b18550810bc,112072,"[0, 2, 0, 1, 0, 1, 0, 1, 0, 2, 0, 1, 0, 1, 0, 1, 0, 2, 0, 1, 0, 1, 0, 1, 0, 2, 0, 1, 0, 1, 0, 1]",0.12,4,20.09076166152954,0.07707420154474676,0.010340620472561568,0.005629472085274756,Mean absolute RGB horizontal/vertical first-difference change
21269,21269,5317.25,0.002564260223765432,159.5175,30.0,32,32,31,0.1897984566166997,0.10627284832298756,26.15129490628732,0.9833787679672241,0.8294020257890224,0.19359263248981967,26.15129490628732,"[1920, 1088]","[1920, 1080]",1,False,,0.4445263147354126,0f0c0e2358ceec024230154da4777ed5c444a8382af1ec9d7165f3d7886141cf,0f0c0e2358ceec024230154da4777ed5c444a8382af1ec9d7165f3d7886141cf,0b51977db6fe3c4885179a03667992bfba267105f9015f994a86397dbcef53ba,True,True,True,21269,/Huang_group/zyyz/Projects/GVC-RT/experiments/gvcrt_neural_wrapper_v6_2_objective_calibration/bitstreams/fullqp/schedule_s2p0/step_2000/normal/video_26_qp2.bin,5db31a39402b9a0ef010157c52faf6701c7139af66d0ff86aa0961116af14b39,/Huang_group/zyyz/Projects/GVC-RT/experiments/gvcrt_neural_wrapper_v6_2_objective_calibration/features/fullqp/schedule_s2p0/step_2000/normal/video_26_qp2.npz,e0f8e94d2ec56b19cfef4aad74740710d568e168a011dbfc86ec0b54c565bb85,"{'bridge': 'd4ec467021e4da84e6320ec570cb2bd06cb42731372a163c827bb1e8015d2896', 'generator': '746b779eef7c99cda0d395f6d9fd5658ac8e95dfa85e5676c76f0a70fc8cecfa'}",fullqp_schedule_v1,schedule_s2p0,2000,normal,normal,schedule_s2p0,2,2,26,70d621e7-3f51-41da-869b-77729e10d55e,4f2f6d76cff6533745f1876021aa9426d16e00ab845f0040511b1dc10bb6ad5b,e5829559fe968fea193b025ce83edd181246af9f506863aadf48a7423aaef470,/Huang_group/zyyz/Projects/GVC-RT/experiments/gvcrt_neural_wrapper_v6_2_objective_calibration/branches/schedule_s2p0/checkpoints/step_2000.pt,91d83d8ccc979b42b5a6eb044b8645805dc81f44ded58081814a53d994679b20,/Huang_group/zyyz/Projects/GVC-RT/experiments/gvcrt_neural_wrapper_v6_2_objective_calibration/parts/fullqp/schedule_s2p0/step_2000/normal/video_26_qp2.frames.csv,d5615b967c73cb38c8f98715d8499acce41b11febc69d2d6f69e994e45159c30,/Huang_group/zyyz/Projects/GVC-RT/experiments/gvcrt_neural_wrapper_v6_2_objective_calibration/features/fullqp/schedule_s2p0/step_2000/normal/video_26_qp2.transitions.csv,026a4c44913299e7a2187c080f3ab18406bc195c813402ee8e7e6b638a898578,170152,"[2, 4, 2, 3, 2, 3, 2, 3, 2, 4, 2, 3, 2, 3, 2, 3, 2, 4, 2, 3, 2, 3, 2, 3, 2, 4, 2, 3, 2, 3, 2, 3]",0.12,4,20.088313341140747,0.07707420154474676,0.010340620472561568,0.005629472085274756,Mean absolute RGB horizontal/vertical first-difference change
35382,35382,8845.5,0.004265769675925926,265.365,30.0,32,32,31,0.1534279426559806,0.09019203670322895,26.953834367553732,0.9860777277499437,0.866259079426527,0.14661093969498912,26.953834367553732,"[1920, 1088]","[1920, 1080]",1,False,,0.4445263147354126,0f0c0e2358ceec024230154da4777ed5c444a8382af1ec9d7165f3d7886141cf,0f0c0e2358ceec024230154da4777ed5c444a8382af1ec9d7165f3d7886141cf,f23c218f19cce03866d9bba819882c77f2f9a652c3536fc64fb91b3c472bb469,True,True,True,35382,/Huang_group/zyyz/Projects/GVC-RT/experiments/gvcrt_neural_wrapper_v6_2_objective_calibration/bitstreams/fullqp/schedule_s2p0/step_2000/normal/video_26_qp4.bin,c4b14ef0748846ab07a28d7525704fc3752c4b6f836058e6b71f613fe95fb5a9,/Huang_group/zyyz/Projects/GVC-RT/experiments/gvcrt_neural_wrapper_v6_2_objective_calibration/features/fullqp/schedule_s2p0/step_2000/normal/video_26_qp4.npz,09a5c8625c12e51227912a82d05615d90d7ce92b5f487d8abe624279293098ea,"{'bridge': 'd4ec467021e4da84e6320ec570cb2bd06cb42731372a163c827bb1e8015d2896', 'generator': '746b779eef7c99cda0d395f6d9fd5658ac8e95dfa85e5676c76f0a70fc8cecfa'}",fullqp_schedule_v1,schedule_s2p0,2000,normal,normal,schedule_s2p0,4,4,26,70d621e7-3f51-41da-869b-77729e10d55e,4f2f6d76cff6533745f1876021aa9426d16e00ab845f0040511b1dc10bb6ad5b,e5829559fe968fea193b025ce83edd181246af9f506863aadf48a7423aaef470,/Huang_group/zyyz/Projects/GVC-RT/experiments/gvcrt_neural_wrapper_v6_2_objective_calibration/branches/schedule_s2p0/checkpoints/step_2000.pt,91d83d8ccc979b42b5a6eb044b8645805dc81f44ded58081814a53d994679b20,/Huang_group/zyyz/Projects/GVC-RT/experiments/gvcrt_neural_wrapper_v6_2_objective_calibration/parts/fullqp/schedule_s2p0/step_2000/normal/video_26_qp4.frames.csv,7e2b16a3729e4ffec30e39ac1a25588ad24f8ea2d8d7c2c8e71aa3a3cd86a14f,/Huang_group/zyyz/Projects/GVC-RT/experiments/gvcrt_neural_wrapper_v6_2_objective_calibration/features/fullqp/schedule_s2p0/step_2000/normal/video_26_qp4.transitions.csv,91f3aa4bc9518fb2a9172fe06ac42370fda7f4b9a072f35254d52d9992e81613,283056,"[4, 6, 4, 5, 4, 5, 4, 5, 4, 6, 4, 5, 4, 5, 4, 5, 4, 6, 4, 5, 4, 5, 4, 5, 4, 6, 4, 5, 4, 5, 4, 5]",0.12,4,20.152427911758423,0.07707420154474676,0.010340620472561568,0.005629472085274756,Mean absolute RGB horizontal/vertical first-difference change
55394,55394,13848.5,0.00667848186728395,415.455,30.0,32,32,31,0.13267013942822814,0.08404077403247356,27.597523934556346,0.9879237730056047,0.890775091946125,0.12916687996156753,27.597523934556346,"[1920, 1088]","[1920, 1080]",1,False,,0.4445263147354126,0f0c0e2358ceec024230154da4777ed5c444a8382af1ec9d7165f3d7886141cf,0f0c0e2358ceec024230154da4777ed5c444a8382af1ec9d7165f3d7886141cf,7bace969dc59a7d6834d840a20bd0391a1aaa23470188d10136e442e23f0dc10,True,True,True,55394,/Huang_group/zyyz/Projects/GVC-RT/experiments/gvcrt_neural_wrapper_v6_2_objective_calibration/bitstreams/fullqp/schedule_s2p0/step_2000/normal/video_26_qp6.bin,901ffcd112956d16e1dfbde270e9638c51be412e1b2f0a5b09a41eb1d31ee333,/Huang_group/zyyz/Projects/GVC-RT/experiments/gvcrt_neural_wrapper_v6_2_objective_calibration/features/fullqp/schedule_s2p0/step_2000/normal/video_26_qp6.npz,34a4a7427989c085452099ac1b4f8fc10e370dd267bb75c44c9237e5abf7b512,"{'bridge': 'd4ec467021e4da84e6320ec570cb2bd06cb42731372a163c827bb1e8015d2896', 'generator': '746b779eef7c99cda0d395f6d9fd5658ac8e95dfa85e5676c76f0a70fc8cecfa'}",fullqp_schedule_v1,schedule_s2p0,2000,normal,normal,schedule_s2p0,6,6,26,70d621e7-3f51-41da-869b-77729e10d55e,4f2f6d76cff6533745f1876021aa9426d16e00ab845f0040511b1dc10bb6ad5b,e5829559fe968fea193b025ce83edd181246af9f506863aadf48a7423aaef470,/Huang_group/zyyz/Projects/GVC-RT/experiments/gvcrt_neural_wrapper_v6_2_objective_calibration/branches/schedule_s2p0/checkpoints/step_2000.pt,91d83d8ccc979b42b5a6eb044b8645805dc81f44ded58081814a53d994679b20,/Huang_group/zyyz/Projects/GVC-RT/experiments/gvcrt_neural_wrapper_v6_2_objective_calibration/parts/fullqp/schedule_s2p0/step_2000/normal/video_26_qp6.frames.csv,c02d7ca8a50628fe4425be31fa688aa1240a75cb5b15b65be17d589646880a12,/Huang_group/zyyz/Projects/GVC-RT/experiments/gvcrt_neural_wrapper_v6_2_objective_calibration/features/fullqp/schedule_s2p0/step_2000/normal/video_26_qp6.transitions.csv,499bf0aa2954fc591ce5e2cf88ebe2c64b32144e5916909d2d06a545d16bd342,443152,"[6, 8, 6, 7, 6, 7, 6, 7, 6, 8, 6, 7, 6, 7, 6, 7, 6, 8, 6, 7, 6, 7, 6, 7, 6, 8, 6, 7, 6, 7, 6, 7]",0.12,4,20.333394765853882,0.07707420154474676,0.010340620472561568,0.005629472085274756,Mean absolute RGB horizontal/vertical first-difference change
83887,83887,20971.75,0.010113691165123458,629.1525,30.0,32,32,31,0.1187030365690589,0.07828534208238125,28.08882349848066,0.9891546610742807,0.9078877232968807,0.11505810531877703,28.08882349848066,"[1920, 1088]","[1920, 1080]",1,False,,0.4445263147354126,0f0c0e2358ceec024230154da4777ed5c444a8382af1ec9d7165f3d7886141cf,0f0c0e2358ceec024230154da4777ed5c444a8382af1ec9d7165f3d7886141cf,afb37ab521d5bae8b7cf60d175222525d30da6a7d9589be8afadc557441b6f47,True,True,True,83887,/Huang_group/zyyz/Projects/GVC-RT/experiments/gvcrt_neural_wrapper_v6_2_objective_calibration/bitstreams/fullqp/schedule_s2p0/step_2000/normal/video_26_qp8.bin,832178d99d688b926ee8e0280c0e57a7892e619ecd92b02a6eb7d1be07ce0f3c,/Huang_group/zyyz/Projects/GVC-RT/experiments/gvcrt_neural_wrapper_v6_2_objective_calibration/features/fullqp/schedule_s2p0/step_2000/normal/video_26_qp8.npz,84a3a9ee90ca368cdce13f220c4855bb85c70f5d2c1e10212d9b84d93b96f3c9,"{'bridge': 'd4ec467021e4da84e6320ec570cb2bd06cb42731372a163c827bb1e8015d2896', 'generator': '746b779eef7c99cda0d395f6d9fd5658ac8e95dfa85e5676c76f0a70fc8cecfa'}",fullqp_schedule_v1,schedule_s2p0,2000,normal,normal,schedule_s2p0,8,8,26,70d621e7-3f51-41da-869b-77729e10d55e,4f2f6d76cff6533745f1876021aa9426d16e00ab845f0040511b1dc10bb6ad5b,e5829559fe968fea193b025ce83edd181246af9f506863aadf48a7423aaef470,/Huang_group/zyyz/Projects/GVC-RT/experiments/gvcrt_neural_wrapper_v6_2_objective_calibration/branches/schedule_s2p0/checkpoints/step_2000.pt,91d83d8ccc979b42b5a6eb044b8645805dc81f44ded58081814a53d994679b20,/Huang_group/zyyz/Projects/GVC-RT/experiments/gvcrt_neural_wrapper_v6_2_objective_calibration/parts/fullqp/schedule_s2p0/step_2000/normal/video_26_qp8.frames.csv,ae5c3793b61ddf35449f93baa469dd55677f0b85422ff02303bdae3a7ca596ca,/Huang_group/zyyz/Projects/GVC-RT/experiments/gvcrt_neural_wrapper_v6_2_objective_calibration/features/fullqp/schedule_s2p0/step_2000/normal/video_26_qp8.transitions.csv,da96bdf7b91d50e21635ec757e5e9b1487dec03cbc6d29a838ce8949060260aa,671096,"[8, 10, 8, 9, 8, 9, 8, 9, 8, 10, 8, 9, 8, 9, 8, 9, 8, 10, 8, 9, 8, 9, 8, 9, 8, 10, 8, 9, 8, 9, 8, 9]",0.12,4,20.007527351379395,0.07707420154474676,0.010340620472561568,0.005629472085274756,Mean absolute RGB horizontal/vertical first-difference change
101697,101697,25424.25,0.012260923032407407,762.7275,30.0,32,32,31,0.11445814277976751,0.07598673924803734,28.264264839286145,0.9895642250776291,0.9133463315665722,0.11047331339889957,28.264264839286145,"[1920, 1088]","[1920, 1080]",1,False,,0.4445263147354126,0f0c0e2358ceec024230154da4777ed5c444a8382af1ec9d7165f3d7886141cf,0f0c0e2358ceec024230154da4777ed5c444a8382af1ec9d7165f3d7886141cf,309c5771d4b7e452c4b65155f834dae2413ae31713de867383945078c731f26a,True,True,True,101697,/Huang_group/zyyz/Projects/GVC-RT/experiments/gvcrt_neural_wrapper_v6_2_objective_calibration/bitstreams/fullqp/schedule_s2p0/step_2000/normal/video_26_qp9.bin,a04f419b0b3f5bddd3a66e209d0879e62a4922ad0655e170e233a4cd78089910,/Huang_group/zyyz/Projects/GVC-RT/experiments/gvcrt_neural_wrapper_v6_2_objective_calibration/features/fullqp/schedule_s2p0/step_2000/normal/video_26_qp9.npz,b862aad88637faf158ce546cf79e5e87e4e52dfd1ceea6df92dc36d9c1182706,"{'bridge': 'd4ec467021e4da84e6320ec570cb2bd06cb42731372a163c827bb1e8015d2896', 'generator': '746b779eef7c99cda0d395f6d9fd5658ac8e95dfa85e5676c76f0a70fc8cecfa'}",fullqp_schedule_v1,schedule_s2p0,2000,normal,normal,schedule_s2p0,9,9,26,70d621e7-3f51-41da-869b-77729e10d55e,4f2f6d76cff6533745f1876021aa9426d16e00ab845f0040511b1dc10bb6ad5b,e5829559fe968fea193b025ce83edd181246af9f506863aadf48a7423aaef470,/Huang_group/zyyz/Projects/GVC-RT/experiments/gvcrt_neural_wrapper_v6_2_objective_calibration/branches/schedule_s2p0/checkpoints/step_2000.pt,91d83d8ccc979b42b5a6eb044b8645805dc81f44ded58081814a53d994679b20,/Huang_group/zyyz/Projects/GVC-RT/experiments/gvcrt_neural_wrapper_v6_2_objective_calibration/parts/fullqp/schedule_s2p0/step_2000/normal/video_26_qp9.frames.csv,913bad585c70b17750a6f56a8e2907599f38995fd7b67849f20f7f0d922303da,/Huang_group/zyyz/Projects/GVC-RT/experiments/gvcrt_neural_wrapper_v6_2_objective_calibration/features/fullqp/schedule_s2p0/step_2000/normal/video_26_qp9.transitions.csv,234889b5f8096032d1fb76668968d22c26d38fbae648a85c11ce85b63e802a7a,813576,"[9, 11, 9, 10, 9, 10, 9, 10, 9, 11, 9, 10, 9, 10, 9, 10, 9, 11, 9, 10, 9, 10, 9, 10, 9, 11, 9, 10, 9, 10, 9, 10]",0.12,4,20.25667953491211,0.07707420154474676,0.010340620472561568,0.005629472085274756,Mean absolute RGB horizontal/vertical first-difference change
22228,22228,5557.0,0.002679880401234568,138.925,25.0,32,32,31,0.22565157059580088,0.08931897021830082,23.294378845118466,0.9682802055031061,0.8012853506952524,0.2627987318461941,23.294378845118466,"[1920, 1088]","[1920, 1080]",1,False,,0.4511365592479706,0f0c0e2358ceec024230154da4777ed5c444a8382af1ec9d7165f3d7886141cf,0f0c0e2358ceec024230154da4777ed5c444a8382af1ec9d7165f3d7886141cf,3110bcab0e9c0bdfd5187ceee377b873db8989329055fe82991e5a60d1ad8cc8,True,True,True,22228,/Huang_group/zyyz/Projects/GVC-RT/experiments/gvcrt_neural_wrapper_v6_2_objective_calibration/bitstreams/fullqp/schedule_s2p0/step_2000/normal/video_27_qp0.bin,a48a65d52476c31aaeabe5aa2283da5a11ea365b2639b2b171cd95c5c461237e,/Huang_group/zyyz/Projects/GVC-RT/experiments/gvcrt_neural_wrapper_v6_2_objective_calibration/features/fullqp/schedule_s2p0/step_2000/normal/video_27_qp0.npz,385d631f4c8954366a2581596319a72bc9a252e4e16520c8b43c96904484b92f,"{'bridge': 'd4ec467021e4da84e6320ec570cb2bd06cb42731372a163c827bb1e8015d2896', 'generator': '746b779eef7c99cda0d395f6d9fd5658ac8e95dfa85e5676c76f0a70fc8cecfa'}",fullqp_schedule_v1,schedule_s2p0,2000,normal,normal,schedule_s2p0,0,0,27,b2a52314-44cc-42aa-8efe-2873c93486f0,df0c8b535c1cd4fe249d033a7d9e23b5af235d2b312f15aa37dc087f893a1532,c8662d69a92a3bded5b6cc2dc12a0b70fa3c67d1071df881847e6c64cd334a12,/Huang_group/zyyz/Projects/GVC-RT/experiments/gvcrt_neural_wrapper_v6_2_objective_calibration/branches/schedule_s2p0/checkpoints/step_2000.pt,91d83d8ccc979b42b5a6eb044b8645805dc81f44ded58081814a53d994679b20,/Huang_group/zyyz/Projects/GVC-RT/experiments/gvcrt_neural_wrapper_v6_2_objective_calibration/parts/fullqp/schedule_s2p0/step_2000/normal/video_27_qp0.frames.csv,9727c43c5d9ef0eb1ee748aa4994000fe7f010202499a0b3b8c39a2291f49d6c,/Huang_group/zyyz/Projects/GVC-RT/experiments/gvcrt_neural_wrapper_v6_2_objective_calibration/features/fullqp/schedule_s2p0/step_2000/normal/video_27_qp0.transitions.csv,2cf835655db583497f4aba7e9ea02ae0cb0441e138d272f70397994549caf43a,177824,"[0, 2, 0, 1, 0, 1, 0, 1, 0, 2, 0, 1, 0, 1, 0, 1, 0, 2, 0, 1, 0, 1, 0, 1, 0, 2, 0, 1, 0, 1, 0, 1]",0.12,6,20.551680326461792,0.08309031068347394,0.01038231753045693,0.005998321023071185,Mean absolute RGB horizontal/vertical first-difference change
35742,35742,8935.5,0.004309172453703704,223.3875,25.0,32,32,31,0.17736934125423431,0.07704029232263565,24.546307445047653,0.9759307634085417,0.8525445219129324,0.19890079094517615,24.546307445047653,"[1920, 1088]","[1920, 1080]",1,False,,0.4511365592479706,0f0c0e2358ceec024230154da4777ed5c444a8382af1ec9d7165f3d7886141cf,0f0c0e2358ceec024230154da4777ed5c444a8382af1ec9d7165f3d7886141cf,c19d4b53888f6eb98626f2854b9fe4f63827897d6cdeef9b6f92654ba88299e9,True,True,True,35742,/Huang_group/zyyz/Projects/GVC-RT/experiments/gvcrt_neural_wrapper_v6_2_objective_calibration/bitstreams/fullqp/schedule_s2p0/step_2000/normal/video_27_qp2.bin,16f839dcaf3d25074d28831aa210eedb2a086ee5f0f00b867b238d90b44cf160,/Huang_group/zyyz/Projects/GVC-RT/experiments/gvcrt_neural_wrapper_v6_2_objective_calibration/features/fullqp/schedule_s2p0/step_2000/normal/video_27_qp2.npz,d528740b356c859e9bded7e2a8c9223897aa27e5d0ba680b774dd1bf1ed06104,"{'bridge': 'd4ec467021e4da84e6320ec570cb2bd06cb42731372a163c827bb1e8015d2896', 'generator': '746b779eef7c99cda0d395f6d9fd5658ac8e95dfa85e5676c76f0a70fc8cecfa'}",fullqp_schedule_v1,schedule_s2p0,2000,normal,normal,schedule_s2p0,2,2,27,b2a52314-44cc-42aa-8efe-2873c93486f0,df0c8b535c1cd4fe249d033a7d9e23b5af235d2b312f15aa37dc087f893a1532,c8662d69a92a3bded5b6cc2dc12a0b70fa3c67d1071df881847e6c64cd334a12,/Huang_group/zyyz/Projects/GVC-RT/experiments/gvcrt_neural_wrapper_v6_2_objective_calibration/branches/schedule_s2p0/checkpoints/step_2000.pt,91d83d8ccc979b42b5a6eb044b8645805dc81f44ded58081814a53d994679b20,/Huang_group/zyyz/Projects/GVC-RT/experiments/gvcrt_neural_wrapper_v6_2_objective_calibration/parts/fullqp/schedule_s2p0/step_2000/normal/video_27_qp2.frames.csv,123e34875297533696eb9714441e108069f37534640c7c327b6e51b9f0fa127d,/Huang_group/zyyz/Projects/GVC-RT/experiments/gvcrt_neural_wrapper_v6_2_objective_calibration/features/fullqp/schedule_s2p0/step_2000/normal/video_27_qp2.transitions.csv,047d811fccf31c6a692d4f2dafe6aaa1b32ffc74a04b8c92365bc18fae10ab8e,285936,"[2, 4, 2, 3, 2, 3, 2, 3, 2, 4, 2, 3, 2, 3, 2, 3, 2, 4, 2, 3, 2, 3, 2, 3, 2, 4, 2, 3, 2, 3, 2, 3]",0.12,6,20.41119384765625,0.08309031068347394,0.01038231753045693,0.005998321023071185,Mean absolute RGB horizontal/vertical first-difference change
55369,55369,13842.25,0.006675467785493827,346.05625,25.0,32,32,31,0.1476263632066548,0.06430556625127792,25.504165929727407,0.9805210828781128,0.886300977319479,0.15954965401080348,25.504165929727407,"[1920, 1088]","[1920, 1080]",1,False,,0.4511365592479706,0f0c0e2358ceec024230154da4777ed5c444a8382af1ec9d7165f3d7886141cf,0f0c0e2358ceec024230154da4777ed5c444a8382af1ec9d7165f3d7886141cf,99a1f8a075530b3aed3a88e9a9d7417482c4daefa8e1568c3a324395f73dae0e,True,True,True,55369,/Huang_group/zyyz/Projects/GVC-RT/experiments/gvcrt_neural_wrapper_v6_2_objective_calibration/bitstreams/fullqp/schedule_s2p0/step_2000/normal/video_27_qp4.bin,f29f0e509b30eccdcd17c90e8bb71a8f86046b2a644089611a808681fa2ae21e,/Huang_group/zyyz/Projects/GVC-RT/experiments/gvcrt_neural_wrapper_v6_2_objective_calibration/features/fullqp/schedule_s2p0/step_2000/normal/video_27_qp4.npz,b0d4b49ab3c7b5d6998de38a30532e024e8d154c8933450fdd7ee9b47afac5c2,"{'bridge': 'd4ec467021e4da84e6320ec570cb2bd06cb42731372a163c827bb1e8015d2896', 'generator': '746b779eef7c99cda0d395f6d9fd5658ac8e95dfa85e5676c76f0a70fc8cecfa'}",fullqp_schedule_v1,schedule_s2p0,2000,normal,normal,schedule_s2p0,4,4,27,b2a52314-44cc-42aa-8efe-2873c93486f0,df0c8b535c1cd4fe249d033a7d9e23b5af235d2b312f15aa37dc087f893a1532,c8662d69a92a3bded5b6cc2dc12a0b70fa3c67d1071df881847e6c64cd334a12,/Huang_group/zyyz/Projects/GVC-RT/experiments/gvcrt_neural_wrapper_v6_2_objective_calibration/branches/schedule_s2p0/checkpoints/step_2000.pt,91d83d8ccc979b42b5a6eb044b8645805dc81f44ded58081814a53d994679b20,/Huang_group/zyyz/Projects/GVC-RT/experiments/gvcrt_neural_wrapper_v6_2_objective_calibration/parts/fullqp/schedule_s2p0/step_2000/normal/video_27_qp4.frames.csv,f63223b0db51deefbb3f196b981958e859720626809c4899dca134961af43df9,/Huang_group/zyyz/Projects/GVC-RT/experiments/gvcrt_neural_wrapper_v6_2_objective_calibration/features/fullqp/schedule_s2p0/step_2000/normal/video_27_qp4.transitions.csv,2c4810842eae537c55c6aa50c854a44f687354c4104be22a72b8a2ad292a0a92,442952,"[4, 6, 4, 5, 4, 5, 4, 5, 4, 6, 4, 5, 4, 5, 4, 5, 4, 6, 4, 5, 4, 5, 4, 5, 4, 6, 4, 5, 4, 5, 4, 5]",0.12,6,20.5493106842041,0.08309031068347394,0.01038231753045693,0.005998321023071185,Mean absolute RGB horizontal/vertical first-difference change
80902,80902,20225.5,0.009753809799382717,505.6375,25.0,32,32,31,0.12444551684893668,0.056659841910004616,26.302648437405463,0.9836827870458364,0.9090873654931784,0.13327361523143708,26.302648437405463,"[1920, 1088]","[1920, 1080]",1,False,,0.4511365592479706,0f0c0e2358ceec024230154da4777ed5c444a8382af1ec9d7165f3d7886141cf,0f0c0e2358ceec024230154da4777ed5c444a8382af1ec9d7165f3d7886141cf,fae63818d97f30e00429392f13f5e43e81fba779a1acea0c02b98aaaf6314e68,True,True,True,80902,/Huang_group/zyyz/Projects/GVC-RT/experiments/gvcrt_neural_wrapper_v6_2_objective_calibration/bitstreams/fullqp/schedule_s2p0/step_2000/normal/video_27_qp6.bin,2f91b0d273d125633f6cfa5f17a4ac819b034ba13ad12fff2a11d45d5690c1ff,/Huang_group/zyyz/Projects/GVC-RT/experiments/gvcrt_neural_wrapper_v6_2_objective_calibration/features/fullqp/schedule_s2p0/step_2000/normal/video_27_qp6.npz,6e4a6d30c7d3436a378f135bd8bb6d55ee2ea045c857393a17bb7ff3203e14a8,"{'bridge': 'd4ec467021e4da84e6320ec570cb2bd06cb42731372a163c827bb1e8015d2896', 'generator': '746b779eef7c99cda0d395f6d9fd5658ac8e95dfa85e5676c76f0a70fc8cecfa'}",fullqp_schedule_v1,schedule_s2p0,2000,normal,normal,schedule_s2p0,6,6,27,b2a52314-44cc-42aa-8efe-2873c93486f0,df0c8b535c1cd4fe249d033a7d9e23b5af235d2b312f15aa37dc087f893a1532,c8662d69a92a3bded5b6cc2dc12a0b70fa3c67d1071df881847e6c64cd334a12,/Huang_group/zyyz/Projects/GVC-RT/experiments/gvcrt_neural_wrapper_v6_2_objective_calibration/branches/schedule_s2p0/checkpoints/step_2000.pt,91d83d8ccc979b42b5a6eb044b8645805dc81f44ded58081814a53d994679b20,/Huang_group/zyyz/Projects/GVC-RT/experiments/gvcrt_neural_wrapper_v6_2_objective_calibration/parts/fullqp/schedule_s2p0/step_2000/normal/video_27_qp6.frames.csv,f7f064a0e7199a82946f410638e9e092c996a8c576b91dfbb994180829f730da,/Huang_group/zyyz/Projects/GVC-RT/experiments/gvcrt_neural_wrapper_v6_2_objective_calibration/features/fullqp/schedule_s2p0/step_2000/normal/video_27_qp6.transitions.csv,b612472a1240cfc72f83680c34ecbb733be977138f06dbe3e91ef9bbb2396bde,647216,"[6, 8, 6, 7, 6, 7, 6, 7, 6, 8, 6, 7, 6, 7, 6, 7, 6, 8, 6, 7, 6, 7, 6, 7, 6, 8, 6, 7, 6, 7, 6, 7]",0.12,6,20.223058938980103,0.08309031068347394,0.01038231753045693,0.005998321023071185,Mean absolute RGB horizontal/vertical first-difference change
114706,114706,28676.5,0.013829330632716049,716.9125,25.0,32,32,31,0.10952091263607144,0.052027372643351555,26.901821876030546,0.9857009314000607,0.92341866530478,0.1160109975645619,26.901821876030546,"[1920, 1088]","[1920, 1080]",1,False,,0.4511365592479706,0f0c0e2358ceec024230154da4777ed5c444a8382af1ec9d7165f3d7886141cf,0f0c0e2358ceec024230154da4777ed5c444a8382af1ec9d7165f3d7886141cf,f70f6ed56ba0f56180f5782d503edeb964453d0d3285b7ba18fa89b50e707c9b,True,True,True,114706,/Huang_group/zyyz/Projects/GVC-RT/experiments/gvcrt_neural_wrapper_v6_2_objective_calibration/bitstreams/fullqp/schedule_s2p0/step_2000/normal/video_27_qp8.bin,6e9501399a6c0ed4153bd510b2501eb7c0a88fe4e22eedce02c77f30cc89fe74,/Huang_group/zyyz/Projects/GVC-RT/experiments/gvcrt_neural_wrapper_v6_2_objective_calibration/features/fullqp/schedule_s2p0/step_2000/normal/video_27_qp8.npz,b3a5448c83528c6934f48054cbe503c7f5ac99e043775ff28e81d182887e9fc5,"{'bridge': 'd4ec467021e4da84e6320ec570cb2bd06cb42731372a163c827bb1e8015d2896', 'generator': '746b779eef7c99cda0d395f6d9fd5658ac8e95dfa85e5676c76f0a70fc8cecfa'}",fullqp_schedule_v1,schedule_s2p0,2000,normal,normal,schedule_s2p0,8,8,27,b2a52314-44cc-42aa-8efe-2873c93486f0,df0c8b535c1cd4fe249d033a7d9e23b5af235d2b312f15aa37dc087f893a1532,c8662d69a92a3bded5b6cc2dc12a0b70fa3c67d1071df881847e6c64cd334a12,/Huang_group/zyyz/Projects/GVC-RT/experiments/gvcrt_neural_wrapper_v6_2_objective_calibration/branches/schedule_s2p0/checkpoints/step_2000.pt,91d83d8ccc979b42b5a6eb044b8645805dc81f44ded58081814a53d994679b20,/Huang_group/zyyz/Projects/GVC-RT/experiments/gvcrt_neural_wrapper_v6_2_objective_calibration/parts/fullqp/schedule_s2p0/step_2000/normal/video_27_qp8.frames.csv,5c5e15f1cd2e5d02b3bc404b742f897cb3ca2cdfea86797a56d4f6ae06b0aa79,/Huang_group/zyyz/Projects/GVC-RT/experiments/gvcrt_neural_wrapper_v6_2_objective_calibration/features/fullqp/schedule_s2p0/step_2000/normal/video_27_qp8.transitions.csv,694cbb4deed88c70ac4a221cc3c02992d80d30a8ac637dfdff9ed3fbca7824bb,917648,"[8, 10, 8, 9, 8, 9, 8, 9, 8, 10, 8, 9, 8, 9, 8, 9, 8, 10, 8, 9, 8, 9, 8, 9, 8, 10, 8, 9, 8, 9, 8, 9]",0.12,6,20.35813283920288,0.08309031068347394,0.01038231753045693,0.005998321023071185,Mean absolute RGB horizontal/vertical first-difference change
134217,134217,33554.25,0.016181640625,838.85625,25.0,32,32,31,0.10494432924315333,0.050159674137830734,27.111760928496636,0.9863418694585562,0.9279903583228588,0.11051910610929612,27.111760928496636,"[1920, 1088]","[1920, 1080]",1,False,,0.4511365592479706,0f0c0e2358ceec024230154da4777ed5c444a8382af1ec9d7165f3d7886141cf,0f0c0e2358ceec024230154da4777ed5c444a8382af1ec9d7165f3d7886141cf,cd880fc081233cc05a376b4389dc42bf5f0d124df2671caa0809967ba2db8a2e,True,True,True,134217,/Huang_group/zyyz/Projects/GVC-RT/experiments/gvcrt_neural_wrapper_v6_2_objective_calibration/bitstreams/fullqp/schedule_s2p0/step_2000/normal/video_27_qp9.bin,a674bc19c25e7c203d61b66783688ca9acb408d1aa6f1086de1d7861f6d1d542,/Huang_group/zyyz/Projects/GVC-RT/experiments/gvcrt_neural_wrapper_v6_2_objective_calibration/features/fullqp/schedule_s2p0/step_2000/normal/video_27_qp9.npz,2c0c41e59ec0f8233b2cad0d632a4b3eedd5aa4be04c0122702f39cd747e305c,"{'bridge': 'd4ec467021e4da84e6320ec570cb2bd06cb42731372a163c827bb1e8015d2896', 'generator': '746b779eef7c99cda0d395f6d9fd5658ac8e95dfa85e5676c76f0a70fc8cecfa'}",fullqp_schedule_v1,schedule_s2p0,2000,normal,normal,schedule_s2p0,9,9,27,b2a52314-44cc-42aa-8efe-2873c93486f0,df0c8b535c1cd4fe249d033a7d9e23b5af235d2b312f15aa37dc087f893a1532,c8662d69a92a3bded5b6cc2dc12a0b70fa3c67d1071df881847e6c64cd334a12,/Huang_group/zyyz/Projects/GVC-RT/experiments/gvcrt_neural_wrapper_v6_2_objective_calibration/branches/schedule_s2p0/checkpoints/step_2000.pt,91d83d8ccc979b42b5a6eb044b8645805dc81f44ded58081814a53d994679b20,/Huang_group/zyyz/Projects/GVC-RT/experiments/gvcrt_neural_wrapper_v6_2_objective_calibration/parts/fullqp/schedule_s2p0/step_2000/normal/video_27_qp9.frames.csv,3a99efecd196be6ca311f9e747990578d1fb61304ecf0963bd934d74732bcb12,/Huang_group/zyyz/Projects/GVC-RT/experiments/gvcrt_neural_wrapper_v6_2_objective_calibration/features/fullqp/schedule_s2p0/step_2000/normal/video_27_qp9.transitions.csv,3062847a73ba9c83866923604079bb7ff66d62436757b672762040b988609eff,1073736,"[9, 11, 9, 10, 9, 10, 9, 10, 9, 11, 9, 10, 9, 10, 9, 10, 9, 11, 9, 10, 9, 10, 9, 10, 9, 11, 9, 10, 9, 10, 9, 10]",0.12,6,20.200722694396973,0.08309031068347394,0.01038231753045693,0.005998321023071185,Mean absolute RGB horizontal/vertical first-difference change
17481,17481,4370.25,0.002107566550925926,104.7812187812188,23.976023976023978,32,32,31,0.14611855754628778,0.06457427702844143,22.901317521312635,0.9608892183750868,0.8798379618674517,0.15295403474761593,22.901317521312635,"[1920, 1088]","[1920, 1080]",1,False,,0.4394184947013855,0f0c0e2358ceec024230154da4777ed5c444a8382af1ec9d7165f3d7886141cf,0f0c0e2358ceec024230154da4777ed5c444a8382af1ec9d7165f3d7886141cf,36834e9dbf0f12be7bb1a8bc4ac716841103e5bc732875b7a4eaf02f58af7497,True,True,True,17481,/Huang_group/zyyz/Projects/GVC-RT/experiments/gvcrt_neural_wrapper_v6_2_objective_calibration/bitstreams/fullqp/schedule_s2p0/step_2000/normal/video_28_qp0.bin,1687e24f934c73e720c5b10e05014ef2b72b2b4c924efa582b77fb97eefe9333,/Huang_group/zyyz/Projects/GVC-RT/experiments/gvcrt_neural_wrapper_v6_2_objective_calibration/features/fullqp/schedule_s2p0/step_2000/normal/video_28_qp0.npz,5cde95b63e39b21c98fed4ffa24160ca7b77fc0dda81ed62f55ba1022d0dd7e6,"{'bridge': 'd4ec467021e4da84e6320ec570cb2bd06cb42731372a163c827bb1e8015d2896', 'generator': '746b779eef7c99cda0d395f6d9fd5658ac8e95dfa85e5676c76f0a70fc8cecfa'}",fullqp_schedule_v1,schedule_s2p0,2000,normal,normal,schedule_s2p0,0,0,28,2ce5501a-c931-4b06-86de-559e66b38489,c84dc22314f9acb74cafddcffe5d0cc580907956f07934f89d49433c398a414a,320f4f5b43946f51fe7607c90f3486e95ef47b57bde7b0dcc6439098986e8e79,/Huang_group/zyyz/Projects/GVC-RT/experiments/gvcrt_neural_wrapper_v6_2_objective_calibration/branches/schedule_s2p0/checkpoints/step_2000.pt,91d83d8ccc979b42b5a6eb044b8645805dc81f44ded58081814a53d994679b20,/Huang_group/zyyz/Projects/GVC-RT/experiments/gvcrt_neural_wrapper_v6_2_objective_calibration/parts/fullqp/schedule_s2p0/step_2000/normal/video_28_qp0.frames.csv,019d33a5b164746be7703d33c212763e1fd7619024389239ca5440a5a68b4565,/Huang_group/zyyz/Projects/GVC-RT/experiments/gvcrt_neural_wrapper_v6_2_objective_calibration/features/fullqp/schedule_s2p0/step_2000/normal/video_28_qp0.transitions.csv,08ba9ed3dabec70b27da168d321a4b18c1cda0d5994d8bdd5e17180ab36f0e1a,139848,"[0, 2, 0, 1, 0, 1, 0, 1, 0, 2, 0, 1, 0, 1, 0, 1, 0, 2, 0, 1, 0, 1, 0, 1, 0, 2, 0, 1, 0, 1, 0, 1]",0.12,4,20.326998472213745,0.08745722426101565,0.011760515277273953,0.006110195332439616,Mean absolute RGB horizontal/vertical first-difference change
25221,25221,6305.25,0.0030407262731481483,151.17482517482517,23.976023976023978,32,32,31,0.11618355638347566,0.05244561657309532,24.133466412548913,0.9704152643680573,0.9098111800849438,0.11989251956824333,24.133466412548913,"[1920, 1088]","[1920, 1080]",1,False,,0.4394184947013855,0f0c0e2358ceec024230154da4777ed5c444a8382af1ec9d7165f3d7886141cf,0f0c0e2358ceec024230154da4777ed5c444a8382af1ec9d7165f3d7886141cf,94430e277f0e26aea1a608f038713120fdbf6ed3b02f8e7786b5158edbbaee65,True,True,True,25221,/Huang_group/zyyz/Projects/GVC-RT/experiments/gvcrt_neural_wrapper_v6_2_objective_calibration/bitstreams/fullqp/schedule_s2p0/step_2000/normal/video_28_qp2.bin,3d1370a2f53370471ace5899bf776932aa677c27b88c3454eba5a7bd40dd2168,/Huang_group/zyyz/Projects/GVC-RT/experiments/gvcrt_neural_wrapper_v6_2_objective_calibration/features/fullqp/schedule_s2p0/step_2000/normal/video_28_qp2.npz,be1fe51465fbf664d8b4cddc943d34c19d1bd95b2f849b357c8b61914428be37,"{'bridge': 'd4ec467021e4da84e6320ec570cb2bd06cb42731372a163c827bb1e8015d2896', 'generator': '746b779eef7c99cda0d395f6d9fd5658ac8e95dfa85e5676c76f0a70fc8cecfa'}",fullqp_schedule_v1,schedule_s2p0,2000,normal,normal,schedule_s2p0,2,2,28,2ce5501a-c931-4b06-86de-559e66b38489,c84dc22314f9acb74cafddcffe5d0cc580907956f07934f89d49433c398a414a,320f4f5b43946f51fe7607c90f3486e95ef47b57bde7b0dcc6439098986e8e79,/Huang_group/zyyz/Projects/GVC-RT/experiments/gvcrt_neural_wrapper_v6_2_objective_calibration/branches/schedule_s2p0/checkpoints/step_2000.pt,91d83d8ccc979b42b5a6eb044b8645805dc81f44ded58081814a53d994679b20,/Huang_group/zyyz/Projects/GVC-RT/experiments/gvcrt_neural_wrapper_v6_2_objective_calibration/parts/fullqp/schedule_s2p0/step_2000/normal/video_28_qp2.frames.csv,bf65e0fd2535f66510b18f3009239cec1dda268d785a0aa4c3f08517ab25f33a,/Huang_group/zyyz/Projects/GVC-RT/experiments/gvcrt_neural_wrapper_v6_2_objective_calibration/features/fullqp/schedule_s2p0/step_2000/normal/video_28_qp2.transitions.csv,25187bf1ba6a48f6c54cee2130f8aa685b66facfa7137670f64065cb0e83b761,201768,"[2, 4, 2, 3, 2, 3, 2, 3, 2, 4, 2, 3, 2, 3, 2, 3, 2, 4, 2, 3, 2, 3, 2, 3, 2, 4, 2, 3, 2, 3, 2, 3]",0.12,4,20.375164031982422,0.08745722426101565,0.011760515277273953,0.006110195332439616,Mean absolute RGB horizontal/vertical first-difference change
36511,36511,9127.75,0.004401885609567901,218.84715284715287,23.976023976023978,32,32,31,0.09016832709312439,0.04424917325377464,25.262100019857577,0.9771234896034002,0.930691746994853,0.09342238571374648,25.262100019857577,"[1920, 1088]","[1920, 1080]",1,False,,0.4394184947013855,0f0c0e2358ceec024230154da4777ed5c444a8382af1ec9d7165f3d7886141cf,0f0c0e2358ceec024230154da4777ed5c444a8382af1ec9d7165f3d7886141cf,468561e13a204151b48b1389f2dd58594109f579e5fa235d729fabca0b84ca41,True,True,True,36511,/Huang_group/zyyz/Projects/GVC-RT/experiments/gvcrt_neural_wrapper_v6_2_objective_calibration/bitstreams/fullqp/schedule_s2p0/step_2000/normal/video_28_qp4.bin,6df084622ed6674ed0bf64c9842393f1ff7af41884ba396c675586f39c32b2c2,/Huang_group/zyyz/Projects/GVC-RT/experiments/gvcrt_neural_wrapper_v6_2_objective_calibration/features/fullqp/schedule_s2p0/step_2000/normal/video_28_qp4.npz,98ef1120655d9f4df440a0fdd066c251ee2a908e0e78e6786a27386f2a2c5af1,"{'bridge': 'd4ec467021e4da84e6320ec570cb2bd06cb42731372a163c827bb1e8015d2896', 'generator': '746b779eef7c99cda0d395f6d9fd5658ac8e95dfa85e5676c76f0a70fc8cecfa'}",fullqp_schedule_v1,schedule_s2p0,2000,normal,normal,schedule_s2p0,4,4,28,2ce5501a-c931-4b06-86de-559e66b38489,c84dc22314f9acb74cafddcffe5d0cc580907956f07934f89d49433c398a414a,320f4f5b43946f51fe7607c90f3486e95ef47b57bde7b0dcc6439098986e8e79,/Huang_group/zyyz/Projects/GVC-RT/experiments/gvcrt_neural_wrapper_v6_2_objective_calibration/branches/schedule_s2p0/checkpoints/step_2000.pt,91d83d8ccc979b42b5a6eb044b8645805dc81f44ded58081814a53d994679b20,/Huang_group/zyyz/Projects/GVC-RT/experiments/gvcrt_neural_wrapper_v6_2_objective_calibration/parts/fullqp/schedule_s2p0/step_2000/normal/video_28_qp4.frames.csv,f7996bd015b6a8eeecc006a30ebc605aadd516d72ba5e048abbd0c654c131e84,/Huang_group/zyyz/Projects/GVC-RT/experiments/gvcrt_neural_wrapper_v6_2_objective_calibration/features/fullqp/schedule_s2p0/step_2000/normal/video_28_qp4.transitions.csv,2d0f35c777940e1b9b6810da98bd450866019767bf3c32cb19ce535a5f589fef,292088,"[4, 6, 4, 5, 4, 5, 4, 5, 4, 6, 4, 5, 4, 5, 4, 5, 4, 6, 4, 5, 4, 5, 4, 5, 4, 6, 4, 5, 4, 5, 4, 5]",0.12,4,20.284796714782715,0.08745722426101565,0.011760515277273953,0.006110195332439616,Mean absolute RGB horizontal/vertical first-difference change
52080,52080,13020.0,0.006278935185185185,312.16783216783216,23.976023976023978,32,32,31,0.07401475193910301,0.038060352206230164,26.138765218624513,0.9812791626900434,0.944736011326313,0.07746127800595376,26.138765218624513,"[1920, 1088]","[1920, 1080]",1,False,,0.4394184947013855,0f0c0e2358ceec024230154da4777ed5c444a8382af1ec9d7165f3d7886141cf,0f0c0e2358ceec024230154da4777ed5c444a8382af1ec9d7165f3d7886141cf,03a35b925d5d8028a73fb514aebac581968c9f60adfe04f1d59780f2e729c81c,True,True,True,52080,/Huang_group/zyyz/Projects/GVC-RT/experiments/gvcrt_neural_wrapper_v6_2_objective_calibration/bitstreams/fullqp/schedule_s2p0/step_2000/normal/video_28_qp6.bin,65a955a1d9830e8cff9b2425a2a09dbb60096642a7d05adf9c358e77d43e9052,/Huang_group/zyyz/Projects/GVC-RT/experiments/gvcrt_neural_wrapper_v6_2_objective_calibration/features/fullqp/schedule_s2p0/step_2000/normal/video_28_qp6.npz,e52ab878b8e87e65e9b88a853f4d2f34c3c6e34bcc46ba57be516fe87042e201,"{'bridge': 'd4ec467021e4da84e6320ec570cb2bd06cb42731372a163c827bb1e8015d2896', 'generator': '746b779eef7c99cda0d395f6d9fd5658ac8e95dfa85e5676c76f0a70fc8cecfa'}",fullqp_schedule_v1,schedule_s2p0,2000,normal,normal,schedule_s2p0,6,6,28,2ce5501a-c931-4b06-86de-559e66b38489,c84dc22314f9acb74cafddcffe5d0cc580907956f07934f89d49433c398a414a,320f4f5b43946f51fe7607c90f3486e95ef47b57bde7b0dcc6439098986e8e79,/Huang_group/zyyz/Projects/GVC-RT/experiments/gvcrt_neural_wrapper_v6_2_objective_calibration/branches/schedule_s2p0/checkpoints/step_2000.pt,91d83d8ccc979b42b5a6eb044b8645805dc81f44ded58081814a53d994679b20,/Huang_group/zyyz/Projects/GVC-RT/experiments/gvcrt_neural_wrapper_v6_2_objective_calibration/parts/fullqp/schedule_s2p0/step_2000/normal/video_28_qp6.frames.csv,3a9023f37d814aaa81d66c1cad06b689803fe554ad1dd5a507c739a3ea859d04,/Huang_group/zyyz/Projects/GVC-RT/experiments/gvcrt_neural_wrapper_v6_2_objective_calibration/features/fullqp/schedule_s2p0/step_2000/normal/video_28_qp6.transitions.csv,0ada170e8c4333be242077579b97bd0cfe5af4553e7875356e6fd6714453f535,416640,"[6, 8, 6, 7, 6, 7, 6, 7, 6, 8, 6, 7, 6, 7, 6, 7, 6, 8, 6, 7, 6, 7, 6, 7, 6, 8, 6, 7, 6, 7, 6, 7]",0.12,4,20.290997982025146,0.08745722426101565,0.011760515277273953,0.006110195332439616,Mean absolute RGB horizontal/vertical first-difference change
73660,73660,18415.0,0.008880690586419753,441.51848151848156,23.976023976023978,32,32,31,0.06505898688919842,0.03497688286006451,26.70367495502805,0.9835537914186716,0.9527256246656179,0.06754377003638976,26.70367495502805,"[1920, 1088]","[1920, 1080]",1,False,,0.4394184947013855,0f0c0e2358ceec024230154da4777ed5c444a8382af1ec9d7165f3d7886141cf,0f0c0e2358ceec024230154da4777ed5c444a8382af1ec9d7165f3d7886141cf,3321f499eee97599037045a5fe9e7ecb0281cf35913dcccb2030617c97a52d1e,True,True,True,73660,/Huang_group/zyyz/Projects/GVC-RT/experiments/gvcrt_neural_wrapper_v6_2_objective_calibration/bitstreams/fullqp/schedule_s2p0/step_2000/normal/video_28_qp8.bin,eca9c8e8192d5412fc5356544666e9825078d494101e796d0e65811210426924,/Huang_group/zyyz/Projects/GVC-RT/experiments/gvcrt_neural_wrapper_v6_2_objective_calibration/features/fullqp/schedule_s2p0/step_2000/normal/video_28_qp8.npz,398a2a8defbc01987ae1a630bbc95ac07624cc889e6a6c19147542cdaeabad90,"{'bridge': 'd4ec467021e4da84e6320ec570cb2bd06cb42731372a163c827bb1e8015d2896', 'generator': '746b779eef7c99cda0d395f6d9fd5658ac8e95dfa85e5676c76f0a70fc8cecfa'}",fullqp_schedule_v1,schedule_s2p0,2000,normal,normal,schedule_s2p0,8,8,28,2ce5501a-c931-4b06-86de-559e66b38489,c84dc22314f9acb74cafddcffe5d0cc580907956f07934f89d49433c398a414a,320f4f5b43946f51fe7607c90f3486e95ef47b57bde7b0dcc6439098986e8e79,/Huang_group/zyyz/Projects/GVC-RT/experiments/gvcrt_neural_wrapper_v6_2_objective_calibration/branches/schedule_s2p0/checkpoints/step_2000.pt,91d83d8ccc979b42b5a6eb044b8645805dc81f44ded58081814a53d994679b20,/Huang_group/zyyz/Projects/GVC-RT/experiments/gvcrt_neural_wrapper_v6_2_objective_calibration/parts/fullqp/schedule_s2p0/step_2000/normal/video_28_qp8.frames.csv,a3ead442f5d63b982c0de0feda78845760bfd5b0190dd2acffc47a6bb2315dec,/Huang_group/zyyz/Projects/GVC-RT/experiments/gvcrt_neural_wrapper_v6_2_objective_calibration/features/fullqp/schedule_s2p0/step_2000/normal/video_28_qp8.transitions.csv,4814112f564d19d7c2bff920d0de2f9e56412b7fd91e17b92c7860779b23ef89,589280,"[8, 10, 8, 9, 8, 9, 8, 9, 8, 10, 8, 9, 8, 9, 8, 9, 8, 10, 8, 9, 8, 9, 8, 9, 8, 10, 8, 9, 8, 9, 8, 9]",0.12,4,20.18223261833191,0.08745722426101565,0.011760515277273953,0.006110195332439616,Mean absolute RGB horizontal/vertical first-difference change
85708,85708,21427.0,0.010333236882716049,513.7342657342658,23.976023976023978,32,32,31,0.06273239338770509,0.034449122846126556,26.874450886992562,0.9841891508549452,0.9551835637539625,0.06514812152712576,26.874450886992562,"[1920, 1088]","[1920, 1080]",1,False,,0.4394184947013855,0f0c0e2358ceec024230154da4777ed5c444a8382af1ec9d7165f3d7886141cf,0f0c0e2358ceec024230154da4777ed5c444a8382af1ec9d7165f3d7886141cf,e0ee7cf743ecfc86984ebc4609ee6fbcaec5ca4e8de799440e51cb37ad623959,True,True,True,85708,/Huang_group/zyyz/Projects/GVC-RT/experiments/gvcrt_neural_wrapper_v6_2_objective_calibration/bitstreams/fullqp/schedule_s2p0/step_2000/normal/video_28_qp9.bin,10daeec9756a6a3d6b8bdc5bfaa506d4abbe05dff2baf966ab7ce07136617231,/Huang_group/zyyz/Projects/GVC-RT/experiments/gvcrt_neural_wrapper_v6_2_objective_calibration/features/fullqp/schedule_s2p0/step_2000/normal/video_28_qp9.npz,fbb7540448bec3de24b6a14352ab8404a0e17e4e10b012d2a61c7f7b5688a0b5,"{'bridge': 'd4ec467021e4da84e6320ec570cb2bd06cb42731372a163c827bb1e8015d2896', 'generator': '746b779eef7c99cda0d395f6d9fd5658ac8e95dfa85e5676c76f0a70fc8cecfa'}",fullqp_schedule_v1,schedule_s2p0,2000,normal,normal,schedule_s2p0,9,9,28,2ce5501a-c931-4b06-86de-559e66b38489,c84dc22314f9acb74cafddcffe5d0cc580907956f07934f89d49433c398a414a,320f4f5b43946f51fe7607c90f3486e95ef47b57bde7b0dcc6439098986e8e79,/Huang_group/zyyz/Projects/GVC-RT/experiments/gvcrt_neural_wrapper_v6_2_objective_calibration/branches/schedule_s2p0/checkpoints/step_2000.pt,91d83d8ccc979b42b5a6eb044b8645805dc81f44ded58081814a53d994679b20,/Huang_group/zyyz/Projects/GVC-RT/experiments/gvcrt_neural_wrapper_v6_2_objective_calibration/parts/fullqp/schedule_s2p0/step_2000/normal/video_28_qp9.frames.csv,4d07f3ee3522a18073e14637a9d38c838f3d000b009e997a6d5954bc7e9c44d6,/Huang_group/zyyz/Projects/GVC-RT/experiments/gvcrt_neural_wrapper_v6_2_objective_calibration/features/fullqp/schedule_s2p0/step_2000/normal/video_28_qp9.transitions.csv,21bcc81a304f98c9f9bba2d1446b85112153f7b3b8f2c47b7e0c24dc948d2d97,685664,"[9, 11, 9, 10, 9, 10, 9, 10, 9, 11, 9, 10, 9, 10, 9, 10, 9, 11, 9, 10, 9, 10, 9, 10, 9, 11, 9, 10, 9, 10, 9, 10]",0.12,4,20.29854941368103,0.08745722426101565,0.011760515277273953,0.006110195332439616,Mean absolute RGB horizontal/vertical first-difference change
34467,34467,8616.75,0.004155454282407408,258.2442557442557,29.97002997002997,32,32,31,0.20451281033456326,0.07693022303283215,22.55902715205394,0.9487327467650175,0.845580417662859,0.25150523166502675,22.55902715205394,"[1920, 1088]","[1920, 1080]",1,False,,0.4141448140144348,0f0c0e2358ceec024230154da4777ed5c444a8382af1ec9d7165f3d7886141cf,0f0c0e2358ceec024230154da4777ed5c444a8382af1ec9d7165f3d7886141cf,5c23f7deed4be9f70e4d2184b7b33157682486dd01243e2e7d12e039f5a68565,True,True,True,34467,/Huang_group/zyyz/Projects/GVC-RT/experiments/gvcrt_neural_wrapper_v6_2_objective_calibration/bitstreams/fullqp/schedule_s2p0/step_2000/normal/video_29_qp0.bin,ddebc0f324d91386d82fc1156b90b15d2645e72a3c41328d3ba47eb992241c80,/Huang_group/zyyz/Projects/GVC-RT/experiments/gvcrt_neural_wrapper_v6_2_objective_calibration/features/fullqp/schedule_s2p0/step_2000/normal/video_29_qp0.npz,a97ef2be14bc8b2bf69ff3adeb4c79530ee6789455dddafd0f664b4346edf6e3,"{'bridge': 'd4ec467021e4da84e6320ec570cb2bd06cb42731372a163c827bb1e8015d2896', 'generator': '746b779eef7c99cda0d395f6d9fd5658ac8e95dfa85e5676c76f0a70fc8cecfa'}",fullqp_schedule_v1,schedule_s2p0,2000,normal,normal,schedule_s2p0,0,0,29,c3ca8c4a-e093-4221-831e-3c8498ab1139,297d9a46b3cad9438b06c20dba013cb4b3b0c48b605d31e48a0ebed9a195c1fb,97160b96a9ab8dc866449428e5a69efa185edfd48ebacf8168f21eea15360e41,/Huang_group/zyyz/Projects/GVC-RT/experiments/gvcrt_neural_wrapper_v6_2_objective_calibration/branches/schedule_s2p0/checkpoints/step_2000.pt,91d83d8ccc979b42b5a6eb044b8645805dc81f44ded58081814a53d994679b20,/Huang_group/zyyz/Projects/GVC-RT/experiments/gvcrt_neural_wrapper_v6_2_objective_calibration/parts/fullqp/schedule_s2p0/step_2000/normal/video_29_qp0.frames.csv,7d21fca8aad7081af6f2b790cdf148ae0d6e788c29fe6462fb0ab31617131b22,/Huang_group/zyyz/Projects/GVC-RT/experiments/gvcrt_neural_wrapper_v6_2_objective_calibration/features/fullqp/schedule_s2p0/step_2000/normal/video_29_qp0.transitions.csv,b52cd1466c6bad7a3817e9589410ccb11e463c115703567c282237ad83956788,275736,"[0, 2, 0, 1, 0, 1, 0, 1, 0, 2, 0, 1, 0, 1, 0, 1, 0, 2, 0, 1, 0, 1, 0, 1, 0, 2, 0, 1, 0, 1, 0, 1]",0.12,6,20.8351047039032,0.07591618364676833,0.00878915621433407,0.005311462547979318,Mean absolute RGB horizontal/vertical first-difference change
54589,54589,13647.25,0.006581428433641975,409.0084915084915,29.97002997002997,32,32,31,0.15686407126486301,0.0648813545703888,23.952357535383257,0.9619266912341118,0.8879649769514799,0.18354859323270858,23.952357535383257,"[1920, 1088]","[1920, 1080]",1,False,,0.4141448140144348,0f0c0e2358ceec024230154da4777ed5c444a8382af1ec9d7165f3d7886141cf,0f0c0e2358ceec024230154da4777ed5c444a8382af1ec9d7165f3d7886141cf,f84f3b70fd364c8ee1aee4c2c31d8a4156ee84aa43fe5688dab781573c1e09eb,True,True,True,54589,/Huang_group/zyyz/Projects/GVC-RT/experiments/gvcrt_neural_wrapper_v6_2_objective_calibration/bitstreams/fullqp/schedule_s2p0/step_2000/normal/video_29_qp2.bin,348bcc7360c72ce79a2caf6df3e58d9da65900632c9ac1f0d55b9a2514fc5729,/Huang_group/zyyz/Projects/GVC-RT/experiments/gvcrt_neural_wrapper_v6_2_objective_calibration/features/fullqp/schedule_s2p0/step_2000/normal/video_29_qp2.npz,4e9a156abdd1ae350cb05700cabbcf7e78aa767e12f806f7002b73493169d44a,"{'bridge': 'd4ec467021e4da84e6320ec570cb2bd06cb42731372a163c827bb1e8015d2896', 'generator': '746b779eef7c99cda0d395f6d9fd5658ac8e95dfa85e5676c76f0a70fc8cecfa'}",fullqp_schedule_v1,schedule_s2p0,2000,normal,normal,schedule_s2p0,2,2,29,c3ca8c4a-e093-4221-831e-3c8498ab1139,297d9a46b3cad9438b06c20dba013cb4b3b0c48b605d31e48a0ebed9a195c1fb,97160b96a9ab8dc866449428e5a69efa185edfd48ebacf8168f21eea15360e41,/Huang_group/zyyz/Projects/GVC-RT/experiments/gvcrt_neural_wrapper_v6_2_objective_calibration/branches/schedule_s2p0/checkpoints/step_2000.pt,91d83d8ccc979b42b5a6eb044b8645805dc81f44ded58081814a53d994679b20,/Huang_group/zyyz/Projects/GVC-RT/experiments/gvcrt_neural_wrapper_v6_2_objective_calibration/parts/fullqp/schedule_s2p0/step_2000/normal/video_29_qp2.frames.csv,3b5856589a0bf79de04d6fb109fb2ae9546053e4a6a08ce384b5a6e12a2dc6f6,/Huang_group/zyyz/Projects/GVC-RT/experiments/gvcrt_neural_wrapper_v6_2_objective_calibration/features/fullqp/schedule_s2p0/step_2000/normal/video_29_qp2.transitions.csv,579b01f5b2acde272f7e3c5689551f1e8446ff0140b2d51c0d4500c716ccff5f,436712,"[2, 4, 2, 3, 2, 3, 2, 3, 2, 4, 2, 3, 2, 3, 2, 3, 2, 4, 2, 3, 2, 3, 2, 3, 2, 4, 2, 3, 2, 3, 2, 3]",0.12,6,20.736510038375854,0.07591618364676833,0.00878915621433407,0.005311462547979318,Mean absolute RGB horizontal/vertical first-difference change
82247,82247,20561.75,0.009915967399691358,616.2362637362637,29.97002997002997,32,32,31,0.1246950610075146,0.05537610314786434,25.148186277835293,0.9706464875489473,0.9164917264133692,0.14270096416434935,25.148186277835293,"[1920, 1088]","[1920, 1080]",1,False,,0.4141448140144348,0f0c0e2358ceec024230154da4777ed5c444a8382af1ec9d7165f3d7886141cf,0f0c0e2358ceec024230154da4777ed5c444a8382af1ec9d7165f3d7886141cf,71fa0f42dcea6d696471b8cedfb51b33695d6db4eedf2ad97ccc36ef6c1592d0,True,True,True,82247,/Huang_group/zyyz/Projects/GVC-RT/experiments/gvcrt_neural_wrapper_v6_2_objective_calibration/bitstreams/fullqp/schedule_s2p0/step_2000/normal/video_29_qp4.bin,e387472dfe9e24dfd2a85a7b87b3a51f7992f8ccc90b14e6be9cb0d7b8449451,/Huang_group/zyyz/Projects/GVC-RT/experiments/gvcrt_neural_wrapper_v6_2_objective_calibration/features/fullqp/schedule_s2p0/step_2000/normal/video_29_qp4.npz,30d4c0748ed8b829cf5af53f1b854241aaf31106005976dbc54f7c0d5339170e,"{'bridge': 'd4ec467021e4da84e6320ec570cb2bd06cb42731372a163c827bb1e8015d2896', 'generator': '746b779eef7c99cda0d395f6d9fd5658ac8e95dfa85e5676c76f0a70fc8cecfa'}",fullqp_schedule_v1,schedule_s2p0,2000,normal,normal,schedule_s2p0,4,4,29,c3ca8c4a-e093-4221-831e-3c8498ab1139,297d9a46b3cad9438b06c20dba013cb4b3b0c48b605d31e48a0ebed9a195c1fb,97160b96a9ab8dc866449428e5a69efa185edfd48ebacf8168f21eea15360e41,/Huang_group/zyyz/Projects/GVC-RT/experiments/gvcrt_neural_wrapper_v6_2_objective_calibration/branches/schedule_s2p0/checkpoints/step_2000.pt,91d83d8ccc979b42b5a6eb044b8645805dc81f44ded58081814a53d994679b20,/Huang_group/zyyz/Projects/GVC-RT/experiments/gvcrt_neural_wrapper_v6_2_objective_calibration/parts/fullqp/schedule_s2p0/step_2000/normal/video_29_qp4.frames.csv,f744be6981cd3f580b3ab05872375d5de1e2e982f694d3a106ad41347a48f4e5,/Huang_group/zyyz/Projects/GVC-RT/experiments/gvcrt_neural_wrapper_v6_2_objective_calibration/features/fullqp/schedule_s2p0/step_2000/normal/video_29_qp4.transitions.csv,d43674049477ab144beee125b44e9d8c8731288ffaacb3a1abbb16bcec36de21,657976,"[4, 6, 4, 5, 4, 5, 4, 5, 4, 6, 4, 5, 4, 5, 4, 5, 4, 6, 4, 5, 4, 5, 4, 5, 4, 6, 4, 5, 4, 5, 4, 5]",0.12,6,20.242964506149292,0.07591618364676833,0.00878915621433407,0.005311462547979318,Mean absolute RGB horizontal/vertical first-difference change
118826,118826,29706.5,0.014326051311728394,890.3046953046953,29.97002997002997,32,32,31,0.10325648519210517,0.04925326630473137,26.10120006769193,0.9760974682867527,0.9342492949217558,0.1176059258080298,26.10120006769193,"[1920, 1088]","[1920, 1080]",1,False,,0.4141448140144348,0f0c0e2358ceec024230154da4777ed5c444a8382af1ec9d7165f3d7886141cf,0f0c0e2358ceec024230154da4777ed5c444a8382af1ec9d7165f3d7886141cf,426fd7eb2ac33ca249bef7cf5d6416aaa4b8fbb7ef4a344ce42eaf1f53a3bba5,True,True,True,118826,/Huang_group/zyyz/Projects/GVC-RT/experiments/gvcrt_neural_wrapper_v6_2_objective_calibration/bitstreams/fullqp/schedule_s2p0/step_2000/normal/video_29_qp6.bin,b0bb784a3a5e0abfce766a03d65e5b5f50fb7fd3e96cabe00adc82757b691961,/Huang_group/zyyz/Projects/GVC-RT/experiments/gvcrt_neural_wrapper_v6_2_objective_calibration/features/fullqp/schedule_s2p0/step_2000/normal/video_29_qp6.npz,ab766f375b36f3927d33e18a6093539b5ba2d662635b16c7ed95534ca89fe56a,"{'bridge': 'd4ec467021e4da84e6320ec570cb2bd06cb42731372a163c827bb1e8015d2896', 'generator': '746b779eef7c99cda0d395f6d9fd5658ac8e95dfa85e5676c76f0a70fc8cecfa'}",fullqp_schedule_v1,schedule_s2p0,2000,normal,normal,schedule_s2p0,6,6,29,c3ca8c4a-e093-4221-831e-3c8498ab1139,297d9a46b3cad9438b06c20dba013cb4b3b0c48b605d31e48a0ebed9a195c1fb,97160b96a9ab8dc866449428e5a69efa185edfd48ebacf8168f21eea15360e41,/Huang_group/zyyz/Projects/GVC-RT/experiments/gvcrt_neural_wrapper_v6_2_objective_calibration/branches/schedule_s2p0/checkpoints/step_2000.pt,91d83d8ccc979b42b5a6eb044b8645805dc81f44ded58081814a53d994679b20,/Huang_group/zyyz/Projects/GVC-RT/experiments/gvcrt_neural_wrapper_v6_2_objective_calibration/parts/fullqp/schedule_s2p0/step_2000/normal/video_29_qp6.frames.csv,7d4a3e0e7e98c33196be3d66e33a6bf097d1df974c07fe3d5824e70bd1d7e3b7,/Huang_group/zyyz/Projects/GVC-RT/experiments/gvcrt_neural_wrapper_v6_2_objective_calibration/features/fullqp/schedule_s2p0/step_2000/normal/video_29_qp6.transitions.csv,ae7b3f2e0028de4f03b5c041430abddcf7c0e9bca1800497d2b6e9973f948593,950608,"[6, 8, 6, 7, 6, 7, 6, 7, 6, 8, 6, 7, 6, 7, 6, 7, 6, 8, 6, 7, 6, 7, 6, 7, 6, 8, 6, 7, 6, 7, 6, 7]",0.12,6,20.24398708343506,0.07591618364676833,0.00878915621433407,0.005311462547979318,Mean absolute RGB horizontal/vertical first-difference change
166035,166035,41508.75,0.020017722800925924,1244.0184815184814,29.97002997002997,32,32,31,0.09030124498531222,0.04472246393561363,26.798975923258453,0.9794369172304869,0.9453438352793455,0.10186294562393619,26.798975923258453,"[1920, 1088]","[1920, 1080]",1,False,,0.4141448140144348,0f0c0e2358ceec024230154da4777ed5c444a8382af1ec9d7165f3d7886141cf,0f0c0e2358ceec024230154da4777ed5c444a8382af1ec9d7165f3d7886141cf,6918b973c1009f6e5332cf744cf90e8f72c7284f307663c11670c51446eb7791,True,True,True,166035,/Huang_group/zyyz/Projects/GVC-RT/experiments/gvcrt_neural_wrapper_v6_2_objective_calibration/bitstreams/fullqp/schedule_s2p0/step_2000/normal/video_29_qp8.bin,81f49de3003e5e053e57f33c4465a230f4ba76844f9e3c274cf3a9bb6ddab6f9,/Huang_group/zyyz/Projects/GVC-RT/experiments/gvcrt_neural_wrapper_v6_2_objective_calibration/features/fullqp/schedule_s2p0/step_2000/normal/video_29_qp8.npz,e50ac33a6f50adc17129b9ca93fab5991399f83a5dfe6a32878bfee048c39bb5,"{'bridge': 'd4ec467021e4da84e6320ec570cb2bd06cb42731372a163c827bb1e8015d2896', 'generator': '746b779eef7c99cda0d395f6d9fd5658ac8e95dfa85e5676c76f0a70fc8cecfa'}",fullqp_schedule_v1,schedule_s2p0,2000,normal,normal,schedule_s2p0,8,8,29,c3ca8c4a-e093-4221-831e-3c8498ab1139,297d9a46b3cad9438b06c20dba013cb4b3b0c48b605d31e48a0ebed9a195c1fb,97160b96a9ab8dc866449428e5a69efa185edfd48ebacf8168f21eea15360e41,/Huang_group/zyyz/Projects/GVC-RT/experiments/gvcrt_neural_wrapper_v6_2_objective_calibration/branches/schedule_s2p0/checkpoints/step_2000.pt,91d83d8ccc979b42b5a6eb044b8645805dc81f44ded58081814a53d994679b20,/Huang_group/zyyz/Projects/GVC-RT/experiments/gvcrt_neural_wrapper_v6_2_objective_calibration/parts/fullqp/schedule_s2p0/step_2000/normal/video_29_qp8.frames.csv,e789d6fe46839d9e7d634efef0e1984da8278130d286bba487a22413cbb1cfdd,/Huang_group/zyyz/Projects/GVC-RT/experiments/gvcrt_neural_wrapper_v6_2_objective_calibration/features/fullqp/schedule_s2p0/step_2000/normal/video_29_qp8.transitions.csv,c7fc6ce4615f5192d0572d08beaedcfdce6d519efdba6cfed1fec0c854583086,1328280,"[8, 10, 8, 9, 8, 9, 8, 9, 8, 10, 8, 9, 8, 9, 8, 9, 8, 10, 8, 9, 8, 9, 8, 9, 8, 10, 8, 9, 8, 9, 8, 9]",0.12,6,20.319663047790527,0.07591618364676833,0.00878915621433407,0.005311462547979318,Mean absolute RGB horizontal/vertical first-difference change
193514,193514,48378.5,0.023330680941358026,1449.905094905095,29.97002997002997,32,32,31,0.086548394523561,0.0435563325881958,27.054911312911806,0.9805546291172504,0.9490148406475782,0.09722093324507436,27.054911312911806,"[1920, 1088]","[1920, 1080]",1,False,,0.4141448140144348,0f0c0e2358ceec024230154da4777ed5c444a8382af1ec9d7165f3d7886141cf,0f0c0e2358ceec024230154da4777ed5c444a8382af1ec9d7165f3d7886141cf,4c76f6e1cc06baa4ac942a6f1c1af90277d28dd215885e5632c7385f38d1dd2f,True,True,True,193514,/Huang_group/zyyz/Projects/GVC-RT/experiments/gvcrt_neural_wrapper_v6_2_objective_calibration/bitstreams/fullqp/schedule_s2p0/step_2000/normal/video_29_qp9.bin,350a6bdd651c9742a5e2cae759980b73e224193fa501ba93df81162d53d42ad7,/Huang_group/zyyz/Projects/GVC-RT/experiments/gvcrt_neural_wrapper_v6_2_objective_calibration/features/fullqp/schedule_s2p0/step_2000/normal/video_29_qp9.npz,4a81c791c3f5b2fca75c769e30b20ed6c840fd5f39219f8bab1247906e6430e8,"{'bridge': 'd4ec467021e4da84e6320ec570cb2bd06cb42731372a163c827bb1e8015d2896', 'generator': '746b779eef7c99cda0d395f6d9fd5658ac8e95dfa85e5676c76f0a70fc8cecfa'}",fullqp_schedule_v1,schedule_s2p0,2000,normal,normal,schedule_s2p0,9,9,29,c3ca8c4a-e093-4221-831e-3c8498ab1139,297d9a46b3cad9438b06c20dba013cb4b3b0c48b605d31e48a0ebed9a195c1fb,97160b96a9ab8dc866449428e5a69efa185edfd48ebacf8168f21eea15360e41,/Huang_group/zyyz/Projects/GVC-RT/experiments/gvcrt_neural_wrapper_v6_2_objective_calibration/branches/schedule_s2p0/checkpoints/step_2000.pt,91d83d8ccc979b42b5a6eb044b8645805dc81f44ded58081814a53d994679b20,/Huang_group/zyyz/Projects/GVC-RT/experiments/gvcrt_neural_wrapper_v6_2_objective_calibration/parts/fullqp/schedule_s2p0/step_2000/normal/video_29_qp9.frames.csv,1636be7ff5ec9eb18a486fd1fb5e028794accad0439c94a6b334dea47d8b9528,/Huang_group/zyyz/Projects/GVC-RT/experiments/gvcrt_neural_wrapper_v6_2_objective_calibration/features/fullqp/schedule_s2p0/step_2000/normal/video_29_qp9.transitions.csv,f2adbb48b7c9fc59b26565109683ac6f386d0de21a29b4244e5d20fc08ae496d,1548112,"[9, 11, 9, 10, 9, 10, 9, 10, 9, 11, 9, 10, 9, 10, 9, 10, 9, 11, 9, 10, 9, 10, 9, 10, 9, 11, 9, 10, 9, 10, 9, 10]",0.12,6,20.35451078414917,0.07591618364676833,0.00878915621433407,0.005311462547979318,Mean absolute RGB horizontal/vertical first-difference change
16311,16311,4077.75,0.001966507523148148,122.3325,30.0,32,32,31,0.2523496621288359,0.10135781392455101,19.101913859158447,0.9194707069545984,0.7227754462510347,0.287826279959371,19.101913859158447,"[1920, 1088]","[1920, 1080]",1,False,,0.41397029161453247,0f0c0e2358ceec024230154da4777ed5c444a8382af1ec9d7165f3d7886141cf,0f0c0e2358ceec024230154da4777ed5c444a8382af1ec9d7165f3d7886141cf,0156d80690223bfe915cf8632917dce52d2a648de4b5644387e2e0f201c0c91d,True,True,True,16311,/Huang_group/zyyz/Projects/GVC-RT/experiments/gvcrt_neural_wrapper_v6_2_objective_calibration/bitstreams/fullqp/schedule_s2p0/step_2000/normal/video_30_qp0.bin,1b20296d9a032e70dca74ff26142650318ed8112b05f699ae76088c1158dd56a,/Huang_group/zyyz/Projects/GVC-RT/experiments/gvcrt_neural_wrapper_v6_2_objective_calibration/features/fullqp/schedule_s2p0/step_2000/normal/video_30_qp0.npz,48a6b742a7ca071e8b2f0a7fdf6e89fb33648d43ce7f868e52767fe8a4803227,"{'bridge': 'd4ec467021e4da84e6320ec570cb2bd06cb42731372a163c827bb1e8015d2896', 'generator': '746b779eef7c99cda0d395f6d9fd5658ac8e95dfa85e5676c76f0a70fc8cecfa'}",fullqp_schedule_v1,schedule_s2p0,2000,normal,normal,schedule_s2p0,0,0,30,5d8cc47c-8ec7-4611-9090-f866c9a2f750,3b306f8907d83df9db0709d695751345868c6e10a2440e3d0256b6d404fee7f6,ba66dc925b4c2a17015a27a24d471248478f9fa42f3b0b0783981271f5a21592,/Huang_group/zyyz/Projects/GVC-RT/experiments/gvcrt_neural_wrapper_v6_2_objective_calibration/branches/schedule_s2p0/checkpoints/step_2000.pt,91d83d8ccc979b42b5a6eb044b8645805dc81f44ded58081814a53d994679b20,/Huang_group/zyyz/Projects/GVC-RT/experiments/gvcrt_neural_wrapper_v6_2_objective_calibration/parts/fullqp/schedule_s2p0/step_2000/normal/video_30_qp0.frames.csv,2e8e6ad3a98d70d92893d5bbab4e2d1b9e20e83227f10d2a59670ebec139dea9,/Huang_group/zyyz/Projects/GVC-RT/experiments/gvcrt_neural_wrapper_v6_2_objective_calibration/features/fullqp/schedule_s2p0/step_2000/normal/video_30_qp0.transitions.csv,5ace417a70f94969dd3bb526ee0610675344d50705bb96a06a817566372a87b5,130488,"[0, 2, 0, 1, 0, 1, 0, 1, 0, 2, 0, 1, 0, 1, 0, 1, 0, 2, 0, 1, 0, 1, 0, 1, 0, 2, 0, 1, 0, 1, 0, 1]",0.12,4,20.09688663482666,0.10084050777368248,0.015983473625965416,0.012379801948554814,Mean absolute RGB horizontal/vertical first-difference change
25100,25100,6275.0,0.0030261381172839506,188.25,30.0,32,32,31,0.21580792497843504,0.09346440993249416,19.96869786670898,0.9334316961467266,0.7713286262005568,0.253483094515339,19.96869786670898,"[1920, 1088]","[1920, 1080]",1,False,,0.41397029161453247,0f0c0e2358ceec024230154da4777ed5c444a8382af1ec9d7165f3d7886141cf,0f0c0e2358ceec024230154da4777ed5c444a8382af1ec9d7165f3d7886141cf,5c0b27cbf97aad9059e8a4e910ac03c9531b93c8bbab625c3c8735ed7af39f6b,True,True,True,25100,/Huang_group/zyyz/Projects/GVC-RT/experiments/gvcrt_neural_wrapper_v6_2_objective_calibration/bitstreams/fullqp/schedule_s2p0/step_2000/normal/video_30_qp2.bin,e3c372778b93e0f874c34d4448407324a7ff56528170e563c15e8c815c07c86d,/Huang_group/zyyz/Projects/GVC-RT/experiments/gvcrt_neural_wrapper_v6_2_objective_calibration/features/fullqp/schedule_s2p0/step_2000/normal/video_30_qp2.npz,4bb747a7c152b47b61381daab641b71f208bc54f6ee79b45d77f2bc417533807,"{'bridge': 'd4ec467021e4da84e6320ec570cb2bd06cb42731372a163c827bb1e8015d2896', 'generator': '746b779eef7c99cda0d395f6d9fd5658ac8e95dfa85e5676c76f0a70fc8cecfa'}",fullqp_schedule_v1,schedule_s2p0,2000,normal,normal,schedule_s2p0,2,2,30,5d8cc47c-8ec7-4611-9090-f866c9a2f750,3b306f8907d83df9db0709d695751345868c6e10a2440e3d0256b6d404fee7f6,ba66dc925b4c2a17015a27a24d471248478f9fa42f3b0b0783981271f5a21592,/Huang_group/zyyz/Projects/GVC-RT/experiments/gvcrt_neural_wrapper_v6_2_objective_calibration/branches/schedule_s2p0/checkpoints/step_2000.pt,91d83d8ccc979b42b5a6eb044b8645805dc81f44ded58081814a53d994679b20,/Huang_group/zyyz/Projects/GVC-RT/experiments/gvcrt_neural_wrapper_v6_2_objective_calibration/parts/fullqp/schedule_s2p0/step_2000/normal/video_30_qp2.frames.csv,2400528811086a5362ee7ae1a70a3ffdaf23f6e225126016cf223d1335239ac1,/Huang_group/zyyz/Projects/GVC-RT/experiments/gvcrt_neural_wrapper_v6_2_objective_calibration/features/fullqp/schedule_s2p0/step_2000/normal/video_30_qp2.transitions.csv,40eb871007f7f88f26f3b67d0ee73c47baa35a15f8ee5d9e61468eb2cc04f468,200800,"[2, 4, 2, 3, 2, 3, 2, 3, 2, 4, 2, 3, 2, 3, 2, 3, 2, 4, 2, 3, 2, 3, 2, 3, 2, 4, 2, 3, 2, 3, 2, 3]",0.12,4,20.0066921710968,0.10084050777368248,0.015983473625965416,0.012379801948554814,Mean absolute RGB horizontal/vertical first-difference change
40690,40690,10172.5,0.004905719521604938,305.175,30.0,32,32,31,0.18564300471916795,0.08353572152554989,20.60701509316297,0.9422184973955154,0.8048663344234228,0.22399118927217299,20.60701509316297,"[1920, 1088]","[1920, 1080]",1,False,,0.41397029161453247,0f0c0e2358ceec024230154da4777ed5c444a8382af1ec9d7165f3d7886141cf,0f0c0e2358ceec024230154da4777ed5c444a8382af1ec9d7165f3d7886141cf,23e975b2179a81105e4acdab719fe8c475bbd95963d56aff166d91163f4ae593,True,True,True,40690,/Huang_group/zyyz/Projects/GVC-RT/experiments/gvcrt_neural_wrapper_v6_2_objective_calibration/bitstreams/fullqp/schedule_s2p0/step_2000/normal/video_30_qp4.bin,b168cec70c2640e3e414f6901f514d7c3a5e0d13409586d1e61fec41c7f3fb90,/Huang_group/zyyz/Projects/GVC-RT/experiments/gvcrt_neural_wrapper_v6_2_objective_calibration/features/fullqp/schedule_s2p0/step_2000/normal/video_30_qp4.npz,f7b977319671ff865935ac7ced50cc258684d61d21b9101b69907658fd0c46a8,"{'bridge': 'd4ec467021e4da84e6320ec570cb2bd06cb42731372a163c827bb1e8015d2896', 'generator': '746b779eef7c99cda0d395f6d9fd5658ac8e95dfa85e5676c76f0a70fc8cecfa'}",fullqp_schedule_v1,schedule_s2p0,2000,normal,normal,schedule_s2p0,4,4,30,5d8cc47c-8ec7-4611-9090-f866c9a2f750,3b306f8907d83df9db0709d695751345868c6e10a2440e3d0256b6d404fee7f6,ba66dc925b4c2a17015a27a24d471248478f9fa42f3b0b0783981271f5a21592,/Huang_group/zyyz/Projects/GVC-RT/experiments/gvcrt_neural_wrapper_v6_2_objective_calibration/branches/schedule_s2p0/checkpoints/step_2000.pt,91d83d8ccc979b42b5a6eb044b8645805dc81f44ded58081814a53d994679b20,/Huang_group/zyyz/Projects/GVC-RT/experiments/gvcrt_neural_wrapper_v6_2_objective_calibration/parts/fullqp/schedule_s2p0/step_2000/normal/video_30_qp4.frames.csv,4c808940aea2422fb59a4ce1af9c377434155238e1db59d99bdaf58117999e15,/Huang_group/zyyz/Projects/GVC-RT/experiments/gvcrt_neural_wrapper_v6_2_objective_calibration/features/fullqp/schedule_s2p0/step_2000/normal/video_30_qp4.transitions.csv,49245482e69bb7f9aa7a5cd882359b48f4990a39f9be213e930c142d9183962f,325520,"[4, 6, 4, 5, 4, 5, 4, 5, 4, 6, 4, 5, 4, 5, 4, 5, 4, 6, 4, 5, 4, 5, 4, 5, 4, 6, 4, 5, 4, 5, 4, 5]",0.12,4,20.177635431289673,0.10084050777368248,0.015983473625965416,0.012379801948554814,Mean absolute RGB horizontal/vertical first-difference change
62782,62782,15695.5,0.007569203317901235,470.865,30.0,32,32,31,0.16766616702079773,0.07508526928722858,21.019570773801867,0.9474360588937998,0.828308017924428,0.2033998644159686,21.019570773801867,"[1920, 1088]","[1920, 1080]",1,False,,0.41397029161453247,0f0c0e2358ceec024230154da4777ed5c444a8382af1ec9d7165f3d7886141cf,0f0c0e2358ceec024230154da4777ed5c444a8382af1ec9d7165f3d7886141cf,506a683a8939c7d130ac59f9e26d4db83d19a5aa609f8bf332c54e5b14be5941,True,True,True,62782,/Huang_group/zyyz/Projects/GVC-RT/experiments/gvcrt_neural_wrapper_v6_2_objective_calibration/bitstreams/fullqp/schedule_s2p0/step_2000/normal/video_30_qp6.bin,b534733a2bd2ed6dcf68e739eeb9386b7236cb3436e32f04c4bdc346fbcf3398,/Huang_group/zyyz/Projects/GVC-RT/experiments/gvcrt_neural_wrapper_v6_2_objective_calibration/features/fullqp/schedule_s2p0/step_2000/normal/video_30_qp6.npz,670150c2dfd7966b9cf67c06261a4532805b7ea2aecdaab4a95e72090df4af9e,"{'bridge': 'd4ec467021e4da84e6320ec570cb2bd06cb42731372a163c827bb1e8015d2896', 'generator': '746b779eef7c99cda0d395f6d9fd5658ac8e95dfa85e5676c76f0a70fc8cecfa'}",fullqp_schedule_v1,schedule_s2p0,2000,normal,normal,schedule_s2p0,6,6,30,5d8cc47c-8ec7-4611-9090-f866c9a2f750,3b306f8907d83df9db0709d695751345868c6e10a2440e3d0256b6d404fee7f6,ba66dc925b4c2a17015a27a24d471248478f9fa42f3b0b0783981271f5a21592,/Huang_group/zyyz/Projects/GVC-RT/experiments/gvcrt_neural_wrapper_v6_2_objective_calibration/branches/schedule_s2p0/checkpoints/step_2000.pt,91d83d8ccc979b42b5a6eb044b8645805dc81f44ded58081814a53d994679b20,/Huang_group/zyyz/Projects/GVC-RT/experiments/gvcrt_neural_wrapper_v6_2_objective_calibration/parts/fullqp/schedule_s2p0/step_2000/normal/video_30_qp6.frames.csv,fded37e6abcf280936f4922c383e17345790f60385c6bc9aefe7c52a76a97b74,/Huang_group/zyyz/Projects/GVC-RT/experiments/gvcrt_neural_wrapper_v6_2_objective_calibration/features/fullqp/schedule_s2p0/step_2000/normal/video_30_qp6.transitions.csv,fa5f7f525858b078ec0523c5af7325435112f8dc62a384e58e962b7597f182cf,502256,"[6, 8, 6, 7, 6, 7, 6, 7, 6, 8, 6, 7, 6, 7, 6, 7, 6, 8, 6, 7, 6, 7, 6, 7, 6, 8, 6, 7, 6, 7, 6, 7]",0.12,4,20.380276918411255,0.10084050777368248,0.015983473625965416,0.012379801948554814,Mean absolute RGB horizontal/vertical first-difference change
94357,94357,23589.25,0.01137598861882716,707.6775,30.0,32,32,31,0.15589736495167017,0.06749152950942516,21.31731160918325,0.950858386233449,0.8446004800498486,0.1894727176235568,21.31731160918325,"[1920, 1088]","[1920, 1080]",1,False,,0.41397029161453247,0f0c0e2358ceec024230154da4777ed5c444a8382af1ec9d7165f3d7886141cf,0f0c0e2358ceec024230154da4777ed5c444a8382af1ec9d7165f3d7886141cf,497332adf8af1891483947916d0f88e44da487fed3a9c03e54085ac72c7c2f7d,True,True,True,94357,/Huang_group/zyyz/Projects/GVC-RT/experiments/gvcrt_neural_wrapper_v6_2_objective_calibration/bitstreams/fullqp/schedule_s2p0/step_2000/normal/video_30_qp8.bin,77d5ef6c6ec57a4e25038b9e513ac7f517f313b023a23bed5bc6979ccb93471a,/Huang_group/zyyz/Projects/GVC-RT/experiments/gvcrt_neural_wrapper_v6_2_objective_calibration/features/fullqp/schedule_s2p0/step_2000/normal/video_30_qp8.npz,c71c14a4a5c0a52d71a55ef7afa908208ecb6b5c08047e01cb25339545037e59,"{'bridge': 'd4ec467021e4da84e6320ec570cb2bd06cb42731372a163c827bb1e8015d2896', 'generator': '746b779eef7c99cda0d395f6d9fd5658ac8e95dfa85e5676c76f0a70fc8cecfa'}",fullqp_schedule_v1,schedule_s2p0,2000,normal,normal,schedule_s2p0,8,8,30,5d8cc47c-8ec7-4611-9090-f866c9a2f750,3b306f8907d83df9db0709d695751345868c6e10a2440e3d0256b6d404fee7f6,ba66dc925b4c2a17015a27a24d471248478f9fa42f3b0b0783981271f5a21592,/Huang_group/zyyz/Projects/GVC-RT/experiments/gvcrt_neural_wrapper_v6_2_objective_calibration/branches/schedule_s2p0/checkpoints/step_2000.pt,91d83d8ccc979b42b5a6eb044b8645805dc81f44ded58081814a53d994679b20,/Huang_group/zyyz/Projects/GVC-RT/experiments/gvcrt_neural_wrapper_v6_2_objective_calibration/parts/fullqp/schedule_s2p0/step_2000/normal/video_30_qp8.frames.csv,61848e8f1ab1e7b5da7e3b5531dc49c373f2d79d90a43edd81eee31d40ca6684,/Huang_group/zyyz/Projects/GVC-RT/experiments/gvcrt_neural_wrapper_v6_2_objective_calibration/features/fullqp/schedule_s2p0/step_2000/normal/video_30_qp8.transitions.csv,4a00c64eec3bb64ab2aa49af2b6449be67147d04343f4cf2fb56ad1f22f0eefc,754856,"[8, 10, 8, 9, 8, 9, 8, 9, 8, 10, 8, 9, 8, 9, 8, 9, 8, 10, 8, 9, 8, 9, 8, 9, 8, 10, 8, 9, 8, 9, 8, 9]",0.12,4,20.562973260879517,0.10084050777368248,0.015983473625965416,0.012379801948554814,Mean absolute RGB horizontal/vertical first-difference change
114285,114285,28571.25,0.01377857349537037,857.1375,30.0,32,32,31,0.15185626689344645,0.06667789071798325,21.43535405648411,0.9521747622638941,0.8507439754903316,0.18437948774906895,21.43535405648411,"[1920, 1088]","[1920, 1080]",1,False,,0.41397029161453247,0f0c0e2358ceec024230154da4777ed5c444a8382af1ec9d7165f3d7886141cf,0f0c0e2358ceec024230154da4777ed5c444a8382af1ec9d7165f3d7886141cf,ab9194c7a71d03fc2fea86d2a24876d3806c6cbc1a891f254648290b705c11d4,True,True,True,114285,/Huang_group/zyyz/Projects/GVC-RT/experiments/gvcrt_neural_wrapper_v6_2_objective_calibration/bitstreams/fullqp/schedule_s2p0/step_2000/normal/video_30_qp9.bin,8e010646f64cadd3ed9a4a7880f13aa1a9c80d79f68e4ed0c7a1873d77146aac,/Huang_group/zyyz/Projects/GVC-RT/experiments/gvcrt_neural_wrapper_v6_2_objective_calibration/features/fullqp/schedule_s2p0/step_2000/normal/video_30_qp9.npz,0edc7e2babfa198ca8618de612a10617fb8e0c91c46111e0f745888e79250e5b,"{'bridge': 'd4ec467021e4da84e6320ec570cb2bd06cb42731372a163c827bb1e8015d2896', 'generator': '746b779eef7c99cda0d395f6d9fd5658ac8e95dfa85e5676c76f0a70fc8cecfa'}",fullqp_schedule_v1,schedule_s2p0,2000,normal,normal,schedule_s2p0,9,9,30,5d8cc47c-8ec7-4611-9090-f866c9a2f750,3b306f8907d83df9db0709d695751345868c6e10a2440e3d0256b6d404fee7f6,ba66dc925b4c2a17015a27a24d471248478f9fa42f3b0b0783981271f5a21592,/Huang_group/zyyz/Projects/GVC-RT/experiments/gvcrt_neural_wrapper_v6_2_objective_calibration/branches/schedule_s2p0/checkpoints/step_2000.pt,91d83d8ccc979b42b5a6eb044b8645805dc81f44ded58081814a53d994679b20,/Huang_group/zyyz/Projects/GVC-RT/experiments/gvcrt_neural_wrapper_v6_2_objective_calibration/parts/fullqp/schedule_s2p0/step_2000/normal/video_30_qp9.frames.csv,c3e03b8223f331413617849a7d3f05199cbbd1a2a61ff5301301f40a27d0c26a,/Huang_group/zyyz/Projects/GVC-RT/experiments/gvcrt_neural_wrapper_v6_2_objective_calibration/features/fullqp/schedule_s2p0/step_2000/normal/video_30_qp9.transitions.csv,bb1131c4869e4cf21a6572bfdbd96bd1abe12f47d4d2ddf51da51275e99752d3,914280,"[9, 11, 9, 10, 9, 10, 9, 10, 9, 11, 9, 10, 9, 10, 9, 10, 9, 11, 9, 10, 9, 10, 9, 10, 9, 11, 9, 10, 9, 10, 9, 10]",0.12,4,20.56518316268921,0.10084050777368248,0.015983473625965416,0.012379801948554814,Mean absolute RGB horizontal/vertical first-difference change
21317,21317,5329.25,0.0025700472608024692,159.8775,30.0,32,32,31,0.22113883262500167,0.10838918387889862,17.945235292499156,0.8688718620687723,0.7265751417726278,0.2333449980904979,17.945235292499156,"[1920, 1088]","[1920, 1080]",1,False,,0.4481774568557739,0f0c0e2358ceec024230154da4777ed5c444a8382af1ec9d7165f3d7886141cf,0f0c0e2358ceec024230154da4777ed5c444a8382af1ec9d7165f3d7886141cf,02b817d1e9292edb8f0d65ad55cb6fae02c7459b3ad80ffd3b97ac0a5c2a307c,True,True,True,21317,/Huang_group/zyyz/Projects/GVC-RT/experiments/gvcrt_neural_wrapper_v6_2_objective_calibration/bitstreams/fullqp/schedule_s2p0/step_2000/normal/video_31_qp0.bin,bfd114bcc8a0127054e71411ec851be92fd6abd6449e79a8246dc7ee2a26a8af,/Huang_group/zyyz/Projects/GVC-RT/experiments/gvcrt_neural_wrapper_v6_2_objective_calibration/features/fullqp/schedule_s2p0/step_2000/normal/video_31_qp0.npz,3a9deb96b92c8de2377e8796c42d9f62531d5fbcab462810cfcbe11daa2ee67f,"{'bridge': 'd4ec467021e4da84e6320ec570cb2bd06cb42731372a163c827bb1e8015d2896', 'generator': '746b779eef7c99cda0d395f6d9fd5658ac8e95dfa85e5676c76f0a70fc8cecfa'}",fullqp_schedule_v1,schedule_s2p0,2000,normal,normal,schedule_s2p0,0,0,31,9f01f934-5735-45e6-b5b5-22cd5ab8ae18,4e21ff8ca8a4ae37342a1c6ec0c4978be4813f18f46e6fbecc1277550807d229,1f2ba70daf147475e181bd5f31ffbb6682b91df29d98e6add8a3a9688ce7fee3,/Huang_group/zyyz/Projects/GVC-RT/experiments/gvcrt_neural_wrapper_v6_2_objective_calibration/branches/schedule_s2p0/checkpoints/step_2000.pt,91d83d8ccc979b42b5a6eb044b8645805dc81f44ded58081814a53d994679b20,/Huang_group/zyyz/Projects/GVC-RT/experiments/gvcrt_neural_wrapper_v6_2_objective_calibration/parts/fullqp/schedule_s2p0/step_2000/normal/video_31_qp0.frames.csv,f62e4c0250e33d7f4e7ff0450fa7d785d3e22ae1c8e1a43433408344c4ec624f,/Huang_group/zyyz/Projects/GVC-RT/experiments/gvcrt_neural_wrapper_v6_2_objective_calibration/features/fullqp/schedule_s2p0/step_2000/normal/video_31_qp0.transitions.csv,ddad777880181592e0a2864fc1485e6fc21c1125ba5ce68852fe87391e723119,170536,"[0, 2, 0, 1, 0, 1, 0, 1, 0, 2, 0, 1, 0, 1, 0, 1, 0, 2, 0, 1, 0, 1, 0, 1, 0, 2, 0, 1, 0, 1, 0, 1]",0.12,6,20.211403369903564,0.08815141045488417,0.012011268874630332,0.015747877478133887,Mean absolute RGB horizontal/vertical first-difference change
33087,33087,8271.75,0.003989076967592592,248.1525,30.0,32,32,31,0.18224243074655533,0.08986641094088554,19.055700348846194,0.8967842608690262,0.7877154536545277,0.1912226249133387,19.055700348846194,"[1920, 1088]","[1920, 1080]",1,False,,0.4481774568557739,0f0c0e2358ceec024230154da4777ed5c444a8382af1ec9d7165f3d7886141cf,0f0c0e2358ceec024230154da4777ed5c444a8382af1ec9d7165f3d7886141cf,581a4d46290bb8413c5e42e20446ff63f82f10e98b8d0e531e1d65a755a1c3b2,True,True,True,33087,/Huang_group/zyyz/Projects/GVC-RT/experiments/gvcrt_neural_wrapper_v6_2_objective_calibration/bitstreams/fullqp/schedule_s2p0/step_2000/normal/video_31_qp2.bin,b6970fddb3613c4d4188eb6fb5ab084599ef06f62f373b4ee2c82c744e93da35,/Huang_group/zyyz/Projects/GVC-RT/experiments/gvcrt_neural_wrapper_v6_2_objective_calibration/features/fullqp/schedule_s2p0/step_2000/normal/video_31_qp2.npz,13ec349447878488bf451745f76cc97a37a7581edce2ac97449756bff3e679e2,"{'bridge': 'd4ec467021e4da84e6320ec570cb2bd06cb42731372a163c827bb1e8015d2896', 'generator': '746b779eef7c99cda0d395f6d9fd5658ac8e95dfa85e5676c76f0a70fc8cecfa'}",fullqp_schedule_v1,schedule_s2p0,2000,normal,normal,schedule_s2p0,2,2,31,9f01f934-5735-45e6-b5b5-22cd5ab8ae18,4e21ff8ca8a4ae37342a1c6ec0c4978be4813f18f46e6fbecc1277550807d229,1f2ba70daf147475e181bd5f31ffbb6682b91df29d98e6add8a3a9688ce7fee3,/Huang_group/zyyz/Projects/GVC-RT/experiments/gvcrt_neural_wrapper_v6_2_objective_calibration/branches/schedule_s2p0/checkpoints/step_2000.pt,91d83d8ccc979b42b5a6eb044b8645805dc81f44ded58081814a53d994679b20,/Huang_group/zyyz/Projects/GVC-RT/experiments/gvcrt_neural_wrapper_v6_2_objective_calibration/parts/fullqp/schedule_s2p0/step_2000/normal/video_31_qp2.frames.csv,3b5cdaf62bda61d41e4e26b0404776f3f4daad9facdfcdb444d68c119223ef8c,/Huang_group/zyyz/Projects/GVC-RT/experiments/gvcrt_neural_wrapper_v6_2_objective_calibration/features/fullqp/schedule_s2p0/step_2000/normal/video_31_qp2.transitions.csv,c1c3f36ee0691ac88627df68b6e8d2d4024f11a53a26dd5be08e5b30579209df,264696,"[2, 4, 2, 3, 2, 3, 2, 3, 2, 4, 2, 3, 2, 3, 2, 3, 2, 4, 2, 3, 2, 3, 2, 3, 2, 4, 2, 3, 2, 3, 2, 3]",0.12,6,20.528088569641113,0.08815141045488417,0.012011268874630332,0.015747877478133887,Mean absolute RGB horizontal/vertical first-difference change
53425,53425,13356.25,0.006441092785493827,400.6875,30.0,32,32,31,0.15085736569017172,0.07792407646775246,20.011407932121404,0.9159835129976273,0.8340414855629206,0.1579230720958402,20.011407932121404,"[1920, 1088]","[1920, 1080]",1,False,,0.4481774568557739,0f0c0e2358ceec024230154da4777ed5c444a8382af1ec9d7165f3d7886141cf,0f0c0e2358ceec024230154da4777ed5c444a8382af1ec9d7165f3d7886141cf,921764b451bc65112c9132ddea3fa17239ac0a6468cde3b04f5d3ec00bead3dd,True,True,True,53425,/Huang_group/zyyz/Projects/GVC-RT/experiments/gvcrt_neural_wrapper_v6_2_objective_calibration/bitstreams/fullqp/schedule_s2p0/step_2000/normal/video_31_qp4.bin,a2f87999fbe125d9ed03c672883a806d8f8b4a812cd3e8a4c623083d5699e887,/Huang_group/zyyz/Projects/GVC-RT/experiments/gvcrt_neural_wrapper_v6_2_objective_calibration/features/fullqp/schedule_s2p0/step_2000/normal/video_31_qp4.npz,a0c08015c9919f1b2e0ab11db9884cb67b38d9cd993ca67458fd50687ac1c649,"{'bridge': 'd4ec467021e4da84e6320ec570cb2bd06cb42731372a163c827bb1e8015d2896', 'generator': '746b779eef7c99cda0d395f6d9fd5658ac8e95dfa85e5676c76f0a70fc8cecfa'}",fullqp_schedule_v1,schedule_s2p0,2000,normal,normal,schedule_s2p0,4,4,31,9f01f934-5735-45e6-b5b5-22cd5ab8ae18,4e21ff8ca8a4ae37342a1c6ec0c4978be4813f18f46e6fbecc1277550807d229,1f2ba70daf147475e181bd5f31ffbb6682b91df29d98e6add8a3a9688ce7fee3,/Huang_group/zyyz/Projects/GVC-RT/experiments/gvcrt_neural_wrapper_v6_2_objective_calibration/branches/schedule_s2p0/checkpoints/step_2000.pt,91d83d8ccc979b42b5a6eb044b8645805dc81f44ded58081814a53d994679b20,/Huang_group/zyyz/Projects/GVC-RT/experiments/gvcrt_neural_wrapper_v6_2_objective_calibration/parts/fullqp/schedule_s2p0/step_2000/normal/video_31_qp4.frames.csv,801b5f06bf1d5f66c8fb4d8e87dc4655b0f737fe28e016038c121ab15f15a1a9,/Huang_group/zyyz/Projects/GVC-RT/experiments/gvcrt_neural_wrapper_v6_2_objective_calibration/features/fullqp/schedule_s2p0/step_2000/normal/video_31_qp4.transitions.csv,500a69472bd9bc072f2f89220994b789851d5353bd35d6448e666e1b9a9f5ab8,427400,"[4, 6, 4, 5, 4, 5, 4, 5, 4, 6, 4, 5, 4, 5, 4, 5, 4, 6, 4, 5, 4, 5, 4, 5, 4, 6, 4, 5, 4, 5, 4, 5]",0.12,6,20.20011329650879,0.08815141045488417,0.012011268874630332,0.015747877478133887,Mean absolute RGB horizontal/vertical first-difference change
82363,82363,20590.75,0.00992995273919753,617.7225,30.0,32,32,31,0.1300867113750428,0.06984966062009335,20.725241565426185,0.9279558006674051,0.8627454861998558,0.13820447940980235,20.725241565426185,"[1920, 1088]","[1920, 1080]",1,False,,0.4481774568557739,0f0c0e2358ceec024230154da4777ed5c444a8382af1ec9d7165f3d7886141cf,0f0c0e2358ceec024230154da4777ed5c444a8382af1ec9d7165f3d7886141cf,f2b820acada9d4a100448d5ee417f219c2d9fcc2f2b05d4d4f731a0f577de89e,True,True,True,82363,/Huang_group/zyyz/Projects/GVC-RT/experiments/gvcrt_neural_wrapper_v6_2_objective_calibration/bitstreams/fullqp/schedule_s2p0/step_2000/normal/video_31_qp6.bin,1a9424ab6958d8af0c07c1f25e5deeb1fd662befdf7ef669c1823956fb9d202a,/Huang_group/zyyz/Projects/GVC-RT/experiments/gvcrt_neural_wrapper_v6_2_objective_calibration/features/fullqp/schedule_s2p0/step_2000/normal/video_31_qp6.npz,5d7800c29ea25c54eca65b2f2053bb517eb58d1296e2080d8c6c19b9c5f32bd2,"{'bridge': 'd4ec467021e4da84e6320ec570cb2bd06cb42731372a163c827bb1e8015d2896', 'generator': '746b779eef7c99cda0d395f6d9fd5658ac8e95dfa85e5676c76f0a70fc8cecfa'}",fullqp_schedule_v1,schedule_s2p0,2000,normal,normal,schedule_s2p0,6,6,31,9f01f934-5735-45e6-b5b5-22cd5ab8ae18,4e21ff8ca8a4ae37342a1c6ec0c4978be4813f18f46e6fbecc1277550807d229,1f2ba70daf147475e181bd5f31ffbb6682b91df29d98e6add8a3a9688ce7fee3,/Huang_group/zyyz/Projects/GVC-RT/experiments/gvcrt_neural_wrapper_v6_2_objective_calibration/branches/schedule_s2p0/checkpoints/step_2000.pt,91d83d8ccc979b42b5a6eb044b8645805dc81f44ded58081814a53d994679b20,/Huang_group/zyyz/Projects/GVC-RT/experiments/gvcrt_neural_wrapper_v6_2_objective_calibration/parts/fullqp/schedule_s2p0/step_2000/normal/video_31_qp6.frames.csv,da09a67e8771f5a05dad83ea63d672f92c904d2d78e168afcb46a2136f784838,/Huang_group/zyyz/Projects/GVC-RT/experiments/gvcrt_neural_wrapper_v6_2_objective_calibration/features/fullqp/schedule_s2p0/step_2000/normal/video_31_qp6.transitions.csv,8dc58072029218a3fe4cef33fed1326ac8a7342e3778c66525a239a34da0c0fc,658904,"[6, 8, 6, 7, 6, 7, 6, 7, 6, 8, 6, 7, 6, 7, 6, 7, 6, 8, 6, 7, 6, 7, 6, 7, 6, 8, 6, 7, 6, 7, 6, 7]",0.12,6,20.124241590499878,0.08815141045488417,0.012011268874630332,0.015747877478133887,Mean absolute RGB horizontal/vertical first-difference change
121087,121087,30271.75,0.01459864486882716,908.1525,30.0,32,32,31,0.11783917504362762,0.06570909544825554,21.208849585733986,0.9351326040923595,0.880086300894618,0.12656149147979676,21.208849585733986,"[1920, 1088]","[1920, 1080]",1,False,,0.4481774568557739,0f0c0e2358ceec024230154da4777ed5c444a8382af1ec9d7165f3d7886141cf,0f0c0e2358ceec024230154da4777ed5c444a8382af1ec9d7165f3d7886141cf,41af56e275c288b4ffbe29c4a799f94f38e3a4d14cc64af754d389deadd1ca2b,True,True,True,121087,/Huang_group/zyyz/Projects/GVC-RT/experiments/gvcrt_neural_wrapper_v6_2_objective_calibration/bitstreams/fullqp/schedule_s2p0/step_2000/normal/video_31_qp8.bin,51d8128671c5368cae5cbe52195c46a1de348376115c2e616f4d3e2ee04674c4,/Huang_group/zyyz/Projects/GVC-RT/experiments/gvcrt_neural_wrapper_v6_2_objective_calibration/features/fullqp/schedule_s2p0/step_2000/normal/video_31_qp8.npz,5ae80beb1dc5474f707f6584104385c556c5d1dc8811e1fc0c711c4c875c8f50,"{'bridge': 'd4ec467021e4da84e6320ec570cb2bd06cb42731372a163c827bb1e8015d2896', 'generator': '746b779eef7c99cda0d395f6d9fd5658ac8e95dfa85e5676c76f0a70fc8cecfa'}",fullqp_schedule_v1,schedule_s2p0,2000,normal,normal,schedule_s2p0,8,8,31,9f01f934-5735-45e6-b5b5-22cd5ab8ae18,4e21ff8ca8a4ae37342a1c6ec0c4978be4813f18f46e6fbecc1277550807d229,1f2ba70daf147475e181bd5f31ffbb6682b91df29d98e6add8a3a9688ce7fee3,/Huang_group/zyyz/Projects/GVC-RT/experiments/gvcrt_neural_wrapper_v6_2_objective_calibration/branches/schedule_s2p0/checkpoints/step_2000.pt,91d83d8ccc979b42b5a6eb044b8645805dc81f44ded58081814a53d994679b20,/Huang_group/zyyz/Projects/GVC-RT/experiments/gvcrt_neural_wrapper_v6_2_objective_calibration/parts/fullqp/schedule_s2p0/step_2000/normal/video_31_qp8.frames.csv,20f9a1a1429794001dfe78039326c0113cd00e7e0d02392f8a9178981747c00d,/Huang_group/zyyz/Projects/GVC-RT/experiments/gvcrt_neural_wrapper_v6_2_objective_calibration/features/fullqp/schedule_s2p0/step_2000/normal/video_31_qp8.transitions.csv,6a5a73d72a6edfbcc0fd067b69beec8ee81c178b1378f46a1ed0bd6979fef1a5,968696,"[8, 10, 8, 9, 8, 9, 8, 9, 8, 10, 8, 9, 8, 9, 8, 9, 8, 10, 8, 9, 8, 9, 8, 9, 8, 10, 8, 9, 8, 9, 8, 9]",0.12,6,21.0012948513031,0.08815141045488417,0.012011268874630332,0.015747877478133887,Mean absolute RGB horizontal/vertical first-difference change
145718,145718,36429.5,0.017568238811728396,1092.885,30.0,32,32,31,0.11353360023349524,0.06423669680953026,21.392459773490486,0.9376380182802677,0.8858836069703102,0.12224084835860037,21.392459773490486,"[1920, 1088]","[1920, 1080]",1,False,,0.4481774568557739,0f0c0e2358ceec024230154da4777ed5c444a8382af1ec9d7165f3d7886141cf,0f0c0e2358ceec024230154da4777ed5c444a8382af1ec9d7165f3d7886141cf,dad95440b280a9eb951638cff3a7ec85e53c90071e9ee716d8a200ff7072af72,True,True,True,145718,/Huang_group/zyyz/Projects/GVC-RT/experiments/gvcrt_neural_wrapper_v6_2_objective_calibration/bitstreams/fullqp/schedule_s2p0/step_2000/normal/video_31_qp9.bin,0684e82cad1da702098599ef15ad9c35ae5735c33d4e8d9baee43e290364ad29,/Huang_group/zyyz/Projects/GVC-RT/experiments/gvcrt_neural_wrapper_v6_2_objective_calibration/features/fullqp/schedule_s2p0/step_2000/normal/video_31_qp9.npz,25ace27f854863f98c21085362d91de74dcb8eaf9a98a2151699fca03d1dc8dc,"{'bridge': 'd4ec467021e4da84e6320ec570cb2bd06cb42731372a163c827bb1e8015d2896', 'generator': '746b779eef7c99cda0d395f6d9fd5658ac8e95dfa85e5676c76f0a70fc8cecfa'}",fullqp_schedule_v1,schedule_s2p0,2000,normal,normal,schedule_s2p0,9,9,31,9f01f934-5735-45e6-b5b5-22cd5ab8ae18,4e21ff8ca8a4ae37342a1c6ec0c4978be4813f18f46e6fbecc1277550807d229,1f2ba70daf147475e181bd5f31ffbb6682b91df29d98e6add8a3a9688ce7fee3,/Huang_group/zyyz/Projects/GVC-RT/experiments/gvcrt_neural_wrapper_v6_2_objective_calibration/branches/schedule_s2p0/checkpoints/step_2000.pt,91d83d8ccc979b42b5a6eb044b8645805dc81f44ded58081814a53d994679b20,/Huang_group/zyyz/Projects/GVC-RT/experiments/gvcrt_neural_wrapper_v6_2_objective_calibration/parts/fullqp/schedule_s2p0/step_2000/normal/video_31_qp9.frames.csv,ed43eb69ddce39bab62f25fdc2dd1ae48117ca99d556ea55fe5c7a474b633117,/Huang_group/zyyz/Projects/GVC-RT/experiments/gvcrt_neural_wrapper_v6_2_objective_calibration/features/fullqp/schedule_s2p0/step_2000/normal/video_31_qp9.transitions.csv,aaa9e4c4c32a8b9149241aa8303f3ac9534bc3daefd024ac43fca9c5ad94bb4a,1165744,"[9, 11, 9, 10, 9, 10, 9, 10, 9, 11, 9, 10, 9, 10, 9, 10, 9, 11, 9, 10, 9, 10, 9, 10, 9, 11, 9, 10, 9, 10, 9, 10]",0.12,6,20.60130286216736,0.08815141045488417,0.012011268874630332,0.015747877478133887,Mean absolute RGB horizontal/vertical first-difference change
