dataset,video,video_id,qp,trajectory,frame,actual_qp,actual_bytes,MSE,PSNR,MS_SSIM,LPIPS,DISTS
fresh_ulong,fee5d9ad-e77d-44cd-b576-d588d7a0ce9d,0,1,baseline,0,1,5099,0.009795771911740303,20.089613356977736,0.9629908800125122,0.22526639699935913,0.06786137819290161
fresh_ulong,fee5d9ad-e77d-44cd-b576-d588d7a0ce9d,0,1,baseline,1,3,5796,0.006142152938991785,22.116793738692998,0.974795401096344,0.17551560699939728,0.0611228346824646
fresh_ulong,fee5d9ad-e77d-44cd-b576-d588d7a0ce9d,0,1,baseline,2,1,1256,0.005949847865849733,22.254941387868556,0.9745972156524658,0.16906464099884033,0.057341575622558594
fresh_ulong,fee5d9ad-e77d-44cd-b576-d588d7a0ce9d,0,1,baseline,3,2,932,0.006025309208780527,22.200206609155224,0.9730909466743469,0.17123544216156006,0.057445228099823
fresh_ulong,fee5d9ad-e77d-44cd-b576-d588d7a0ce9d,0,1,baseline,4,1,1422,0.00581813370808959,22.352163023364255,0.9714444279670715,0.17919132113456726,0.057444870471954346
fresh_ulong,fee5d9ad-e77d-44cd-b576-d588d7a0ce9d,0,1,baseline,5,2,1405,0.005598277784883976,22.519455557717592,0.970104992389679,0.18050014972686768,0.05904090404510498
fresh_ulong,fee5d9ad-e77d-44cd-b576-d588d7a0ce9d,0,1,baseline,6,1,1166,0.005648292601108551,22.480828134160046,0.9669815897941589,0.18450647592544556,0.059800028800964355
fresh_ulong,fee5d9ad-e77d-44cd-b576-d588d7a0ce9d,0,1,baseline,7,2,953,0.0054695517756044865,22.620482622145698,0.9651564359664917,0.18883861601352692,0.0615006685256958
fresh_ulong,fee5d9ad-e77d-44cd-b576-d588d7a0ce9d,0,1,baseline,8,1,490,0.0056851408444345,22.452587715737813,0.9606779217720032,0.20224282145500183,0.06589102745056152
fresh_ulong,fee5d9ad-e77d-44cd-b576-d588d7a0ce9d,0,1,baseline,9,3,1155,0.0055651580914855,22.54522493991523,0.9578330516815186,0.20724405348300934,0.0664823055267334
fresh_ulong,fee5d9ad-e77d-44cd-b576-d588d7a0ce9d,0,1,baseline,10,1,617,0.005595530848950148,22.521587055907666,0.9536473751068115,0.21615630388259888,0.07201218605041504
fresh_ulong,fee5d9ad-e77d-44cd-b576-d588d7a0ce9d,0,1,baseline,11,2,387,0.005790832918137312,22.372589655065845,0.9482494592666626,0.22306475043296814,0.0727837085723877
fresh_ulong,fee5d9ad-e77d-44cd-b576-d588d7a0ce9d,0,1,baseline,12,1,995,0.005596762988716364,22.520630841727936,0.9461625218391418,0.23224490880966187,0.0769658088684082
fresh_ulong,fee5d9ad-e77d-44cd-b576-d588d7a0ce9d,0,1,baseline,13,2,625,0.005747426766902208,22.405265537573158,0.9409447312355042,0.24308739602565765,0.07769840955734253
fresh_ulong,fee5d9ad-e77d-44cd-b576-d588d7a0ce9d,0,1,baseline,14,1,1178,0.005229845643043518,22.815111289842957,0.9427881240844727,0.24291962385177612,0.08030688762664795
fresh_ulong,fee5d9ad-e77d-44cd-b576-d588d7a0ce9d,0,1,baseline,15,2,843,0.0050517236813902855,22.96560412457435,0.9422848224639893,0.24275556206703186,0.08065676689147949
fresh_ulong,fee5d9ad-e77d-44cd-b576-d588d7a0ce9d,0,1,baseline,16,1,1164,0.004604509565979242,23.36816620436005,0.9464746117591858,0.2469002902507782,0.083920419216156
fresh_ulong,fee5d9ad-e77d-44cd-b576-d588d7a0ce9d,0,1,baseline,17,3,2005,0.003903056262061,24.085951883737543,0.9543988108634949,0.22810466587543488,0.07780414819717407
fresh_ulong,fee5d9ad-e77d-44cd-b576-d588d7a0ce9d,0,1,baseline,18,1,911,0.0036729348357766867,24.349867767224033,0.9577269554138184,0.22655797004699707,0.08060896396636963
fresh_ulong,fee5d9ad-e77d-44cd-b576-d588d7a0ce9d,0,1,baseline,19,2,560,0.0037994468584656715,24.202796254363122,0.9573813080787659,0.23097504675388336,0.0838736891746521
fresh_ulong,fee5d9ad-e77d-44cd-b576-d588d7a0ce9d,0,1,baseline,20,1,1379,0.0036419271491467953,24.386687458118253,0.9615498781204224,0.2357644885778427,0.09052681922912598
fresh_ulong,fee5d9ad-e77d-44cd-b576-d588d7a0ce9d,0,1,baseline,21,2,936,0.0036966472398489714,24.32191990892025,0.9632863402366638,0.2337585985660553,0.08811134099960327
fresh_ulong,fee5d9ad-e77d-44cd-b576-d588d7a0ce9d,0,1,baseline,22,1,1258,0.003294037189334631,24.822715019994025,0.969709038734436,0.2220236361026764,0.09196662902832031
fresh_ulong,fee5d9ad-e77d-44cd-b576-d588d7a0ce9d,0,1,baseline,23,2,951,0.003290111431851983,24.827893928041625,0.9719960689544678,0.21520984172821045,0.09420126676559448
fresh_ulong,fee5d9ad-e77d-44cd-b576-d588d7a0ce9d,0,1,baseline,24,1,1433,0.0030208483804017305,25.19871071882406,0.9772008061408997,0.20939573645591736,0.10023164749145508
fresh_ulong,fee5d9ad-e77d-44cd-b576-d588d7a0ce9d,0,1,baseline,25,3,2359,0.0026269617956131697,25.80546243192245,0.9819613695144653,0.17337122559547424,0.09316623210906982
fresh_ulong,fee5d9ad-e77d-44cd-b576-d588d7a0ce9d,0,1,baseline,26,1,774,0.002677365904673934,25.72292271502092,0.9831609129905701,0.17175421118736267,0.103432297706604
fresh_ulong,fee5d9ad-e77d-44cd-b576-d588d7a0ce9d,0,1,baseline,27,2,630,0.0029260015580803156,25.337254469511375,0.9831013083457947,0.17388850450515747,0.11040914058685303
fresh_ulong,fee5d9ad-e77d-44cd-b576-d588d7a0ce9d,0,1,baseline,28,1,1401,0.0030026535969227552,25.224947675754066,0.984685480594635,0.14139766991138458,0.11549139022827148
fresh_ulong,fee5d9ad-e77d-44cd-b576-d588d7a0ce9d,0,1,baseline,29,2,878,0.003022110555320978,25.196896522777298,0.9852170944213867,0.1289220154285431,0.11199384927749634
fresh_ulong,fee5d9ad-e77d-44cd-b576-d588d7a0ce9d,0,1,baseline,30,1,673,0.0028207094874233007,25.49641640716649,0.9865213632583618,0.12582026422023773,0.10848033428192139
fresh_ulong,fee5d9ad-e77d-44cd-b576-d588d7a0ce9d,0,1,baseline,31,2,390,0.002865533111616969,25.427945688466245,0.9863234758377075,0.12103915959596634,0.10897541046142578
fresh_ulong,fee5d9ad-e77d-44cd-b576-d588d7a0ce9d,0,1,baseline,32,1,708,0.002861930290237069,25.43340948820156,0.9864778518676758,0.11989793926477432,0.1104629635810852
fresh_ulong,fee5d9ad-e77d-44cd-b576-d588d7a0ce9d,0,1,baseline,33,3,872,0.002684213686734438,25.7118291351215,0.9871270060539246,0.11320361495018005,0.10492885112762451
fresh_ulong,fee5d9ad-e77d-44cd-b576-d588d7a0ce9d,0,1,baseline,34,1,512,0.0026629792992025614,25.746322095569436,0.9874109625816345,0.11459259688854218,0.10546261072158813
fresh_ulong,fee5d9ad-e77d-44cd-b576-d588d7a0ce9d,0,1,baseline,35,2,185,0.002770016435533762,25.57517654097846,0.9867553114891052,0.11447754502296448,0.10613143444061279
fresh_ulong,fee5d9ad-e77d-44cd-b576-d588d7a0ce9d,0,1,baseline,36,1,820,0.002833742881193757,25.476395578798602,0.9865540266036987,0.11404365301132202,0.10744386911392212
fresh_ulong,fee5d9ad-e77d-44cd-b576-d588d7a0ce9d,0,1,baseline,37,2,329,0.0027971414383500814,25.53285572834074,0.9864932298660278,0.11137589812278748,0.10582637786865234
fresh_ulong,fee5d9ad-e77d-44cd-b576-d588d7a0ce9d,0,1,baseline,38,1,510,0.0027473964728415012,25.610786636436043,0.9868876338005066,0.11091290414333344,0.10558980703353882
fresh_ulong,fee5d9ad-e77d-44cd-b576-d588d7a0ce9d,0,1,baseline,39,2,208,0.0028278797399252653,25.485390635446503,0.9863515496253967,0.1140342503786087,0.10315430164337158
fresh_ulong,fee5d9ad-e77d-44cd-b576-d588d7a0ce9d,0,1,baseline,40,1,739,0.002846057992428541,25.457562548015915,0.9864630699157715,0.11410310119390488,0.11085736751556396
fresh_ulong,fee5d9ad-e77d-44cd-b576-d588d7a0ce9d,0,1,baseline,41,3,704,0.0027250200510025024,25.646302977881806,0.986792266368866,0.10905783623456955,0.1036955714225769
fresh_ulong,fee5d9ad-e77d-44cd-b576-d588d7a0ce9d,0,1,baseline,42,1,386,0.002738718409091234,25.624526189561976,0.98688805103302,0.1120142713189125,0.107211172580719
fresh_ulong,fee5d9ad-e77d-44cd-b576-d588d7a0ce9d,0,1,baseline,43,2,140,0.002829651115462184,25.482671079280163,0.9862191677093506,0.11191492527723312,0.10576820373535156
fresh_ulong,fee5d9ad-e77d-44cd-b576-d588d7a0ce9d,0,1,baseline,44,1,857,0.002844611182808876,25.459770869843716,0.9863489866256714,0.11225645244121552,0.1106768250465393
fresh_ulong,fee5d9ad-e77d-44cd-b576-d588d7a0ce9d,0,1,baseline,45,2,318,0.002862305147573352,25.432840683949358,0.9860248565673828,0.11133769899606705,0.10640907287597656
fresh_ulong,fee5d9ad-e77d-44cd-b576-d588d7a0ce9d,0,1,baseline,46,1,474,0.0028035538271069527,25.52291101205896,0.9865130186080933,0.1118379533290863,0.10563665628433228
fresh_ulong,fee5d9ad-e77d-44cd-b576-d588d7a0ce9d,0,1,baseline,47,2,187,0.002890112577006221,25.390852400737792,0.9858698844909668,0.11230568587779999,0.10327088832855225
fresh_ulong,fee5d9ad-e77d-44cd-b576-d588d7a0ce9d,0,1,baseline,48,1,747,0.0028499544132500887,25.451620867396564,0.9862691760063171,0.11269053816795349,0.10693252086639404
fresh_ulong,fee5d9ad-e77d-44cd-b576-d588d7a0ce9d,0,1,baseline,49,3,675,0.002752715954557061,25.602385999880074,0.9864850044250488,0.10635630041360855,0.0996549129486084
fresh_ulong,fee5d9ad-e77d-44cd-b576-d588d7a0ce9d,0,1,baseline,50,1,401,0.002737453207373619,25.626532956963423,0.986779510974884,0.10955841839313507,0.10219353437423706
fresh_ulong,fee5d9ad-e77d-44cd-b576-d588d7a0ce9d,0,1,baseline,51,2,154,0.00288383848965168,25.40029066080626,0.9859128594398499,0.11181433498859406,0.10407644510269165
fresh_ulong,fee5d9ad-e77d-44cd-b576-d588d7a0ce9d,0,1,baseline,52,1,940,0.0029018009081482887,25.37332387714505,0.9859864711761475,0.11178058385848999,0.10778099298477173
fresh_ulong,fee5d9ad-e77d-44cd-b576-d588d7a0ce9d,0,1,baseline,53,2,353,0.002908415626734495,25.36343530584929,0.98568195104599,0.11023219674825668,0.1045922040939331
fresh_ulong,fee5d9ad-e77d-44cd-b576-d588d7a0ce9d,0,1,baseline,54,1,444,0.0028869411908090115,25.395620629385625,0.986054539680481,0.11321225762367249,0.1050194501876831
fresh_ulong,fee5d9ad-e77d-44cd-b576-d588d7a0ce9d,0,1,baseline,55,2,177,0.0029699811711907387,25.27246303973658,0.9853987693786621,0.11352328211069107,0.10384446382522583
fresh_ulong,fee5d9ad-e77d-44cd-b576-d588d7a0ce9d,0,1,baseline,56,1,791,0.002948208013549447,25.304418776821755,0.9857333898544312,0.11448254436254501,0.10628938674926758
fresh_ulong,fee5d9ad-e77d-44cd-b576-d588d7a0ce9d,0,1,baseline,57,3,710,0.0028655347414314747,25.4279432183526,0.985899031162262,0.10961196571588516,0.09938055276870728
fresh_ulong,fee5d9ad-e77d-44cd-b576-d588d7a0ce9d,0,1,baseline,58,1,377,0.002867915667593479,25.424336234495936,0.9860636591911316,0.1121758222579956,0.10257738828659058
fresh_ulong,fee5d9ad-e77d-44cd-b576-d588d7a0ce9d,0,1,baseline,59,2,114,0.002978796837851405,25.259591158547238,0.9852945804595947,0.11295515298843384,0.10104924440383911
fresh_ulong,fee5d9ad-e77d-44cd-b576-d588d7a0ce9d,0,1,baseline,60,1,838,0.0030174623243510723,25.20358143742156,0.9853516817092896,0.11572804301977158,0.1069035530090332
fresh_ulong,fee5d9ad-e77d-44cd-b576-d588d7a0ce9d,0,1,baseline,61,2,350,0.00301697151735425,25.204287898960324,0.9850744605064392,0.11452717334032059,0.10286933183670044
fresh_ulong,fee5d9ad-e77d-44cd-b576-d588d7a0ce9d,0,1,baseline,62,1,448,0.002947503002360463,25.305457438552928,0.9857164621353149,0.11536508798599243,0.10526692867279053
fresh_ulong,fee5d9ad-e77d-44cd-b576-d588d7a0ce9d,0,1,baseline,63,2,158,0.0030619711615145206,25.139989039232212,0.9849538207054138,0.11685599386692047,0.10455322265625
fresh_ulong,fee5d9ad-e77d-44cd-b576-d588d7a0ce9d,0,1,uniform_2x,0,1,5099,0.009795771911740303,20.089613356977736,0.9629908800125122,,
fresh_ulong,fee5d9ad-e77d-44cd-b576-d588d7a0ce9d,0,1,uniform_2x,1,3,4776,0.00684951338917017,21.64340281048437,0.9719168543815613,,
fresh_ulong,fee5d9ad-e77d-44cd-b576-d588d7a0ce9d,0,1,uniform_2x,2,1,1020,0.006640519946813583,21.777979144284537,0.9716981053352356,,
fresh_ulong,fee5d9ad-e77d-44cd-b576-d588d7a0ce9d,0,1,uniform_2x,3,2,867,0.0066530657932162285,21.769781817261332,0.9702698588371277,,
fresh_ulong,fee5d9ad-e77d-44cd-b576-d588d7a0ce9d,0,1,uniform_2x,4,1,1271,0.006451847963035107,21.90315875255933,0.9683800935745239,,
fresh_ulong,fee5d9ad-e77d-44cd-b576-d588d7a0ce9d,0,1,uniform_2x,5,2,1317,0.006217400077730417,22.063911857185026,0.9668452739715576,,
fresh_ulong,fee5d9ad-e77d-44cd-b576-d588d7a0ce9d,0,1,uniform_2x,6,1,1125,0.006180573254823685,22.08971241762224,0.9638790488243103,,
fresh_ulong,fee5d9ad-e77d-44cd-b576-d588d7a0ce9d,0,1,uniform_2x,7,2,914,0.006003016605973244,22.216304552660535,0.9617884159088135,,
fresh_ulong,fee5d9ad-e77d-44cd-b576-d588d7a0ce9d,0,1,uniform_2x,8,1,522,0.006123179569840431,22.130230041528208,0.9574244022369385,,
fresh_ulong,fee5d9ad-e77d-44cd-b576-d588d7a0ce9d,0,1,uniform_2x,9,3,1132,0.006036791484802961,22.191938247367876,0.9542239904403687,,
fresh_ulong,fee5d9ad-e77d-44cd-b576-d588d7a0ce9d,0,1,uniform_2x,10,1,569,0.006096572615206242,22.149142490265163,0.9494448304176331,,
fresh_ulong,fee5d9ad-e77d-44cd-b576-d588d7a0ce9d,0,1,uniform_2x,11,2,377,0.006299860309809446,22.006690802847558,0.9436945915222168,,
fresh_ulong,fee5d9ad-e77d-44cd-b576-d588d7a0ce9d,0,1,uniform_2x,12,1,977,0.006006007082760334,22.214141599822064,0.9422252774238586,,
fresh_ulong,fee5d9ad-e77d-44cd-b576-d588d7a0ce9d,0,1,uniform_2x,13,2,674,0.006098515819758177,22.147758452706505,0.9376720190048218,,
fresh_ulong,fee5d9ad-e77d-44cd-b576-d588d7a0ce9d,0,1,uniform_2x,14,1,982,0.0057035028003156185,22.438583408860108,0.9375829100608826,,
fresh_ulong,fee5d9ad-e77d-44cd-b576-d588d7a0ce9d,0,1,uniform_2x,15,2,796,0.005504267290234566,22.593004846825426,0.9372380375862122,,
fresh_ulong,fee5d9ad-e77d-44cd-b576-d588d7a0ce9d,0,1,uniform_2x,16,1,1190,0.005022098775953054,22.99114749721565,0.9413090348243713,,
fresh_ulong,fee5d9ad-e77d-44cd-b576-d588d7a0ce9d,0,1,uniform_2x,17,3,2095,0.004196431953459978,23.771198147232674,0.9511515498161316,,
fresh_ulong,fee5d9ad-e77d-44cd-b576-d588d7a0ce9d,0,1,uniform_2x,18,1,771,0.004119812976568937,23.85122498793972,0.9526673555374146,,
fresh_ulong,fee5d9ad-e77d-44cd-b576-d588d7a0ce9d,0,1,uniform_2x,19,2,523,0.004251557867974043,23.71451905362976,0.9522174596786499,,
fresh_ulong,fee5d9ad-e77d-44cd-b576-d588d7a0ce9d,0,1,uniform_2x,20,1,1464,0.003987998701632023,23.99244991753095,0.9577239751815796,,
fresh_ulong,fee5d9ad-e77d-44cd-b576-d588d7a0ce9d,0,1,uniform_2x,21,2,1022,0.003911921288818121,24.076098921706976,0.9610899686813354,,
fresh_ulong,fee5d9ad-e77d-44cd-b576-d588d7a0ce9d,0,1,uniform_2x,22,1,914,0.0037757952231913805,24.229915673002328,0.9650964736938477,,
fresh_ulong,fee5d9ad-e77d-44cd-b576-d588d7a0ce9d,0,1,uniform_2x,23,2,780,0.003899291157722473,24.090143350938273,0.9665840268135071,,
fresh_ulong,fee5d9ad-e77d-44cd-b576-d588d7a0ce9d,0,1,uniform_2x,24,1,1466,0.0035302392207086086,24.521958643817,0.9731959104537964,,
fresh_ulong,fee5d9ad-e77d-44cd-b576-d588d7a0ce9d,0,1,uniform_2x,25,3,2410,0.002992199268192053,25.240094876142194,0.9794092774391174,,
fresh_ulong,fee5d9ad-e77d-44cd-b576-d588d7a0ce9d,0,1,uniform_2x,26,1,603,0.003156443126499653,25.00802031481531,0.980111300945282,,
fresh_ulong,fee5d9ad-e77d-44cd-b576-d588d7a0ce9d,0,1,uniform_2x,27,2,584,0.0034042929764837027,24.679730712093853,0.9802359938621521,,
fresh_ulong,fee5d9ad-e77d-44cd-b576-d588d7a0ce9d,0,1,uniform_2x,28,1,1476,0.0034083868376910686,24.674511204955575,0.9826495051383972,,
fresh_ulong,fee5d9ad-e77d-44cd-b576-d588d7a0ce9d,0,1,uniform_2x,29,2,922,0.003309127176180482,24.802865417394926,0.9838144779205322,,
fresh_ulong,fee5d9ad-e77d-44cd-b576-d588d7a0ce9d,0,1,uniform_2x,30,1,519,0.0031909518875181675,24.96079743955313,0.9847181439399719,,
fresh_ulong,fee5d9ad-e77d-44cd-b576-d588d7a0ce9d,0,1,uniform_2x,31,2,333,0.003247722052037716,24.88421145819874,0.9843354821205139,,
fresh_ulong,fee5d9ad-e77d-44cd-b576-d588d7a0ce9d,0,1,uniform_2x,32,1,851,0.003196487668901682,24.953269666057732,0.9848657250404358,,
fresh_ulong,fee5d9ad-e77d-44cd-b576-d588d7a0ce9d,0,1,uniform_2x,33,3,956,0.002938391873613,25.31890285741551,0.9858490228652954,,
fresh_ulong,fee5d9ad-e77d-44cd-b576-d588d7a0ce9d,0,1,uniform_2x,34,1,370,0.002965793712064624,25.27859059925197,0.985896110534668,,
fresh_ulong,fee5d9ad-e77d-44cd-b576-d588d7a0ce9d,0,1,uniform_2x,35,2,186,0.0030544970650225878,25.150602878327106,0.9853158593177795,,
fresh_ulong,fee5d9ad-e77d-44cd-b576-d588d7a0ce9d,0,1,uniform_2x,36,1,932,0.003021940356120467,25.19714111559992,0.9857134819030762,,
fresh_ulong,fee5d9ad-e77d-44cd-b576-d588d7a0ce9d,0,1,uniform_2x,37,2,362,0.002953321672976017,25.296892475184478,0.9858307242393494,,
fresh_ulong,fee5d9ad-e77d-44cd-b576-d588d7a0ce9d,0,1,uniform_2x,38,1,358,0.00298709818162024,25.24750502526393,0.9858010411262512,,
fresh_ulong,fee5d9ad-e77d-44cd-b576-d588d7a0ce9d,0,1,uniform_2x,39,2,193,0.0031067535746842623,25.07693193284817,0.985028088092804,,
fresh_ulong,fee5d9ad-e77d-44cd-b576-d588d7a0ce9d,0,1,uniform_2x,40,1,853,0.003073715139180422,25.12336383815628,0.9854092597961426,,
fresh_ulong,fee5d9ad-e77d-44cd-b576-d588d7a0ce9d,0,1,uniform_2x,41,3,783,0.0028847435023635626,25.398927961860167,0.9860506653785706,,
fresh_ulong,fee5d9ad-e77d-44cd-b576-d588d7a0ce9d,0,1,uniform_2x,42,1,275,0.002970784902572632,25.2712879182055,0.9857775568962097,,
fresh_ulong,fee5d9ad-e77d-44cd-b576-d588d7a0ce9d,0,1,uniform_2x,43,2,165,0.003087808145210147,25.103496915179768,0.9849995374679565,,
fresh_ulong,fee5d9ad-e77d-44cd-b576-d588d7a0ce9d,0,1,uniform_2x,44,1,981,0.003046480007469654,25.162016675884527,0.9854031205177307,,
fresh_ulong,fee5d9ad-e77d-44cd-b576-d588d7a0ce9d,0,1,uniform_2x,45,2,360,0.0029923554975539446,25.239868127277987,0.9853687882423401,,
fresh_ulong,fee5d9ad-e77d-44cd-b576-d588d7a0ce9d,0,1,uniform_2x,46,1,294,0.003044577781111002,25.16472926363669,0.985312819480896,,
fresh_ulong,fee5d9ad-e77d-44cd-b576-d588d7a0ce9d,0,1,uniform_2x,47,2,155,0.003207215340808034,24.938718794276696,0.9842721223831177,,
fresh_ulong,fee5d9ad-e77d-44cd-b576-d588d7a0ce9d,0,1,uniform_2x,48,1,940,0.0030941024888306856,25.09465304858876,0.9850755929946899,,
fresh_ulong,fee5d9ad-e77d-44cd-b576-d588d7a0ce9d,0,1,uniform_2x,49,3,770,0.002908529946580529,25.36326460293421,0.9857660531997681,,
fresh_ulong,fee5d9ad-e77d-44cd-b576-d588d7a0ce9d,0,1,uniform_2x,50,1,247,0.0030103675089776516,25.213804820213923,0.9854423999786377,,
fresh_ulong,fee5d9ad-e77d-44cd-b576-d588d7a0ce9d,0,1,uniform_2x,51,2,126,0.0032299854792654514,24.90799430080372,0.9842000007629395,,
fresh_ulong,fee5d9ad-e77d-44cd-b576-d588d7a0ce9d,0,1,uniform_2x,52,1,1015,0.003123138565570116,25.054087468208785,0.9849422574043274,,
fresh_ulong,fee5d9ad-e77d-44cd-b576-d588d7a0ce9d,0,1,uniform_2x,53,2,404,0.003088295692577958,25.102811242990608,0.9848538637161255,,
fresh_ulong,fee5d9ad-e77d-44cd-b576-d588d7a0ce9d,0,1,uniform_2x,54,1,278,0.0031384152825921774,25.032895900654655,0.9848564267158508,,
fresh_ulong,fee5d9ad-e77d-44cd-b576-d588d7a0ce9d,0,1,uniform_2x,55,2,155,0.0032993017230182886,24.815779661612233,0.9837623238563538,,
fresh_ulong,fee5d9ad-e77d-44cd-b576-d588d7a0ce9d,0,1,uniform_2x,56,1,905,0.0032108924351632595,24.9337424304686,0.98443204164505,,
fresh_ulong,fee5d9ad-e77d-44cd-b576-d588d7a0ce9d,0,1,uniform_2x,57,3,804,0.0030093356035649776,25.215293766836645,0.9852131605148315,,
fresh_ulong,fee5d9ad-e77d-44cd-b576-d588d7a0ce9d,0,1,uniform_2x,58,1,223,0.0031025249045342207,25.082847236540914,0.9849637150764465,,
fresh_ulong,fee5d9ad-e77d-44cd-b576-d588d7a0ce9d,0,1,uniform_2x,59,2,127,0.003287950064986944,24.83074786833113,0.983808159828186,,
fresh_ulong,fee5d9ad-e77d-44cd-b576-d588d7a0ce9d,0,1,uniform_2x,60,1,1015,0.003230361035093665,24.907489368680768,0.9843278527259827,,
fresh_ulong,fee5d9ad-e77d-44cd-b576-d588d7a0ce9d,0,1,uniform_2x,61,2,425,0.003173538949340582,24.984561671531175,0.9843705892562866,,
fresh_ulong,fee5d9ad-e77d-44cd-b576-d588d7a0ce9d,0,1,uniform_2x,62,1,251,0.00325321895070374,24.876867065052686,0.9842720627784729,,
fresh_ulong,fee5d9ad-e77d-44cd-b576-d588d7a0ce9d,0,1,uniform_2x,63,2,152,0.0033784322440624237,24.712847866176148,0.9833395481109619,,
fresh_ulong,fee5d9ad-e77d-44cd-b576-d588d7a0ce9d,0,1,uniform_4x,0,1,5099,0.009795771911740303,20.089613356977736,0.9629908800125122,,
fresh_ulong,fee5d9ad-e77d-44cd-b576-d588d7a0ce9d,0,1,uniform_4x,1,3,4753,0.006890411954373121,21.617548123212945,0.9717516899108887,,
fresh_ulong,fee5d9ad-e77d-44cd-b576-d588d7a0ce9d,0,1,uniform_4x,2,1,1009,0.006687738932669163,21.747206886662518,0.9715083837509155,,
fresh_ulong,fee5d9ad-e77d-44cd-b576-d588d7a0ce9d,0,1,uniform_4x,3,2,875,0.006700397934764624,21.73899403905078,0.970055878162384,,
fresh_ulong,fee5d9ad-e77d-44cd-b576-d588d7a0ce9d,0,1,uniform_4x,4,1,1267,0.00652710348367691,21.852795017465574,0.9680036306381226,,
fresh_ulong,fee5d9ad-e77d-44cd-b576-d588d7a0ce9d,0,1,uniform_4x,5,2,1295,0.006239218171685934,22.048698277848192,0.9667980074882507,,
fresh_ulong,fee5d9ad-e77d-44cd-b576-d588d7a0ce9d,0,1,uniform_4x,6,1,1131,0.006188624072819948,22.08405897668875,0.9639205932617188,,
fresh_ulong,fee5d9ad-e77d-44cd-b576-d588d7a0ce9d,0,1,uniform_4x,7,2,902,0.006072796415537596,22.166112779241402,0.9614788889884949,,
fresh_ulong,fee5d9ad-e77d-44cd-b576-d588d7a0ce9d,0,1,uniform_4x,8,1,510,0.006214190274477005,22.0661545306201,0.9570480585098267,,
fresh_ulong,fee5d9ad-e77d-44cd-b576-d588d7a0ce9d,0,1,uniform_4x,9,3,1112,0.0060444846749305725,22.186407191826913,0.9542937874794006,,
fresh_ulong,fee5d9ad-e77d-44cd-b576-d588d7a0ce9d,0,1,uniform_4x,10,1,606,0.006043583154678345,22.18705497983921,0.9500298500061035,,
fresh_ulong,fee5d9ad-e77d-44cd-b576-d588d7a0ce9d,0,1,uniform_4x,11,2,426,0.006231713108718395,22.05392548623117,0.9443845748901367,,
fresh_ulong,fee5d9ad-e77d-44cd-b576-d588d7a0ce9d,0,1,uniform_4x,12,1,952,0.006005162373185158,22.21475245242765,0.9421753287315369,,
fresh_ulong,fee5d9ad-e77d-44cd-b576-d588d7a0ce9d,0,1,uniform_4x,13,2,626,0.006111884489655495,22.13824862216932,0.9371906518936157,,
fresh_ulong,fee5d9ad-e77d-44cd-b576-d588d7a0ce9d,0,1,uniform_4x,14,1,1070,0.0056034838780760765,22.51541873248167,0.9384651780128479,,
fresh_ulong,fee5d9ad-e77d-44cd-b576-d588d7a0ce9d,0,1,uniform_4x,15,2,855,0.005358903668820858,22.709240497254783,0.9388260841369629,,
fresh_ulong,fee5d9ad-e77d-44cd-b576-d588d7a0ce9d,0,1,uniform_4x,16,1,1094,0.005012125242501497,22.999780854337292,0.9415740370750427,,
fresh_ulong,fee5d9ad-e77d-44cd-b576-d588d7a0ce9d,0,1,uniform_4x,17,3,1889,0.004386976361274719,23.578347057353803,0.9486203789710999,,
fresh_ulong,fee5d9ad-e77d-44cd-b576-d588d7a0ce9d,0,1,uniform_4x,18,1,900,0.004242537077516317,23.72374353491047,0.950994610786438,,
fresh_ulong,fee5d9ad-e77d-44cd-b576-d588d7a0ce9d,0,1,uniform_4x,19,2,598,0.004320950713008642,23.644206874472644,0.9514331221580505,,
fresh_ulong,fee5d9ad-e77d-44cd-b576-d588d7a0ce9d,0,1,uniform_4x,20,1,1307,0.004130147397518158,23.84034448879556,0.9565402269363403,,
fresh_ulong,fee5d9ad-e77d-44cd-b576-d588d7a0ce9d,0,1,uniform_4x,21,2,974,0.004130403511226177,23.840075187700762,0.958885133266449,,
fresh_ulong,fee5d9ad-e77d-44cd-b576-d588d7a0ce9d,0,1,uniform_4x,22,1,995,0.003788293804973364,24.215563462129648,0.965131402015686,,
fresh_ulong,fee5d9ad-e77d-44cd-b576-d588d7a0ce9d,0,1,uniform_4x,23,2,862,0.0037816427648067474,24.223194994467928,0.967851996421814,,
fresh_ulong,fee5d9ad-e77d-44cd-b576-d588d7a0ce9d,0,1,uniform_4x,24,1,1382,0.0035582981072366238,24.48757670387981,0.9728980660438538,,
fresh_ulong,fee5d9ad-e77d-44cd-b576-d588d7a0ce9d,0,1,uniform_4x,25,3,2174,0.003226646687835455,24.91248586478318,0.9778378009796143,,
fresh_ulong,fee5d9ad-e77d-44cd-b576-d588d7a0ce9d,0,1,uniform_4x,26,1,714,0.00328055233694613,24.840530292477602,0.9793289303779602,,
fresh_ulong,fee5d9ad-e77d-44cd-b576-d588d7a0ce9d,0,1,uniform_4x,27,2,634,0.0035463660024106503,24.502164450958823,0.9794214367866516,,
fresh_ulong,fee5d9ad-e77d-44cd-b576-d588d7a0ce9d,0,1,uniform_4x,28,1,1379,0.003609869396314025,24.42508510417385,0.9816344976425171,,
fresh_ulong,fee5d9ad-e77d-44cd-b576-d588d7a0ce9d,0,1,uniform_4x,29,2,840,0.003527253633365035,24.525633105025,0.982708752155304,,
fresh_ulong,fee5d9ad-e77d-44cd-b576-d588d7a0ce9d,0,1,uniform_4x,30,1,648,0.003298970637843013,24.81621549831893,0.9842002987861633,,
fresh_ulong,fee5d9ad-e77d-44cd-b576-d588d7a0ce9d,0,1,uniform_4x,31,2,396,0.0032919568475335836,24.82545866351893,0.984112024307251,,
fresh_ulong,fee5d9ad-e77d-44cd-b576-d588d7a0ce9d,0,1,uniform_4x,32,1,759,0.003255070885643363,24.874395493665876,0.9845951199531555,,
fresh_ulong,fee5d9ad-e77d-44cd-b576-d588d7a0ce9d,0,1,uniform_4x,33,3,909,0.003055127337574959,25.149706836690097,0.9853382706642151,,
fresh_ulong,fee5d9ad-e77d-44cd-b576-d588d7a0ce9d,0,1,uniform_4x,34,1,415,0.0030471726786345243,25.1610293427316,0.9855064749717712,,
fresh_ulong,fee5d9ad-e77d-44cd-b576-d588d7a0ce9d,0,1,uniform_4x,35,2,187,0.003145827678963542,25.022650706907797,0.9848169684410095,,
fresh_ulong,fee5d9ad-e77d-44cd-b576-d588d7a0ce9d,0,1,uniform_4x,36,1,838,0.003181958571076393,24.97305479142625,0.9849511384963989,,
fresh_ulong,fee5d9ad-e77d-44cd-b576-d588d7a0ce9d,0,1,uniform_4x,37,2,364,0.0030924086458981037,25.097031211793166,0.9851046204566956,,
fresh_ulong,fee5d9ad-e77d-44cd-b576-d588d7a0ce9d,0,1,uniform_4x,38,1,426,0.003088948782533407,25.101892926203767,0.9852777123451233,,
fresh_ulong,fee5d9ad-e77d-44cd-b576-d588d7a0ce9d,0,1,uniform_4x,39,2,202,0.0031770896166563034,24.979705347887162,0.9846213459968567,,
fresh_ulong,fee5d9ad-e77d-44cd-b576-d588d7a0ce9d,0,1,uniform_4x,40,1,814,0.003102030837908387,25.08353889092731,0.9852427840232849,,
fresh_ulong,fee5d9ad-e77d-44cd-b576-d588d7a0ce9d,0,1,uniform_4x,41,3,799,0.002950669266283512,25.30079466839469,0.9856701493263245,,
fresh_ulong,fee5d9ad-e77d-44cd-b576-d588d7a0ce9d,0,1,uniform_4x,42,1,328,0.0029464915860444307,25.306947947316324,0.9859186410903931,,
fresh_ulong,fee5d9ad-e77d-44cd-b576-d588d7a0ce9d,0,1,uniform_4x,43,2,148,0.003105362644419074,25.078876755925116,0.9849320650100708,,
fresh_ulong,fee5d9ad-e77d-44cd-b576-d588d7a0ce9d,0,1,uniform_4x,44,1,954,0.003104123054072261,25.08061070711119,0.9851078391075134,,
fresh_ulong,fee5d9ad-e77d-44cd-b576-d588d7a0ce9d,0,1,uniform_4x,45,2,353,0.003089487086981535,25.10113615650692,0.9848873019218445,,
fresh_ulong,fee5d9ad-e77d-44cd-b576-d588d7a0ce9d,0,1,uniform_4x,46,1,362,0.003098117420449853,25.08902126251748,0.9850521087646484,,
fresh_ulong,fee5d9ad-e77d-44cd-b576-d588d7a0ce9d,0,1,uniform_4x,47,2,178,0.0031983053777366877,24.950800716922853,0.9843088984489441,,
fresh_ulong,fee5d9ad-e77d-44cd-b576-d588d7a0ce9d,0,1,uniform_4x,48,1,826,0.0031614485196769238,25.001138857477333,0.9847233295440674,,
fresh_ulong,fee5d9ad-e77d-44cd-b576-d588d7a0ce9d,0,1,uniform_4x,49,3,751,0.0030059069395065308,25.22024468953505,0.9852592349052429,,
fresh_ulong,fee5d9ad-e77d-44cd-b576-d588d7a0ce9d,0,1,uniform_4x,50,1,321,0.003033176064491272,25.181023797922855,0.9853063225746155,,
fresh_ulong,fee5d9ad-e77d-44cd-b576-d588d7a0ce9d,0,1,uniform_4x,51,2,154,0.0032234047539532185,24.916851579156223,0.9842373728752136,,
fresh_ulong,fee5d9ad-e77d-44cd-b576-d588d7a0ce9d,0,1,uniform_4x,52,1,937,0.003192088333889842,24.95925099028666,0.9845339059829712,,
fresh_ulong,fee5d9ad-e77d-44cd-b576-d588d7a0ce9d,0,1,uniform_4x,53,2,418,0.0031410185620188713,25.0292949710721,0.9845033884048462,,
fresh_ulong,fee5d9ad-e77d-44cd-b576-d588d7a0ce9d,0,1,uniform_4x,54,1,344,0.0031478882301598787,25.019806962261093,0.9847326278686523,,
fresh_ulong,fee5d9ad-e77d-44cd-b576-d588d7a0ce9d,0,1,uniform_4x,55,2,181,0.003264066530391574,24.862409977467696,0.9839084148406982,,
fresh_ulong,fee5d9ad-e77d-44cd-b576-d588d7a0ce9d,0,1,uniform_4x,56,1,822,0.0032080071978271008,24.937646659573613,0.9843713045120239,,
fresh_ulong,fee5d9ad-e77d-44cd-b576-d588d7a0ce9d,0,1,uniform_4x,57,3,718,0.003059905022382736,25.142920535495428,0.9848329424858093,,
fresh_ulong,fee5d9ad-e77d-44cd-b576-d588d7a0ce9d,0,1,uniform_4x,58,1,309,0.0030950517393648624,25.093320865686316,0.9849216938018799,,
fresh_ulong,fee5d9ad-e77d-44cd-b576-d588d7a0ce9d,0,1,uniform_4x,59,2,144,0.0032269104849547148,24.912130818317383,0.9840801954269409,,
fresh_ulong,fee5d9ad-e77d-44cd-b576-d588d7a0ce9d,0,1,uniform_4x,60,1,951,0.003212772775441408,24.931199890023382,0.9843496084213257,,
fresh_ulong,fee5d9ad-e77d-44cd-b576-d588d7a0ce9d,0,1,uniform_4x,61,2,374,0.003177719423547387,24.978844514283416,0.9842824339866638,,
fresh_ulong,fee5d9ad-e77d-44cd-b576-d588d7a0ce9d,0,1,uniform_4x,62,1,328,0.0032022499945014715,24.945447664222176,0.9844714999198914,,
fresh_ulong,fee5d9ad-e77d-44cd-b576-d588d7a0ce9d,0,1,uniform_4x,63,2,164,0.003308494109660387,24.803696342240332,0.9837170839309692,,
fresh_ulong,fee5d9ad-e77d-44cd-b576-d588d7a0ce9d,0,3,baseline,0,3,7975,0.007518589496612549,21.238636263357993,0.9715078473091125,0.17397786676883698,0.055849432945251465
fresh_ulong,fee5d9ad-e77d-44cd-b576-d588d7a0ce9d,0,3,baseline,1,5,7150,0.005262201651930809,22.78832513406759,0.9783338904380798,0.14591661095619202,0.050594449043273926
fresh_ulong,fee5d9ad-e77d-44cd-b576-d588d7a0ce9d,0,3,baseline,2,3,1778,0.005041272845119238,22.974597969234782,0.9784203171730042,0.14086441695690155,0.04797846078872681
fresh_ulong,fee5d9ad-e77d-44cd-b576-d588d7a0ce9d,0,3,baseline,3,4,1382,0.005070102401077747,22.949832691136265,0.9772812724113464,0.14232024550437927,0.04722440242767334
fresh_ulong,fee5d9ad-e77d-44cd-b576-d588d7a0ce9d,0,3,baseline,4,3,2191,0.00482646469026804,23.163708666991603,0.9762992858886719,0.14585712552070618,0.04737436771392822
fresh_ulong,fee5d9ad-e77d-44cd-b576-d588d7a0ce9d,0,3,baseline,5,4,2590,0.004579960834234953,23.391382358713205,0.975468635559082,0.1466187834739685,0.04900944232940674
fresh_ulong,fee5d9ad-e77d-44cd-b576-d588d7a0ce9d,0,3,baseline,6,3,2027,0.004483984317630529,23.483359149839412,0.973629891872406,0.1496666669845581,0.04900205135345459
fresh_ulong,fee5d9ad-e77d-44cd-b576-d588d7a0ce9d,0,3,baseline,7,4,2049,0.004290883429348469,23.674532838076647,0.9724340438842773,0.15326611697673798,0.04949486255645752
fresh_ulong,fee5d9ad-e77d-44cd-b576-d588d7a0ce9d,0,3,baseline,8,3,1599,0.004176243674010038,23.79214169203465,0.9703875780105591,0.15947946906089783,0.052952587604522705
fresh_ulong,fee5d9ad-e77d-44cd-b576-d588d7a0ce9d,0,3,baseline,9,5,2780,0.003950213082134724,24.033794770572477,0.969463586807251,0.15741115808486938,0.05020737648010254
fresh_ulong,fee5d9ad-e77d-44cd-b576-d588d7a0ce9d,0,3,baseline,10,3,558,0.004025651607662439,23.951638130084042,0.9659178853034973,0.17211131751537323,0.057332396507263184
fresh_ulong,fee5d9ad-e77d-44cd-b576-d588d7a0ce9d,0,3,baseline,11,4,463,0.004233425483107567,23.733080802905814,0.9617071151733398,0.17781546711921692,0.05953824520111084
fresh_ulong,fee5d9ad-e77d-44cd-b576-d588d7a0ce9d,0,3,baseline,12,3,2531,0.0036692062858492136,24.354278711583113,0.9636030197143555,0.17672914266586304,0.05722171068191528
fresh_ulong,fee5d9ad-e77d-44cd-b576-d588d7a0ce9d,0,3,baseline,13,4,1844,0.003446964779868722,24.625631540700944,0.9636247754096985,0.17883053421974182,0.05613136291503906
fresh_ulong,fee5d9ad-e77d-44cd-b576-d588d7a0ce9d,0,3,baseline,14,3,797,0.0035823925863951445,24.458268225175605,0.9600862860679626,0.1922834813594818,0.06476390361785889
fresh_ulong,fee5d9ad-e77d-44cd-b576-d588d7a0ce9d,0,3,baseline,15,4,673,0.0037120331544429064,24.30388153485691,0.9571980237960815,0.19638092815876007,0.06441795825958252
fresh_ulong,fee5d9ad-e77d-44cd-b576-d588d7a0ce9d,0,3,baseline,16,3,3194,0.003041995922103524,25.168413724687944,0.9638702869415283,0.18620388209819794,0.06454694271087646
fresh_ulong,fee5d9ad-e77d-44cd-b576-d588d7a0ce9d,0,3,baseline,17,5,4085,0.0024361624382436275,26.132937572210693,0.9717100858688354,0.16366785764694214,0.05533939599990845
fresh_ulong,fee5d9ad-e77d-44cd-b576-d588d7a0ce9d,0,3,baseline,18,3,449,0.002583296736702323,25.878257046627006,0.9702420830726624,0.1740281581878662,0.0628475546836853
fresh_ulong,fee5d9ad-e77d-44cd-b576-d588d7a0ce9d,0,3,baseline,19,4,449,0.0028876347932964563,25.394577339851608,0.9677643179893494,0.18346409499645233,0.06598860025405884
fresh_ulong,fee5d9ad-e77d-44cd-b576-d588d7a0ce9d,0,3,baseline,20,3,3551,0.002386708976700902,26.2220053345167,0.9749312996864319,0.17287984490394592,0.06935793161392212
fresh_ulong,fee5d9ad-e77d-44cd-b576-d588d7a0ce9d,0,3,baseline,21,4,2618,0.0020658792927861214,26.84895057457434,0.979823648929596,0.1588582545518875,0.06364822387695312
fresh_ulong,fee5d9ad-e77d-44cd-b576-d588d7a0ce9d,0,3,baseline,22,3,535,0.0022353315725922585,26.50658047714738,0.979620635509491,0.16720737516880035,0.07180130481719971
fresh_ulong,fee5d9ad-e77d-44cd-b576-d588d7a0ce9d,0,3,baseline,23,4,624,0.0025409748777747154,25.949996287307204,0.9784799218177795,0.1702319085597992,0.07758563756942749
fresh_ulong,fee5d9ad-e77d-44cd-b576-d588d7a0ce9d,0,3,baseline,24,3,3401,0.0021081578452140093,26.760968750823395,0.9842442870140076,0.15546254813671112,0.08192980289459229
fresh_ulong,fee5d9ad-e77d-44cd-b576-d588d7a0ce9d,0,3,baseline,25,5,4500,0.001652432605624199,27.81876244158438,0.98897385597229,0.12239058315753937,0.07182633876800537
fresh_ulong,fee5d9ad-e77d-44cd-b576-d588d7a0ce9d,0,3,baseline,26,3,397,0.0018179561011493206,27.40416608055083,0.9886043071746826,0.12960918247699738,0.08550333976745605
fresh_ulong,fee5d9ad-e77d-44cd-b576-d588d7a0ce9d,0,3,baseline,27,4,668,0.0021588027011603117,26.65787047203876,0.9876856803894043,0.13433116674423218,0.09071749448776245
fresh_ulong,fee5d9ad-e77d-44cd-b576-d588d7a0ce9d,0,3,baseline,28,3,3025,0.002050012582913041,26.88243473250134,0.9896072745323181,0.10407890379428864,0.08910250663757324
fresh_ulong,fee5d9ad-e77d-44cd-b576-d588d7a0ce9d,0,3,baseline,29,4,1946,0.0019358920399099588,27.13118865921592,0.9906256198883057,0.09153331816196442,0.0850522518157959
fresh_ulong,fee5d9ad-e77d-44cd-b576-d588d7a0ce9d,0,3,baseline,30,3,281,0.0020005886908620596,26.988421905493286,0.9904108047485352,0.095753014087677,0.0877336859703064
fresh_ulong,fee5d9ad-e77d-44cd-b576-d588d7a0ce9d,0,3,baseline,31,4,336,0.0021153707057237625,26.746135141789228,0.9897895455360413,0.09376977384090424,0.08757591247558594
fresh_ulong,fee5d9ad-e77d-44cd-b576-d588d7a0ce9d,0,3,baseline,32,3,1816,0.0020185993053019047,26.949498805445835,0.9904289841651917,0.0914582908153534,0.08861112594604492
fresh_ulong,fee5d9ad-e77d-44cd-b576-d588d7a0ce9d,0,3,baseline,33,5,2194,0.0017901950050145388,27.4709965897039,0.9914855360984802,0.08135734498500824,0.07717055082321167
fresh_ulong,fee5d9ad-e77d-44cd-b576-d588d7a0ce9d,0,3,baseline,34,3,153,0.0019077889155596495,27.194696788347397,0.9909639954566956,0.0869881808757782,0.08312064409255981
fresh_ulong,fee5d9ad-e77d-44cd-b576-d588d7a0ce9d,0,3,baseline,35,4,148,0.0020454833284020424,26.89204055844172,0.990156888961792,0.0861419066786766,0.08414506912231445
fresh_ulong,fee5d9ad-e77d-44cd-b576-d588d7a0ce9d,0,3,baseline,36,3,1885,0.001991244265809655,27.008754618277543,0.9905861020088196,0.08726014196872711,0.08864343166351318
fresh_ulong,fee5d9ad-e77d-44cd-b576-d588d7a0ce9d,0,3,baseline,37,4,874,0.0018846546299755573,27.247682242583558,0.9909622073173523,0.08134474605321884,0.07901573181152344
fresh_ulong,fee5d9ad-e77d-44cd-b576-d588d7a0ce9d,0,3,baseline,38,3,168,0.0020699191372841597,26.8404662020358,0.9901490807533264,0.0856836810708046,0.08362960815429688
fresh_ulong,fee5d9ad-e77d-44cd-b576-d588d7a0ce9d,0,3,baseline,39,4,159,0.0022247619926929474,26.52716443464609,0.9893068075180054,0.08816221356391907,0.0849236249923706
fresh_ulong,fee5d9ad-e77d-44cd-b576-d588d7a0ce9d,0,3,baseline,40,3,1889,0.0020687568467110395,26.842905515465972,0.9901593327522278,0.08719898015260696,0.09241580963134766
fresh_ulong,fee5d9ad-e77d-44cd-b576-d588d7a0ce9d,0,3,baseline,41,5,1812,0.0018465378088876605,27.336417955011314,0.9911131262779236,0.07921165972948074,0.0800473690032959
fresh_ulong,fee5d9ad-e77d-44cd-b576-d588d7a0ce9d,0,3,baseline,42,3,106,0.0019789114594459534,27.03573636584033,0.9905675649642944,0.0853302851319313,0.08602142333984375
fresh_ulong,fee5d9ad-e77d-44cd-b576-d588d7a0ce9d,0,3,baseline,43,4,101,0.002125214086845517,26.725973140595904,0.9896965622901917,0.08492477238178253,0.08421844244003296
fresh_ulong,fee5d9ad-e77d-44cd-b576-d588d7a0ce9d,0,3,baseline,44,3,1868,0.0020442605018615723,26.89463762494132,0.9902332425117493,0.08599956333637238,0.0886889100074768
fresh_ulong,fee5d9ad-e77d-44cd-b576-d588d7a0ce9d,0,3,baseline,45,4,861,0.0019337412668392062,27.13601634648546,0.990654468536377,0.0823276937007904,0.07816082239151001
fresh_ulong,fee5d9ad-e77d-44cd-b576-d588d7a0ce9d,0,3,baseline,46,3,122,0.0020821141079068184,26.814954731557876,0.9900444746017456,0.08672729134559631,0.08363604545593262
fresh_ulong,fee5d9ad-e77d-44cd-b576-d588d7a0ce9d,0,3,baseline,47,4,128,0.0022371152881532907,26.50311634267856,0.989092230796814,0.08730771392583847,0.08125460147857666
fresh_ulong,fee5d9ad-e77d-44cd-b576-d588d7a0ce9d,0,3,baseline,48,3,1873,0.0020868205465376377,26.805148959270497,0.9899759888648987,0.08709804713726044,0.08723801374435425
fresh_ulong,fee5d9ad-e77d-44cd-b576-d588d7a0ce9d,0,3,baseline,49,5,1649,0.0018733650213107467,27.27377592995437,0.9909245371818542,0.07813392579555511,0.07743048667907715
fresh_ulong,fee5d9ad-e77d-44cd-b576-d588d7a0ce9d,0,3,baseline,50,3,112,0.002010821830481291,26.966264085016025,0.9903496503829956,0.08561957627534866,0.08229279518127441
fresh_ulong,fee5d9ad-e77d-44cd-b576-d588d7a0ce9d,0,3,baseline,51,4,124,0.0022213475313037634,26.53383490474365,0.9891649484634399,0.08757179230451584,0.08288496732711792
fresh_ulong,fee5d9ad-e77d-44cd-b576-d588d7a0ce9d,0,3,baseline,52,3,1953,0.0021144982893019915,26.747926618753244,0.9898508787155151,0.08923506736755371,0.08878439664840698
fresh_ulong,fee5d9ad-e77d-44cd-b576-d588d7a0ce9d,0,3,baseline,53,4,939,0.002012132667005062,26.963433881048,0.9901749491691589,0.08415725827217102,0.07950711250305176
fresh_ulong,fee5d9ad-e77d-44cd-b576-d588d7a0ce9d,0,3,baseline,54,3,128,0.0021831823978573084,26.609099788699744,0.989530622959137,0.09071557968854904,0.08739590644836426
fresh_ulong,fee5d9ad-e77d-44cd-b576-d588d7a0ce9d,0,3,baseline,55,4,136,0.0023255092091858387,26.334819363112807,0.9885973930358887,0.08940699696540833,0.08510512113571167
fresh_ulong,fee5d9ad-e77d-44cd-b576-d588d7a0ce9d,0,3,baseline,56,3,1916,0.002164300763979554,26.646823872529065,0.9895390868186951,0.09076827764511108,0.08724379539489746
fresh_ulong,fee5d9ad-e77d-44cd-b576-d588d7a0ce9d,0,3,baseline,57,5,1733,0.0019350690999999642,27.133035220079307,0.9905673861503601,0.08330310881137848,0.07693439722061157
fresh_ulong,fee5d9ad-e77d-44cd-b576-d588d7a0ce9d,0,3,baseline,58,3,100,0.002047775313258171,26.88717696898015,0.9901257753372192,0.08902762830257416,0.08571887016296387
fresh_ulong,fee5d9ad-e77d-44cd-b576-d588d7a0ce9d,0,3,baseline,59,4,105,0.00220879097469151,26.55845380929497,0.9891561269760132,0.08950746059417725,0.08091163635253906
fresh_ulong,fee5d9ad-e77d-44cd-b576-d588d7a0ce9d,0,3,baseline,60,3,1885,0.0021647531539201736,26.645916189421758,0.9895636439323425,0.0902436375617981,0.08632779121398926
fresh_ulong,fee5d9ad-e77d-44cd-b576-d588d7a0ce9d,0,3,baseline,61,4,889,0.0020516114309430122,26.87904889845296,0.9899714589118958,0.084989532828331,0.07822424173355103
fresh_ulong,fee5d9ad-e77d-44cd-b576-d588d7a0ce9d,0,3,baseline,62,3,141,0.002208189107477665,26.559637367321344,0.9894150495529175,0.09151218831539154,0.08375555276870728
fresh_ulong,fee5d9ad-e77d-44cd-b576-d588d7a0ce9d,0,3,baseline,63,4,130,0.002375602023676038,26.242263134375477,0.9883954524993896,0.09147960692644119,0.0817861557006836
fresh_ulong,fee5d9ad-e77d-44cd-b576-d588d7a0ce9d,0,3,uniform_2x,0,3,7975,0.007518589496612549,21.238636263357993,0.9715078473091125,,
fresh_ulong,fee5d9ad-e77d-44cd-b576-d588d7a0ce9d,0,3,uniform_2x,1,5,5840,0.005775902420282364,22.383801524693887,0.9762829542160034,,
fresh_ulong,fee5d9ad-e77d-44cd-b576-d588d7a0ce9d,0,3,uniform_2x,2,3,1407,0.005572083871811628,22.539823551355763,0.9762092232704163,,
fresh_ulong,fee5d9ad-e77d-44cd-b576-d588d7a0ce9d,0,3,uniform_2x,3,4,1225,0.005577113013714552,22.535905549462516,0.9750558137893677,,
fresh_ulong,fee5d9ad-e77d-44cd-b576-d588d7a0ce9d,0,3,uniform_2x,4,3,1910,0.0052780816331505775,22.77523897073023,0.9740670919418335,,
fresh_ulong,fee5d9ad-e77d-44cd-b576-d588d7a0ce9d,0,3,uniform_2x,5,4,2374,0.005040531512349844,22.97523665794598,0.9730539917945862,,
fresh_ulong,fee5d9ad-e77d-44cd-b576-d588d7a0ce9d,0,3,uniform_2x,6,3,1851,0.004956778138875961,23.0480051930712,0.97092205286026,,
fresh_ulong,fee5d9ad-e77d-44cd-b576-d588d7a0ce9d,0,3,uniform_2x,7,4,1807,0.004738456103950739,23.243631382322206,0.9696081280708313,,
fresh_ulong,fee5d9ad-e77d-44cd-b576-d588d7a0ce9d,0,3,uniform_2x,8,3,1469,0.004635572899132967,23.338965848082047,0.9671444892883301,,
fresh_ulong,fee5d9ad-e77d-44cd-b576-d588d7a0ce9d,0,3,uniform_2x,9,5,2650,0.004347090609371662,23.618013074190074,0.9663450121879578,,
fresh_ulong,fee5d9ad-e77d-44cd-b576-d588d7a0ce9d,0,3,uniform_2x,10,3,604,0.004414355847984552,23.551326606200014,0.9625860452651978,,
fresh_ulong,fee5d9ad-e77d-44cd-b576-d588d7a0ce9d,0,3,uniform_2x,11,4,480,0.004558901768177748,23.411397655514854,0.958518385887146,,
fresh_ulong,fee5d9ad-e77d-44cd-b576-d588d7a0ce9d,0,3,uniform_2x,12,3,2224,0.004005615599453449,23.973307302911522,0.9604249596595764,,
fresh_ulong,fee5d9ad-e77d-44cd-b576-d588d7a0ce9d,0,3,uniform_2x,13,4,1583,0.003919805865734816,24.067354415325806,0.9590110182762146,,
fresh_ulong,fee5d9ad-e77d-44cd-b576-d588d7a0ce9d,0,3,uniform_2x,14,3,860,0.004021523054689169,23.95609437219903,0.9554529786109924,,
fresh_ulong,fee5d9ad-e77d-44cd-b576-d588d7a0ce9d,0,3,uniform_2x,15,4,802,0.004148739390075207,23.820838452402082,0.9524861574172974,,
fresh_ulong,fee5d9ad-e77d-44cd-b576-d588d7a0ce9d,0,3,uniform_2x,16,3,2706,0.0035236249677836895,24.53010321340986,0.9581865668296814,,
fresh_ulong,fee5d9ad-e77d-44cd-b576-d588d7a0ce9d,0,3,uniform_2x,17,5,3674,0.002796029904857278,25.53458187917399,0.9675602316856384,,
fresh_ulong,fee5d9ad-e77d-44cd-b576-d588d7a0ce9d,0,3,uniform_2x,18,3,504,0.0029587470926344395,25.288921558151856,0.9659228920936584,,
fresh_ulong,fee5d9ad-e77d-44cd-b576-d588d7a0ce9d,0,3,uniform_2x,19,4,503,0.0032361058983951807,24.899772749657743,0.9638173580169678,,
fresh_ulong,fee5d9ad-e77d-44cd-b576-d588d7a0ce9d,0,3,uniform_2x,20,3,3071,0.002819664776325226,25.498025209168095,0.9702890515327454,,
fresh_ulong,fee5d9ad-e77d-44cd-b576-d588d7a0ce9d,0,3,uniform_2x,21,4,2335,0.002469858154654503,26.073279878009565,0.9758430123329163,,
fresh_ulong,fee5d9ad-e77d-44cd-b576-d588d7a0ce9d,0,3,uniform_2x,22,3,599,0.0026403237134218216,25.783428237611446,0.9759717583656311,,
fresh_ulong,fee5d9ad-e77d-44cd-b576-d588d7a0ce9d,0,3,uniform_2x,23,4,688,0.0029276907444000244,25.334748002549972,0.9751874208450317,,
fresh_ulong,fee5d9ad-e77d-44cd-b576-d588d7a0ce9d,0,3,uniform_2x,24,3,3037,0.002504123840481043,26.013441970639978,0.9811841249465942,,
fresh_ulong,fee5d9ad-e77d-44cd-b576-d588d7a0ce9d,0,3,uniform_2x,25,5,4039,0.001998641761019826,26.992650423775018,0.9865807890892029,,
fresh_ulong,fee5d9ad-e77d-44cd-b576-d588d7a0ce9d,0,3,uniform_2x,26,3,411,0.002207743702456355,26.560513453765356,0.9861547946929932,,
fresh_ulong,fee5d9ad-e77d-44cd-b576-d588d7a0ce9d,0,3,uniform_2x,27,4,670,0.0025499470066279173,25.934688450437775,0.9854522943496704,,
fresh_ulong,fee5d9ad-e77d-44cd-b576-d588d7a0ce9d,0,3,uniform_2x,28,3,2673,0.002421874087303877,26.158484394797487,0.9876845479011536,,
fresh_ulong,fee5d9ad-e77d-44cd-b576-d588d7a0ce9d,0,3,uniform_2x,29,4,1862,0.0022303324658423662,26.516303937596515,0.9891442656517029,,
fresh_ulong,fee5d9ad-e77d-44cd-b576-d588d7a0ce9d,0,3,uniform_2x,30,3,319,0.0022728557232767344,26.434281316192724,0.9890756011009216,,
fresh_ulong,fee5d9ad-e77d-44cd-b576-d588d7a0ce9d,0,3,uniform_2x,31,4,354,0.0023681384045630693,26.2559291910221,0.9885773062705994,,
fresh_ulong,fee5d9ad-e77d-44cd-b576-d588d7a0ce9d,0,3,uniform_2x,32,3,1750,0.0022420056629925966,26.49363294772567,0.9893292188644409,,
fresh_ulong,fee5d9ad-e77d-44cd-b576-d588d7a0ce9d,0,3,uniform_2x,33,5,2095,0.002023709239438176,26.938518854975456,0.9903446435928345,,
fresh_ulong,fee5d9ad-e77d-44cd-b576-d588d7a0ce9d,0,3,uniform_2x,34,3,177,0.0021637235768139362,26.647982226469807,0.9897280335426331,,
fresh_ulong,fee5d9ad-e77d-44cd-b576-d588d7a0ce9d,0,3,uniform_2x,35,4,194,0.0023066240828484297,26.370231779311087,0.988885223865509,,
fresh_ulong,fee5d9ad-e77d-44cd-b576-d588d7a0ce9d,0,3,uniform_2x,36,3,1761,0.0021899736020714045,26.595611201113975,0.9896004796028137,,
fresh_ulong,fee5d9ad-e77d-44cd-b576-d588d7a0ce9d,0,3,uniform_2x,37,4,893,0.0020729918032884598,26.83402415124484,0.9900220036506653,,
fresh_ulong,fee5d9ad-e77d-44cd-b576-d588d7a0ce9d,0,3,uniform_2x,38,3,205,0.0022585666738450527,26.461670843562544,0.9892434477806091,,
fresh_ulong,fee5d9ad-e77d-44cd-b576-d588d7a0ce9d,0,3,uniform_2x,39,4,181,0.00240271701477468,26.192973761619243,0.9883931875228882,,
fresh_ulong,fee5d9ad-e77d-44cd-b576-d588d7a0ce9d,0,3,uniform_2x,40,3,1740,0.0022902521304786205,26.401167041893352,0.9890642166137695,,
fresh_ulong,fee5d9ad-e77d-44cd-b576-d588d7a0ce9d,0,3,uniform_2x,41,5,1625,0.0020515962969511747,26.879080934896542,0.9900756478309631,,
fresh_ulong,fee5d9ad-e77d-44cd-b576-d588d7a0ce9d,0,3,uniform_2x,42,3,149,0.002199203474447131,26.577345870368937,0.9894779920578003,,
fresh_ulong,fee5d9ad-e77d-44cd-b576-d588d7a0ce9d,0,3,uniform_2x,43,4,141,0.0023538742680102587,26.28216738675112,0.9885204434394836,,
fresh_ulong,fee5d9ad-e77d-44cd-b576-d588d7a0ce9d,0,3,uniform_2x,44,3,1750,0.0022569559514522552,26.464769168761144,0.9891297817230225,,
fresh_ulong,fee5d9ad-e77d-44cd-b576-d588d7a0ce9d,0,3,uniform_2x,45,4,830,0.002137877279892564,26.70017228124031,0.9895872473716736,,
fresh_ulong,fee5d9ad-e77d-44cd-b576-d588d7a0ce9d,0,3,uniform_2x,46,3,150,0.0023097337689250708,26.36438076103575,0.9889092445373535,,
fresh_ulong,fee5d9ad-e77d-44cd-b576-d588d7a0ce9d,0,3,uniform_2x,47,4,172,0.00246691913343966,26.07845086617496,0.9878919720649719,,
fresh_ulong,fee5d9ad-e77d-44cd-b576-d588d7a0ce9d,0,3,uniform_2x,48,3,1673,0.0022969625424593687,26.388460869712095,0.9889199137687683,,
fresh_ulong,fee5d9ad-e77d-44cd-b576-d588d7a0ce9d,0,3,uniform_2x,49,5,1566,0.002071238122880459,26.837699689442506,0.9898970127105713,,
fresh_ulong,fee5d9ad-e77d-44cd-b576-d588d7a0ce9d,0,3,uniform_2x,50,3,144,0.0022189179435372353,26.538587578526712,0.9892979860305786,,
fresh_ulong,fee5d9ad-e77d-44cd-b576-d588d7a0ce9d,0,3,uniform_2x,51,4,155,0.002427932107821107,26.1476346158809,0.9881330132484436,,
fresh_ulong,fee5d9ad-e77d-44cd-b576-d588d7a0ce9d,0,3,uniform_2x,52,3,1786,0.0023384951055049896,26.310635347374735,0.988715410232544,,
fresh_ulong,fee5d9ad-e77d-44cd-b576-d588d7a0ce9d,0,3,uniform_2x,53,4,923,0.002208285266533494,26.559448251099663,0.9891804456710815,,
fresh_ulong,fee5d9ad-e77d-44cd-b576-d588d7a0ce9d,0,3,uniform_2x,54,3,172,0.0023925863206386566,26.211323846270766,0.9884873032569885,,
fresh_ulong,fee5d9ad-e77d-44cd-b576-d588d7a0ce9d,0,3,uniform_2x,55,4,170,0.002537948777899146,25.95517147292628,0.9875164031982422,,
fresh_ulong,fee5d9ad-e77d-44cd-b576-d588d7a0ce9d,0,3,uniform_2x,56,3,1693,0.00240521808154881,26.18845539947379,0.9883327484130859,,
fresh_ulong,fee5d9ad-e77d-44cd-b576-d588d7a0ce9d,0,3,uniform_2x,57,5,1545,0.002186568221077323,26.602369680903443,0.989267885684967,,
fresh_ulong,fee5d9ad-e77d-44cd-b576-d588d7a0ce9d,0,3,uniform_2x,58,3,144,0.0023328650277107954,26.321103874026033,0.9887293577194214,,
fresh_ulong,fee5d9ad-e77d-44cd-b576-d588d7a0ce9d,0,3,uniform_2x,59,4,129,0.0025036651641130447,26.01423753377562,0.9877147078514099,,
fresh_ulong,fee5d9ad-e77d-44cd-b576-d588d7a0ce9d,0,3,uniform_2x,60,3,1751,0.002405809937044978,26.18738685621703,0.9883465766906738,,
fresh_ulong,fee5d9ad-e77d-44cd-b576-d588d7a0ce9d,0,3,uniform_2x,61,4,846,0.002291156677529216,26.39945211177355,0.9887852072715759,,
fresh_ulong,fee5d9ad-e77d-44cd-b576-d588d7a0ce9d,0,3,uniform_2x,62,3,173,0.0024368823505938053,26.131654374633165,0.9882764220237732,,
fresh_ulong,fee5d9ad-e77d-44cd-b576-d588d7a0ce9d,0,3,uniform_2x,63,4,182,0.002607639878988266,25.83752385856995,0.9872267246246338,,
fresh_ulong,fee5d9ad-e77d-44cd-b576-d588d7a0ce9d,0,3,uniform_4x,0,3,7975,0.007518589496612549,21.238636263357993,0.9715078473091125,,
fresh_ulong,fee5d9ad-e77d-44cd-b576-d588d7a0ce9d,0,3,uniform_4x,1,5,5810,0.005805617664009333,22.36151568552305,0.9761633276939392,,
fresh_ulong,fee5d9ad-e77d-44cd-b576-d588d7a0ce9d,0,3,uniform_4x,2,3,1408,0.005592185538262129,22.52418427944297,0.9761142730712891,,
fresh_ulong,fee5d9ad-e77d-44cd-b576-d588d7a0ce9d,0,3,uniform_4x,3,4,1224,0.005594739690423012,22.522201153273784,0.9749533534049988,,
fresh_ulong,fee5d9ad-e77d-44cd-b576-d588d7a0ce9d,0,3,uniform_4x,4,3,1900,0.005289846565574408,22.765569246927463,0.9740355610847473,,
fresh_ulong,fee5d9ad-e77d-44cd-b576-d588d7a0ce9d,0,3,uniform_4x,5,4,2368,0.005057023838162422,22.961049991540886,0.9729875326156616,,
fresh_ulong,fee5d9ad-e77d-44cd-b576-d588d7a0ce9d,0,3,uniform_4x,6,3,1895,0.004961525090038776,23.04384808110214,0.9708482623100281,,
fresh_ulong,fee5d9ad-e77d-44cd-b576-d588d7a0ce9d,0,3,uniform_4x,7,4,1875,0.0047721536830067635,23.21285578705158,0.9693877100944519,,
fresh_ulong,fee5d9ad-e77d-44cd-b576-d588d7a0ce9d,0,3,uniform_4x,8,3,1434,0.004648869391530752,23.32652655007336,0.9671041369438171,,
fresh_ulong,fee5d9ad-e77d-44cd-b576-d588d7a0ce9d,0,3,uniform_4x,9,5,2506,0.00438047107309103,23.584791832303363,0.9661027789115906,,
fresh_ulong,fee5d9ad-e77d-44cd-b576-d588d7a0ce9d,0,3,uniform_4x,10,3,558,0.004462098702788353,23.50460827238595,0.9622931480407715,,
fresh_ulong,fee5d9ad-e77d-44cd-b576-d588d7a0ce9d,0,3,uniform_4x,11,4,495,0.004691217094659805,23.287144688155337,0.9575715661048889,,
fresh_ulong,fee5d9ad-e77d-44cd-b576-d588d7a0ce9d,0,3,uniform_4x,12,3,2326,0.004129193257540464,23.841347904797935,0.9592241048812866,,
fresh_ulong,fee5d9ad-e77d-44cd-b576-d588d7a0ce9d,0,3,uniform_4x,13,4,1667,0.00399228697642684,23.987782479961265,0.9581072330474854,,
fresh_ulong,fee5d9ad-e77d-44cd-b576-d588d7a0ce9d,0,3,uniform_4x,14,3,833,0.0040316334925591946,23.945189555788765,0.9551552534103394,,
fresh_ulong,fee5d9ad-e77d-44cd-b576-d588d7a0ce9d,0,3,uniform_4x,15,4,758,0.004144781734794378,23.824983345636998,0.9522590041160583,,
fresh_ulong,fee5d9ad-e77d-44cd-b576-d588d7a0ce9d,0,3,uniform_4x,16,3,2738,0.003618379356339574,24.414859030018526,0.9572980403900146,,
fresh_ulong,fee5d9ad-e77d-44cd-b576-d588d7a0ce9d,0,3,uniform_4x,17,5,3570,0.00301179988309741,25.211738879008827,0.9648932218551636,,
fresh_ulong,fee5d9ad-e77d-44cd-b576-d588d7a0ce9d,0,3,uniform_4x,18,3,523,0.003134744940325618,25.037977899259218,0.9638925790786743,,
fresh_ulong,fee5d9ad-e77d-44cd-b576-d588d7a0ce9d,0,3,uniform_4x,19,4,516,0.0033981504384428263,24.68757398527785,0.9619362354278564,,
fresh_ulong,fee5d9ad-e77d-44cd-b576-d588d7a0ce9d,0,3,uniform_4x,20,3,3044,0.002986370353028178,25.248563344868472,0.9684466123580933,,
fresh_ulong,fee5d9ad-e77d-44cd-b576-d588d7a0ce9d,0,3,uniform_4x,21,4,2415,0.002664513187482953,25.74382125962794,0.9739757776260376,,
fresh_ulong,fee5d9ad-e77d-44cd-b576-d588d7a0ce9d,0,3,uniform_4x,22,3,618,0.0028051487170159817,25.52044109357084,0.9744687676429749,,
fresh_ulong,fee5d9ad-e77d-44cd-b576-d588d7a0ce9d,0,3,uniform_4x,23,4,675,0.0030550085939466953,25.149875637198306,0.9741083383560181,,
fresh_ulong,fee5d9ad-e77d-44cd-b576-d588d7a0ce9d,0,3,uniform_4x,24,3,2949,0.002635587239637971,25.791226037835663,0.9800896644592285,,
fresh_ulong,fee5d9ad-e77d-44cd-b576-d588d7a0ce9d,0,3,uniform_4x,25,5,3915,0.0021808850578963757,26.613672230213847,0.9852677583694458,,
fresh_ulong,fee5d9ad-e77d-44cd-b576-d588d7a0ce9d,0,3,uniform_4x,26,3,412,0.0023806521203368902,26.233040624935576,0.985043466091156,,
fresh_ulong,fee5d9ad-e77d-44cd-b576-d588d7a0ce9d,0,3,uniform_4x,27,4,719,0.0027168611995875835,25.65932548476841,0.9844997525215149,,
fresh_ulong,fee5d9ad-e77d-44cd-b576-d588d7a0ce9d,0,3,uniform_4x,28,3,2708,0.0025551128201186657,25.925899189839683,0.9870797395706177,,
fresh_ulong,fee5d9ad-e77d-44cd-b576-d588d7a0ce9d,0,3,uniform_4x,29,4,1861,0.0023089710157364607,26.365815187002866,0.9887735843658447,,
fresh_ulong,fee5d9ad-e77d-44cd-b576-d588d7a0ce9d,0,3,uniform_4x,30,3,333,0.00237120664678514,26.250305963179798,0.988586962223053,,
fresh_ulong,fee5d9ad-e77d-44cd-b576-d588d7a0ce9d,0,3,uniform_4x,31,4,364,0.0024596715811640024,26.09122876640489,0.9880794882774353,,
fresh_ulong,fee5d9ad-e77d-44cd-b576-d588d7a0ce9d,0,3,uniform_4x,32,3,1717,0.0023228232748806477,26.339838309504103,0.9889349937438965,,
fresh_ulong,fee5d9ad-e77d-44cd-b576-d588d7a0ce9d,0,3,uniform_4x,33,5,2101,0.002077231416478753,26.82515117667495,0.9900406002998352,,
fresh_ulong,fee5d9ad-e77d-44cd-b576-d588d7a0ce9d,0,3,uniform_4x,34,3,199,0.0022294064983725548,26.518107373051222,0.9894064664840698,,
fresh_ulong,fee5d9ad-e77d-44cd-b576-d588d7a0ce9d,0,3,uniform_4x,35,4,196,0.0023683325853198767,26.255573096235917,0.9885804653167725,,
fresh_ulong,fee5d9ad-e77d-44cd-b576-d588d7a0ce9d,0,3,uniform_4x,36,3,1772,0.0022581620141863823,26.462449023831578,0.9892998337745667,,
fresh_ulong,fee5d9ad-e77d-44cd-b576-d588d7a0ce9d,0,3,uniform_4x,37,4,920,0.002132895402610302,26.71030441870308,0.9897641539573669,,
fresh_ulong,fee5d9ad-e77d-44cd-b576-d588d7a0ce9d,0,3,uniform_4x,38,3,200,0.0022928868420422077,26.396173779300266,0.9890475869178772,,
fresh_ulong,fee5d9ad-e77d-44cd-b576-d588d7a0ce9d,0,3,uniform_4x,39,4,195,0.0024467860348522663,26.11404006923584,0.9881720542907715,,
fresh_ulong,fee5d9ad-e77d-44cd-b576-d588d7a0ce9d,0,3,uniform_4x,40,3,1711,0.002315417630597949,26.353706641250966,0.9889607429504395,,
fresh_ulong,fee5d9ad-e77d-44cd-b576-d588d7a0ce9d,0,3,uniform_4x,41,5,1672,0.0021056400146335363,26.766158748511803,0.9898334741592407,,
fresh_ulong,fee5d9ad-e77d-44cd-b576-d588d7a0ce9d,0,3,uniform_4x,42,3,148,0.0022483039647340775,26.481449736712214,0.9892532825469971,,
fresh_ulong,fee5d9ad-e77d-44cd-b576-d588d7a0ce9d,0,3,uniform_4x,43,4,151,0.0024036928080022335,26.191210359680362,0.98826664686203,,
fresh_ulong,fee5d9ad-e77d-44cd-b576-d588d7a0ce9d,0,3,uniform_4x,44,3,1724,0.002298337174579501,26.38586258364159,0.988940417766571,,
fresh_ulong,fee5d9ad-e77d-44cd-b576-d588d7a0ce9d,0,3,uniform_4x,45,4,862,0.002183288335800171,26.608889054370696,0.9893695116043091,,
fresh_ulong,fee5d9ad-e77d-44cd-b576-d588d7a0ce9d,0,3,uniform_4x,46,3,140,0.002347729867324233,26.29351875005145,0.9887178540229797,,
fresh_ulong,fee5d9ad-e77d-44cd-b576-d588d7a0ce9d,0,3,uniform_4x,47,4,182,0.0024999657180160284,26.020659467593823,0.9877617955207825,,
fresh_ulong,fee5d9ad-e77d-44cd-b576-d588d7a0ce9d,0,3,uniform_4x,48,3,1687,0.0023461286909878254,26.29648169435746,0.988695502281189,,
fresh_ulong,fee5d9ad-e77d-44cd-b576-d588d7a0ce9d,0,3,uniform_4x,49,5,1559,0.0021370353642851114,26.70188290944587,0.9896001815795898,,
fresh_ulong,fee5d9ad-e77d-44cd-b576-d588d7a0ce9d,0,3,uniform_4x,50,3,140,0.0022864474449306726,26.408387766313936,0.9889952540397644,,
fresh_ulong,fee5d9ad-e77d-44cd-b576-d588d7a0ce9d,0,3,uniform_4x,51,4,164,0.0024943866301327944,26.030362299595602,0.9878461956977844,,
fresh_ulong,fee5d9ad-e77d-44cd-b576-d588d7a0ce9d,0,3,uniform_4x,52,3,1831,0.00238912389613688,26.21761327850219,0.9884734749794006,,
fresh_ulong,fee5d9ad-e77d-44cd-b576-d588d7a0ce9d,0,3,uniform_4x,53,4,923,0.0022602700628340244,26.458396671395718,0.988919198513031,,
fresh_ulong,fee5d9ad-e77d-44cd-b576-d588d7a0ce9d,0,3,uniform_4x,54,3,189,0.002418560441583395,26.16443054805132,0.9882993698120117,,
fresh_ulong,fee5d9ad-e77d-44cd-b576-d588d7a0ce9d,0,3,uniform_4x,55,4,178,0.002574609825387597,25.89288577698664,0.9872923493385315,,
fresh_ulong,fee5d9ad-e77d-44cd-b576-d588d7a0ce9d,0,3,uniform_4x,56,3,1667,0.0024456651881337166,26.116029981986145,0.9881085157394409,,
fresh_ulong,fee5d9ad-e77d-44cd-b576-d588d7a0ce9d,0,3,uniform_4x,57,5,1575,0.0022145176772028208,26.547208486458743,0.9891253113746643,,
fresh_ulong,fee5d9ad-e77d-44cd-b576-d588d7a0ce9d,0,3,uniform_4x,58,3,149,0.0023707502987235785,26.25114186045956,0.9885234236717224,,
fresh_ulong,fee5d9ad-e77d-44cd-b576-d588d7a0ce9d,0,3,uniform_4x,59,4,142,0.002541710389778018,25.94873935798806,0.9874785542488098,,
fresh_ulong,fee5d9ad-e77d-44cd-b576-d588d7a0ce9d,0,3,uniform_4x,60,3,1775,0.0024445976596325636,26.117926083521468,0.9881400465965271,,
fresh_ulong,fee5d9ad-e77d-44cd-b576-d588d7a0ce9d,0,3,uniform_4x,61,4,839,0.0023229012731462717,26.339692479866503,0.9885802268981934,,
fresh_ulong,fee5d9ad-e77d-44cd-b576-d588d7a0ce9d,0,3,uniform_4x,62,3,169,0.0024910015054047108,26.03626010003132,0.9879786372184753,,
fresh_ulong,fee5d9ad-e77d-44cd-b576-d588d7a0ce9d,0,3,uniform_4x,63,4,196,0.002631561364978552,25.79786498281765,0.9871073365211487,,
fresh_ulong,0834e99f-94bc-4568-a7c2-f7022dade8e1,1,1,baseline,0,1,5076,0.0015977397561073303,27.964939582452626,0.9731715321540833,0.1798853576183319,0.08330947160720825
fresh_ulong,0834e99f-94bc-4568-a7c2-f7022dade8e1,1,1,baseline,1,3,5752,0.0011714575812220573,29.312734326963167,0.9804643392562866,0.13120678067207336,0.07020002603530884
fresh_ulong,0834e99f-94bc-4568-a7c2-f7022dade8e1,1,1,baseline,2,1,1513,0.0012327904114499688,29.091107521859403,0.9793398976325989,0.1283010095357895,0.06764686107635498
fresh_ulong,0834e99f-94bc-4568-a7c2-f7022dade8e1,1,1,baseline,3,2,857,0.001169408904388547,29.32033603578872,0.9805371165275574,0.12617579102516174,0.06930887699127197
fresh_ulong,0834e99f-94bc-4568-a7c2-f7022dade8e1,1,1,baseline,4,1,1200,0.0011371326399967074,29.441888743985594,0.9809640049934387,0.1229517012834549,0.06555426120758057
fresh_ulong,0834e99f-94bc-4568-a7c2-f7022dade8e1,1,1,baseline,5,2,913,0.0011079038958996534,29.554979104475315,0.9815737009048462,0.12041269242763519,0.06594675779342651
fresh_ulong,0834e99f-94bc-4568-a7c2-f7022dade8e1,1,1,baseline,6,1,720,0.0010444375220686197,29.811175342690163,0.9823004603385925,0.11954104155302048,0.06622397899627686
fresh_ulong,0834e99f-94bc-4568-a7c2-f7022dade8e1,1,1,baseline,7,2,631,0.001131068216636777,29.465112012500462,0.9811925292015076,0.11986355483531952,0.06356048583984375
fresh_ulong,0834e99f-94bc-4568-a7c2-f7022dade8e1,1,1,baseline,8,1,400,0.0011336591560393572,29.455175000302226,0.9810627698898315,0.1275867521762848,0.07064127922058105
fresh_ulong,0834e99f-94bc-4568-a7c2-f7022dade8e1,1,1,baseline,9,3,654,0.0012033896055072546,29.195937441243515,0.9802208542823792,0.12465304136276245,0.06637203693389893
fresh_ulong,0834e99f-94bc-4568-a7c2-f7022dade8e1,1,1,baseline,10,1,176,0.0011558558326214552,29.37096331141686,0.9807024002075195,0.1299760639667511,0.06928414106369019
fresh_ulong,0834e99f-94bc-4568-a7c2-f7022dade8e1,1,1,baseline,11,2,193,0.0012410110794007778,29.062243412239603,0.9796672463417053,0.13003960251808167,0.0713498592376709
fresh_ulong,0834e99f-94bc-4568-a7c2-f7022dade8e1,1,1,baseline,12,1,236,0.0011624725302681327,29.34617300884394,0.9806304574012756,0.1327497810125351,0.07196366786956787
fresh_ulong,0834e99f-94bc-4568-a7c2-f7022dade8e1,1,1,baseline,13,2,236,0.0013068793341517448,28.837645095359555,0.9785805344581604,0.1326875239610672,0.07210290431976318
fresh_ulong,0834e99f-94bc-4568-a7c2-f7022dade8e1,1,1,baseline,14,1,328,0.0012641248758882284,28.982100223903366,0.9788917899131775,0.13347649574279785,0.0716773271560669
fresh_ulong,0834e99f-94bc-4568-a7c2-f7022dade8e1,1,1,baseline,15,2,319,0.0014311826089397073,28.443049497516174,0.9764597415924072,0.13922218978405,0.0754433274269104
fresh_ulong,0834e99f-94bc-4568-a7c2-f7022dade8e1,1,1,baseline,16,1,671,0.0012130627874284983,29.16116719720382,0.9796522855758667,0.1310119330883026,0.07453930377960205
fresh_ulong,0834e99f-94bc-4568-a7c2-f7022dade8e1,1,1,baseline,17,3,1188,0.0012965183705091476,28.87221325285505,0.9785431027412415,0.12772640585899353,0.07052880525588989
fresh_ulong,0834e99f-94bc-4568-a7c2-f7022dade8e1,1,1,baseline,18,1,344,0.0012259786017239094,29.115171099434846,0.9790508151054382,0.1328078955411911,0.0754510760307312
fresh_ulong,0834e99f-94bc-4568-a7c2-f7022dade8e1,1,1,baseline,19,2,264,0.0014488424640148878,28.38978833803132,0.975736677646637,0.1432303786277771,0.08138412237167358
fresh_ulong,0834e99f-94bc-4568-a7c2-f7022dade8e1,1,1,baseline,20,1,1128,0.001239852630533278,29.066299322165445,0.9790369272232056,0.1331227570772171,0.07685184478759766
fresh_ulong,0834e99f-94bc-4568-a7c2-f7022dade8e1,1,1,baseline,21,2,707,0.0013372302055358887,28.73793822066456,0.977581799030304,0.13357508182525635,0.07770437002182007
fresh_ulong,0834e99f-94bc-4568-a7c2-f7022dade8e1,1,1,baseline,22,1,490,0.0012940270826220512,28.88056634246739,0.9778741002082825,0.13610747456550598,0.07776832580566406
fresh_ulong,0834e99f-94bc-4568-a7c2-f7022dade8e1,1,1,baseline,23,2,424,0.0014355628518387675,28.429777884623523,0.9755355715751648,0.14673066139221191,0.08523368835449219
fresh_ulong,0834e99f-94bc-4568-a7c2-f7022dade8e1,1,1,baseline,24,1,1145,0.0012692566961050034,28.964505367484254,0.9783929586410522,0.13537171483039856,0.07854253053665161
fresh_ulong,0834e99f-94bc-4568-a7c2-f7022dade8e1,1,1,baseline,25,3,1568,0.0012794160284101963,28.929882127817375,0.9785429239273071,0.13132713735103607,0.07830125093460083
fresh_ulong,0834e99f-94bc-4568-a7c2-f7022dade8e1,1,1,baseline,26,1,447,0.0011726522352546453,29.308307642723296,0.979884684085846,0.12984628975391388,0.0784335732460022
fresh_ulong,0834e99f-94bc-4568-a7c2-f7022dade8e1,1,1,baseline,27,2,310,0.0013078852789476514,28.834303484467874,0.9774835705757141,0.13604362308979034,0.07873982191085815
fresh_ulong,0834e99f-94bc-4568-a7c2-f7022dade8e1,1,1,baseline,28,1,1188,0.0011544812005013227,29.376131347130354,0.9798376560211182,0.12883293628692627,0.07868921756744385
fresh_ulong,0834e99f-94bc-4568-a7c2-f7022dade8e1,1,1,baseline,29,2,604,0.0012912135571241379,28.890019227139394,0.9781683683395386,0.13406240940093994,0.08135378360748291
fresh_ulong,0834e99f-94bc-4568-a7c2-f7022dade8e1,1,1,baseline,30,1,326,0.0012356583029031754,29.081016082762538,0.9786940217018127,0.1364261955022812,0.08520448207855225
fresh_ulong,0834e99f-94bc-4568-a7c2-f7022dade8e1,1,1,baseline,31,2,229,0.0012903399765491486,28.89295847463319,0.9777933359146118,0.13731315732002258,0.0871196985244751
fresh_ulong,0834e99f-94bc-4568-a7c2-f7022dade8e1,1,1,baseline,32,1,1334,0.0011085246223956347,29.55254655953377,0.9805948734283447,0.12899287045001984,0.08022868633270264
fresh_ulong,0834e99f-94bc-4568-a7c2-f7022dade8e1,1,1,baseline,33,3,1047,0.001231697271578014,29.094960206121062,0.9793136715888977,0.12662816047668457,0.07784432172775269
fresh_ulong,0834e99f-94bc-4568-a7c2-f7022dade8e1,1,1,baseline,34,1,258,0.0011399962240830064,29.430965871395188,0.9802069664001465,0.12816807627677917,0.07942402362823486
fresh_ulong,0834e99f-94bc-4568-a7c2-f7022dade8e1,1,1,baseline,35,2,179,0.0012962239561602473,28.873199563961673,0.9778715968132019,0.1409958451986313,0.0871436595916748
fresh_ulong,0834e99f-94bc-4568-a7c2-f7022dade8e1,1,1,baseline,36,1,1278,0.0011142092989757657,29.530332213235244,0.9806579947471619,0.1295562982559204,0.08001148700714111
fresh_ulong,0834e99f-94bc-4568-a7c2-f7022dade8e1,1,1,baseline,37,2,441,0.0012680892832577229,28.968501676994865,0.9786913394927979,0.1329469531774521,0.08032047748565674
fresh_ulong,0834e99f-94bc-4568-a7c2-f7022dade8e1,1,1,baseline,38,1,273,0.0011726472293958068,29.30832618207747,0.9798484444618225,0.13176071643829346,0.07985162734985352
fresh_ulong,0834e99f-94bc-4568-a7c2-f7022dade8e1,1,1,baseline,39,2,185,0.0012729481095448136,28.95189299565251,0.9783874750137329,0.1386163979768753,0.08224701881408691
fresh_ulong,0834e99f-94bc-4568-a7c2-f7022dade8e1,1,1,baseline,40,1,1248,0.001138900639489293,29.435141631937668,0.9804636240005493,0.1312885284423828,0.0774267315864563
fresh_ulong,0834e99f-94bc-4568-a7c2-f7022dade8e1,1,1,baseline,41,3,767,0.001248916843906045,29.034664771062516,0.9792258739471436,0.13114051520824432,0.07923394441604614
fresh_ulong,0834e99f-94bc-4568-a7c2-f7022dade8e1,1,1,baseline,42,1,285,0.0011522617423906922,29.38448857402186,0.9802097678184509,0.12781499326229095,0.07691138982772827
fresh_ulong,0834e99f-94bc-4568-a7c2-f7022dade8e1,1,1,baseline,43,2,197,0.0012847826583310962,28.911703340220726,0.9782888889312744,0.13150359690189362,0.07712721824645996
fresh_ulong,0834e99f-94bc-4568-a7c2-f7022dade8e1,1,1,baseline,44,1,1302,0.0011060243705287576,29.562353035290112,0.980922281742096,0.12394439429044724,0.07359391450881958
fresh_ulong,0834e99f-94bc-4568-a7c2-f7022dade8e1,1,1,baseline,45,2,704,0.0012582377530634403,29.002372880739603,0.9787595868110657,0.1289397031068802,0.07887810468673706
fresh_ulong,0834e99f-94bc-4568-a7c2-f7022dade8e1,1,1,baseline,46,1,346,0.0011515440419316292,29.38719447363575,0.9800382852554321,0.128644660115242,0.07945895195007324
fresh_ulong,0834e99f-94bc-4568-a7c2-f7022dade8e1,1,1,baseline,47,2,347,0.001264331629499793,28.981389972786722,0.9779223799705505,0.1324407458305359,0.07900869846343994
fresh_ulong,0834e99f-94bc-4568-a7c2-f7022dade8e1,1,1,baseline,48,1,1142,0.0011669178493320942,29.32959717080227,0.9793089628219604,0.12843118607997894,0.0764228105545044
fresh_ulong,0834e99f-94bc-4568-a7c2-f7022dade8e1,1,1,baseline,49,3,1711,0.0012153158895671368,29.15310823905179,0.9790634512901306,0.12377998977899551,0.07576644420623779
fresh_ulong,0834e99f-94bc-4568-a7c2-f7022dade8e1,1,1,baseline,50,1,253,0.0011227090144529939,29.49732790303812,0.9799973368644714,0.12932272255420685,0.0783504843711853
fresh_ulong,0834e99f-94bc-4568-a7c2-f7022dade8e1,1,1,baseline,51,2,328,0.0012644983362406492,28.98081737740676,0.9774345755577087,0.13316436111927032,0.08194196224212646
fresh_ulong,0834e99f-94bc-4568-a7c2-f7022dade8e1,1,1,baseline,52,1,1547,0.0010852864943444729,29.64455601457063,0.980153501033783,0.1257631629705429,0.07768917083740234
fresh_ulong,0834e99f-94bc-4568-a7c2-f7022dade8e1,1,1,baseline,53,2,877,0.0012638421030715108,28.98307180838581,0.9777470827102661,0.13587144017219543,0.08129572868347168
fresh_ulong,0834e99f-94bc-4568-a7c2-f7022dade8e1,1,1,baseline,54,1,250,0.0011759609915316105,29.296070842492924,0.9788283109664917,0.13249875605106354,0.07822006940841675
fresh_ulong,0834e99f-94bc-4568-a7c2-f7022dade8e1,1,1,baseline,55,2,189,0.0012779131066054106,28.934986756023093,0.9770475029945374,0.13824643194675446,0.08210575580596924
fresh_ulong,0834e99f-94bc-4568-a7c2-f7022dade8e1,1,1,baseline,56,1,1294,0.0011090799234807491,29.55037156216962,0.979985237121582,0.12790581583976746,0.07883155345916748
fresh_ulong,0834e99f-94bc-4568-a7c2-f7022dade8e1,1,1,baseline,57,3,1116,0.00121847924310714,29.141818646580116,0.9784808158874512,0.12999793887138367,0.07961428165435791
fresh_ulong,0834e99f-94bc-4568-a7c2-f7022dade8e1,1,1,baseline,58,1,208,0.0011298924218863249,29.469629041318257,0.9792442917823792,0.1284758597612381,0.0798799991607666
fresh_ulong,0834e99f-94bc-4568-a7c2-f7022dade8e1,1,1,baseline,59,2,167,0.0012397293467074633,29.06673118113034,0.9775047302246094,0.1336030662059784,0.08335018157958984
fresh_ulong,0834e99f-94bc-4568-a7c2-f7022dade8e1,1,1,baseline,60,1,1562,0.0011073935311287642,29.556980177604114,0.9796637296676636,0.1303131878376007,0.07819724082946777
fresh_ulong,0834e99f-94bc-4568-a7c2-f7022dade8e1,1,1,baseline,61,2,529,0.0012304442934691906,29.09938043551248,0.9779987335205078,0.1333179771900177,0.08050453662872314
fresh_ulong,0834e99f-94bc-4568-a7c2-f7022dade8e1,1,1,baseline,62,1,238,0.0011393595486879349,29.433392036027644,0.9789464473724365,0.132195383310318,0.07857942581176758
fresh_ulong,0834e99f-94bc-4568-a7c2-f7022dade8e1,1,1,baseline,63,2,233,0.0012575344881042838,29.004800955062354,0.9768757820129395,0.13891957700252533,0.08350670337677002
fresh_ulong,0834e99f-94bc-4568-a7c2-f7022dade8e1,1,1,uniform_2x,0,1,5076,0.0015977397561073303,27.964939582452626,0.9731715321540833,,
fresh_ulong,0834e99f-94bc-4568-a7c2-f7022dade8e1,1,1,uniform_2x,1,3,4734,0.0013324633473530412,28.753447284636803,0.9778634309768677,,
fresh_ulong,0834e99f-94bc-4568-a7c2-f7022dade8e1,1,1,uniform_2x,2,1,1354,0.001378274871967733,28.606641616196878,0.9770245552062988,,
fresh_ulong,0834e99f-94bc-4568-a7c2-f7022dade8e1,1,1,uniform_2x,3,2,825,0.0012937779538333416,28.881402535743387,0.9784087538719177,,
fresh_ulong,0834e99f-94bc-4568-a7c2-f7022dade8e1,1,1,uniform_2x,4,1,1167,0.0012501184828579426,29.030488237816428,0.9790229201316833,,
fresh_ulong,0834e99f-94bc-4568-a7c2-f7022dade8e1,1,1,uniform_2x,5,2,911,0.001239686505869031,29.066881261155952,0.9793952107429504,,
fresh_ulong,0834e99f-94bc-4568-a7c2-f7022dade8e1,1,1,uniform_2x,6,1,779,0.0011965719750151038,29.22061173012295,0.9798309803009033,,
fresh_ulong,0834e99f-94bc-4568-a7c2-f7022dade8e1,1,1,uniform_2x,7,2,649,0.0012576549779623747,29.004384858531736,0.9790756702423096,,
fresh_ulong,0834e99f-94bc-4568-a7c2-f7022dade8e1,1,1,uniform_2x,8,1,387,0.001244143582880497,29.05129496128861,0.9791865348815918,,
fresh_ulong,0834e99f-94bc-4568-a7c2-f7022dade8e1,1,1,uniform_2x,9,3,604,0.0012996876612305641,28.861610040792982,0.978563129901886,,
fresh_ulong,0834e99f-94bc-4568-a7c2-f7022dade8e1,1,1,uniform_2x,10,1,211,0.001273283502086997,28.950748880321303,0.9787556529045105,,
fresh_ulong,0834e99f-94bc-4568-a7c2-f7022dade8e1,1,1,uniform_2x,11,2,239,0.0013560299994423985,28.677307024688247,0.9777676463127136,,
fresh_ulong,0834e99f-94bc-4568-a7c2-f7022dade8e1,1,1,uniform_2x,12,1,262,0.0012558326125144958,29.01068243007897,0.9789708852767944,,
fresh_ulong,0834e99f-94bc-4568-a7c2-f7022dade8e1,1,1,uniform_2x,13,2,270,0.001394484075717628,28.555864407865652,0.9770886898040771,,
fresh_ulong,0834e99f-94bc-4568-a7c2-f7022dade8e1,1,1,uniform_2x,14,1,349,0.0013323626480996609,28.753775509670408,0.9777000546455383,,
fresh_ulong,0834e99f-94bc-4568-a7c2-f7022dade8e1,1,1,uniform_2x,15,2,343,0.001479286584071815,28.299476814296575,0.9755930304527283,,
fresh_ulong,0834e99f-94bc-4568-a7c2-f7022dade8e1,1,1,uniform_2x,16,1,733,0.0013105041580274701,28.825615967658194,0.9779976010322571,,
fresh_ulong,0834e99f-94bc-4568-a7c2-f7022dade8e1,1,1,uniform_2x,17,3,1076,0.0014025040436536074,28.53095877926406,0.9766272306442261,,
fresh_ulong,0834e99f-94bc-4568-a7c2-f7022dade8e1,1,1,uniform_2x,18,1,342,0.0013658845564350486,28.645860053557456,0.9766799211502075,,
fresh_ulong,0834e99f-94bc-4568-a7c2-f7022dade8e1,1,1,uniform_2x,19,2,328,0.0015834822552278638,28.00386799042812,0.9733849167823792,,
fresh_ulong,0834e99f-94bc-4568-a7c2-f7022dade8e1,1,1,uniform_2x,20,1,1159,0.0013355729170143604,28.74332396229281,0.9773091077804565,,
fresh_ulong,0834e99f-94bc-4568-a7c2-f7022dade8e1,1,1,uniform_2x,21,2,701,0.0014630135847255588,28.347516412404055,0.9754641056060791,,
fresh_ulong,0834e99f-94bc-4568-a7c2-f7022dade8e1,1,1,uniform_2x,22,1,499,0.0013968058628961444,28.548639507446765,0.9760740995407104,,
fresh_ulong,0834e99f-94bc-4568-a7c2-f7022dade8e1,1,1,uniform_2x,23,2,414,0.0015249386196956038,28.167476367525907,0.974023163318634,,
fresh_ulong,0834e99f-94bc-4568-a7c2-f7022dade8e1,1,1,uniform_2x,24,1,1091,0.0013488557888194919,28.70034479881701,0.9768698811531067,,
fresh_ulong,0834e99f-94bc-4568-a7c2-f7022dade8e1,1,1,uniform_2x,25,3,1432,0.001367639866657555,28.640282480209265,0.9768733382225037,,
fresh_ulong,0834e99f-94bc-4568-a7c2-f7022dade8e1,1,1,uniform_2x,26,1,410,0.00126343232113868,28.9844801717362,0.9781283736228943,,
fresh_ulong,0834e99f-94bc-4568-a7c2-f7022dade8e1,1,1,uniform_2x,27,2,327,0.0013902016216889024,28.56922209215727,0.975852906703949,,
fresh_ulong,0834e99f-94bc-4568-a7c2-f7022dade8e1,1,1,uniform_2x,28,1,1194,0.0012765100691467524,28.939757551193278,0.9777401685714722,,
fresh_ulong,0834e99f-94bc-4568-a7c2-f7022dade8e1,1,1,uniform_2x,29,2,613,0.0014355944003909826,28.429682443232224,0.9756757616996765,,
fresh_ulong,0834e99f-94bc-4568-a7c2-f7022dade8e1,1,1,uniform_2x,30,1,335,0.001341578783467412,28.723838185414216,0.9767345786094666,,
fresh_ulong,0834e99f-94bc-4568-a7c2-f7022dade8e1,1,1,uniform_2x,31,2,272,0.001372729311697185,28.624150927895613,0.9763015508651733,,
fresh_ulong,0834e99f-94bc-4568-a7c2-f7022dade8e1,1,1,uniform_2x,32,1,1330,0.0012009093770757318,29.204897640549497,0.9789363741874695,,
fresh_ulong,0834e99f-94bc-4568-a7c2-f7022dade8e1,1,1,uniform_2x,33,3,892,0.0013437640154734254,28.716769930204855,0.9772395491600037,,
fresh_ulong,0834e99f-94bc-4568-a7c2-f7022dade8e1,1,1,uniform_2x,34,1,261,0.0012525145430117846,29.022172228155263,0.9781206846237183,,
fresh_ulong,0834e99f-94bc-4568-a7c2-f7022dade8e1,1,1,uniform_2x,35,2,211,0.0014097130624577403,28.508692760486646,0.9757292866706848,,
fresh_ulong,0834e99f-94bc-4568-a7c2-f7022dade8e1,1,1,uniform_2x,36,1,1155,0.001249383669346571,29.03304175001988,0.9782341718673706,,
fresh_ulong,0834e99f-94bc-4568-a7c2-f7022dade8e1,1,1,uniform_2x,37,2,443,0.001391736906953156,28.56442855715109,0.9764612317085266,,
fresh_ulong,0834e99f-94bc-4568-a7c2-f7022dade8e1,1,1,uniform_2x,38,1,274,0.0013140771770849824,28.81379127471933,0.9773813486099243,,
fresh_ulong,0834e99f-94bc-4568-a7c2-f7022dade8e1,1,1,uniform_2x,39,2,228,0.0014085998991504312,28.512123470372646,0.9759712815284729,,
fresh_ulong,0834e99f-94bc-4568-a7c2-f7022dade8e1,1,1,uniform_2x,40,1,1258,0.0012705508852377534,28.960079368824605,0.9781139492988586,,
fresh_ulong,0834e99f-94bc-4568-a7c2-f7022dade8e1,1,1,uniform_2x,41,3,738,0.001367107150144875,28.64197445276381,0.9771490693092346,,
fresh_ulong,0834e99f-94bc-4568-a7c2-f7022dade8e1,1,1,uniform_2x,42,1,258,0.0012499196454882622,29.03117905906153,0.9784687757492065,,
fresh_ulong,0834e99f-94bc-4568-a7c2-f7022dade8e1,1,1,uniform_2x,43,2,210,0.0013733496889472008,28.62218866518649,0.9766843318939209,,
fresh_ulong,0834e99f-94bc-4568-a7c2-f7022dade8e1,1,1,uniform_2x,44,1,1259,0.0012070031370967627,29.18291601135424,0.9790767431259155,,
fresh_ulong,0834e99f-94bc-4568-a7c2-f7022dade8e1,1,1,uniform_2x,45,2,674,0.001382388873025775,28.593697705270415,0.9765757322311401,,
fresh_ulong,0834e99f-94bc-4568-a7c2-f7022dade8e1,1,1,uniform_2x,46,1,303,0.0012805090518668294,28.926173471745283,0.977810263633728,,
fresh_ulong,0834e99f-94bc-4568-a7c2-f7022dade8e1,1,1,uniform_2x,47,2,360,0.0013686182210221887,28.63717682345908,0.9760029315948486,,
fresh_ulong,0834e99f-94bc-4568-a7c2-f7022dade8e1,1,1,uniform_2x,48,1,1118,0.001291886204853654,28.88775739267139,0.9770359992980957,,
fresh_ulong,0834e99f-94bc-4568-a7c2-f7022dade8e1,1,1,uniform_2x,49,3,1475,0.0013548837741836905,28.68097958218073,0.9764708876609802,,
fresh_ulong,0834e99f-94bc-4568-a7c2-f7022dade8e1,1,1,uniform_2x,50,1,240,0.0012733208714053035,28.950621422056457,0.9772104620933533,,
fresh_ulong,0834e99f-94bc-4568-a7c2-f7022dade8e1,1,1,uniform_2x,51,2,340,0.001409743563272059,28.508598796740362,0.9747348427772522,,
fresh_ulong,0834e99f-94bc-4568-a7c2-f7022dade8e1,1,1,uniform_2x,52,1,1505,0.00123491114936769,29.083642883374758,0.9775299429893494,,
fresh_ulong,0834e99f-94bc-4568-a7c2-f7022dade8e1,1,1,uniform_2x,53,2,801,0.0014257850125432014,28.459459547822348,0.9749249219894409,,
fresh_ulong,0834e99f-94bc-4568-a7c2-f7022dade8e1,1,1,uniform_2x,54,1,218,0.001312725362367928,28.81826123936404,0.9762921333312988,,
fresh_ulong,0834e99f-94bc-4568-a7c2-f7022dade8e1,1,1,uniform_2x,55,2,213,0.0014252858236432076,28.460980344739482,0.9743877649307251,,
fresh_ulong,0834e99f-94bc-4568-a7c2-f7022dade8e1,1,1,uniform_2x,56,1,1241,0.001246022991836071,29.044739439245145,0.9774422645568848,,
fresh_ulong,0834e99f-94bc-4568-a7c2-f7022dade8e1,1,1,uniform_2x,57,3,1009,0.0013653633650392294,28.64751754168358,0.9758986830711365,,
fresh_ulong,0834e99f-94bc-4568-a7c2-f7022dade8e1,1,1,uniform_2x,58,1,191,0.00127901800442487,28.931233420206922,0.9765450954437256,,
fresh_ulong,0834e99f-94bc-4568-a7c2-f7022dade8e1,1,1,uniform_2x,59,2,188,0.0014184234896674752,28.481940852550686,0.9741814136505127,,
fresh_ulong,0834e99f-94bc-4568-a7c2-f7022dade8e1,1,1,uniform_2x,60,1,1562,0.001273946138098836,28.948489333985915,0.9765626192092896,,
fresh_ulong,0834e99f-94bc-4568-a7c2-f7022dade8e1,1,1,uniform_2x,61,2,527,0.00138002447783947,28.601132103405522,0.9752672910690308,,
fresh_ulong,0834e99f-94bc-4568-a7c2-f7022dade8e1,1,1,uniform_2x,62,1,213,0.0012874857056885958,28.90257584014948,0.976159930229187,,
fresh_ulong,0834e99f-94bc-4568-a7c2-f7022dade8e1,1,1,uniform_2x,63,2,241,0.0013939120108261704,28.557646397378083,0.9743242263793945,,
fresh_ulong,0834e99f-94bc-4568-a7c2-f7022dade8e1,1,1,uniform_4x,0,1,5076,0.0015977397561073303,27.964939582452626,0.9731715321540833,,
fresh_ulong,0834e99f-94bc-4568-a7c2-f7022dade8e1,1,1,uniform_4x,1,3,4718,0.0013402714394032955,28.728072369360262,0.97774738073349,,
fresh_ulong,0834e99f-94bc-4568-a7c2-f7022dade8e1,1,1,uniform_4x,2,1,1355,0.001385973417200148,28.582450993591344,0.9768933057785034,,
fresh_ulong,0834e99f-94bc-4568-a7c2-f7022dade8e1,1,1,uniform_4x,3,2,820,0.0013022723142057657,28.852981922723778,0.9782519936561584,,
fresh_ulong,0834e99f-94bc-4568-a7c2-f7022dade8e1,1,1,uniform_4x,4,1,1208,0.0012652872828766704,28.978108569363435,0.9788004159927368,,
fresh_ulong,0834e99f-94bc-4568-a7c2-f7022dade8e1,1,1,uniform_4x,5,2,912,0.0012458749115467072,29.045255595645756,0.9792933464050293,,
fresh_ulong,0834e99f-94bc-4568-a7c2-f7022dade8e1,1,1,uniform_4x,6,1,765,0.0011987879406660795,29.21257634535635,0.9797564148902893,,
fresh_ulong,0834e99f-94bc-4568-a7c2-f7022dade8e1,1,1,uniform_4x,7,2,626,0.0012612914433702826,28.99184550522071,0.9790050387382507,,
fresh_ulong,0834e99f-94bc-4568-a7c2-f7022dade8e1,1,1,uniform_4x,8,1,372,0.0012563754571601748,29.008805559761864,0.9790087342262268,,
fresh_ulong,0834e99f-94bc-4568-a7c2-f7022dade8e1,1,1,uniform_4x,9,3,604,0.0013145656557753682,28.812177182461895,0.978352427482605,,
fresh_ulong,0834e99f-94bc-4568-a7c2-f7022dade8e1,1,1,uniform_4x,10,1,201,0.0012705398257821798,28.960117171965656,0.9787429571151733,,
fresh_ulong,0834e99f-94bc-4568-a7c2-f7022dade8e1,1,1,uniform_4x,11,2,212,0.0013702457072213292,28.632015498344956,0.977497935295105,,
fresh_ulong,0834e99f-94bc-4568-a7c2-f7022dade8e1,1,1,uniform_4x,12,1,251,0.0012976231519132853,28.86851414475022,0.9783931374549866,,
fresh_ulong,0834e99f-94bc-4568-a7c2-f7022dade8e1,1,1,uniform_4x,13,2,260,0.0014223649632185698,28.469889541158796,0.9766772985458374,,
fresh_ulong,0834e99f-94bc-4568-a7c2-f7022dade8e1,1,1,uniform_4x,14,1,352,0.0013379023876041174,28.73575571225388,0.9776784181594849,,
fresh_ulong,0834e99f-94bc-4568-a7c2-f7022dade8e1,1,1,uniform_4x,15,2,362,0.0015100844902917743,28.209987529446092,0.9751800298690796,,
fresh_ulong,0834e99f-94bc-4568-a7c2-f7022dade8e1,1,1,uniform_4x,16,1,698,0.0013296172255650163,28.762733671163907,0.977708637714386,,
fresh_ulong,0834e99f-94bc-4568-a7c2-f7022dade8e1,1,1,uniform_4x,17,3,1015,0.001478500314988196,28.301785786132637,0.9754661321640015,,
fresh_ulong,0834e99f-94bc-4568-a7c2-f7022dade8e1,1,1,uniform_4x,18,1,369,0.0014056011568754911,28.52137894067944,0.976054847240448,,
fresh_ulong,0834e99f-94bc-4568-a7c2-f7022dade8e1,1,1,uniform_4x,19,2,295,0.0015841398853808641,28.002064712524337,0.9733405709266663,,
fresh_ulong,0834e99f-94bc-4568-a7c2-f7022dade8e1,1,1,uniform_4x,20,1,1107,0.001383690512739122,28.589610367867387,0.9765890836715698,,
fresh_ulong,0834e99f-94bc-4568-a7c2-f7022dade8e1,1,1,uniform_4x,21,2,678,0.0015007328474894166,28.236966116790796,0.9748907685279846,,
fresh_ulong,0834e99f-94bc-4568-a7c2-f7022dade8e1,1,1,uniform_4x,22,1,507,0.0014204260660335422,28.47581366621997,0.9756100177764893,,
fresh_ulong,0834e99f-94bc-4568-a7c2-f7022dade8e1,1,1,uniform_4x,23,2,453,0.0015558123122900724,28.080427959409242,0.9734588265419006,,
fresh_ulong,0834e99f-94bc-4568-a7c2-f7022dade8e1,1,1,uniform_4x,24,1,1103,0.0013609059387817979,28.661718907259157,0.976594865322113,,
fresh_ulong,0834e99f-94bc-4568-a7c2-f7022dade8e1,1,1,uniform_4x,25,3,1420,0.0014076688094064593,28.514995122154083,0.9761351943016052,,
fresh_ulong,0834e99f-94bc-4568-a7c2-f7022dade8e1,1,1,uniform_4x,26,1,458,0.0013036452000960708,28.848405900510237,0.9774032235145569,,
fresh_ulong,0834e99f-94bc-4568-a7c2-f7022dade8e1,1,1,uniform_4x,27,2,349,0.00142287474591285,28.468333286951083,0.9752359390258789,,
fresh_ulong,0834e99f-94bc-4568-a7c2-f7022dade8e1,1,1,uniform_4x,28,1,1228,0.0013017094461247325,28.85485943591656,0.977302610874176,,
fresh_ulong,0834e99f-94bc-4568-a7c2-f7022dade8e1,1,1,uniform_4x,29,2,635,0.0014816016191616654,28.292685560451105,0.9749570488929749,,
fresh_ulong,0834e99f-94bc-4568-a7c2-f7022dade8e1,1,1,uniform_4x,30,1,334,0.0014003481483086944,28.53763978541337,0.9757527709007263,,
fresh_ulong,0834e99f-94bc-4568-a7c2-f7022dade8e1,1,1,uniform_4x,31,2,279,0.0014276531292125583,28.453772984198658,0.9753954410552979,,
fresh_ulong,0834e99f-94bc-4568-a7c2-f7022dade8e1,1,1,uniform_4x,32,1,1325,0.0012504856567829847,29.029212853135085,0.9780703186988831,,
fresh_ulong,0834e99f-94bc-4568-a7c2-f7022dade8e1,1,1,uniform_4x,33,3,963,0.0013919648481532931,28.563717319997487,0.9765288829803467,,
fresh_ulong,0834e99f-94bc-4568-a7c2-f7022dade8e1,1,1,uniform_4x,34,1,275,0.0012729378649964929,28.95192794734202,0.9778817296028137,,
fresh_ulong,0834e99f-94bc-4568-a7c2-f7022dade8e1,1,1,uniform_4x,35,2,215,0.001434108940884471,28.43417856598547,0.9753916263580322,,
fresh_ulong,0834e99f-94bc-4568-a7c2-f7022dade8e1,1,1,uniform_4x,36,1,1201,0.0012502324534580112,29.030092318971406,0.9782262444496155,,
fresh_ulong,0834e99f-94bc-4568-a7c2-f7022dade8e1,1,1,uniform_4x,37,2,452,0.0013972055166959763,28.54739708272087,0.9764401912689209,,
fresh_ulong,0834e99f-94bc-4568-a7c2-f7022dade8e1,1,1,uniform_4x,38,1,304,0.0013212930643931031,28.79000844661998,0.9772987365722656,,
fresh_ulong,0834e99f-94bc-4568-a7c2-f7022dade8e1,1,1,uniform_4x,39,2,222,0.001401232206262648,28.534898893093768,0.9761720895767212,,
fresh_ulong,0834e99f-94bc-4568-a7c2-f7022dade8e1,1,1,uniform_4x,40,1,1238,0.0012645958922803402,28.980482332162047,0.9782577753067017,,
fresh_ulong,0834e99f-94bc-4568-a7c2-f7022dade8e1,1,1,uniform_4x,41,3,765,0.0013769742799922824,28.61074171697867,0.9770348072052002,,
fresh_ulong,0834e99f-94bc-4568-a7c2-f7022dade8e1,1,1,uniform_4x,42,1,277,0.001260295626707375,28.995275707646023,0.9783161282539368,,
fresh_ulong,0834e99f-94bc-4568-a7c2-f7022dade8e1,1,1,uniform_4x,43,2,219,0.00138102937489748,28.597970837528642,0.9766152501106262,,
fresh_ulong,0834e99f-94bc-4568-a7c2-f7022dade8e1,1,1,uniform_4x,44,1,1217,0.0012136005098000169,29.159242497861847,0.9789923429489136,,
fresh_ulong,0834e99f-94bc-4568-a7c2-f7022dade8e1,1,1,uniform_4x,45,2,674,0.001377635053358972,28.60865815304841,0.9766526222229004,,
fresh_ulong,0834e99f-94bc-4568-a7c2-f7022dade8e1,1,1,uniform_4x,46,1,362,0.001257722033187747,29.004153309032475,0.9781556129455566,,
fresh_ulong,0834e99f-94bc-4568-a7c2-f7022dade8e1,1,1,uniform_4x,47,2,371,0.0013687243917956948,28.6368399318995,0.9758676886558533,,
fresh_ulong,0834e99f-94bc-4568-a7c2-f7022dade8e1,1,1,uniform_4x,48,1,1104,0.001258786884136498,29.000477908436757,0.9775426387786865,,
fresh_ulong,0834e99f-94bc-4568-a7c2-f7022dade8e1,1,1,uniform_4x,49,3,1414,0.0013677080860361457,28.64006585475467,0.9762943983078003,,
fresh_ulong,0834e99f-94bc-4568-a7c2-f7022dade8e1,1,1,uniform_4x,50,1,270,0.0012823715806007385,28.919861152055653,0.977145254611969,,
fresh_ulong,0834e99f-94bc-4568-a7c2-f7022dade8e1,1,1,uniform_4x,51,2,357,0.0013766152551397681,28.611874220652197,0.9753530025482178,,
fresh_ulong,0834e99f-94bc-4568-a7c2-f7022dade8e1,1,1,uniform_4x,52,1,1450,0.0012362395646050572,29.078973613632723,0.977455735206604,,
fresh_ulong,0834e99f-94bc-4568-a7c2-f7022dade8e1,1,1,uniform_4x,53,2,855,0.001387265627272427,28.57840374244951,0.9754215478897095,,
fresh_ulong,0834e99f-94bc-4568-a7c2-f7022dade8e1,1,1,uniform_4x,54,1,261,0.0013028474058955908,28.851064474173448,0.9763908982276917,,
fresh_ulong,0834e99f-94bc-4568-a7c2-f7022dade8e1,1,1,uniform_4x,55,2,222,0.001401219516992569,28.534938222085092,0.9747940301895142,,
fresh_ulong,0834e99f-94bc-4568-a7c2-f7022dade8e1,1,1,uniform_4x,56,1,1196,0.0012377536622807384,29.073657799987302,0.9775738716125488,,
fresh_ulong,0834e99f-94bc-4568-a7c2-f7022dade8e1,1,1,uniform_4x,57,3,1022,0.0013575960183516145,28.67229444416411,0.975910484790802,,
fresh_ulong,0834e99f-94bc-4568-a7c2-f7022dade8e1,1,1,uniform_4x,58,1,190,0.0012688497081398964,28.965898158808262,0.9766892194747925,,
fresh_ulong,0834e99f-94bc-4568-a7c2-f7022dade8e1,1,1,uniform_4x,59,2,192,0.0014013404725119472,28.534563348292195,0.974446713924408,,
fresh_ulong,0834e99f-94bc-4568-a7c2-f7022dade8e1,1,1,uniform_4x,60,1,1477,0.0012503989273682237,29.029514075402624,0.9768761396408081,,
fresh_ulong,0834e99f-94bc-4568-a7c2-f7022dade8e1,1,1,uniform_4x,61,2,525,0.0013809289084747434,28.598286787362447,0.9751474857330322,,
fresh_ulong,0834e99f-94bc-4568-a7c2-f7022dade8e1,1,1,uniform_4x,62,1,231,0.0012906079646199942,28.892056590957456,0.9760842323303223,,
fresh_ulong,0834e99f-94bc-4568-a7c2-f7022dade8e1,1,1,uniform_4x,63,2,248,0.001409317716024816,28.509910886778105,0.9740986227989197,,
fresh_ulong,0834e99f-94bc-4568-a7c2-f7022dade8e1,1,3,baseline,0,3,7837,0.0010920932982116938,29.617402579978716,0.9816411137580872,0.12984858453273773,0.062172114849090576
fresh_ulong,0834e99f-94bc-4568-a7c2-f7022dade8e1,1,3,baseline,1,5,7105,0.0009554006392136216,30.198144724865614,0.9841369390487671,0.10319019109010696,0.05747181177139282
fresh_ulong,0834e99f-94bc-4568-a7c2-f7022dade8e1,1,3,baseline,2,3,1735,0.0010045852977782488,29.980131820798157,0.9833720326423645,0.10188035666942596,0.054244160652160645
fresh_ulong,0834e99f-94bc-4568-a7c2-f7022dade8e1,1,3,baseline,3,4,1687,0.0009181041968986392,30.37108027328006,0.9847884774208069,0.09736733138561249,0.05481314659118652
fresh_ulong,0834e99f-94bc-4568-a7c2-f7022dade8e1,1,3,baseline,4,3,1651,0.0009223408997058868,30.351085328533365,0.9847423434257507,0.09736627340316772,0.05558359622955322
fresh_ulong,0834e99f-94bc-4568-a7c2-f7022dade8e1,1,3,baseline,5,4,1513,0.0008693739655427635,30.607933694251575,0.9856379628181458,0.09434451162815094,0.053364336490631104
fresh_ulong,0834e99f-94bc-4568-a7c2-f7022dade8e1,1,3,baseline,6,3,1063,0.0008651022799313068,30.629325434209246,0.9855303168296814,0.0944383442401886,0.0542454719543457
fresh_ulong,0834e99f-94bc-4568-a7c2-f7022dade8e1,1,3,baseline,7,4,1407,0.0008555484237149358,30.677554045249504,0.9858095645904541,0.09262676537036896,0.05243867635726929
fresh_ulong,0834e99f-94bc-4568-a7c2-f7022dade8e1,1,3,baseline,8,3,1026,0.0008731724228709936,30.588999889318387,0.9855012893676758,0.09891889244318008,0.057553112506866455
fresh_ulong,0834e99f-94bc-4568-a7c2-f7022dade8e1,1,3,baseline,9,5,1478,0.0009006186155602336,30.454590805226168,0.9852592349052429,0.09401319921016693,0.053082406520843506
fresh_ulong,0834e99f-94bc-4568-a7c2-f7022dade8e1,1,3,baseline,10,3,454,0.000867578899487853,30.616910190684337,0.9855725169181824,0.09845595061779022,0.056835830211639404
fresh_ulong,0834e99f-94bc-4568-a7c2-f7022dade8e1,1,3,baseline,11,4,299,0.0009435004321858287,30.252578965633028,0.9846323728561401,0.09990120679140091,0.057727694511413574
fresh_ulong,0834e99f-94bc-4568-a7c2-f7022dade8e1,1,3,baseline,12,3,286,0.0009066272177733481,30.425712471664315,0.9849927425384521,0.10321804881095886,0.05888044834136963
fresh_ulong,0834e99f-94bc-4568-a7c2-f7022dade8e1,1,3,baseline,13,4,341,0.0009859943529590964,30.061255723668275,0.9838855862617493,0.10246392339468002,0.05812114477157593
fresh_ulong,0834e99f-94bc-4568-a7c2-f7022dade8e1,1,3,baseline,14,3,790,0.0008839896181598306,30.535528354421007,0.9852447509765625,0.09994706511497498,0.05758935213088989
fresh_ulong,0834e99f-94bc-4568-a7c2-f7022dade8e1,1,3,baseline,15,4,680,0.0010508734267205,29.78449589763544,0.9828667044639587,0.10757657885551453,0.06368637084960938
fresh_ulong,0834e99f-94bc-4568-a7c2-f7022dade8e1,1,3,baseline,16,3,679,0.0009241972002200782,30.342353514749767,0.984554648399353,0.10394313931465149,0.06356358528137207
fresh_ulong,0834e99f-94bc-4568-a7c2-f7022dade8e1,1,3,baseline,17,5,1482,0.0010302021401003003,29.87077552268694,0.9830578565597534,0.10235639661550522,0.05819135904312134
fresh_ulong,0834e99f-94bc-4568-a7c2-f7022dade8e1,1,3,baseline,18,3,711,0.0009527505608275533,30.21020786912405,0.9838498830795288,0.10603870451450348,0.06521207094192505
fresh_ulong,0834e99f-94bc-4568-a7c2-f7022dade8e1,1,3,baseline,19,4,573,0.0011349490378051996,29.450236389967493,0.9813090562820435,0.1159706711769104,0.06976091861724854
fresh_ulong,0834e99f-94bc-4568-a7c2-f7022dade8e1,1,3,baseline,20,3,1151,0.0010274051455780864,29.882582635186576,0.9828122854232788,0.10972481966018677,0.0671047568321228
fresh_ulong,0834e99f-94bc-4568-a7c2-f7022dade8e1,1,3,baseline,21,4,820,0.001078746747225523,29.67080500814751,0.9820408821105957,0.1096564456820488,0.06707555055618286
fresh_ulong,0834e99f-94bc-4568-a7c2-f7022dade8e1,1,3,baseline,22,3,1180,0.001007846905849874,29.966054331625052,0.9828968048095703,0.10855846852064133,0.066739022731781
fresh_ulong,0834e99f-94bc-4568-a7c2-f7022dade8e1,1,3,baseline,23,4,1180,0.0011190306395292282,29.5115802214341,0.9813111424446106,0.11752589046955109,0.0720968246459961
fresh_ulong,0834e99f-94bc-4568-a7c2-f7022dade8e1,1,3,baseline,24,3,1118,0.0009931586682796478,30.029813625282486,0.9832149744033813,0.11059608310461044,0.06493902206420898
fresh_ulong,0834e99f-94bc-4568-a7c2-f7022dade8e1,1,3,baseline,25,5,1946,0.0010205473517999053,29.911668398961552,0.9829748868942261,0.10621543973684311,0.06420493125915527
fresh_ulong,0834e99f-94bc-4568-a7c2-f7022dade8e1,1,3,baseline,26,3,831,0.0009248500573448837,30.339286721757905,0.9841364026069641,0.10452787578105927,0.06535005569458008
fresh_ulong,0834e99f-94bc-4568-a7c2-f7022dade8e1,1,3,baseline,27,4,573,0.0010563262039795518,29.762019466585407,0.9820548295974731,0.11040644347667694,0.06386148929595947
fresh_ulong,0834e99f-94bc-4568-a7c2-f7022dade8e1,1,3,baseline,28,3,1294,0.0009385501616634429,30.2754251116041,0.9838164448738098,0.10605081915855408,0.0657355785369873
fresh_ulong,0834e99f-94bc-4568-a7c2-f7022dade8e1,1,3,baseline,29,4,879,0.001047572703100741,29.798158266339506,0.9823810458183289,0.11047086864709854,0.06792652606964111
fresh_ulong,0834e99f-94bc-4568-a7c2-f7022dade8e1,1,3,baseline,30,3,876,0.0009885251056402922,30.050122964033314,0.983062207698822,0.11094756424427032,0.06964719295501709
fresh_ulong,0834e99f-94bc-4568-a7c2-f7022dade8e1,1,3,baseline,31,4,443,0.001055252505466342,29.76643608035042,0.982147753238678,0.11202463507652283,0.0721624493598938
fresh_ulong,0834e99f-94bc-4568-a7c2-f7022dade8e1,1,3,baseline,32,3,1565,0.0009209440322592854,30.35766762006756,0.9840182065963745,0.1058768481016159,0.06674802303314209
fresh_ulong,0834e99f-94bc-4568-a7c2-f7022dade8e1,1,3,baseline,33,5,1825,0.0010021833004429936,29.990528382587613,0.9832270741462708,0.1046530082821846,0.06527441740036011
fresh_ulong,0834e99f-94bc-4568-a7c2-f7022dade8e1,1,3,baseline,34,3,648,0.0009077583090402186,30.42029767142361,0.9842826724052429,0.10426421463489532,0.06616926193237305
fresh_ulong,0834e99f-94bc-4568-a7c2-f7022dade8e1,1,3,baseline,35,4,378,0.0010602088877931237,29.74608559378286,0.9821157455444336,0.11277309060096741,0.07008087635040283
fresh_ulong,0834e99f-94bc-4568-a7c2-f7022dade8e1,1,3,baseline,36,3,1560,0.0009299382800236344,30.315458746016034,0.984061062335968,0.10469916462898254,0.06307798624038696
fresh_ulong,0834e99f-94bc-4568-a7c2-f7022dade8e1,1,3,baseline,37,4,797,0.0010165366111323237,29.92876975386575,0.9829990267753601,0.1072339341044426,0.061639368534088135
fresh_ulong,0834e99f-94bc-4568-a7c2-f7022dade8e1,1,3,baseline,38,3,664,0.0009222886292263865,30.351331456880153,0.9842240214347839,0.10475362092256546,0.0638728141784668
fresh_ulong,0834e99f-94bc-4568-a7c2-f7022dade8e1,1,3,baseline,39,4,405,0.0010242961579933763,29.895744562641138,0.9828176498413086,0.11106482893228531,0.06657207012176514
fresh_ulong,0834e99f-94bc-4568-a7c2-f7022dade8e1,1,3,baseline,40,3,1643,0.0009583676583133638,30.184678506862316,0.9837730526924133,0.10777662694454193,0.06407463550567627
fresh_ulong,0834e99f-94bc-4568-a7c2-f7022dade8e1,1,3,baseline,41,5,1395,0.0009849000489339232,30.06607840973444,0.9836339950561523,0.10559409111738205,0.06372374296188354
fresh_ulong,0834e99f-94bc-4568-a7c2-f7022dade8e1,1,3,baseline,42,3,627,0.0008966340683400631,30.473847637849648,0.9846460223197937,0.10121119022369385,0.05994689464569092
fresh_ulong,0834e99f-94bc-4568-a7c2-f7022dade8e1,1,3,baseline,43,4,293,0.001038141781464219,29.83743329818351,0.9826380610466003,0.10534201562404633,0.06233835220336914
fresh_ulong,0834e99f-94bc-4568-a7c2-f7022dade8e1,1,3,baseline,44,3,1682,0.0009034977992996573,30.440729009372266,0.9845059514045715,0.09991839528083801,0.06185370683670044
fresh_ulong,0834e99f-94bc-4568-a7c2-f7022dade8e1,1,3,baseline,45,4,1259,0.0010013356804847717,29.994203083911373,0.9830907583236694,0.10346593707799911,0.06266409158706665
fresh_ulong,0834e99f-94bc-4568-a7c2-f7022dade8e1,1,3,baseline,46,3,711,0.0009229840361513197,30.34805810427336,0.9841418266296387,0.10184856504201889,0.06176400184631348
fresh_ulong,0834e99f-94bc-4568-a7c2-f7022dade8e1,1,3,baseline,47,4,671,0.0010106833651661873,29.953848822916832,0.9825554490089417,0.10484069585800171,0.060665905475616455
fresh_ulong,0834e99f-94bc-4568-a7c2-f7022dade8e1,1,3,baseline,48,3,1483,0.000931573857087642,30.3078270764475,0.9836825728416443,0.10251200199127197,0.06233060359954834
fresh_ulong,0834e99f-94bc-4568-a7c2-f7022dade8e1,1,3,baseline,49,5,2566,0.0009904077742248774,30.04185959307687,0.9831185936927795,0.1002478078007698,0.06061595678329468
fresh_ulong,0834e99f-94bc-4568-a7c2-f7022dade8e1,1,3,baseline,50,3,585,0.0009210690041072667,30.35707832365127,0.983810544013977,0.10438067466020584,0.06480544805526733
fresh_ulong,0834e99f-94bc-4568-a7c2-f7022dade8e1,1,3,baseline,51,4,495,0.0010152157628908753,29.934416477264133,0.9822285771369934,0.10640690475702286,0.06890958547592163
fresh_ulong,0834e99f-94bc-4568-a7c2-f7022dade8e1,1,3,baseline,52,3,1957,0.0008851898019202054,30.529635981285274,0.9840289950370789,0.10041742771863937,0.06181877851486206
fresh_ulong,0834e99f-94bc-4568-a7c2-f7022dade8e1,1,3,baseline,53,4,1501,0.0010027902899309993,29.987898799888537,0.9825490713119507,0.10727380961179733,0.06541097164154053
fresh_ulong,0834e99f-94bc-4568-a7c2-f7022dade8e1,1,3,baseline,54,3,461,0.0009199572377838194,30.36232359421988,0.9836072325706482,0.10509176552295685,0.0625993013381958
fresh_ulong,0834e99f-94bc-4568-a7c2-f7022dade8e1,1,3,baseline,55,4,354,0.0010129421716555953,29.944153475792525,0.9820838570594788,0.11006312072277069,0.06509560346603394
fresh_ulong,0834e99f-94bc-4568-a7c2-f7022dade8e1,1,3,baseline,56,3,1595,0.0009183331276290119,30.369997488127247,0.9836393594741821,0.10384343564510345,0.06363606452941895
fresh_ulong,0834e99f-94bc-4568-a7c2-f7022dade8e1,1,3,baseline,57,5,2043,0.00099644111469388,30.01548361107137,0.982623279094696,0.10277820378541946,0.06251651048660278
fresh_ulong,0834e99f-94bc-4568-a7c2-f7022dade8e1,1,3,baseline,58,3,384,0.0008894882048480213,30.50859806549569,0.983847439289093,0.10131116211414337,0.06156933307647705
fresh_ulong,0834e99f-94bc-4568-a7c2-f7022dade8e1,1,3,baseline,59,4,308,0.001013620407320559,29.9412465434256,0.9819515347480774,0.10667957365512848,0.06551873683929443
fresh_ulong,0834e99f-94bc-4568-a7c2-f7022dade8e1,1,3,baseline,60,3,2243,0.0009070317028090358,30.423775331004286,0.9835095405578613,0.1041077971458435,0.06353020668029785
fresh_ulong,0834e99f-94bc-4568-a7c2-f7022dade8e1,1,3,baseline,61,4,890,0.0009820990962907672,30.078446885868644,0.9825156927108765,0.1049107164144516,0.06420689821243286
fresh_ulong,0834e99f-94bc-4568-a7c2-f7022dade8e1,1,3,baseline,62,3,501,0.0008823336684145033,30.5436714848759,0.9837402701377869,0.10380779951810837,0.062275230884552
fresh_ulong,0834e99f-94bc-4568-a7c2-f7022dade8e1,1,3,baseline,63,4,403,0.0010049997363239527,29.97834052186843,0.981781542301178,0.10919240862131119,0.06694340705871582
fresh_ulong,0834e99f-94bc-4568-a7c2-f7022dade8e1,1,3,uniform_2x,0,3,7837,0.0010920932982116938,29.617402579978716,0.9816411137580872,,
fresh_ulong,0834e99f-94bc-4568-a7c2-f7022dade8e1,1,3,uniform_2x,1,5,5813,0.0010698225814849138,29.706882393903484,0.9822491407394409,,
fresh_ulong,0834e99f-94bc-4568-a7c2-f7022dade8e1,1,3,uniform_2x,2,3,1582,0.0011270884424448013,29.48042003600133,0.9813403487205505,,
fresh_ulong,0834e99f-94bc-4568-a7c2-f7022dade8e1,1,3,uniform_2x,3,4,1537,0.0009979938622564077,30.008721296508757,0.9833237528800964,,
fresh_ulong,0834e99f-94bc-4568-a7c2-f7022dade8e1,1,3,uniform_2x,4,3,1520,0.001010154141113162,29.956123514379748,0.983188271522522,,
fresh_ulong,0834e99f-94bc-4568-a7c2-f7022dade8e1,1,3,uniform_2x,5,4,1492,0.0009496139246039093,30.22452925757022,0.98418128490448,,
fresh_ulong,0834e99f-94bc-4568-a7c2-f7022dade8e1,1,3,uniform_2x,6,3,1001,0.0009552754927426577,30.198713637837706,0.9840053915977478,,
fresh_ulong,0834e99f-94bc-4568-a7c2-f7022dade8e1,1,3,uniform_2x,7,4,1327,0.0009461994050070643,30.240173293821798,0.9843077063560486,,
fresh_ulong,0834e99f-94bc-4568-a7c2-f7022dade8e1,1,3,uniform_2x,8,3,1045,0.000950343266595155,30.2211949801534,0.9842106103897095,,
fresh_ulong,0834e99f-94bc-4568-a7c2-f7022dade8e1,1,3,uniform_2x,9,5,1368,0.0009807876776903868,30.084249991314174,0.9839366674423218,,
fresh_ulong,0834e99f-94bc-4568-a7c2-f7022dade8e1,1,3,uniform_2x,10,3,437,0.0009467140771448612,30.23781165102037,0.9842247366905212,,
fresh_ulong,0834e99f-94bc-4568-a7c2-f7022dade8e1,1,3,uniform_2x,11,4,318,0.0010166593128815293,29.9282455673667,0.9833789467811584,,
fresh_ulong,0834e99f-94bc-4568-a7c2-f7022dade8e1,1,3,uniform_2x,12,3,327,0.0009768862510100007,30.101560027445604,0.9838464260101318,,
fresh_ulong,0834e99f-94bc-4568-a7c2-f7022dade8e1,1,3,uniform_2x,13,4,378,0.0010595966596156359,29.748594194884184,0.9827010035514832,,
fresh_ulong,0834e99f-94bc-4568-a7c2-f7022dade8e1,1,3,uniform_2x,14,3,769,0.0010085803223773837,29.962895092745306,0.9832059741020203,,
fresh_ulong,0834e99f-94bc-4568-a7c2-f7022dade8e1,1,3,uniform_2x,15,4,709,0.0011718915775418282,29.311125670324927,0.9808657765388489,,
fresh_ulong,0834e99f-94bc-4568-a7c2-f7022dade8e1,1,3,uniform_2x,16,3,720,0.0010195131180807948,29.916071817804465,0.9829838275909424,,
fresh_ulong,0834e99f-94bc-4568-a7c2-f7022dade8e1,1,3,uniform_2x,17,5,1443,0.0010961313964799047,29.60137382579964,0.9819156527519226,,
fresh_ulong,0834e99f-94bc-4568-a7c2-f7022dade8e1,1,3,uniform_2x,18,3,701,0.0010330270742997527,29.858882960361406,0.9824260473251343,,
fresh_ulong,0834e99f-94bc-4568-a7c2-f7022dade8e1,1,3,uniform_2x,19,4,606,0.0012238668277859688,29.12265836360576,0.9797556400299072,,
fresh_ulong,0834e99f-94bc-4568-a7c2-f7022dade8e1,1,3,uniform_2x,20,3,1173,0.0010887754615396261,29.63061675679469,0.9817711114883423,,
fresh_ulong,0834e99f-94bc-4568-a7c2-f7022dade8e1,1,3,uniform_2x,21,4,819,0.0011574301170185208,29.365052212252944,0.9807127714157104,,
fresh_ulong,0834e99f-94bc-4568-a7c2-f7022dade8e1,1,3,uniform_2x,22,3,1039,0.0010872636921703815,29.636651144544413,0.9815131425857544,,
fresh_ulong,0834e99f-94bc-4568-a7c2-f7022dade8e1,1,3,uniform_2x,23,4,1033,0.001185693545266986,29.26027544359166,0.9800814986228943,,
fresh_ulong,0834e99f-94bc-4568-a7c2-f7022dade8e1,1,3,uniform_2x,24,3,1147,0.001084989053197205,29.64574643529766,0.9815800189971924,,
fresh_ulong,0834e99f-94bc-4568-a7c2-f7022dade8e1,1,3,uniform_2x,25,5,1831,0.0010928775882348418,29.61428480073501,0.9817029237747192,,
fresh_ulong,0834e99f-94bc-4568-a7c2-f7022dade8e1,1,3,uniform_2x,26,3,693,0.0010096391197293997,29.958338304915134,0.9827108383178711,,
fresh_ulong,0834e99f-94bc-4568-a7c2-f7022dade8e1,1,3,uniform_2x,27,4,593,0.0011318987235426903,29.461924298387544,0.9806997179985046,,
fresh_ulong,0834e99f-94bc-4568-a7c2-f7022dade8e1,1,3,uniform_2x,28,3,1305,0.001012362539768219,29.94663933321117,0.9824531674385071,,
fresh_ulong,0834e99f-94bc-4568-a7c2-f7022dade8e1,1,3,uniform_2x,29,4,886,0.001145761227235198,29.40905878440667,0.9806615710258484,,
fresh_ulong,0834e99f-94bc-4568-a7c2-f7022dade8e1,1,3,uniform_2x,30,3,711,0.0010926277609542012,29.615277693384975,0.9812278747558594,,
fresh_ulong,0834e99f-94bc-4568-a7c2-f7022dade8e1,1,3,uniform_2x,31,4,429,0.0011423942632973194,29.421839864367506,0.980530321598053,,
fresh_ulong,0834e99f-94bc-4568-a7c2-f7022dade8e1,1,3,uniform_2x,32,3,1616,0.0009852803777903318,30.064401662534458,0.9828411936759949,,
fresh_ulong,0834e99f-94bc-4568-a7c2-f7022dade8e1,1,3,uniform_2x,33,5,1629,0.0010749059729278088,29.68629523864268,0.9819452166557312,,
fresh_ulong,0834e99f-94bc-4568-a7c2-f7022dade8e1,1,3,uniform_2x,34,3,515,0.0010000534821301699,29.99976773627079,0.9826721549034119,,
fresh_ulong,0834e99f-94bc-4568-a7c2-f7022dade8e1,1,3,uniform_2x,35,4,379,0.0011466093128547072,29.405845351716827,0.9806286692619324,,
fresh_ulong,0834e99f-94bc-4568-a7c2-f7022dade8e1,1,3,uniform_2x,36,3,1523,0.0009925655322149396,30.03240810167067,0.9829281568527222,,
fresh_ulong,0834e99f-94bc-4568-a7c2-f7022dade8e1,1,3,uniform_2x,37,4,751,0.001096666674129665,29.599253538142424,0.9816352128982544,,
fresh_ulong,0834e99f-94bc-4568-a7c2-f7022dade8e1,1,3,uniform_2x,38,3,586,0.0010088394628837705,29.961779377578807,0.9827713370323181,,
fresh_ulong,0834e99f-94bc-4568-a7c2-f7022dade8e1,1,3,uniform_2x,39,4,366,0.0011023314436897635,29.57687804283563,0.9814708828926086,,
fresh_ulong,0834e99f-94bc-4568-a7c2-f7022dade8e1,1,3,uniform_2x,40,3,1718,0.001015205169096589,29.934461796205916,0.9827611446380615,,
fresh_ulong,0834e99f-94bc-4568-a7c2-f7022dade8e1,1,3,uniform_2x,41,5,1303,0.0010697398101910949,29.707218416973653,0.9822645783424377,,
fresh_ulong,0834e99f-94bc-4568-a7c2-f7022dade8e1,1,3,uniform_2x,42,3,532,0.0009694444015622139,30.134770930186114,0.9834321737289429,,
fresh_ulong,0834e99f-94bc-4568-a7c2-f7022dade8e1,1,3,uniform_2x,43,4,327,0.001090136356651783,29.62519176153259,0.9816522598266602,,
fresh_ulong,0834e99f-94bc-4568-a7c2-f7022dade8e1,1,3,uniform_2x,44,3,1744,0.0009614250739105046,30.170845556846217,0.9834728837013245,,
fresh_ulong,0834e99f-94bc-4568-a7c2-f7022dade8e1,1,3,uniform_2x,45,4,1225,0.0010517698246985674,29.78079293262903,0.9823091626167297,,
fresh_ulong,0834e99f-94bc-4568-a7c2-f7022dade8e1,1,3,uniform_2x,46,3,593,0.0009902195306494832,30.042685120889118,0.9830521941184998,,
fresh_ulong,0834e99f-94bc-4568-a7c2-f7022dade8e1,1,3,uniform_2x,47,4,644,0.0010594910709187388,29.749026990447966,0.9817470908164978,,
fresh_ulong,0834e99f-94bc-4568-a7c2-f7022dade8e1,1,3,uniform_2x,48,3,1507,0.0010054967133328319,29.976193446433186,0.9824202656745911,,
fresh_ulong,0834e99f-94bc-4568-a7c2-f7022dade8e1,1,3,uniform_2x,49,5,2320,0.0010183064732700586,29.921214954580545,0.9825446009635925,,
fresh_ulong,0834e99f-94bc-4568-a7c2-f7022dade8e1,1,3,uniform_2x,50,3,457,0.000980484765022993,30.08559150102112,0.9827445149421692,,
fresh_ulong,0834e99f-94bc-4568-a7c2-f7022dade8e1,1,3,uniform_2x,51,4,487,0.001054178923368454,29.77085671061947,0.9814486503601074,,
fresh_ulong,0834e99f-94bc-4568-a7c2-f7022dade8e1,1,3,uniform_2x,52,3,1936,0.0009743031114339828,30.113059105298795,0.9824353456497192,,
fresh_ulong,0834e99f-94bc-4568-a7c2-f7022dade8e1,1,3,uniform_2x,53,4,1455,0.0010729368077591062,29.694258557131565,0.9812586307525635,,
fresh_ulong,0834e99f-94bc-4568-a7c2-f7022dade8e1,1,3,uniform_2x,54,3,385,0.0009998125024139881,30.00081436801816,0.9821406602859497,,
fresh_ulong,0834e99f-94bc-4568-a7c2-f7022dade8e1,1,3,uniform_2x,55,4,333,0.0010866705561056733,29.639021002110404,0.9807771444320679,,
fresh_ulong,0834e99f-94bc-4568-a7c2-f7022dade8e1,1,3,uniform_2x,56,3,1514,0.0009863445302471519,30.05971359450596,0.982424795627594,,
fresh_ulong,0834e99f-94bc-4568-a7c2-f7022dade8e1,1,3,uniform_2x,57,5,1878,0.001068286830559373,29.713121253930797,0.9813496470451355,,
fresh_ulong,0834e99f-94bc-4568-a7c2-f7022dade8e1,1,3,uniform_2x,58,3,348,0.000984068145044148,30.069748263736212,0.9821734428405762,,
fresh_ulong,0834e99f-94bc-4568-a7c2-f7022dade8e1,1,3,uniform_2x,59,4,306,0.0011089107720181346,29.551033977454864,0.9802003502845764,,
fresh_ulong,0834e99f-94bc-4568-a7c2-f7022dade8e1,1,3,uniform_2x,60,3,2095,0.0010003389324992895,29.99852828425027,0.9818052053451538,,
fresh_ulong,0834e99f-94bc-4568-a7c2-f7022dade8e1,1,3,uniform_2x,61,4,808,0.001079467125236988,29.667905794025373,0.9808135032653809,,
fresh_ulong,0834e99f-94bc-4568-a7c2-f7022dade8e1,1,3,uniform_2x,62,3,438,0.0009742542169988155,30.113277057145357,0.9820861220359802,,
fresh_ulong,0834e99f-94bc-4568-a7c2-f7022dade8e1,1,3,uniform_2x,63,4,380,0.0010967763373628259,29.598819278972528,0.9800907373428345,,
fresh_ulong,0834e99f-94bc-4568-a7c2-f7022dade8e1,1,3,uniform_4x,0,3,7837,0.0010920932982116938,29.617402579978716,0.9816411137580872,,
fresh_ulong,0834e99f-94bc-4568-a7c2-f7022dade8e1,1,3,uniform_4x,1,5,5794,0.0010691584320738912,29.709579345693214,0.982252299785614,,
fresh_ulong,0834e99f-94bc-4568-a7c2-f7022dade8e1,1,3,uniform_4x,2,3,1591,0.001132944948039949,29.45791192822697,0.9812387228012085,,
fresh_ulong,0834e99f-94bc-4568-a7c2-f7022dade8e1,1,3,uniform_4x,3,4,1528,0.0010042603826150298,29.981536695897127,0.9832515716552734,,
fresh_ulong,0834e99f-94bc-4568-a7c2-f7022dade8e1,1,3,uniform_4x,4,3,1549,0.001021253177896142,29.908665790366527,0.9829903244972229,,
fresh_ulong,0834e99f-94bc-4568-a7c2-f7022dade8e1,1,3,uniform_4x,5,4,1483,0.0009623832884244621,30.166519270315266,0.9839711785316467,,
fresh_ulong,0834e99f-94bc-4568-a7c2-f7022dade8e1,1,3,uniform_4x,6,3,1035,0.0009635669412091374,30.161181085250192,0.9838827252388,,
fresh_ulong,0834e99f-94bc-4568-a7c2-f7022dade8e1,1,3,uniform_4x,7,4,1341,0.0009586516534909606,30.18339174320104,0.9841119050979614,,
fresh_ulong,0834e99f-94bc-4568-a7c2-f7022dade8e1,1,3,uniform_4x,8,3,1019,0.0009634278248995543,30.161808149181685,0.9839775562286377,,
fresh_ulong,0834e99f-94bc-4568-a7c2-f7022dade8e1,1,3,uniform_4x,9,5,1335,0.0009941942989826202,30.025287315686633,0.9837265610694885,,
fresh_ulong,0834e99f-94bc-4568-a7c2-f7022dade8e1,1,3,uniform_4x,10,3,445,0.0009686480043455958,30.13834011950849,0.9838438034057617,,
fresh_ulong,0834e99f-94bc-4568-a7c2-f7022dade8e1,1,3,uniform_4x,11,4,324,0.0010526853147894144,29.777014355340185,0.9828319549560547,,
fresh_ulong,0834e99f-94bc-4568-a7c2-f7022dade8e1,1,3,uniform_4x,12,3,326,0.0009852409129962325,30.064575619977994,0.9836697578430176,,
fresh_ulong,0834e99f-94bc-4568-a7c2-f7022dade8e1,1,3,uniform_4x,13,4,390,0.0010708172339946032,29.7028464778719,0.9825068116188049,,
fresh_ulong,0834e99f-94bc-4568-a7c2-f7022dade8e1,1,3,uniform_4x,14,3,768,0.0010043714428320527,29.981056440243997,0.983278214931488,,
fresh_ulong,0834e99f-94bc-4568-a7c2-f7022dade8e1,1,3,uniform_4x,15,4,663,0.0011648903600871563,29.337149486722044,0.9809473156929016,,
fresh_ulong,0834e99f-94bc-4568-a7c2-f7022dade8e1,1,3,uniform_4x,16,3,707,0.0010277515975758433,29.881118394633663,0.9827967286109924,,
fresh_ulong,0834e99f-94bc-4568-a7c2-f7022dade8e1,1,3,uniform_4x,17,5,1448,0.0010955141624435782,29.603820036520307,0.9818457365036011,,
fresh_ulong,0834e99f-94bc-4568-a7c2-f7022dade8e1,1,3,uniform_4x,18,3,722,0.0010302556911483407,29.870549777473265,0.9823963046073914,,
fresh_ulong,0834e99f-94bc-4568-a7c2-f7022dade8e1,1,3,uniform_4x,19,4,595,0.0012534245615825057,29.019017992999736,0.9792386293411255,,
fresh_ulong,0834e99f-94bc-4568-a7c2-f7022dade8e1,1,3,uniform_4x,20,3,1150,0.001091509242542088,29.61972582476113,0.9816790819168091,,
fresh_ulong,0834e99f-94bc-4568-a7c2-f7022dade8e1,1,3,uniform_4x,21,4,818,0.0011607538908720016,29.352598518949065,0.980609655380249,,
fresh_ulong,0834e99f-94bc-4568-a7c2-f7022dade8e1,1,3,uniform_4x,22,3,1129,0.001095764571800828,29.60282745259345,0.9813156127929688,,
fresh_ulong,0834e99f-94bc-4568-a7c2-f7022dade8e1,1,3,uniform_4x,23,4,1142,0.001190711627714336,29.24193405315379,0.9800340533256531,,
fresh_ulong,0834e99f-94bc-4568-a7c2-f7022dade8e1,1,3,uniform_4x,24,3,1038,0.0010729068890213966,29.694379661410622,0.9817047715187073,,
fresh_ulong,0834e99f-94bc-4568-a7c2-f7022dade8e1,1,3,uniform_4x,25,5,1696,0.0011014977935701609,29.580163684553504,0.9815176129341125,,
fresh_ulong,0834e99f-94bc-4568-a7c2-f7022dade8e1,1,3,uniform_4x,26,3,739,0.001022585085593164,29.90300545749737,0.9824201464653015,,
fresh_ulong,0834e99f-94bc-4568-a7c2-f7022dade8e1,1,3,uniform_4x,27,4,603,0.001149976858869195,29.393108989216337,0.9803043603897095,,
fresh_ulong,0834e99f-94bc-4568-a7c2-f7022dade8e1,1,3,uniform_4x,28,3,1240,0.0010438228491693735,29.813732007172277,0.9819291830062866,,
fresh_ulong,0834e99f-94bc-4568-a7c2-f7022dade8e1,1,3,uniform_4x,29,4,857,0.0011601377045735717,29.354904583704915,0.980377197265625,,
fresh_ulong,0834e99f-94bc-4568-a7c2-f7022dade8e1,1,3,uniform_4x,30,3,779,0.0011098780669271946,29.547247309155313,0.9808840155601501,,
fresh_ulong,0834e99f-94bc-4568-a7c2-f7022dade8e1,1,3,uniform_4x,31,4,447,0.001164909335784614,29.33707874209356,0.9801402688026428,,
fresh_ulong,0834e99f-94bc-4568-a7c2-f7022dade8e1,1,3,uniform_4x,32,3,1490,0.0010139277437701821,29.93992993326165,0.9822854995727539,,
fresh_ulong,0834e99f-94bc-4568-a7c2-f7022dade8e1,1,3,uniform_4x,33,5,1561,0.00111527054104954,29.526197691781952,0.9812280535697937,,
fresh_ulong,0834e99f-94bc-4568-a7c2-f7022dade8e1,1,3,uniform_4x,34,3,597,0.0010275315726175904,29.882048248261633,0.9821951389312744,,
fresh_ulong,0834e99f-94bc-4568-a7c2-f7022dade8e1,1,3,uniform_4x,35,4,405,0.0011788710253313184,29.2853370639843,0.9799011945724487,,
fresh_ulong,0834e99f-94bc-4568-a7c2-f7022dade8e1,1,3,uniform_4x,36,3,1486,0.0010332779493182898,29.857828385790004,0.9821270704269409,,
fresh_ulong,0834e99f-94bc-4568-a7c2-f7022dade8e1,1,3,uniform_4x,37,4,751,0.001134261256083846,29.45286902226507,0.9809458255767822,,
fresh_ulong,0834e99f-94bc-4568-a7c2-f7022dade8e1,1,3,uniform_4x,38,3,600,0.0010454726871103048,29.806873086064456,0.9821205139160156,,
fresh_ulong,0834e99f-94bc-4568-a7c2-f7022dade8e1,1,3,uniform_4x,39,4,376,0.0011369887506589293,29.442438321908234,0.9808343052864075,,
fresh_ulong,0834e99f-94bc-4568-a7c2-f7022dade8e1,1,3,uniform_4x,40,3,1609,0.0010419160826131701,29.82167258316395,0.982234537601471,,
fresh_ulong,0834e99f-94bc-4568-a7c2-f7022dade8e1,1,3,uniform_4x,41,5,1292,0.0010915682651102543,29.61949098952895,0.9817883968353271,,
fresh_ulong,0834e99f-94bc-4568-a7c2-f7022dade8e1,1,3,uniform_4x,42,3,598,0.0009996875887736678,30.001356996698348,0.9828481078147888,,
fresh_ulong,0834e99f-94bc-4568-a7c2-f7022dade8e1,1,3,uniform_4x,43,4,336,0.0011575217358767986,29.364708450765555,0.9806392788887024,,
fresh_ulong,0834e99f-94bc-4568-a7c2-f7022dade8e1,1,3,uniform_4x,44,3,1628,0.0009932558750733733,30.029388574285008,0.9829210638999939,,
fresh_ulong,0834e99f-94bc-4568-a7c2-f7022dade8e1,1,3,uniform_4x,45,4,1184,0.0010811404790729284,29.661178718909333,0.9817504286766052,,
fresh_ulong,0834e99f-94bc-4568-a7c2-f7022dade8e1,1,3,uniform_4x,46,3,703,0.0010208521271124482,29.91037161958242,0.9824950098991394,,
fresh_ulong,0834e99f-94bc-4568-a7c2-f7022dade8e1,1,3,uniform_4x,47,4,662,0.0011028890730813146,29.574681660469174,0.980867326259613,,
fresh_ulong,0834e99f-94bc-4568-a7c2-f7022dade8e1,1,3,uniform_4x,48,3,1386,0.0010602768743410707,29.745807108700294,0.9813829064369202,,
fresh_ulong,0834e99f-94bc-4568-a7c2-f7022dade8e1,1,3,uniform_4x,49,5,2194,0.001092497375793755,29.615795975425844,0.9812185764312744,,
fresh_ulong,0834e99f-94bc-4568-a7c2-f7022dade8e1,1,3,uniform_4x,50,3,514,0.001054081367328763,29.77125863489733,0.9813998341560364,,
fresh_ulong,0834e99f-94bc-4568-a7c2-f7022dade8e1,1,3,uniform_4x,51,4,505,0.001150767202489078,29.390125242417305,0.979808509349823,,
fresh_ulong,0834e99f-94bc-4568-a7c2-f7022dade8e1,1,3,uniform_4x,52,3,1911,0.0010266562458127737,29.88574946409781,0.9814621210098267,,
fresh_ulong,0834e99f-94bc-4568-a7c2-f7022dade8e1,1,3,uniform_4x,53,4,1294,0.00113857991527766,29.43636481477411,0.9800888299942017,,
fresh_ulong,0834e99f-94bc-4568-a7c2-f7022dade8e1,1,3,uniform_4x,54,3,449,0.001057912828400731,29.755501165203476,0.9811508059501648,,
fresh_ulong,0834e99f-94bc-4568-a7c2-f7022dade8e1,1,3,uniform_4x,55,4,385,0.0011530676856637,29.38145198648522,0.9795835018157959,,
fresh_ulong,0834e99f-94bc-4568-a7c2-f7022dade8e1,1,3,uniform_4x,56,3,1485,0.0010366723872721195,29.843584691456932,0.9815167188644409,,
fresh_ulong,0834e99f-94bc-4568-a7c2-f7022dade8e1,1,3,uniform_4x,57,5,1819,0.0011147031327709556,29.52840778325152,0.9804728031158447,,
fresh_ulong,0834e99f-94bc-4568-a7c2-f7022dade8e1,1,3,uniform_4x,58,3,364,0.000998268835246563,30.007524868271112,0.9818221926689148,,
fresh_ulong,0834e99f-94bc-4568-a7c2-f7022dade8e1,1,3,uniform_4x,59,4,291,0.0011252639815211296,29.4874558220219,0.9797906279563904,,
fresh_ulong,0834e99f-94bc-4568-a7c2-f7022dade8e1,1,3,uniform_4x,60,3,2006,0.001021764357574284,29.90649250977293,0.9813328385353088,,
fresh_ulong,0834e99f-94bc-4568-a7c2-f7022dade8e1,1,3,uniform_4x,61,4,786,0.001104711671359837,29.567510576142215,0.980319082736969,,
fresh_ulong,0834e99f-94bc-4568-a7c2-f7022dade8e1,1,3,uniform_4x,62,3,432,0.001007896033115685,29.96584264093727,0.9814139008522034,,
fresh_ulong,0834e99f-94bc-4568-a7c2-f7022dade8e1,1,3,uniform_4x,63,4,406,0.0011276556178927422,29.478235121297796,0.9794880151748657,,
fresh_ulong,98881c99-ebda-4469-bbe4-0ee789ff217d,10,1,baseline,0,1,3263,0.0010389668168500066,29.83398322980907,0.9722991585731506,0.07660476118326187,0.07413256168365479
fresh_ulong,98881c99-ebda-4469-bbe4-0ee789ff217d,10,1,baseline,1,3,1717,0.0015878543490543962,27.991893371123368,0.9710007309913635,0.07475720345973969,0.07804697751998901
fresh_ulong,98881c99-ebda-4469-bbe4-0ee789ff217d,10,1,baseline,2,1,890,0.0014783263904973865,28.3022967017475,0.9750620722770691,0.06964485347270966,0.07399898767471313
fresh_ulong,98881c99-ebda-4469-bbe4-0ee789ff217d,10,1,baseline,3,2,785,0.0013306577457115054,28.759336336784173,0.978891909122467,0.06289028376340866,0.06651902198791504
fresh_ulong,98881c99-ebda-4469-bbe4-0ee789ff217d,10,1,baseline,4,1,677,0.0013370674569159746,28.73846681423621,0.9786043167114258,0.06400733441114426,0.06843537092208862
fresh_ulong,98881c99-ebda-4469-bbe4-0ee789ff217d,10,1,baseline,5,2,728,0.0013468259712681174,28.706885175663363,0.9801893830299377,0.061126261949539185,0.060035884380340576
fresh_ulong,98881c99-ebda-4469-bbe4-0ee789ff217d,10,1,baseline,6,1,621,0.0013520956272259355,28.689925917465374,0.9797651171684265,0.06493251025676727,0.0641787052154541
fresh_ulong,98881c99-ebda-4469-bbe4-0ee789ff217d,10,1,baseline,7,2,720,0.0013463441282510757,28.708439193849703,0.9809162020683289,0.06263884902000427,0.06251370906829834
fresh_ulong,98881c99-ebda-4469-bbe4-0ee789ff217d,10,1,baseline,8,1,383,0.0013751666992902756,28.616446529655526,0.9802954196929932,0.0684577152132988,0.06588846445083618
fresh_ulong,98881c99-ebda-4469-bbe4-0ee789ff217d,10,1,baseline,9,3,900,0.001290474901907146,28.892504375123846,0.9822744131088257,0.06447155028581619,0.06265395879745483
fresh_ulong,98881c99-ebda-4469-bbe4-0ee789ff217d,10,1,baseline,10,1,190,0.001419626991264522,28.478257520366142,0.9803743362426758,0.074418805539608,0.06889551877975464
fresh_ulong,98881c99-ebda-4469-bbe4-0ee789ff217d,10,1,baseline,11,2,345,0.001536400057375431,28.134956852885374,0.9788861870765686,0.07585252821445465,0.06331932544708252
fresh_ulong,98881c99-ebda-4469-bbe4-0ee789ff217d,10,1,baseline,12,1,591,0.0015974828274920583,27.965638016925823,0.9787463545799255,0.07909075915813446,0.07197636365890503
fresh_ulong,98881c99-ebda-4469-bbe4-0ee789ff217d,10,1,baseline,13,2,643,0.0015640929341316223,28.057374459171832,0.9799239635467529,0.0738363191485405,0.07105386257171631
fresh_ulong,98881c99-ebda-4469-bbe4-0ee789ff217d,10,1,baseline,14,1,241,0.0017594597302377224,27.546206686615164,0.9775785207748413,0.07671482861042023,0.07146906852722168
fresh_ulong,98881c99-ebda-4469-bbe4-0ee789ff217d,10,1,baseline,15,2,342,0.001634495216421783,27.866163461051254,0.9785024523735046,0.07973229885101318,0.07480299472808838
fresh_ulong,98881c99-ebda-4469-bbe4-0ee789ff217d,10,1,baseline,16,1,674,0.001539495773613453,28.1262149903027,0.980619490146637,0.07991057634353638,0.07540315389633179
fresh_ulong,98881c99-ebda-4469-bbe4-0ee789ff217d,10,1,baseline,17,3,1245,0.0013352460227906704,28.7443870696125,0.9837929606437683,0.07017798721790314,0.06479108333587646
fresh_ulong,98881c99-ebda-4469-bbe4-0ee789ff217d,10,1,baseline,18,1,141,0.001499478006735444,28.240598997767336,0.9815527200698853,0.07832325249910355,0.07806503772735596
fresh_ulong,98881c99-ebda-4469-bbe4-0ee789ff217d,10,1,baseline,19,2,178,0.0015534317353740335,28.0870782680023,0.9809462428092957,0.08231328427791595,0.0770336389541626
fresh_ulong,98881c99-ebda-4469-bbe4-0ee789ff217d,10,1,baseline,20,1,848,0.0014562434516847134,28.36766014525074,0.9830721616744995,0.0795779898762703,0.07430762052536011
fresh_ulong,98881c99-ebda-4469-bbe4-0ee789ff217d,10,1,baseline,21,2,654,0.0014333792496472597,28.43638886896562,0.9837384819984436,0.07607409358024597,0.07285857200622559
fresh_ulong,98881c99-ebda-4469-bbe4-0ee789ff217d,10,1,baseline,22,1,183,0.001619831775315106,27.905300859795577,0.9817895889282227,0.08469916135072708,0.07843673229217529
fresh_ulong,98881c99-ebda-4469-bbe4-0ee789ff217d,10,1,baseline,23,2,258,0.001619155053049326,27.90711560474923,0.9816129207611084,0.08615357428789139,0.0785871148109436
fresh_ulong,98881c99-ebda-4469-bbe4-0ee789ff217d,10,1,baseline,24,1,804,0.0015813199570402503,28.009802480195553,0.9826323986053467,0.08581356704235077,0.0762220025062561
fresh_ulong,98881c99-ebda-4469-bbe4-0ee789ff217d,10,1,baseline,25,3,1147,0.001336154993623495,28.741431608940616,0.9858411550521851,0.0711280107498169,0.06845319271087646
fresh_ulong,98881c99-ebda-4469-bbe4-0ee789ff217d,10,1,baseline,26,1,144,0.001506370259448886,28.220682672643203,0.983814537525177,0.08041665703058243,0.07483309507369995
fresh_ulong,98881c99-ebda-4469-bbe4-0ee789ff217d,10,1,baseline,27,2,207,0.0015454007079824805,28.109588931309702,0.9834445118904114,0.08203582465648651,0.07378202676773071
fresh_ulong,98881c99-ebda-4469-bbe4-0ee789ff217d,10,1,baseline,28,1,799,0.001430913689546287,28.44386561407413,0.9849738478660583,0.07941095530986786,0.07861793041229248
fresh_ulong,98881c99-ebda-4469-bbe4-0ee789ff217d,10,1,baseline,29,2,613,0.0013840579194948077,28.588457353195338,0.9858155846595764,0.07385209202766418,0.07088971138000488
fresh_ulong,98881c99-ebda-4469-bbe4-0ee789ff217d,10,1,baseline,30,1,171,0.0015515632694587111,28.092305101110465,0.9838843941688538,0.08029653877019882,0.07580149173736572
fresh_ulong,98881c99-ebda-4469-bbe4-0ee789ff217d,10,1,baseline,31,2,220,0.0015452239895239472,28.110085580751075,0.983791172504425,0.07832857966423035,0.07572132349014282
fresh_ulong,98881c99-ebda-4469-bbe4-0ee789ff217d,10,1,baseline,32,1,684,0.0014543691650032997,28.373253417753503,0.9848792552947998,0.07905107736587524,0.08070886135101318
fresh_ulong,98881c99-ebda-4469-bbe4-0ee789ff217d,10,1,baseline,33,3,1030,0.0012690165312960744,28.965327203766105,0.987042248249054,0.07019254565238953,0.07022285461425781
fresh_ulong,98881c99-ebda-4469-bbe4-0ee789ff217d,10,1,baseline,34,1,111,0.0015026060864329338,28.231548563461985,0.9840043187141418,0.07776962965726852,0.07531994581222534
fresh_ulong,98881c99-ebda-4469-bbe4-0ee789ff217d,10,1,baseline,35,2,173,0.0015543248737230897,28.084582029615326,0.9831046462059021,0.08100441843271255,0.07504856586456299
fresh_ulong,98881c99-ebda-4469-bbe4-0ee789ff217d,10,1,baseline,36,1,765,0.0014561928110197186,28.367811173183274,0.9841417670249939,0.08141361176967621,0.07760632038116455
fresh_ulong,98881c99-ebda-4469-bbe4-0ee789ff217d,10,1,baseline,37,2,653,0.0013923373771831393,28.56255518104932,0.9849435091018677,0.07565979659557343,0.07140827178955078
fresh_ulong,98881c99-ebda-4469-bbe4-0ee789ff217d,10,1,baseline,38,1,144,0.0014864581171423197,28.278473230888657,0.9835619330406189,0.08210204541683197,0.07992815971374512
fresh_ulong,98881c99-ebda-4469-bbe4-0ee789ff217d,10,1,baseline,39,2,225,0.0014815866015851498,28.2927295809461,0.9836370348930359,0.07884828746318817,0.07680398225784302
fresh_ulong,98881c99-ebda-4469-bbe4-0ee789ff217d,10,1,baseline,40,1,727,0.0014442940009757876,28.403443926355077,0.9839360117912292,0.07681473344564438,0.077839195728302
fresh_ulong,98881c99-ebda-4469-bbe4-0ee789ff217d,10,1,baseline,41,3,1145,0.0012726571876555681,28.95288565364119,0.9863710403442383,0.06808145344257355,0.06837451457977295
fresh_ulong,98881c99-ebda-4469-bbe4-0ee789ff217d,10,1,baseline,42,1,129,0.0014453171752393246,28.400368364086294,0.9832070469856262,0.07869281619787216,0.07907283306121826
fresh_ulong,98881c99-ebda-4469-bbe4-0ee789ff217d,10,1,baseline,43,2,213,0.0014207864878699183,28.474711818240873,0.9830650687217712,0.07885077595710754,0.07641226053237915
fresh_ulong,98881c99-ebda-4469-bbe4-0ee789ff217d,10,1,baseline,44,1,762,0.001330172992311418,28.760918742805437,0.9841650724411011,0.07531595975160599,0.07663524150848389
fresh_ulong,98881c99-ebda-4469-bbe4-0ee789ff217d,10,1,baseline,45,2,710,0.0013003334170207381,28.859452764573632,0.9849473834037781,0.07096125185489655,0.07054388523101807
fresh_ulong,98881c99-ebda-4469-bbe4-0ee789ff217d,10,1,baseline,46,1,146,0.0013947789557278156,28.55494613834226,0.9834653735160828,0.08004631847143173,0.08117938041687012
fresh_ulong,98881c99-ebda-4469-bbe4-0ee789ff217d,10,1,baseline,47,2,187,0.0014331405982375145,28.43711201058745,0.9825910925865173,0.0779929906129837,0.07761794328689575
fresh_ulong,98881c99-ebda-4469-bbe4-0ee789ff217d,10,1,baseline,48,1,622,0.0013256623642519116,28.77567073226782,0.9835906624794006,0.07544045150279999,0.07832515239715576
fresh_ulong,98881c99-ebda-4469-bbe4-0ee789ff217d,10,1,baseline,49,3,954,0.0012160686310380697,29.150419141751055,0.9855287671089172,0.07074199616909027,0.06892967224121094
fresh_ulong,98881c99-ebda-4469-bbe4-0ee789ff217d,10,1,baseline,50,1,80,0.0013085060054436326,28.832242798066407,0.9839723706245422,0.07778868824243546,0.07576709985733032
fresh_ulong,98881c99-ebda-4469-bbe4-0ee789ff217d,10,1,baseline,51,2,112,0.001408601296134293,28.512119163244115,0.9821588397026062,0.07869735360145569,0.0731346607208252
fresh_ulong,98881c99-ebda-4469-bbe4-0ee789ff217d,10,1,baseline,52,1,663,0.0013465610099956393,28.707739647892765,0.9830951690673828,0.07562489807605743,0.0693238377571106
fresh_ulong,98881c99-ebda-4469-bbe4-0ee789ff217d,10,1,baseline,53,2,475,0.0013224512804299593,28.78620318559446,0.9833101034164429,0.0757443979382515,0.07014346122741699
fresh_ulong,98881c99-ebda-4469-bbe4-0ee789ff217d,10,1,baseline,54,1,102,0.0013994636246934533,28.540383853723217,0.9817435145378113,0.08182869851589203,0.07703763246536255
fresh_ulong,98881c99-ebda-4469-bbe4-0ee789ff217d,10,1,baseline,55,2,141,0.0014764623483642936,28.3077762360992,0.9801433682441711,0.08082957565784454,0.07610756158828735
fresh_ulong,98881c99-ebda-4469-bbe4-0ee789ff217d,10,1,baseline,56,1,584,0.0013371204258874059,28.73829476849361,0.9821264147758484,0.07931879907846451,0.08069729804992676
fresh_ulong,98881c99-ebda-4469-bbe4-0ee789ff217d,10,1,baseline,57,3,886,0.001278767711482942,28.932083380727146,0.983258843421936,0.07678524404764175,0.0756329894065857
fresh_ulong,98881c99-ebda-4469-bbe4-0ee789ff217d,10,1,baseline,58,1,84,0.0013594689080491662,28.666307205642262,0.981246292591095,0.08221598714590073,0.08333033323287964
fresh_ulong,98881c99-ebda-4469-bbe4-0ee789ff217d,10,1,baseline,59,2,106,0.001425283495336771,28.46098743925657,0.9792604446411133,0.07999813556671143,0.07921469211578369
fresh_ulong,98881c99-ebda-4469-bbe4-0ee789ff217d,10,1,baseline,60,1,688,0.0013206142466515303,28.792240219132495,0.9809736013412476,0.07629542052745819,0.08203178644180298
fresh_ulong,98881c99-ebda-4469-bbe4-0ee789ff217d,10,1,baseline,61,2,479,0.0012901847949251533,28.89348080655435,0.981220006942749,0.07322439551353455,0.08006519079208374
fresh_ulong,98881c99-ebda-4469-bbe4-0ee789ff217d,10,1,baseline,62,1,83,0.0013969477731734514,28.54819830282789,0.9789264798164368,0.0795588344335556,0.08400923013687134
fresh_ulong,98881c99-ebda-4469-bbe4-0ee789ff217d,10,1,baseline,63,2,121,0.0015425602905452251,28.11757852682467,0.9755862951278687,0.07753085345029831,0.08340752124786377
fresh_ulong,98881c99-ebda-4469-bbe4-0ee789ff217d,10,1,uniform_2x,0,1,3263,0.0010389668168500066,29.83398322980907,0.9722991585731506,,
fresh_ulong,98881c99-ebda-4469-bbe4-0ee789ff217d,10,1,uniform_2x,1,3,1641,0.0016429618699476123,27.84372515605416,0.9693320393562317,,
fresh_ulong,98881c99-ebda-4469-bbe4-0ee789ff217d,10,1,uniform_2x,2,1,877,0.0015561330365017056,28.0795327717359,0.9731802344322205,,
fresh_ulong,98881c99-ebda-4469-bbe4-0ee789ff217d,10,1,uniform_2x,3,2,803,0.0013906389940530062,28.56785596995121,0.9772617220878601,,
fresh_ulong,98881c99-ebda-4469-bbe4-0ee789ff217d,10,1,uniform_2x,4,1,667,0.0014114109799265862,28.50346508339479,0.9770175218582153,,
fresh_ulong,98881c99-ebda-4469-bbe4-0ee789ff217d,10,1,uniform_2x,5,2,708,0.0014020466478541493,28.53237536605718,0.9790258407592773,,
fresh_ulong,98881c99-ebda-4469-bbe4-0ee789ff217d,10,1,uniform_2x,6,1,649,0.0014010184677317739,28.535561399596638,0.9787999391555786,,
fresh_ulong,98881c99-ebda-4469-bbe4-0ee789ff217d,10,1,uniform_2x,7,2,704,0.0013824417255818844,28.593531665633215,0.9800496697425842,,
fresh_ulong,98881c99-ebda-4469-bbe4-0ee789ff217d,10,1,uniform_2x,8,1,398,0.0014340373454615474,28.434395385450077,0.979653000831604,,
fresh_ulong,98881c99-ebda-4469-bbe4-0ee789ff217d,10,1,uniform_2x,9,3,969,0.001388165052048862,28.575588934399164,0.9809889793395996,,
fresh_ulong,98881c99-ebda-4469-bbe4-0ee789ff217d,10,1,uniform_2x,10,1,235,0.0014979516854509711,28.245021940333622,0.9795252084732056,,
fresh_ulong,98881c99-ebda-4469-bbe4-0ee789ff217d,10,1,uniform_2x,11,2,351,0.0016152773750945926,27.917528899709517,0.9776006937026978,,
fresh_ulong,98881c99-ebda-4469-bbe4-0ee789ff217d,10,1,uniform_2x,12,1,561,0.001724044093862176,27.634516309265372,0.9774857759475708,,
fresh_ulong,98881c99-ebda-4469-bbe4-0ee789ff217d,10,1,uniform_2x,13,2,623,0.0016566106351092458,27.807795548843526,0.9780387878417969,,
fresh_ulong,98881c99-ebda-4469-bbe4-0ee789ff217d,10,1,uniform_2x,14,1,323,0.0017818022752180696,27.491404908412584,0.9765883088111877,,
fresh_ulong,98881c99-ebda-4469-bbe4-0ee789ff217d,10,1,uniform_2x,15,2,403,0.0016976641491055489,27.701482225825842,0.9776262044906616,,
fresh_ulong,98881c99-ebda-4469-bbe4-0ee789ff217d,10,1,uniform_2x,16,1,605,0.0016237982781603932,27.894679234465762,0.9791349768638611,,
fresh_ulong,98881c99-ebda-4469-bbe4-0ee789ff217d,10,1,uniform_2x,17,3,1135,0.001441393862478435,28.412173315185797,0.9822070598602295,,
fresh_ulong,98881c99-ebda-4469-bbe4-0ee789ff217d,10,1,uniform_2x,18,1,210,0.001651377766393125,27.82153566898748,0.9797109961509705,,
fresh_ulong,98881c99-ebda-4469-bbe4-0ee789ff217d,10,1,uniform_2x,19,2,227,0.0017243139445781708,27.633836596336337,0.9788344502449036,,
fresh_ulong,98881c99-ebda-4469-bbe4-0ee789ff217d,10,1,uniform_2x,20,1,849,0.0016453885473310947,27.837315299107157,0.9807758927345276,,
fresh_ulong,98881c99-ebda-4469-bbe4-0ee789ff217d,10,1,uniform_2x,21,2,676,0.0016020220937207341,27.95331498791834,0.9815992116928101,,
fresh_ulong,98881c99-ebda-4469-bbe4-0ee789ff217d,10,1,uniform_2x,22,1,220,0.0017549492185935378,27.55735445809944,0.979956328868866,,
fresh_ulong,98881c99-ebda-4469-bbe4-0ee789ff217d,10,1,uniform_2x,23,2,293,0.0017064440762624145,27.679079398896555,0.9802155494689941,,
fresh_ulong,98881c99-ebda-4469-bbe4-0ee789ff217d,10,1,uniform_2x,24,1,811,0.0017140888376161456,27.659666732607455,0.9807568192481995,,
fresh_ulong,98881c99-ebda-4469-bbe4-0ee789ff217d,10,1,uniform_2x,25,3,1141,0.0014197637792676687,28.477839076553337,0.9847556352615356,,
fresh_ulong,98881c99-ebda-4469-bbe4-0ee789ff217d,10,1,uniform_2x,26,1,168,0.0016487718094140291,27.828394467022747,0.9822331070899963,,
fresh_ulong,98881c99-ebda-4469-bbe4-0ee789ff217d,10,1,uniform_2x,27,2,237,0.0017054654890671372,27.681570643300816,0.9814547300338745,,
fresh_ulong,98881c99-ebda-4469-bbe4-0ee789ff217d,10,1,uniform_2x,28,1,762,0.0016249407781288028,27.89162462500829,0.9826930165290833,,
fresh_ulong,98881c99-ebda-4469-bbe4-0ee789ff217d,10,1,uniform_2x,29,2,588,0.0015056580305099487,28.222736551783903,0.9843322038650513,,
fresh_ulong,98881c99-ebda-4469-bbe4-0ee789ff217d,10,1,uniform_2x,30,1,199,0.001659201574511826,27.801008488278207,0.9824538826942444,,
fresh_ulong,98881c99-ebda-4469-bbe4-0ee789ff217d,10,1,uniform_2x,31,2,255,0.001659251400269568,27.80087807177503,0.9825720191001892,,
fresh_ulong,98881c99-ebda-4469-bbe4-0ee789ff217d,10,1,uniform_2x,32,1,656,0.0016076815081760287,27.937999835364067,0.9830532073974609,,
fresh_ulong,98881c99-ebda-4469-bbe4-0ee789ff217d,10,1,uniform_2x,33,3,1029,0.0014033163897693157,28.528444024997516,0.9854139089584351,,
fresh_ulong,98881c99-ebda-4469-bbe4-0ee789ff217d,10,1,uniform_2x,34,1,153,0.0015774087514728308,28.020557540350246,0.9829750657081604,,
fresh_ulong,98881c99-ebda-4469-bbe4-0ee789ff217d,10,1,uniform_2x,35,2,189,0.0016374570550397038,27.858300812621962,0.9820541143417358,,
fresh_ulong,98881c99-ebda-4469-bbe4-0ee789ff217d,10,1,uniform_2x,36,1,770,0.0015915476251393557,27.98180361110991,0.9824228286743164,,
fresh_ulong,98881c99-ebda-4469-bbe4-0ee789ff217d,10,1,uniform_2x,37,2,664,0.0014869788428768516,28.27695210689346,0.9837596416473389,,
fresh_ulong,98881c99-ebda-4469-bbe4-0ee789ff217d,10,1,uniform_2x,38,1,177,0.0016174879856407642,27.911589364949947,0.9818437099456787,,
fresh_ulong,98881c99-ebda-4469-bbe4-0ee789ff217d,10,1,uniform_2x,39,2,263,0.001589851570315659,27.986434198316772,0.9820225238800049,,
fresh_ulong,98881c99-ebda-4469-bbe4-0ee789ff217d,10,1,uniform_2x,40,1,695,0.0015929670771583915,27.97793199940358,0.9824259281158447,,
fresh_ulong,98881c99-ebda-4469-bbe4-0ee789ff217d,10,1,uniform_2x,41,3,1084,0.001382238115184009,28.59417135541654,0.9849110841751099,,
fresh_ulong,98881c99-ebda-4469-bbe4-0ee789ff217d,10,1,uniform_2x,42,1,164,0.0015625646337866783,28.061620094934256,0.9818737506866455,,
fresh_ulong,98881c99-ebda-4469-bbe4-0ee789ff217d,10,1,uniform_2x,43,2,233,0.00155738927423954,28.076028206213927,0.9815042614936829,,
fresh_ulong,98881c99-ebda-4469-bbe4-0ee789ff217d,10,1,uniform_2x,44,1,755,0.0014642293099313974,28.343909039884835,0.9825717806816101,,
fresh_ulong,98881c99-ebda-4469-bbe4-0ee789ff217d,10,1,uniform_2x,45,2,687,0.001378153683617711,28.607023497538314,0.9838168025016785,,
fresh_ulong,98881c99-ebda-4469-bbe4-0ee789ff217d,10,1,uniform_2x,46,1,189,0.0015206118114292622,28.17981640431779,0.9816198348999023,,
fresh_ulong,98881c99-ebda-4469-bbe4-0ee789ff217d,10,1,uniform_2x,47,2,222,0.0015148322563618422,28.196354557225845,0.981442391872406,,
fresh_ulong,98881c99-ebda-4469-bbe4-0ee789ff217d,10,1,uniform_2x,48,1,596,0.0014432339230552316,28.40663271637949,0.9824137091636658,,
fresh_ulong,98881c99-ebda-4469-bbe4-0ee789ff217d,10,1,uniform_2x,49,3,881,0.0012733717449009418,28.950447910119507,0.9848941564559937,,
fresh_ulong,98881c99-ebda-4469-bbe4-0ee789ff217d,10,1,uniform_2x,50,1,128,0.0013825801433995366,28.593096847412586,0.9828547835350037,,
fresh_ulong,98881c99-ebda-4469-bbe4-0ee789ff217d,10,1,uniform_2x,51,2,154,0.001522413338534534,28.174674196589184,0.9807750582695007,,
fresh_ulong,98881c99-ebda-4469-bbe4-0ee789ff217d,10,1,uniform_2x,52,1,703,0.0013385675847530365,28.733596962407365,0.9831095933914185,,
fresh_ulong,98881c99-ebda-4469-bbe4-0ee789ff217d,10,1,uniform_2x,53,2,510,0.0013308128109201789,28.758830270959997,0.9834409356117249,,
fresh_ulong,98881c99-ebda-4469-bbe4-0ee789ff217d,10,1,uniform_2x,54,1,136,0.0014623621245846152,28.34945069761855,0.9810057878494263,,
fresh_ulong,98881c99-ebda-4469-bbe4-0ee789ff217d,10,1,uniform_2x,55,2,171,0.0015545364003628492,28.08399104246945,0.9789072871208191,,
fresh_ulong,98881c99-ebda-4469-bbe4-0ee789ff217d,10,1,uniform_2x,56,1,612,0.0013858038000762463,28.58298252102132,0.9813268780708313,,
fresh_ulong,98881c99-ebda-4469-bbe4-0ee789ff217d,10,1,uniform_2x,57,3,862,0.0013168099103495479,28.80476913606649,0.9822030067443848,,
fresh_ulong,98881c99-ebda-4469-bbe4-0ee789ff217d,10,1,uniform_2x,58,1,117,0.001424425863660872,28.46360149331382,0.9797402620315552,,
fresh_ulong,98881c99-ebda-4469-bbe4-0ee789ff217d,10,1,uniform_2x,59,2,141,0.0014683488989248872,28.331707381023413,0.9780899286270142,,
fresh_ulong,98881c99-ebda-4469-bbe4-0ee789ff217d,10,1,uniform_2x,60,1,704,0.0013617940712720156,28.65888560904814,0.9799758791923523,,
fresh_ulong,98881c99-ebda-4469-bbe4-0ee789ff217d,10,1,uniform_2x,61,2,491,0.0013703074073418975,28.63181994641963,0.9797046184539795,,
fresh_ulong,98881c99-ebda-4469-bbe4-0ee789ff217d,10,1,uniform_2x,62,1,123,0.001512905117124319,28.20188308197219,0.9771429896354675,,
fresh_ulong,98881c99-ebda-4469-bbe4-0ee789ff217d,10,1,uniform_2x,63,2,144,0.001608477090485394,27.935851203676265,0.9744459390640259,,
fresh_ulong,98881c99-ebda-4469-bbe4-0ee789ff217d,10,1,uniform_4x,0,1,3263,0.0010389668168500066,29.83398322980907,0.9722991585731506,,
fresh_ulong,98881c99-ebda-4469-bbe4-0ee789ff217d,10,1,uniform_4x,1,3,1636,0.0016545241232961416,27.813268963566372,0.9690067768096924,,
fresh_ulong,98881c99-ebda-4469-bbe4-0ee789ff217d,10,1,uniform_4x,2,1,876,0.001575297093950212,28.026375281629313,0.9726240634918213,,
fresh_ulong,98881c99-ebda-4469-bbe4-0ee789ff217d,10,1,uniform_4x,3,2,809,0.0013837444130331278,28.589441196046618,0.9773262143135071,,
fresh_ulong,98881c99-ebda-4469-bbe4-0ee789ff217d,10,1,uniform_4x,4,1,660,0.001452209777198732,28.379706436226435,0.9761154651641846,,
fresh_ulong,98881c99-ebda-4469-bbe4-0ee789ff217d,10,1,uniform_4x,5,2,727,0.0014049725141376257,28.52332171897778,0.9790522456169128,,
fresh_ulong,98881c99-ebda-4469-bbe4-0ee789ff217d,10,1,uniform_4x,6,1,617,0.0014458766672760248,28.398687506139883,0.9782793521881104,,
fresh_ulong,98881c99-ebda-4469-bbe4-0ee789ff217d,10,1,uniform_4x,7,2,701,0.0014199399156495929,28.47730032274626,0.9790616631507874,,
fresh_ulong,98881c99-ebda-4469-bbe4-0ee789ff217d,10,1,uniform_4x,8,1,407,0.0014519165270030499,28.380583512006858,0.9787793159484863,,
fresh_ulong,98881c99-ebda-4469-bbe4-0ee789ff217d,10,1,uniform_4x,9,3,946,0.0014033899642527103,28.528216334686356,0.9803335070610046,,
fresh_ulong,98881c99-ebda-4469-bbe4-0ee789ff217d,10,1,uniform_4x,10,1,231,0.0015313265612348914,28.149321844689403,0.9786010384559631,,
fresh_ulong,98881c99-ebda-4469-bbe4-0ee789ff217d,10,1,uniform_4x,11,2,357,0.0016554994508624077,27.810709589695787,0.9768913984298706,,
fresh_ulong,98881c99-ebda-4469-bbe4-0ee789ff217d,10,1,uniform_4x,12,1,606,0.0017282649641856551,27.62389674089608,0.9772651195526123,,
fresh_ulong,98881c99-ebda-4469-bbe4-0ee789ff217d,10,1,uniform_4x,13,2,634,0.001665557618252933,27.784403387419587,0.9781531691551208,,
fresh_ulong,98881c99-ebda-4469-bbe4-0ee789ff217d,10,1,uniform_4x,14,1,299,0.0017605606699362397,27.54349004297559,0.9770098328590393,,
fresh_ulong,98881c99-ebda-4469-bbe4-0ee789ff217d,10,1,uniform_4x,15,2,385,0.001717044971883297,27.652183298915112,0.9773203730583191,,
fresh_ulong,98881c99-ebda-4469-bbe4-0ee789ff217d,10,1,uniform_4x,16,1,601,0.001592330983839929,27.979666542398085,0.9796591997146606,,
fresh_ulong,98881c99-ebda-4469-bbe4-0ee789ff217d,10,1,uniform_4x,17,3,1217,0.0014268977101892233,28.45607158975502,0.98256915807724,,
fresh_ulong,98881c99-ebda-4469-bbe4-0ee789ff217d,10,1,uniform_4x,18,1,198,0.0016169269802048802,27.913095922210772,0.9801075458526611,,
fresh_ulong,98881c99-ebda-4469-bbe4-0ee789ff217d,10,1,uniform_4x,19,2,225,0.0016483009094372392,27.82963501753696,0.9796631336212158,,
fresh_ulong,98881c99-ebda-4469-bbe4-0ee789ff217d,10,1,uniform_4x,20,1,817,0.0016530246939510107,27.81720658608495,0.9807854890823364,,
fresh_ulong,98881c99-ebda-4469-bbe4-0ee789ff217d,10,1,uniform_4x,21,2,655,0.001624405151233077,27.893056419666884,0.9811397790908813,,
fresh_ulong,98881c99-ebda-4469-bbe4-0ee789ff217d,10,1,uniform_4x,22,1,218,0.0018195005832239985,27.400478008686644,0.9791167378425598,,
fresh_ulong,98881c99-ebda-4469-bbe4-0ee789ff217d,10,1,uniform_4x,23,2,286,0.0018267750274389982,27.3831493395992,0.9787346124649048,,
fresh_ulong,98881c99-ebda-4469-bbe4-0ee789ff217d,10,1,uniform_4x,24,1,801,0.0018158729653805494,27.40914537072641,0.9796960353851318,,
fresh_ulong,98881c99-ebda-4469-bbe4-0ee789ff217d,10,1,uniform_4x,25,3,1106,0.0015009480994194746,28.236343247623445,0.9837107062339783,,
fresh_ulong,98881c99-ebda-4469-bbe4-0ee789ff217d,10,1,uniform_4x,26,1,185,0.0016432182164862752,27.84304759192502,0.9824704527854919,,
fresh_ulong,98881c99-ebda-4469-bbe4-0ee789ff217d,10,1,uniform_4x,27,2,242,0.0017195387044921517,27.645880443501447,0.9813501238822937,,
fresh_ulong,98881c99-ebda-4469-bbe4-0ee789ff217d,10,1,uniform_4x,28,1,775,0.0016903019277378917,27.72035713233222,0.9818273186683655,,
fresh_ulong,98881c99-ebda-4469-bbe4-0ee789ff217d,10,1,uniform_4x,29,2,641,0.0015521541936323047,28.09065137383685,0.9835428595542908,,
fresh_ulong,98881c99-ebda-4469-bbe4-0ee789ff217d,10,1,uniform_4x,30,1,187,0.0017154492670670152,27.656221213027344,0.9817513227462769,,
fresh_ulong,98881c99-ebda-4469-bbe4-0ee789ff217d,10,1,uniform_4x,31,2,263,0.0016800371231511235,27.74681121725591,0.9820295572280884,,
fresh_ulong,98881c99-ebda-4469-bbe4-0ee789ff217d,10,1,uniform_4x,32,1,689,0.001611502026207745,27.927691440949978,0.9829829335212708,,
fresh_ulong,98881c99-ebda-4469-bbe4-0ee789ff217d,10,1,uniform_4x,33,3,1017,0.001433750381693244,28.435264534727178,0.9851080179214478,,
fresh_ulong,98881c99-ebda-4469-bbe4-0ee789ff217d,10,1,uniform_4x,34,1,145,0.0016088408883661032,27.934869047645478,0.9826104044914246,,
fresh_ulong,98881c99-ebda-4469-bbe4-0ee789ff217d,10,1,uniform_4x,35,2,191,0.001658230205066502,27.8035517833937,0.9820091128349304,,
fresh_ulong,98881c99-ebda-4469-bbe4-0ee789ff217d,10,1,uniform_4x,36,1,780,0.0016142533859238029,27.9202829398114,0.982009768486023,,
fresh_ulong,98881c99-ebda-4469-bbe4-0ee789ff217d,10,1,uniform_4x,37,2,662,0.0015047696651890874,28.22529972357849,0.9834886789321899,,
fresh_ulong,98881c99-ebda-4469-bbe4-0ee789ff217d,10,1,uniform_4x,38,1,182,0.001593477209098637,27.976541436954147,0.9822028875350952,,
fresh_ulong,98881c99-ebda-4469-bbe4-0ee789ff217d,10,1,uniform_4x,39,2,241,0.0016042226925492287,27.947353446352583,0.9818683862686157,,
fresh_ulong,98881c99-ebda-4469-bbe4-0ee789ff217d,10,1,uniform_4x,40,1,687,0.001589617575518787,27.987073441187817,0.9823035597801208,,
fresh_ulong,98881c99-ebda-4469-bbe4-0ee789ff217d,10,1,uniform_4x,41,3,1087,0.0014259486924856901,28.458961006911785,0.9842774868011475,,
fresh_ulong,98881c99-ebda-4469-bbe4-0ee789ff217d,10,1,uniform_4x,42,1,175,0.0016238965326920152,27.894416454842652,0.9811319708824158,,
fresh_ulong,98881c99-ebda-4469-bbe4-0ee789ff217d,10,1,uniform_4x,43,2,228,0.0015979905147105455,27.964258028825377,0.9808590412139893,,
fresh_ulong,98881c99-ebda-4469-bbe4-0ee789ff217d,10,1,uniform_4x,44,1,729,0.001519155572168529,28.183977490636842,0.9819565415382385,,
fresh_ulong,98881c99-ebda-4469-bbe4-0ee789ff217d,10,1,uniform_4x,45,2,684,0.0015157634625211358,28.193685658126544,0.9822120070457458,,
fresh_ulong,98881c99-ebda-4469-bbe4-0ee789ff217d,10,1,uniform_4x,46,1,172,0.0015709704020991921,28.038319972172424,0.9811297059059143,,
fresh_ulong,98881c99-ebda-4469-bbe4-0ee789ff217d,10,1,uniform_4x,47,2,229,0.0015928716165944934,27.97819226365509,0.9803920984268188,,
fresh_ulong,98881c99-ebda-4469-bbe4-0ee789ff217d,10,1,uniform_4x,48,1,610,0.0015070631634443998,28.218685453227252,0.9814212322235107,,
fresh_ulong,98881c99-ebda-4469-bbe4-0ee789ff217d,10,1,uniform_4x,49,3,908,0.0013313443632796407,28.757095961191496,0.9841048717498779,,
fresh_ulong,98881c99-ebda-4469-bbe4-0ee789ff217d,10,1,uniform_4x,50,1,127,0.0013920075725764036,28.563584021398242,0.9825431704521179,,
fresh_ulong,98881c99-ebda-4469-bbe4-0ee789ff217d,10,1,uniform_4x,51,2,155,0.001565778162330389,28.052697682680773,0.9800119996070862,,
fresh_ulong,98881c99-ebda-4469-bbe4-0ee789ff217d,10,1,uniform_4x,52,1,696,0.0013918760232627392,28.56399446342355,0.9823721051216125,,
fresh_ulong,98881c99-ebda-4469-bbe4-0ee789ff217d,10,1,uniform_4x,53,2,514,0.0013387042563408613,28.733153557926986,0.9831236004829407,,
fresh_ulong,98881c99-ebda-4469-bbe4-0ee789ff217d,10,1,uniform_4x,54,1,145,0.0014661175664514303,28.338312026731337,0.9808146953582764,,
fresh_ulong,98881c99-ebda-4469-bbe4-0ee789ff217d,10,1,uniform_4x,55,2,188,0.001505945809185505,28.22190655754936,0.979469358921051,,
fresh_ulong,98881c99-ebda-4469-bbe4-0ee789ff217d,10,1,uniform_4x,56,1,577,0.0014223292237147689,28.469998666908474,0.9808266162872314,,
fresh_ulong,98881c99-ebda-4469-bbe4-0ee789ff217d,10,1,uniform_4x,57,3,822,0.00136167136952281,28.659276939092855,0.9818997979164124,,
fresh_ulong,98881c99-ebda-4469-bbe4-0ee789ff217d,10,1,uniform_4x,58,1,119,0.001448149443604052,28.391866182606734,0.9800174236297607,,
fresh_ulong,98881c99-ebda-4469-bbe4-0ee789ff217d,10,1,uniform_4x,59,2,150,0.0014722492778673768,28.32018650028019,0.978736400604248,,
fresh_ulong,98881c99-ebda-4469-bbe4-0ee789ff217d,10,1,uniform_4x,60,1,703,0.0013917909236624837,28.56426000012402,0.9798188805580139,,
fresh_ulong,98881c99-ebda-4469-bbe4-0ee789ff217d,10,1,uniform_4x,61,2,473,0.001388669479638338,28.574011093742552,0.979681670665741,,
fresh_ulong,98881c99-ebda-4469-bbe4-0ee789ff217d,10,1,uniform_4x,62,1,133,0.0014874396147206426,28.27560656205081,0.9772539138793945,,
fresh_ulong,98881c99-ebda-4469-bbe4-0ee789ff217d,10,1,uniform_4x,63,2,155,0.0015912603121250868,27.982587688939766,0.9743863940238953,,
fresh_ulong,98881c99-ebda-4469-bbe4-0ee789ff217d,10,3,baseline,0,3,4891,0.0007229101029224694,31.409157057927732,0.9807173013687134,0.05474057048559189,0.055563509464263916
fresh_ulong,98881c99-ebda-4469-bbe4-0ee789ff217d,10,3,baseline,1,5,2094,0.0013461055932566524,28.709208711893158,0.9768454432487488,0.06159535422921181,0.061688899993896484
fresh_ulong,98881c99-ebda-4469-bbe4-0ee789ff217d,10,3,baseline,2,3,1201,0.0014089130563661456,28.511158062557595,0.9783349633216858,0.05855173617601395,0.05720275640487671
fresh_ulong,98881c99-ebda-4469-bbe4-0ee789ff217d,10,3,baseline,3,4,1324,0.0012369902106001973,29.076337373144025,0.981537401676178,0.053960222750902176,0.052549660205841064
fresh_ulong,98881c99-ebda-4469-bbe4-0ee789ff217d,10,3,baseline,4,3,922,0.0012720664963126183,28.95490185679106,0.9814635515213013,0.05462762340903282,0.05457872152328491
fresh_ulong,98881c99-ebda-4469-bbe4-0ee789ff217d,10,3,baseline,5,4,1232,0.0012024713214486837,29.199252726132634,0.9835534691810608,0.05099988728761673,0.04986000061035156
fresh_ulong,98881c99-ebda-4469-bbe4-0ee789ff217d,10,3,baseline,6,3,1088,0.0012385008158162236,29.07103703002757,0.9829511642456055,0.05589723587036133,0.05317777395248413
fresh_ulong,98881c99-ebda-4469-bbe4-0ee789ff217d,10,3,baseline,7,4,1300,0.0012047853088006377,29.190903369150515,0.9839135408401489,0.05362776666879654,0.05130183696746826
fresh_ulong,98881c99-ebda-4469-bbe4-0ee789ff217d,10,3,baseline,8,3,866,0.0012499141739681363,29.031198070333232,0.9835696816444397,0.05686959624290466,0.053917646408081055
fresh_ulong,98881c99-ebda-4469-bbe4-0ee789ff217d,10,3,baseline,9,5,1906,0.0011450909078121185,29.41160033678721,0.9854834675788879,0.05254681780934334,0.05091816186904907
fresh_ulong,98881c99-ebda-4469-bbe4-0ee789ff217d,10,3,baseline,10,3,400,0.0012705515837296844,28.960076981268852,0.9837870001792908,0.06108158454298973,0.05671358108520508
fresh_ulong,98881c99-ebda-4469-bbe4-0ee789ff217d,10,3,baseline,11,4,709,0.0013063721125945449,28.839330991498137,0.9833085536956787,0.05986838415265083,0.053688108921051025
fresh_ulong,98881c99-ebda-4469-bbe4-0ee789ff217d,10,3,baseline,12,3,828,0.0014158427948132157,28.489849649621412,0.9827782511711121,0.0651770681142807,0.06176900863647461
fresh_ulong,98881c99-ebda-4469-bbe4-0ee789ff217d,10,3,baseline,13,4,1069,0.001304867211729288,28.844336815421382,0.9845120906829834,0.058990828692913055,0.057232439517974854
fresh_ulong,98881c99-ebda-4469-bbe4-0ee789ff217d,10,3,baseline,14,3,510,0.0013959393836557865,28.551334398184196,0.9837393760681152,0.0619424507021904,0.06189829111099243
fresh_ulong,98881c99-ebda-4469-bbe4-0ee789ff217d,10,3,baseline,15,4,738,0.0013131971936672926,28.816700540390357,0.9844427704811096,0.062149763107299805,0.0616493821144104
fresh_ulong,98881c99-ebda-4469-bbe4-0ee789ff217d,10,3,baseline,16,3,809,0.0013412967091426253,28.724751409479442,0.9847197532653809,0.06395143270492554,0.06624317169189453
fresh_ulong,98881c99-ebda-4469-bbe4-0ee789ff217d,10,3,baseline,17,5,1980,0.0011878106743097305,29.252527762361446,0.9867390990257263,0.05652601271867752,0.053894996643066406
fresh_ulong,98881c99-ebda-4469-bbe4-0ee789ff217d,10,3,baseline,18,3,328,0.0012987512163817883,28.86474032683928,0.9852033257484436,0.06404764205217361,0.06010115146636963
fresh_ulong,98881c99-ebda-4469-bbe4-0ee789ff217d,10,3,baseline,19,4,398,0.0012999902246519923,28.860599133821324,0.9853465557098389,0.06521603465080261,0.05811983346939087
fresh_ulong,98881c99-ebda-4469-bbe4-0ee789ff217d,10,3,baseline,20,3,1139,0.0012767211301252246,28.939039538515612,0.9861072301864624,0.06603490561246872,0.06338721513748169
fresh_ulong,98881c99-ebda-4469-bbe4-0ee789ff217d,10,3,baseline,21,4,1247,0.0012438347330316901,29.052373200475063,0.9867554306983948,0.06055881828069687,0.05997800827026367
fresh_ulong,98881c99-ebda-4469-bbe4-0ee789ff217d,10,3,baseline,22,3,379,0.0013434365391731262,28.717828438105446,0.985561728477478,0.06770840287208557,0.06572067737579346
fresh_ulong,98881c99-ebda-4469-bbe4-0ee789ff217d,10,3,baseline,23,4,546,0.0013337956042960286,28.74910718191263,0.9855685234069824,0.06816961616277695,0.06399273872375488
fresh_ulong,98881c99-ebda-4469-bbe4-0ee789ff217d,10,3,baseline,24,3,1180,0.0013380447635427117,28.735293572450267,0.9859660863876343,0.06857381016016006,0.0637134313583374
fresh_ulong,98881c99-ebda-4469-bbe4-0ee789ff217d,10,3,baseline,25,5,2189,0.0011399922659620643,29.430980950331694,0.9885081052780151,0.05844205617904663,0.057621777057647705
fresh_ulong,98881c99-ebda-4469-bbe4-0ee789ff217d,10,3,baseline,26,3,290,0.0012974183773621917,28.86919954771395,0.9866434931755066,0.06707501411437988,0.0681411623954773
fresh_ulong,98881c99-ebda-4469-bbe4-0ee789ff217d,10,3,baseline,27,4,441,0.0012448800262063742,29.048725011523345,0.9871174097061157,0.06608016788959503,0.06193059682846069
fresh_ulong,98881c99-ebda-4469-bbe4-0ee789ff217d,10,3,baseline,28,3,1142,0.0012889689533039927,28.897575431362323,0.9870008230209351,0.06709595024585724,0.06290072202682495
fresh_ulong,98881c99-ebda-4469-bbe4-0ee789ff217d,10,3,baseline,29,4,1200,0.0011987617472186685,29.212671239487058,0.9881421327590942,0.06096828728914261,0.05623215436935425
fresh_ulong,98881c99-ebda-4469-bbe4-0ee789ff217d,10,3,baseline,30,3,333,0.0012978034792467952,28.8679106588719,0.9868703484535217,0.06570734083652496,0.06139153242111206
fresh_ulong,98881c99-ebda-4469-bbe4-0ee789ff217d,10,3,baseline,31,4,476,0.0012792079942300916,28.93058835191178,0.9870601296424866,0.06482946872711182,0.05792999267578125
fresh_ulong,98881c99-ebda-4469-bbe4-0ee789ff217d,10,3,baseline,32,3,1003,0.0012675350299105048,28.970400295594292,0.9870845675468445,0.0667475238442421,0.06867969036102295
fresh_ulong,98881c99-ebda-4469-bbe4-0ee789ff217d,10,3,baseline,33,5,2216,0.0011139475973322988,29.53135238897218,0.9891673922538757,0.057046495378017426,0.06065267324447632
fresh_ulong,98881c99-ebda-4469-bbe4-0ee789ff217d,10,3,baseline,34,3,219,0.0012589062098413706,29.000066241936672,0.9870473742485046,0.06554700434207916,0.06550145149230957
fresh_ulong,98881c99-ebda-4469-bbe4-0ee789ff217d,10,3,baseline,35,4,379,0.001319143339060247,28.797080111400298,0.9862067699432373,0.06838913261890411,0.06338459253311157
fresh_ulong,98881c99-ebda-4469-bbe4-0ee789ff217d,10,3,baseline,36,3,1210,0.0012702696258202195,28.96104086463264,0.9866511225700378,0.06733720749616623,0.06395477056503296
fresh_ulong,98881c99-ebda-4469-bbe4-0ee789ff217d,10,3,baseline,37,4,1208,0.0012154581490904093,29.15259990281779,0.9876167178153992,0.06160251051187515,0.05813950300216675
fresh_ulong,98881c99-ebda-4469-bbe4-0ee789ff217d,10,3,baseline,38,3,331,0.0012691003503277898,28.965040360057458,0.9865661263465881,0.06717445701360703,0.06754112243652344
fresh_ulong,98881c99-ebda-4469-bbe4-0ee789ff217d,10,3,baseline,39,4,494,0.0012590890983119607,28.999435363448033,0.9866080284118652,0.0647047609090805,0.061660706996917725
fresh_ulong,98881c99-ebda-4469-bbe4-0ee789ff217d,10,3,baseline,40,3,1015,0.0012611161218956113,28.992449223273095,0.9866478443145752,0.06522554159164429,0.06636536121368408
fresh_ulong,98881c99-ebda-4469-bbe4-0ee789ff217d,10,3,baseline,41,5,2191,0.0011153698433190584,29.525811018716915,0.9884094595909119,0.057028308510780334,0.058019399642944336
fresh_ulong,98881c99-ebda-4469-bbe4-0ee789ff217d,10,3,baseline,42,3,335,0.001230583293363452,29.098889852737628,0.9865039587020874,0.06507773697376251,0.06710481643676758
fresh_ulong,98881c99-ebda-4469-bbe4-0ee789ff217d,10,3,baseline,43,4,439,0.0012003396404907107,29.206958513518906,0.9863886833190918,0.06517333537340164,0.0646059513092041
fresh_ulong,98881c99-ebda-4469-bbe4-0ee789ff217d,10,3,baseline,44,3,1171,0.0011881145182996988,29.251416971758,0.9868316650390625,0.06312592327594757,0.06650280952453613
fresh_ulong,98881c99-ebda-4469-bbe4-0ee789ff217d,10,3,baseline,45,4,1288,0.0011821327498182654,29.27333750801357,0.9870747923851013,0.058186206966638565,0.058963656425476074
fresh_ulong,98881c99-ebda-4469-bbe4-0ee789ff217d,10,3,baseline,46,3,297,0.0012270365841686726,29.11142488564176,0.9860840439796448,0.06713250279426575,0.0702628493309021
fresh_ulong,98881c99-ebda-4469-bbe4-0ee789ff217d,10,3,baseline,47,4,439,0.001206722343340516,29.183926459148985,0.9859799146652222,0.06301403790712357,0.06278413534164429
fresh_ulong,98881c99-ebda-4469-bbe4-0ee789ff217d,10,3,baseline,48,3,910,0.0011998849222436547,29.208604039782955,0.9860155582427979,0.06298056244850159,0.06462770700454712
fresh_ulong,98881c99-ebda-4469-bbe4-0ee789ff217d,10,3,baseline,49,5,1794,0.0010660055559128523,29.722405318047507,0.9879384636878967,0.05591411888599396,0.058035075664520264
fresh_ulong,98881c99-ebda-4469-bbe4-0ee789ff217d,10,3,baseline,50,3,173,0.0011771138524636626,29.29181529420443,0.9861140251159668,0.06438612937927246,0.06370371580123901
fresh_ulong,98881c99-ebda-4469-bbe4-0ee789ff217d,10,3,baseline,51,4,294,0.0012017865665256977,29.201726548046977,0.9850494265556335,0.06507817655801773,0.0614737868309021
fresh_ulong,98881c99-ebda-4469-bbe4-0ee789ff217d,10,3,baseline,52,3,1030,0.0011401810916140676,29.43026165468146,0.9860062003135681,0.06211218237876892,0.061037421226501465
fresh_ulong,98881c99-ebda-4469-bbe4-0ee789ff217d,10,3,baseline,53,4,912,0.0011158415582031012,29.52397467838552,0.9865462779998779,0.06172046810388565,0.05877429246902466
fresh_ulong,98881c99-ebda-4469-bbe4-0ee789ff217d,10,3,baseline,54,3,234,0.0011737594613805413,29.304208939728618,0.985479474067688,0.06695441901683807,0.06659179925918579
fresh_ulong,98881c99-ebda-4469-bbe4-0ee789ff217d,10,3,baseline,55,4,322,0.0012026638723909855,29.19855734890711,0.9846552610397339,0.06541500985622406,0.06224477291107178
fresh_ulong,98881c99-ebda-4469-bbe4-0ee789ff217d,10,3,baseline,56,3,855,0.0011644508922472596,29.338788220075642,0.9850261211395264,0.06469406932592392,0.06871432065963745
fresh_ulong,98881c99-ebda-4469-bbe4-0ee789ff217d,10,3,baseline,57,5,1722,0.0010798466391861439,29.666379190357702,0.9860996603965759,0.06168261915445328,0.06290662288665771
fresh_ulong,98881c99-ebda-4469-bbe4-0ee789ff217d,10,3,baseline,58,3,168,0.0011794889578595757,29.283061205376924,0.9841433167457581,0.06759433448314667,0.06981319189071655
fresh_ulong,98881c99-ebda-4469-bbe4-0ee789ff217d,10,3,baseline,59,4,229,0.0011955833761021495,29.2242013220527,0.9830095767974854,0.06593015789985657,0.06695950031280518
fresh_ulong,98881c99-ebda-4469-bbe4-0ee789ff217d,10,3,baseline,60,3,1022,0.001162672066129744,29.34542761585645,0.9837576746940613,0.06276176124811172,0.0701640248298645
fresh_ulong,98881c99-ebda-4469-bbe4-0ee789ff217d,10,3,baseline,61,4,915,0.0011291592381894588,29.472448079506517,0.9840322732925415,0.05964739993214607,0.06684732437133789
fresh_ulong,98881c99-ebda-4469-bbe4-0ee789ff217d,10,3,baseline,62,3,176,0.0012510110391303897,29.027388580026145,0.9818556904792786,0.06576424837112427,0.07131826877593994
fresh_ulong,98881c99-ebda-4469-bbe4-0ee789ff217d,10,3,baseline,63,4,315,0.0012470966903492808,29.04099873340037,0.9806051850318909,0.06244915351271629,0.06852573156356812
fresh_ulong,98881c99-ebda-4469-bbe4-0ee789ff217d,10,3,uniform_2x,0,3,4891,0.0007229101029224694,31.409157057927732,0.9807173013687134,,
fresh_ulong,98881c99-ebda-4469-bbe4-0ee789ff217d,10,3,uniform_2x,1,5,1961,0.0013910913839936256,28.566443392670813,0.9753358364105225,,
fresh_ulong,98881c99-ebda-4469-bbe4-0ee789ff217d,10,3,uniform_2x,2,3,1167,0.0014735449803993106,28.316366026433336,0.9768512845039368,,
fresh_ulong,98881c99-ebda-4469-bbe4-0ee789ff217d,10,3,uniform_2x,3,4,1307,0.0012761498801410198,28.940983159788054,0.9805019497871399,,
fresh_ulong,98881c99-ebda-4469-bbe4-0ee789ff217d,10,3,uniform_2x,4,3,932,0.0013039758196100593,28.847304619072336,0.9804614186286926,,
fresh_ulong,98881c99-ebda-4469-bbe4-0ee789ff217d,10,3,uniform_2x,5,4,1196,0.0012655421160161495,28.97723397365418,0.9826434850692749,,
fresh_ulong,98881c99-ebda-4469-bbe4-0ee789ff217d,10,3,uniform_2x,6,3,1014,0.0012557448353618383,29.01098599334821,0.9825150966644287,,
fresh_ulong,98881c99-ebda-4469-bbe4-0ee789ff217d,10,3,uniform_2x,7,4,1256,0.0012179078767076135,29.143855607594972,0.9834141731262207,,
fresh_ulong,98881c99-ebda-4469-bbe4-0ee789ff217d,10,3,uniform_2x,8,3,815,0.0012868792982771993,28.904621854580377,0.9826619029045105,,
fresh_ulong,98881c99-ebda-4469-bbe4-0ee789ff217d,10,3,uniform_2x,9,5,1761,0.0011975240195170045,29.21715766899557,0.9845303893089294,,
fresh_ulong,98881c99-ebda-4469-bbe4-0ee789ff217d,10,3,uniform_2x,10,3,427,0.00131283700466156,28.817891904148777,0.9830530285835266,,
fresh_ulong,98881c99-ebda-4469-bbe4-0ee789ff217d,10,3,uniform_2x,11,4,710,0.00136384810321033,28.652339959632513,0.9825823903083801,,
fresh_ulong,98881c99-ebda-4469-bbe4-0ee789ff217d,10,3,uniform_2x,12,3,840,0.0014910122845321894,28.265187783561508,0.9818316102027893,,
fresh_ulong,98881c99-ebda-4469-bbe4-0ee789ff217d,10,3,uniform_2x,13,4,1016,0.001349391881376505,28.698619071079445,0.9835760593414307,,
fresh_ulong,98881c99-ebda-4469-bbe4-0ee789ff217d,10,3,uniform_2x,14,3,589,0.0014293108833953738,28.44873299369425,0.9827589392662048,,
fresh_ulong,98881c99-ebda-4469-bbe4-0ee789ff217d,10,3,uniform_2x,15,4,773,0.0013950980501249433,28.55395268281578,0.9832329154014587,,
fresh_ulong,98881c99-ebda-4469-bbe4-0ee789ff217d,10,3,uniform_2x,16,3,782,0.0014298403402790427,28.44712454288054,0.9836164712905884,,
fresh_ulong,98881c99-ebda-4469-bbe4-0ee789ff217d,10,3,uniform_2x,17,5,1892,0.0012562558986246586,29.009218860440917,0.9857951402664185,,
fresh_ulong,98881c99-ebda-4469-bbe4-0ee789ff217d,10,3,uniform_2x,18,3,359,0.0013580970698967576,28.670691877772377,0.9841458797454834,,
fresh_ulong,98881c99-ebda-4469-bbe4-0ee789ff217d,10,3,uniform_2x,19,4,421,0.0014291406841948628,28.449250172816903,0.9833052158355713,,
fresh_ulong,98881c99-ebda-4469-bbe4-0ee789ff217d,10,3,uniform_2x,20,3,1099,0.0014131962088868022,28.49797536296455,0.9842396974563599,,
fresh_ulong,98881c99-ebda-4469-bbe4-0ee789ff217d,10,3,uniform_2x,21,4,1164,0.0013666982995346189,28.643273459357722,0.9851400256156921,,
fresh_ulong,98881c99-ebda-4469-bbe4-0ee789ff217d,10,3,uniform_2x,22,3,418,0.001493158983066678,28.25893948609429,0.9833918809890747,,
fresh_ulong,98881c99-ebda-4469-bbe4-0ee789ff217d,10,3,uniform_2x,23,4,567,0.0014535952359437943,28.375565090673255,0.9841402769088745,,
fresh_ulong,98881c99-ebda-4469-bbe4-0ee789ff217d,10,3,uniform_2x,24,3,1074,0.0014674447011202574,28.334382556345755,0.984437882900238,,
fresh_ulong,98881c99-ebda-4469-bbe4-0ee789ff217d,10,3,uniform_2x,25,5,2001,0.0012159565230831504,29.150819531246622,0.987454354763031,,
fresh_ulong,98881c99-ebda-4469-bbe4-0ee789ff217d,10,3,uniform_2x,26,3,331,0.0013552614254876971,28.679769227263247,0.9857502579689026,,
fresh_ulong,98881c99-ebda-4469-bbe4-0ee789ff217d,10,3,uniform_2x,27,4,439,0.0013592701870948076,28.66694208387846,0.9856454730033875,,
fresh_ulong,98881c99-ebda-4469-bbe4-0ee789ff217d,10,3,uniform_2x,28,3,1082,0.0013661852572113276,28.64490405537822,0.9858752489089966,,
fresh_ulong,98881c99-ebda-4469-bbe4-0ee789ff217d,10,3,uniform_2x,29,4,1164,0.0012780365068465471,28.934567404690416,0.987215518951416,,
fresh_ulong,98881c99-ebda-4469-bbe4-0ee789ff217d,10,3,uniform_2x,30,3,360,0.001407009200192988,28.51703062778485,0.9856651425361633,,
fresh_ulong,98881c99-ebda-4469-bbe4-0ee789ff217d,10,3,uniform_2x,31,4,492,0.00142333609983325,28.46692535567369,0.9855625629425049,,
fresh_ulong,98881c99-ebda-4469-bbe4-0ee789ff217d,10,3,uniform_2x,32,3,958,0.0013756074476987123,28.61505481522823,0.9859868884086609,,
fresh_ulong,98881c99-ebda-4469-bbe4-0ee789ff217d,10,3,uniform_2x,33,5,2138,0.0011641447199508548,29.33993027272669,0.9883636236190796,,
fresh_ulong,98881c99-ebda-4469-bbe4-0ee789ff217d,10,3,uniform_2x,34,3,260,0.0013464767253026366,28.708011492409554,0.9858659505844116,,
fresh_ulong,98881c99-ebda-4469-bbe4-0ee789ff217d,10,3,uniform_2x,35,4,396,0.0013652793131768703,28.64778490189383,0.9856166839599609,,
fresh_ulong,98881c99-ebda-4469-bbe4-0ee789ff217d,10,3,uniform_2x,36,3,1146,0.001366819953545928,28.64288689771111,0.9855597019195557,,
fresh_ulong,98881c99-ebda-4469-bbe4-0ee789ff217d,10,3,uniform_2x,37,4,1141,0.0013029560213908553,28.85070242759867,0.9864241480827332,,
fresh_ulong,98881c99-ebda-4469-bbe4-0ee789ff217d,10,3,uniform_2x,38,3,367,0.0013520314823836088,28.690131956234566,0.9855132102966309,,
fresh_ulong,98881c99-ebda-4469-bbe4-0ee789ff217d,10,3,uniform_2x,39,4,500,0.0013484553201124072,28.70163438940494,0.9854776859283447,,
fresh_ulong,98881c99-ebda-4469-bbe4-0ee789ff217d,10,3,uniform_2x,40,3,992,0.001372872618958354,28.623697566087376,0.9852570295333862,,
fresh_ulong,98881c99-ebda-4469-bbe4-0ee789ff217d,10,3,uniform_2x,41,5,2004,0.0012057730928063393,29.187344117761178,0.9873682856559753,,
fresh_ulong,98881c99-ebda-4469-bbe4-0ee789ff217d,10,3,uniform_2x,42,3,346,0.0013415395515039563,28.723965188573356,0.9849555492401123,,
fresh_ulong,98881c99-ebda-4469-bbe4-0ee789ff217d,10,3,uniform_2x,43,4,458,0.0013096786569803953,28.828352498554878,0.9848401546478271,,
fresh_ulong,98881c99-ebda-4469-bbe4-0ee789ff217d,10,3,uniform_2x,44,3,1084,0.0012929077493026853,28.88432461506358,0.9852447509765625,,
fresh_ulong,98881c99-ebda-4469-bbe4-0ee789ff217d,10,3,uniform_2x,45,4,1221,0.0012155970325693488,29.152103687601848,0.986470103263855,,
fresh_ulong,98881c99-ebda-4469-bbe4-0ee789ff217d,10,3,uniform_2x,46,3,348,0.0013085516402497888,28.832091338318996,0.9852819442749023,,
fresh_ulong,98881c99-ebda-4469-bbe4-0ee789ff217d,10,3,uniform_2x,47,4,451,0.001251923036761582,29.02422368998706,0.9853696227073669,,
fresh_ulong,98881c99-ebda-4469-bbe4-0ee789ff217d,10,3,uniform_2x,48,3,815,0.001247428241185844,29.039844279517652,0.9852616786956787,,
fresh_ulong,98881c99-ebda-4469-bbe4-0ee789ff217d,10,3,uniform_2x,49,5,1685,0.0011285450309515,29.47481107119163,0.987123966217041,,
fresh_ulong,98881c99-ebda-4469-bbe4-0ee789ff217d,10,3,uniform_2x,50,3,216,0.001242522383108735,29.056957790348285,0.9850524067878723,,
fresh_ulong,98881c99-ebda-4469-bbe4-0ee789ff217d,10,3,uniform_2x,51,4,312,0.001227272441610694,29.11059017750334,0.9846148490905762,,
fresh_ulong,98881c99-ebda-4469-bbe4-0ee789ff217d,10,3,uniform_2x,52,3,990,0.0011941888369619846,29.229269928330787,0.9853215217590332,,
fresh_ulong,98881c99-ebda-4469-bbe4-0ee789ff217d,10,3,uniform_2x,53,4,962,0.0011797142215073109,29.282231851124287,0.9855985045433044,,
fresh_ulong,98881c99-ebda-4469-bbe4-0ee789ff217d,10,3,uniform_2x,54,3,266,0.0012638395419344306,28.98308060923859,0.9840912222862244,,
fresh_ulong,98881c99-ebda-4469-bbe4-0ee789ff217d,10,3,uniform_2x,55,4,353,0.0012648910051211715,28.979468957639135,0.9835602641105652,,
fresh_ulong,98881c99-ebda-4469-bbe4-0ee789ff217d,10,3,uniform_2x,56,3,839,0.001208985224366188,29.175790068443096,0.9843699336051941,,
fresh_ulong,98881c99-ebda-4469-bbe4-0ee789ff217d,10,3,uniform_2x,57,5,1662,0.0011014844058081508,29.580216469647887,0.9857827425003052,,
fresh_ulong,98881c99-ebda-4469-bbe4-0ee789ff217d,10,3,uniform_2x,58,3,201,0.0012066722847521305,29.184106621717156,0.9836072325706482,,
fresh_ulong,98881c99-ebda-4469-bbe4-0ee789ff217d,10,3,uniform_2x,59,4,255,0.0012146405642852187,29.155522192194965,0.9826105237007141,,
fresh_ulong,98881c99-ebda-4469-bbe4-0ee789ff217d,10,3,uniform_2x,60,3,993,0.001188094262033701,29.251491015626705,0.983409583568573,,
fresh_ulong,98881c99-ebda-4469-bbe4-0ee789ff217d,10,3,uniform_2x,61,4,866,0.0011814553290605545,29.27582694437251,0.9830161333084106,,
fresh_ulong,98881c99-ebda-4469-bbe4-0ee789ff217d,10,3,uniform_2x,62,3,217,0.001290077343583107,28.893842518058428,0.9811930656433105,,
fresh_ulong,98881c99-ebda-4469-bbe4-0ee789ff217d,10,3,uniform_2x,63,4,344,0.0013255404774099588,28.776070058808074,0.9793335795402527,,
fresh_ulong,98881c99-ebda-4469-bbe4-0ee789ff217d,10,3,uniform_4x,0,3,4891,0.0007229101029224694,31.409157057927732,0.9807173013687134,,
fresh_ulong,98881c99-ebda-4469-bbe4-0ee789ff217d,10,3,uniform_4x,1,5,1955,0.0013945481041446328,28.555665003981115,0.9752328991889954,,
fresh_ulong,98881c99-ebda-4469-bbe4-0ee789ff217d,10,3,uniform_4x,2,3,1161,0.0014913096092641354,28.26432183752722,0.9764754772186279,,
fresh_ulong,98881c99-ebda-4469-bbe4-0ee789ff217d,10,3,uniform_4x,3,4,1278,0.0013032667338848114,28.849666900440067,0.9801017045974731,,
fresh_ulong,98881c99-ebda-4469-bbe4-0ee789ff217d,10,3,uniform_4x,4,3,929,0.0013234723592177033,28.78285124528542,0.9800240993499756,,
fresh_ulong,98881c99-ebda-4469-bbe4-0ee789ff217d,10,3,uniform_4x,5,4,1188,0.001280830125324428,28.92508466294641,0.9820619225502014,,
fresh_ulong,98881c99-ebda-4469-bbe4-0ee789ff217d,10,3,uniform_4x,6,3,1014,0.0013116453774273396,28.821835669756823,0.9813777208328247,,
fresh_ulong,98881c99-ebda-4469-bbe4-0ee789ff217d,10,3,uniform_4x,7,4,1232,0.001266168663278222,28.975084391432148,0.9825693964958191,,
fresh_ulong,98881c99-ebda-4469-bbe4-0ee789ff217d,10,3,uniform_4x,8,3,822,0.001326665049418807,28.772387120647554,0.9818968176841736,,
fresh_ulong,98881c99-ebda-4469-bbe4-0ee789ff217d,10,3,uniform_4x,9,5,1807,0.0012390066403895617,29.069263660397425,0.9840081334114075,,
fresh_ulong,98881c99-ebda-4469-bbe4-0ee789ff217d,10,3,uniform_4x,10,3,452,0.001357442233711481,28.67278642854504,0.9824666380882263,,
fresh_ulong,98881c99-ebda-4469-bbe4-0ee789ff217d,10,3,uniform_4x,11,4,697,0.0013892141869291663,28.57230790237757,0.9820177555084229,,
fresh_ulong,98881c99-ebda-4469-bbe4-0ee789ff217d,10,3,uniform_4x,12,3,817,0.0014814871829003096,28.29302101470294,0.9816303849220276,,
fresh_ulong,98881c99-ebda-4469-bbe4-0ee789ff217d,10,3,uniform_4x,13,4,1045,0.0013823051704093814,28.593960675305148,0.9833322167396545,,
fresh_ulong,98881c99-ebda-4469-bbe4-0ee789ff217d,10,3,uniform_4x,14,3,543,0.0015004950109869242,28.237654442274334,0.981976330280304,,
fresh_ulong,98881c99-ebda-4469-bbe4-0ee789ff217d,10,3,uniform_4x,15,4,750,0.0014245683560147882,28.46316706882364,0.9829474687576294,,
fresh_ulong,98881c99-ebda-4469-bbe4-0ee789ff217d,10,3,uniform_4x,16,3,762,0.001491257338784635,28.26447406063712,0.9829985499382019,,
fresh_ulong,98881c99-ebda-4469-bbe4-0ee789ff217d,10,3,uniform_4x,17,5,1919,0.0012730960734188557,28.951388213414088,0.9856716394424438,,
fresh_ulong,98881c99-ebda-4469-bbe4-0ee789ff217d,10,3,uniform_4x,18,3,403,0.0013400990283116698,28.7286310770965,0.9844592809677124,,
fresh_ulong,98881c99-ebda-4469-bbe4-0ee789ff217d,10,3,uniform_4x,19,4,448,0.0013850759714841843,28.58526404872828,0.9839019775390625,,
fresh_ulong,98881c99-ebda-4469-bbe4-0ee789ff217d,10,3,uniform_4x,20,3,1043,0.001424707006663084,28.462744398468196,0.9839714765548706,,
fresh_ulong,98881c99-ebda-4469-bbe4-0ee789ff217d,10,3,uniform_4x,21,4,1147,0.001391691155731678,28.564571327164057,0.9847517013549805,,
fresh_ulong,98881c99-ebda-4469-bbe4-0ee789ff217d,10,3,uniform_4x,22,3,421,0.001485279994085431,28.281916686201768,0.9838286638259888,,
fresh_ulong,98881c99-ebda-4469-bbe4-0ee789ff217d,10,3,uniform_4x,23,4,566,0.0014878774527460337,28.27432837464788,0.9835310578346252,,
fresh_ulong,98881c99-ebda-4469-bbe4-0ee789ff217d,10,3,uniform_4x,24,3,1111,0.0015184985240921378,28.185856258589542,0.9838643074035645,,
fresh_ulong,98881c99-ebda-4469-bbe4-0ee789ff217d,10,3,uniform_4x,25,5,2025,0.0012596360174939036,28.997549298271586,0.986792802810669,,
fresh_ulong,98881c99-ebda-4469-bbe4-0ee789ff217d,10,3,uniform_4x,26,3,324,0.0014346146490424871,28.432647388387693,0.9848093390464783,,
fresh_ulong,98881c99-ebda-4469-bbe4-0ee789ff217d,10,3,uniform_4x,27,4,465,0.0014251359971240163,28.461436900538438,0.9848955273628235,,
fresh_ulong,98881c99-ebda-4469-bbe4-0ee789ff217d,10,3,uniform_4x,28,3,1096,0.0013950900174677372,28.553977688576072,0.985550582408905,,
fresh_ulong,98881c99-ebda-4469-bbe4-0ee789ff217d,10,3,uniform_4x,29,4,1139,0.001331509673036635,28.756556741884836,0.9866068959236145,,
fresh_ulong,98881c99-ebda-4469-bbe4-0ee789ff217d,10,3,uniform_4x,30,3,338,0.0014359117485582829,28.428722511048118,0.9853197336196899,,
fresh_ulong,98881c99-ebda-4469-bbe4-0ee789ff217d,10,3,uniform_4x,31,4,480,0.0014154680538922548,28.490999279059956,0.9854328632354736,,
fresh_ulong,98881c99-ebda-4469-bbe4-0ee789ff217d,10,3,uniform_4x,32,3,959,0.0014146061148494482,28.49364468945758,0.9855566024780273,,
fresh_ulong,98881c99-ebda-4469-bbe4-0ee789ff217d,10,3,uniform_4x,33,5,2215,0.0012141377665102482,29.157320316787345,0.9877479076385498,,
fresh_ulong,98881c99-ebda-4469-bbe4-0ee789ff217d,10,3,uniform_4x,34,3,273,0.001374357263557613,28.619003579436185,0.985506534576416,,
fresh_ulong,98881c99-ebda-4469-bbe4-0ee789ff217d,10,3,uniform_4x,35,4,414,0.001393147511407733,28.560028964987595,0.9852544665336609,,
fresh_ulong,98881c99-ebda-4469-bbe4-0ee789ff217d,10,3,uniform_4x,36,3,1176,0.0014232443645596504,28.467205271338344,0.9848039746284485,,
fresh_ulong,98881c99-ebda-4469-bbe4-0ee789ff217d,10,3,uniform_4x,37,4,1121,0.001348342397250235,28.701998093183203,0.9856887459754944,,
fresh_ulong,98881c99-ebda-4469-bbe4-0ee789ff217d,10,3,uniform_4x,38,3,337,0.0013764366740360856,28.612437644735763,0.9852453470230103,,
fresh_ulong,98881c99-ebda-4469-bbe4-0ee789ff217d,10,3,uniform_4x,39,4,507,0.0013585282722488046,28.669313190761365,0.9853863716125488,,
fresh_ulong,98881c99-ebda-4469-bbe4-0ee789ff217d,10,3,uniform_4x,40,3,993,0.0014186985790729523,28.481098662413583,0.9845851063728333,,
fresh_ulong,98881c99-ebda-4469-bbe4-0ee789ff217d,10,3,uniform_4x,41,5,1989,0.0012274543987587094,29.109946334089308,0.986882746219635,,
fresh_ulong,98881c99-ebda-4469-bbe4-0ee789ff217d,10,3,uniform_4x,42,3,347,0.0013424742501229048,28.720940357116707,0.9849606156349182,,
fresh_ulong,98881c99-ebda-4469-bbe4-0ee789ff217d,10,3,uniform_4x,43,4,433,0.0013218930689617991,28.788036745312308,0.9846852421760559,,
fresh_ulong,98881c99-ebda-4469-bbe4-0ee789ff217d,10,3,uniform_4x,44,3,1098,0.001305280951783061,28.842959996846,0.9852502942085266,,
fresh_ulong,98881c99-ebda-4469-bbe4-0ee789ff217d,10,3,uniform_4x,45,4,1261,0.001261488301679492,28.991167725261935,0.9859755039215088,,
fresh_ulong,98881c99-ebda-4469-bbe4-0ee789ff217d,10,3,uniform_4x,46,3,307,0.0013254896039143205,28.77623674177851,0.9848417639732361,,
fresh_ulong,98881c99-ebda-4469-bbe4-0ee789ff217d,10,3,uniform_4x,47,4,461,0.0012977787991985679,28.867993248500035,0.9845341444015503,,
fresh_ulong,98881c99-ebda-4469-bbe4-0ee789ff217d,10,3,uniform_4x,48,3,893,0.0012812031200155616,28.9238201240293,0.9848581552505493,,
fresh_ulong,98881c99-ebda-4469-bbe4-0ee789ff217d,10,3,uniform_4x,49,5,1709,0.001160379615612328,29.35399909053139,0.9866601228713989,,
fresh_ulong,98881c99-ebda-4469-bbe4-0ee789ff217d,10,3,uniform_4x,50,3,206,0.0012587114470079541,29.000738182124024,0.9851450324058533,,
fresh_ulong,98881c99-ebda-4469-bbe4-0ee789ff217d,10,3,uniform_4x,51,4,329,0.0013214704813435674,28.789425335786447,0.9835275411605835,,
fresh_ulong,98881c99-ebda-4469-bbe4-0ee789ff217d,10,3,uniform_4x,52,3,1032,0.001209885347634554,29.172557827817627,0.9854012727737427,,
fresh_ulong,98881c99-ebda-4469-bbe4-0ee789ff217d,10,3,uniform_4x,53,4,944,0.0011663794284686446,29.33160148646589,0.9857258200645447,,
fresh_ulong,98881c99-ebda-4469-bbe4-0ee789ff217d,10,3,uniform_4x,54,3,258,0.0012319814413785934,29.09395834353067,0.9846029281616211,,
fresh_ulong,98881c99-ebda-4469-bbe4-0ee789ff217d,10,3,uniform_4x,55,4,334,0.0012604068033397198,28.99489261285943,0.9835479855537415,,
fresh_ulong,98881c99-ebda-4469-bbe4-0ee789ff217d,10,3,uniform_4x,56,3,837,0.0012022354640066624,29.200104651918632,0.9845644235610962,,
fresh_ulong,98881c99-ebda-4469-bbe4-0ee789ff217d,10,3,uniform_4x,57,5,1656,0.001146072754636407,29.407878117454267,0.9853205680847168,,
fresh_ulong,98881c99-ebda-4469-bbe4-0ee789ff217d,10,3,uniform_4x,58,3,205,0.0012167113600298762,29.148124370649512,0.9833740592002869,,
fresh_ulong,98881c99-ebda-4469-bbe4-0ee789ff217d,10,3,uniform_4x,59,4,238,0.0012611327692866325,28.992391894513165,0.9819694757461548,,
fresh_ulong,98881c99-ebda-4469-bbe4-0ee789ff217d,10,3,uniform_4x,60,3,1006,0.0012441400904208422,29.051307152470613,0.9825247526168823,,
fresh_ulong,98881c99-ebda-4469-bbe4-0ee789ff217d,10,3,uniform_4x,61,4,907,0.0011645168997347355,29.33854204503036,0.9833224415779114,,
fresh_ulong,98881c99-ebda-4469-bbe4-0ee789ff217d,10,3,uniform_4x,62,3,208,0.0012832412030547857,28.91691704256258,0.9813438057899475,,
fresh_ulong,98881c99-ebda-4469-bbe4-0ee789ff217d,10,3,uniform_4x,63,4,334,0.0013394993729889393,28.730574853461846,0.9790821075439453,,
uvg,Beauty,0,1,baseline,0,1,3023,0.001436280319467187,28.4276079037446,0.9736337065696716,0.16387248039245605,0.1347396969795227
uvg,Beauty,0,1,baseline,1,3,1376,0.0026593024376779795,25.752322683301653,0.9589329957962036,0.16344770789146423,0.13325732946395874
uvg,Beauty,0,1,baseline,2,1,458,0.0024871081113815308,26.043053360988058,0.9645784497261047,0.15802797675132751,0.14123082160949707
uvg,Beauty,0,1,baseline,3,2,436,0.001958658918738365,27.080411855503016,0.9717400074005127,0.1462792009115219,0.1361238956451416
uvg,Beauty,0,1,baseline,4,1,360,0.0019147330895066261,27.178917573786098,0.9745950102806091,0.14967277646064758,0.13618046045303345
uvg,Beauty,0,1,baseline,5,2,412,0.0017569365445524454,27.55243923677373,0.9762702584266663,0.14526130259037018,0.13963443040847778
uvg,Beauty,0,1,baseline,6,1,357,0.0017805410316213965,27.494480137889802,0.9769419431686401,0.14909842610359192,0.13959383964538574
uvg,Beauty,0,1,baseline,7,2,402,0.0017874236218631268,27.47772506904267,0.9771046042442322,0.1485110968351364,0.13814473152160645
uvg,Beauty,0,1,baseline,8,1,248,0.0017394538735970855,27.595870832761857,0.9769665002822876,0.14768554270267487,0.14001613855361938
uvg,Beauty,0,1,baseline,9,3,552,0.0017921671969816089,27.466214760693948,0.9774737358093262,0.145639106631279,0.14081472158432007
uvg,Beauty,0,1,baseline,10,1,113,0.0017225313931703568,27.638328543222723,0.9753267765045166,0.14851561188697815,0.1383797526359558
uvg,Beauty,0,1,baseline,11,2,191,0.0018002204596996307,27.446743068032298,0.9764373898506165,0.15443871915340424,0.14193499088287354
uvg,Beauty,0,1,baseline,12,1,228,0.0016686648596078157,27.776308797607495,0.9761151075363159,0.1534418761730194,0.1376868486404419
uvg,Beauty,0,1,baseline,13,2,276,0.001762056490406394,27.53980172496894,0.9775488972663879,0.1565975397825241,0.14106816053390503
uvg,Beauty,0,1,baseline,14,1,93,0.001638318644836545,27.856016262412528,0.976653516292572,0.15570767223834991,0.1393933892250061
uvg,Beauty,0,1,baseline,15,2,179,0.0017278295708820224,27.624990975491265,0.9777823090553284,0.16104921698570251,0.1430954933166504
uvg,Beauty,0,1,baseline,16,1,211,0.0016015159199014306,27.954687398656105,0.9772829413414001,0.15786239504814148,0.14558446407318115
uvg,Beauty,0,1,baseline,17,3,660,0.0017067737644538283,27.678240414867954,0.9788023233413696,0.1540304273366928,0.1409996747970581
uvg,Beauty,0,1,baseline,18,1,72,0.0015468933852389455,28.105396176503387,0.9776350259780884,0.15299534797668457,0.13430696725845337
uvg,Beauty,0,1,baseline,19,2,113,0.0017239809967577457,27.634675256625446,0.9784389734268188,0.16358357667922974,0.14491689205169678
uvg,Beauty,0,1,baseline,20,1,340,0.0015140956966206431,28.198466749014266,0.9790136218070984,0.15745656192302704,0.1407220959663391
uvg,Beauty,0,1,baseline,21,2,379,0.00176485616248101,27.532906842627387,0.9781148433685303,0.1658574342727661,0.1467139720916748
uvg,Beauty,0,1,baseline,22,1,78,0.0015945886261761189,27.973513379515328,0.9771024584770203,0.162208691239357,0.14217716455459595
uvg,Beauty,0,1,baseline,23,2,115,0.0017397645860910416,27.595095137165245,0.9777117967605591,0.1700349599123001,0.1499301791191101
uvg,Beauty,0,1,baseline,24,1,341,0.0015498719876632094,28.097041710860754,0.978551983833313,0.163835346698761,0.142444908618927
uvg,Beauty,0,1,baseline,25,3,861,0.001771200099028647,27.51732372183739,0.978151798248291,0.15820759534835815,0.1411832571029663
uvg,Beauty,0,1,baseline,26,1,72,0.0015892066294327378,27.988196319378105,0.9767893552780151,0.15762729942798615,0.1366479992866516
uvg,Beauty,0,1,baseline,27,2,81,0.0017120930133387446,27.664726449845315,0.9778099060058594,0.1686389297246933,0.1540231704711914
uvg,Beauty,0,1,baseline,28,1,402,0.0015424585435539484,28.117864996109002,0.9785817265510559,0.15759819746017456,0.14139258861541748
uvg,Beauty,0,1,baseline,29,2,392,0.0017686383798718452,27.523609549254854,0.9777563810348511,0.1627809703350067,0.15171802043914795
uvg,Beauty,0,1,baseline,30,1,82,0.0015751887112855911,28.026674092645187,0.9768662452697754,0.16210457682609558,0.14674144983291626
uvg,Beauty,0,1,baseline,31,2,107,0.0016913902945816517,27.717561657760456,0.977649450302124,0.16625015437602997,0.14710164070129395
uvg,Beauty,0,1,baseline,32,1,354,0.001529489178210497,28.1545359148747,0.9782222509384155,0.15838107466697693,0.1405625343322754
uvg,Beauty,0,1,baseline,33,3,753,0.001742447610013187,27.5884027091961,0.9775173664093018,0.15591645240783691,0.14219295978546143
uvg,Beauty,0,1,baseline,34,1,73,0.0015540054300799966,28.085474679999315,0.9765732884407043,0.15218201279640198,0.14133286476135254
uvg,Beauty,0,1,baseline,35,2,77,0.0016738524427637458,27.762828295673675,0.9778108596801758,0.15405084192752838,0.14591670036315918
uvg,Beauty,0,1,baseline,36,1,373,0.0014617957640439272,28.35113300938168,0.9791334867477417,0.14852480590343475,0.13732945919036865
uvg,Beauty,0,1,baseline,37,2,323,0.0017600019928067923,27.544868404446554,0.9775336384773254,0.155243381857872,0.1447792649269104
uvg,Beauty,0,1,baseline,38,1,68,0.0016000884352251887,27.95856013675994,0.976474404335022,0.1551298052072525,0.14207059144973755
uvg,Beauty,0,1,baseline,39,2,83,0.0016798705328255892,27.74724187944419,0.9775175452232361,0.16144680976867676,0.1506158709526062
uvg,Beauty,0,1,baseline,40,1,356,0.0014938319800421596,28.256982473961713,0.9786955714225769,0.1535106599330902,0.14352953433990479
uvg,Beauty,0,1,baseline,41,3,822,0.0017206253251060843,27.643136892041767,0.9779660701751709,0.15327173471450806,0.14364218711853027
uvg,Beauty,0,1,baseline,42,1,61,0.0015447094338014722,28.111532011352338,0.9767604470252991,0.15281738340854645,0.14235538244247437
uvg,Beauty,0,1,baseline,43,2,81,0.0016816770657896996,27.74257398556375,0.977566123008728,0.15971699357032776,0.14595985412597656
uvg,Beauty,0,1,baseline,44,1,416,0.0015173631254583597,28.189104742488492,0.9786456823348999,0.15491075813770294,0.14121288061141968
uvg,Beauty,0,1,baseline,45,2,387,0.00170928705483675,27.671849964583796,0.9784494042396545,0.15510541200637817,0.14717936515808105
uvg,Beauty,0,1,baseline,46,1,72,0.0015652423026040196,28.054184232686524,0.9771245718002319,0.15258213877677917,0.13838958740234375
uvg,Beauty,0,1,baseline,47,2,110,0.0016872308915480971,27.728254816884032,0.9776066541671753,0.15905830264091492,0.1451767086982727
uvg,Beauty,0,1,baseline,48,1,395,0.0015325437998399138,28.145871045700975,0.9784809350967407,0.1529184728860855,0.139989972114563
uvg,Beauty,0,1,baseline,49,3,887,0.0017748712562024593,27.50833143875745,0.9771106839179993,0.14799244701862335,0.14090973138809204
uvg,Beauty,0,1,baseline,50,1,79,0.0016158692305907607,27.915937888156574,0.9755220413208008,0.14776700735092163,0.13908696174621582
uvg,Beauty,0,1,baseline,51,2,86,0.001762686064466834,27.53825028942975,0.976264476776123,0.15244431793689728,0.14335274696350098
uvg,Beauty,0,1,baseline,52,1,436,0.0015645564999431372,28.056087488038408,0.9776310920715332,0.14608322083950043,0.13666701316833496
uvg,Beauty,0,1,baseline,53,2,377,0.001725857611745596,27.629950376961453,0.9777442216873169,0.14401619136333466,0.1422777771949768
uvg,Beauty,0,1,baseline,54,1,86,0.0015964008634909987,27.96858045978672,0.976041853427887,0.14654870331287384,0.13976198434829712
uvg,Beauty,0,1,baseline,55,2,123,0.0017188662895932794,27.647579057157227,0.9771255254745483,0.15067531168460846,0.1413918137550354
uvg,Beauty,0,1,baseline,56,1,428,0.0015108990482985973,28.207645523595296,0.9782429337501526,0.141277477145195,0.14093565940856934
uvg,Beauty,0,1,baseline,57,3,754,0.0017755660228431225,27.506631742081304,0.9767027497291565,0.14130055904388428,0.14118552207946777
uvg,Beauty,0,1,baseline,58,1,59,0.0016120623331516981,27.926181694661373,0.9754085540771484,0.1406775712966919,0.14020627737045288
uvg,Beauty,0,1,baseline,59,2,80,0.0017375072930008173,27.600733638294376,0.9765897989273071,0.14450675249099731,0.141562819480896
uvg,Beauty,0,1,baseline,60,1,422,0.001520954305306077,28.178838334496483,0.9784306883811951,0.13706830143928528,0.13582313060760498
uvg,Beauty,0,1,baseline,61,2,275,0.0016999889630824327,27.695538982028772,0.9783928394317627,0.13845226168632507,0.14144158363342285
uvg,Beauty,0,1,baseline,62,1,59,0.0015495067927986383,28.09806515540543,0.9769680500030518,0.13815198838710785,0.13981282711029053
uvg,Beauty,0,1,baseline,63,2,86,0.0016472293063998222,27.832459396449387,0.977967381477356,0.142857164144516,0.14629489183425903
uvg,Beauty,0,1,uniform_2x,0,1,3023,0.001436280319467187,28.4276079037446,0.9736337065696716,,
uvg,Beauty,0,1,uniform_2x,1,3,1328,0.00267713307403028,25.723300405124974,0.9586207866668701,,
uvg,Beauty,0,1,uniform_2x,2,1,457,0.0025052425917237997,26.011502134510973,0.9642258286476135,,
uvg,Beauty,0,1,uniform_2x,3,2,442,0.0019648268353194,27.066757189674952,0.9714065194129944,,
uvg,Beauty,0,1,uniform_2x,4,1,383,0.001914842869155109,27.178668581751005,0.9745615720748901,,
uvg,Beauty,0,1,uniform_2x,5,2,421,0.0017843134701251984,27.485288459316173,0.9759821891784668,,
uvg,Beauty,0,1,uniform_2x,6,1,368,0.001792679657228291,27.464973097281835,0.976773738861084,,
uvg,Beauty,0,1,uniform_2x,7,2,429,0.0018021350260823965,27.442126723549674,0.9769034385681152,,
uvg,Beauty,0,1,uniform_2x,8,1,272,0.0017398492200300097,27.594883872037958,0.9769545793533325,,
uvg,Beauty,0,1,uniform_2x,9,3,537,0.0018111654790118337,27.420418681075173,0.9774200320243835,,
uvg,Beauty,0,1,uniform_2x,10,1,145,0.001731989672407508,27.6145470194327,0.9753721356391907,,
uvg,Beauty,0,1,uniform_2x,11,2,198,0.0018390786135569215,27.35399705941773,0.9763896465301514,,
uvg,Beauty,0,1,uniform_2x,12,1,227,0.0016359550645574927,27.862286294438746,0.9764423966407776,,
uvg,Beauty,0,1,uniform_2x,13,2,296,0.001756923971697688,27.552470315534073,0.9775840044021606,,
uvg,Beauty,0,1,uniform_2x,14,1,139,0.0016211014008149505,27.90189818934909,0.9768062233924866,,
uvg,Beauty,0,1,uniform_2x,15,2,195,0.0017110720509663224,27.667317025113473,0.9781753420829773,,
uvg,Beauty,0,1,uniform_2x,16,1,227,0.0015912147937342525,27.98271192171651,0.9774651527404785,,
uvg,Beauty,0,1,uniform_2x,17,3,643,0.0017235775012522936,27.635691836169443,0.9786286950111389,,
uvg,Beauty,0,1,uniform_2x,18,1,108,0.0015544936759397388,28.08411040433309,0.9775001406669617,,
uvg,Beauty,0,1,uniform_2x,19,2,135,0.001715665915980935,27.655672764940174,0.9784258604049683,,
uvg,Beauty,0,1,uniform_2x,20,1,341,0.0015118047595024109,28.205042917354017,0.9788786768913269,,
uvg,Beauty,0,1,uniform_2x,21,2,408,0.0017658654833212495,27.53042382341885,0.9782049059867859,,
uvg,Beauty,0,1,uniform_2x,22,1,127,0.0015811078483238816,28.010385055677997,0.9774569869041443,,
uvg,Beauty,0,1,uniform_2x,23,2,177,0.0016884023789316416,27.72524044603298,0.9783102869987488,,
uvg,Beauty,0,1,uniform_2x,24,1,334,0.0015322640538215637,28.146663866381697,0.9787031412124634,,
uvg,Beauty,0,1,uniform_2x,25,3,803,0.001755271921865642,27.556555942876876,0.9780166149139404,,
uvg,Beauty,0,1,uniform_2x,26,1,99,0.001601897063665092,27.953653946928213,0.9765926599502563,,
uvg,Beauty,0,1,uniform_2x,27,2,110,0.0017407051054760814,27.59274796896563,0.9774006605148315,,
uvg,Beauty,0,1,uniform_2x,28,1,420,0.0015127812512218952,28.202238665938275,0.9789091348648071,,
uvg,Beauty,0,1,uniform_2x,29,2,380,0.0017384244129061699,27.598441877943017,0.9782731533050537,,
uvg,Beauty,0,1,uniform_2x,30,1,116,0.0015450892969965935,28.110464158687982,0.9771952033042908,,
uvg,Beauty,0,1,uniform_2x,31,2,145,0.0016862989868968725,27.730654209049295,0.9777008295059204,,
uvg,Beauty,0,1,uniform_2x,32,1,389,0.0015264305984601378,28.16322936790137,0.9783027172088623,,
uvg,Beauty,0,1,uniform_2x,33,3,745,0.0017976604867726564,27.452923274215692,0.9768849611282349,,
uvg,Beauty,0,1,uniform_2x,34,1,114,0.0015732247848063707,28.032092202715372,0.9761355519294739,,
uvg,Beauty,0,1,uniform_2x,35,2,110,0.001690099947154522,27.72087611827626,0.9773077368736267,,
uvg,Beauty,0,1,uniform_2x,36,1,406,0.0015090713277459145,28.212902323818913,0.9785847663879395,,
uvg,Beauty,0,1,uniform_2x,37,2,340,0.0017827912233769894,27.488995125981596,0.9774705171585083,,
uvg,Beauty,0,1,uniform_2x,38,1,95,0.0016255881637334824,27.88989471578722,0.9763283133506775,,
uvg,Beauty,0,1,uniform_2x,39,2,110,0.0017386054387316108,27.59798966142204,0.9772518873214722,,
uvg,Beauty,0,1,uniform_2x,40,1,362,0.0015616734744980931,28.064097662639476,0.9781317710876465,,
uvg,Beauty,0,1,uniform_2x,41,3,777,0.001782835926860571,27.48888622802102,0.9773572683334351,,
uvg,Beauty,0,1,uniform_2x,42,1,96,0.0015973617555573583,27.96596717768349,0.9761605858802795,,
uvg,Beauty,0,1,uniform_2x,43,2,116,0.0017180326394736767,27.649685896266284,0.9771997928619385,,
uvg,Beauty,0,1,uniform_2x,44,1,383,0.001568061183206737,28.046369958539557,0.9780240058898926,,
uvg,Beauty,0,1,uniform_2x,45,2,394,0.0017760248156264424,27.505509703061026,0.9774770140647888,,
uvg,Beauty,0,1,uniform_2x,46,1,104,0.0016375859268009663,27.857959025994255,0.9761741161346436,,
uvg,Beauty,0,1,uniform_2x,47,2,137,0.0017706938087940216,27.518565312141106,0.976667046546936,,
uvg,Beauty,0,1,uniform_2x,48,1,411,0.0015783439157530665,28.01798359529628,0.9777802228927612,,
uvg,Beauty,0,1,uniform_2x,49,3,868,0.0017698826268315315,27.52055533756605,0.9768902659416199,,
uvg,Beauty,0,1,uniform_2x,50,1,104,0.001616444787941873,27.91439124768281,0.9754833579063416,,
uvg,Beauty,0,1,uniform_2x,51,2,114,0.001736458856612444,27.60335502337593,0.9763269424438477,,
uvg,Beauty,0,1,uniform_2x,52,1,455,0.0015498532447963953,28.097094231152212,0.9777422547340393,,
uvg,Beauty,0,1,uniform_2x,53,2,374,0.0017472971230745316,27.576332381540254,0.9775855541229248,,
uvg,Beauty,0,1,uniform_2x,54,1,103,0.0016183676198124886,27.909228194843102,0.9761852025985718,,
uvg,Beauty,0,1,uniform_2x,55,2,141,0.0017328988760709763,27.61226779955299,0.9769545793533325,,
uvg,Beauty,0,1,uniform_2x,56,1,439,0.0015512583777308464,28.093158600347433,0.9779340028762817,,
uvg,Beauty,0,1,uniform_2x,57,3,775,0.0017974649090319872,27.453395793665155,0.9762837290763855,,
uvg,Beauty,0,1,uniform_2x,58,1,94,0.0016105762915685773,27.930186982131218,0.9753392934799194,,
uvg,Beauty,0,1,uniform_2x,59,2,114,0.0017356558237224817,27.60536390148754,0.9764098525047302,,
uvg,Beauty,0,1,uniform_2x,60,1,424,0.0015325851272791624,28.145753932984054,0.9780418276786804,,
uvg,Beauty,0,1,uniform_2x,61,2,312,0.001724512199871242,27.63333728917339,0.9779437780380249,,
uvg,Beauty,0,1,uniform_2x,62,1,94,0.0015872122021391988,27.99365006416364,0.9765084385871887,,
uvg,Beauty,0,1,uniform_2x,63,2,125,0.0016742321895435452,27.761843123852728,0.9776886105537415,,
uvg,Beauty,0,1,uniform_4x,0,1,3023,0.001436280319467187,28.4276079037446,0.9736337065696716,,
uvg,Beauty,0,1,uniform_4x,1,3,1328,0.00267713307403028,25.723300405124974,0.9586207866668701,,
uvg,Beauty,0,1,uniform_4x,2,1,457,0.0025052425917237997,26.011502134510973,0.9642258286476135,,
uvg,Beauty,0,1,uniform_4x,3,2,442,0.0019648268353194,27.066757189674952,0.9714065194129944,,
uvg,Beauty,0,1,uniform_4x,4,1,383,0.001914842869155109,27.178668581751005,0.9745615720748901,,
uvg,Beauty,0,1,uniform_4x,5,2,421,0.0017843134701251984,27.485288459316173,0.9759821891784668,,
uvg,Beauty,0,1,uniform_4x,6,1,368,0.001792679657228291,27.464973097281835,0.976773738861084,,
uvg,Beauty,0,1,uniform_4x,7,2,429,0.0018021350260823965,27.442126723549674,0.9769034385681152,,
uvg,Beauty,0,1,uniform_4x,8,1,272,0.0017398492200300097,27.594883872037958,0.9769545793533325,,
uvg,Beauty,0,1,uniform_4x,9,3,537,0.0018111654790118337,27.420418681075173,0.9774200320243835,,
uvg,Beauty,0,1,uniform_4x,10,1,145,0.001731989672407508,27.6145470194327,0.9753721356391907,,
uvg,Beauty,0,1,uniform_4x,11,2,198,0.0018390786135569215,27.35399705941773,0.9763896465301514,,
uvg,Beauty,0,1,uniform_4x,12,1,227,0.0016359550645574927,27.862286294438746,0.9764423966407776,,
uvg,Beauty,0,1,uniform_4x,13,2,296,0.001756923971697688,27.552470315534073,0.9775840044021606,,
uvg,Beauty,0,1,uniform_4x,14,1,139,0.0016211014008149505,27.90189818934909,0.9768062233924866,,
uvg,Beauty,0,1,uniform_4x,15,2,195,0.0017110720509663224,27.667317025113473,0.9781753420829773,,
uvg,Beauty,0,1,uniform_4x,16,1,227,0.0015912147937342525,27.98271192171651,0.9774651527404785,,
uvg,Beauty,0,1,uniform_4x,17,3,643,0.0017235775012522936,27.635691836169443,0.9786286950111389,,
uvg,Beauty,0,1,uniform_4x,18,1,108,0.0015544936759397388,28.08411040433309,0.9775001406669617,,
uvg,Beauty,0,1,uniform_4x,19,2,135,0.001715665915980935,27.655672764940174,0.9784258604049683,,
uvg,Beauty,0,1,uniform_4x,20,1,341,0.0015118047595024109,28.205042917354017,0.9788786768913269,,
uvg,Beauty,0,1,uniform_4x,21,2,408,0.0017658654833212495,27.53042382341885,0.9782049059867859,,
uvg,Beauty,0,1,uniform_4x,22,1,127,0.0015811078483238816,28.010385055677997,0.9774569869041443,,
uvg,Beauty,0,1,uniform_4x,23,2,177,0.0016884023789316416,27.72524044603298,0.9783102869987488,,
uvg,Beauty,0,1,uniform_4x,24,1,334,0.0015322640538215637,28.146663866381697,0.9787031412124634,,
uvg,Beauty,0,1,uniform_4x,25,3,803,0.001755271921865642,27.556555942876876,0.9780166149139404,,
uvg,Beauty,0,1,uniform_4x,26,1,99,0.001601897063665092,27.953653946928213,0.9765926599502563,,
uvg,Beauty,0,1,uniform_4x,27,2,110,0.0017407051054760814,27.59274796896563,0.9774006605148315,,
uvg,Beauty,0,1,uniform_4x,28,1,420,0.0015127812512218952,28.202238665938275,0.9789091348648071,,
uvg,Beauty,0,1,uniform_4x,29,2,380,0.0017384244129061699,27.598441877943017,0.9782731533050537,,
uvg,Beauty,0,1,uniform_4x,30,1,116,0.0015450892969965935,28.110464158687982,0.9771952033042908,,
uvg,Beauty,0,1,uniform_4x,31,2,145,0.0016862989868968725,27.730654209049295,0.9777008295059204,,
uvg,Beauty,0,1,uniform_4x,32,1,389,0.0015264305984601378,28.16322936790137,0.9783027172088623,,
uvg,Beauty,0,1,uniform_4x,33,3,745,0.0017976604867726564,27.452923274215692,0.9768849611282349,,
uvg,Beauty,0,1,uniform_4x,34,1,114,0.0015732247848063707,28.032092202715372,0.9761355519294739,,
uvg,Beauty,0,1,uniform_4x,35,2,110,0.001690099947154522,27.72087611827626,0.9773077368736267,,
uvg,Beauty,0,1,uniform_4x,36,1,406,0.0015090713277459145,28.212902323818913,0.9785847663879395,,
uvg,Beauty,0,1,uniform_4x,37,2,340,0.0017827912233769894,27.488995125981596,0.9774705171585083,,
uvg,Beauty,0,1,uniform_4x,38,1,95,0.0016255881637334824,27.88989471578722,0.9763283133506775,,
uvg,Beauty,0,1,uniform_4x,39,2,110,0.0017386054387316108,27.59798966142204,0.9772518873214722,,
uvg,Beauty,0,1,uniform_4x,40,1,362,0.0015616734744980931,28.064097662639476,0.9781317710876465,,
uvg,Beauty,0,1,uniform_4x,41,3,775,0.0017831006553024054,27.488241403868628,0.9773343801498413,,
uvg,Beauty,0,1,uniform_4x,42,1,95,0.001594830071553588,27.97285584028794,0.9761760830879211,,
uvg,Beauty,0,1,uniform_4x,43,2,116,0.0017161490395665169,27.654449983925463,0.9772114753723145,,
uvg,Beauty,0,1,uniform_4x,44,1,387,0.0015587264206260443,28.072301031810515,0.9781014323234558,,
uvg,Beauty,0,1,uniform_4x,45,2,400,0.0017839097417891026,27.486271228492253,0.9773659110069275,,
uvg,Beauty,0,1,uniform_4x,46,1,101,0.0016333808889612556,27.86912530091477,0.9762378931045532,,
uvg,Beauty,0,1,uniform_4x,47,2,141,0.0017617257544770837,27.54061696711222,0.9768197536468506,,
uvg,Beauty,0,1,uniform_4x,48,1,408,0.0015520694432780147,28.090888512751576,0.9780885577201843,,
uvg,Beauty,0,1,uniform_4x,49,3,877,0.0017656786367297173,27.53088337562028,0.9769256711006165,,
uvg,Beauty,0,1,uniform_4x,50,1,106,0.0016098044579848647,27.932268742636207,0.9755371809005737,,
uvg,Beauty,0,1,uniform_4x,51,2,116,0.001729080337099731,27.621848279241348,0.9763403534889221,,
uvg,Beauty,0,1,uniform_4x,52,1,465,0.0015209357952699065,28.17889118852015,0.9780134558677673,,
uvg,Beauty,0,1,uniform_4x,53,2,366,0.0017364512896165252,27.60337394874073,0.9777645468711853,,
uvg,Beauty,0,1,uniform_4x,54,1,107,0.0015991035616025329,27.961234094394417,0.976353645324707,,
uvg,Beauty,0,1,uniform_4x,55,2,141,0.0017019483493641019,27.690536239967486,0.9772304892539978,,
uvg,Beauty,0,1,uniform_4x,56,1,401,0.0015242663212120533,28.169391460358217,0.9781879186630249,,
uvg,Beauty,0,1,uniform_4x,57,3,793,0.0017768413526937366,27.503513469417324,0.9764158129692078,,
uvg,Beauty,0,1,uniform_4x,58,1,96,0.0016119867796078324,27.92638524297002,0.9752964377403259,,
uvg,Beauty,0,1,uniform_4x,59,2,108,0.0017444645054638386,27.583378626951003,0.9764654636383057,,
uvg,Beauty,0,1,uniform_4x,60,1,443,0.0015277237398549914,28.15955172660722,0.978195071220398,,
uvg,Beauty,0,1,uniform_4x,61,2,288,0.0017124656587839127,27.663781289451368,0.9780259132385254,,
uvg,Beauty,0,1,uniform_4x,62,1,96,0.0015793167985975742,28.015307451767892,0.9766287207603455,,
uvg,Beauty,0,1,uniform_4x,63,2,128,0.001690959557890892,27.718667791526155,0.977534294128418,,
uvg,Beauty,0,3,baseline,0,3,4626,0.0011271408293396235,29.480218181295296,0.97940993309021,0.11917467415332794,0.12276226282119751
uvg,Beauty,0,3,baseline,1,5,1477,0.0017535182414576411,27.560897118907256,0.9738777279853821,0.138290137052536,0.1261807680130005
uvg,Beauty,0,3,baseline,2,3,689,0.0018130996031686664,27.415783371519602,0.9747920632362366,0.13596267998218536,0.13194358348846436
uvg,Beauty,0,3,baseline,3,4,706,0.0015399340773001313,28.124978703827455,0.9790520071983337,0.1266685575246811,0.1256316900253296
uvg,Beauty,0,3,baseline,4,3,538,0.0016833877889439464,27.738158274592152,0.9778264760971069,0.13309302926063538,0.13225585222244263
uvg,Beauty,0,3,baseline,5,4,749,0.0015499235596507788,28.096897201784063,0.9793159365653992,0.12709996104240417,0.13013112545013428
uvg,Beauty,0,3,baseline,6,3,600,0.0016770123038440943,27.75463751065951,0.9784494042396545,0.13079921901226044,0.13232028484344482
uvg,Beauty,0,3,baseline,7,4,773,0.001570913940668106,28.038476062500955,0.9796942472457886,0.12459190934896469,0.12865519523620605
uvg,Beauty,0,3,baseline,8,3,490,0.0016341552836820483,27.867066775208656,0.9787108898162842,0.13022682070732117,0.1268664002418518
uvg,Beauty,0,3,baseline,9,5,1228,0.0015537365106865764,28.086226288151835,0.9801168441772461,0.1251739114522934,0.13087332248687744
uvg,Beauty,0,3,baseline,10,3,234,0.0016007566591724753,27.95674682828271,0.9775423407554626,0.12988923490047455,0.12930667400360107
uvg,Beauty,0,3,baseline,11,4,444,0.0016432178672403097,27.84304851496501,0.9788834452629089,0.13256117701530457,0.13270604610443115
uvg,Beauty,0,3,baseline,12,3,395,0.0015474120154976845,28.103940352126298,0.9779695272445679,0.13251906633377075,0.13061678409576416
uvg,Beauty,0,3,baseline,13,4,624,0.0016199317760765553,27.905032755174926,0.9792929291725159,0.1326875239610672,0.1314913034439087
uvg,Beauty,0,3,baseline,14,3,241,0.0015521293971687555,28.0907207551738,0.9782687425613403,0.1338261365890503,0.13120955228805542
uvg,Beauty,0,3,baseline,15,4,509,0.001689560478553176,27.722262578507188,0.9783216714859009,0.13868699967861176,0.1333625316619873
uvg,Beauty,0,3,baseline,16,3,374,0.00160762551240623,27.938151103368526,0.9775955677032471,0.1379612684249878,0.13606011867523193
uvg,Beauty,0,3,baseline,17,5,1338,0.0015698550269007683,28.041404520010182,0.9801080226898193,0.1302739381790161,0.133320152759552
uvg,Beauty,0,3,baseline,18,3,138,0.0015163517091423273,28.19200054888548,0.9782364368438721,0.13214386999607086,0.12854331731796265
uvg,Beauty,0,3,baseline,19,4,280,0.001582023105584085,28.007871778836076,0.9797917008399963,0.14052435755729675,0.13797599077224731
uvg,Beauty,0,3,baseline,20,3,612,0.00148618349339813,28.279275665844942,0.9793700575828552,0.13708974421024323,0.1347827911376953
uvg,Beauty,0,3,baseline,21,4,880,0.0017099790275096893,27.670092160947867,0.9780769944190979,0.14213211834430695,0.13461506366729736
uvg,Beauty,0,3,baseline,22,3,249,0.0015791895566508174,28.0156573670073,0.9771460294723511,0.14034521579742432,0.13503533601760864
uvg,Beauty,0,3,baseline,23,4,375,0.0016380068846046925,27.85684277215683,0.9788603782653809,0.14091145992279053,0.14120358228683472
uvg,Beauty,0,3,baseline,24,3,546,0.0015460142167285085,28.107865167447613,0.9783508777618408,0.1398424655199051,0.13834255933761597
uvg,Beauty,0,3,baseline,25,5,1743,0.0016077448381111026,27.93782876105924,0.9791117906570435,0.13052868843078613,0.13334208726882935
uvg,Beauty,0,3,baseline,26,3,175,0.001563374069519341,28.059370956269856,0.9771178364753723,0.13221213221549988,0.13198471069335938
uvg,Beauty,0,3,baseline,27,4,272,0.0015895799733698368,27.98717617406645,0.9790421724319458,0.13799235224723816,0.14037984609603882
uvg,Beauty,0,3,baseline,28,3,709,0.0014488791348412633,28.38967841761972,0.9795876741409302,0.1305718719959259,0.13000094890594482
uvg,Beauty,0,3,baseline,29,4,872,0.0016622813418507576,27.7929546979813,0.9785317778587341,0.1351986974477768,0.1327480673789978
uvg,Beauty,0,3,baseline,30,3,194,0.0015407411847263575,28.122703083843398,0.9776736497879028,0.1334768384695053,0.1336936354637146
uvg,Beauty,0,3,baseline,31,4,288,0.0015937770949676633,27.975724189467265,0.9792836308479309,0.1366545557975769,0.1312587857246399
uvg,Beauty,0,3,baseline,32,3,664,0.0014459961093962193,28.39832875554646,0.9794095754623413,0.12877461314201355,0.13161230087280273
uvg,Beauty,0,3,baseline,33,5,1566,0.0015535642160102725,28.0867079063397,0.9797312021255493,0.1262463480234146,0.12945306301116943
uvg,Beauty,0,3,baseline,34,3,133,0.0014936360530555248,28.257552120286498,0.9779558777809143,0.12683618068695068,0.13454145193099976
uvg,Beauty,0,3,baseline,35,4,194,0.001553635811433196,28.086507767971803,0.9796645641326904,0.13177724182605743,0.1387556791305542
uvg,Beauty,0,3,baseline,36,3,643,0.0013976555783301592,28.545998377888782,0.9803167581558228,0.12447508424520493,0.1287718415260315
uvg,Beauty,0,3,baseline,37,4,748,0.0016065003583207726,27.94119173245537,0.9793655872344971,0.1281302273273468,0.13196349143981934
uvg,Beauty,0,3,baseline,38,3,149,0.001500483020208776,28.237689147818518,0.978338897228241,0.12854574620723724,0.1330459713935852
uvg,Beauty,0,3,baseline,39,4,264,0.0015394249930977821,28.12641466798015,0.980064868927002,0.13475561141967773,0.13586902618408203
uvg,Beauty,0,3,baseline,40,3,608,0.0014446445275098085,28.4023900324163,0.9797372221946716,0.1282404512166977,0.13193660974502563
uvg,Beauty,0,3,baseline,41,5,1598,0.001563639030791819,28.05863497458293,0.9800748229026794,0.1266578882932663,0.1292552351951599
uvg,Beauty,0,3,baseline,42,3,137,0.0014733460266143084,28.316952437881238,0.9783349633216858,0.1265370398759842,0.13018816709518433
uvg,Beauty,0,3,baseline,43,4,209,0.0015518212458118796,28.09158306549838,0.9797195196151733,0.13503395020961761,0.13625550270080566
uvg,Beauty,0,3,baseline,44,3,707,0.001426384667865932,28.457633380162463,0.979910135269165,0.13000011444091797,0.12847959995269775
uvg,Beauty,0,3,baseline,45,4,878,0.0016968167619779706,27.703650542990246,0.9782914519309998,0.12979114055633545,0.13221466541290283
uvg,Beauty,0,3,baseline,46,3,193,0.0015751852188259363,28.02668372169869,0.9772670269012451,0.12827874720096588,0.12804019451141357
uvg,Beauty,0,3,baseline,47,4,313,0.0016742602456361055,27.76177034718431,0.9784383773803711,0.13600876927375793,0.13427042961120605
uvg,Beauty,0,3,baseline,48,3,658,0.0015001514693722129,28.238648882833736,0.9790095090866089,0.12773099541664124,0.13072186708450317
uvg,Beauty,0,3,baseline,49,5,1700,0.0015557905426248908,28.080488728382033,0.979907751083374,0.12046242505311966,0.12799179553985596
uvg,Beauty,0,3,baseline,50,3,159,0.0015092099783942103,28.212503320509402,0.9775896668434143,0.12314575910568237,0.12868613004684448
uvg,Beauty,0,3,baseline,51,4,248,0.0015603072242811322,28.06789880701065,0.9793804287910461,0.12794806063175201,0.1342172622680664
uvg,Beauty,0,3,baseline,52,3,759,0.0014149252092465758,28.492665156661555,0.9799225926399231,0.11971315741539001,0.1279691457748413
uvg,Beauty,0,3,baseline,53,4,788,0.0016490505076944828,27.827660424288077,0.9784969091415405,0.12243552505970001,0.12998443841934204
uvg,Beauty,0,3,baseline,54,3,185,0.0015334185445681214,28.14339288859291,0.9776480197906494,0.1233491376042366,0.12682729959487915
uvg,Beauty,0,3,baseline,55,4,278,0.0015891398070380092,27.98837893381541,0.9791543483734131,0.12572607398033142,0.12890666723251343
uvg,Beauty,0,3,baseline,56,3,605,0.0014766117092221975,28.30733692035438,0.9792219400405884,0.12170347571372986,0.13315266370773315
uvg,Beauty,0,3,baseline,57,5,1584,0.001499126898124814,28.241616034273846,0.9802050590515137,0.11773799359798431,0.12784349918365479
uvg,Beauty,0,3,baseline,58,3,121,0.0014562979340553284,28.367497665891392,0.9782087802886963,0.1186101958155632,0.12933200597763062
uvg,Beauty,0,3,baseline,59,4,162,0.001528024673461914,28.158696330235195,0.9798903465270996,0.12302281707525253,0.1297510266304016
uvg,Beauty,0,3,baseline,60,3,732,0.0013854983262717724,28.583939945236637,0.9803159236907959,0.11497198045253754,0.12374228239059448
uvg,Beauty,0,3,baseline,61,4,643,0.0016091922298073769,27.933920731427392,0.9794196486473083,0.11827696114778519,0.13050711154937744
uvg,Beauty,0,3,baseline,62,3,126,0.001504192710854113,28.226965201944427,0.9782983064651489,0.11964572966098785,0.13403934240341187
uvg,Beauty,0,3,baseline,63,4,223,0.0015475752297788858,28.10348230137428,0.9800331592559814,0.1232939213514328,0.13631665706634521
uvg,Beauty,0,3,uniform_2x,0,3,4626,0.0011271408293396235,29.480218181295296,0.97940993309021,,
uvg,Beauty,0,3,uniform_2x,1,5,1383,0.0017671278910711408,27.52732018474805,0.9736028909683228,,
uvg,Beauty,0,3,uniform_2x,2,3,682,0.0018469643546268344,27.335414861180986,0.9745261669158936,,
uvg,Beauty,0,3,uniform_2x,3,4,693,0.001562881632708013,28.06073912709134,0.9785894155502319,,
uvg,Beauty,0,3,uniform_2x,4,3,511,0.0017011017771437764,27.692697017139352,0.9775133728981018,,
uvg,Beauty,0,3,uniform_2x,5,4,733,0.0015711747109889984,28.03775519734263,0.9789680242538452,,
uvg,Beauty,0,3,uniform_2x,6,3,617,0.0016854992136359215,27.73271445761615,0.9781427383422852,,
uvg,Beauty,0,3,uniform_2x,7,4,731,0.0015714443288743496,28.037010000049335,0.9793225526809692,,
uvg,Beauty,0,3,uniform_2x,8,3,547,0.0016992547316476703,27.697415120924084,0.9779577255249023,,
uvg,Beauty,0,3,uniform_2x,9,5,1135,0.0015863385051488876,27.996041340222106,0.9796567559242249,,
uvg,Beauty,0,3,uniform_2x,10,3,294,0.0016658238600939512,27.78370921676754,0.9767748117446899,,
uvg,Beauty,0,3,uniform_2x,11,4,440,0.001650412566959858,27.82407478115042,0.9786324501037598,,
uvg,Beauty,0,3,uniform_2x,12,3,384,0.001586248865351081,27.996286755493685,0.9775412082672119,,
uvg,Beauty,0,3,uniform_2x,13,4,608,0.001643615192733705,27.841998529967334,0.9787120819091797,,
uvg,Beauty,0,3,uniform_2x,14,3,266,0.00158189598005265,28.008220775857467,0.9777676463127136,,
uvg,Beauty,0,3,uniform_2x,15,4,498,0.001700084307231009,27.695295414115215,0.9782112240791321,,
uvg,Beauty,0,3,uniform_2x,16,3,398,0.001613839529454708,27.921396511115102,0.9773327708244324,,
uvg,Beauty,0,3,uniform_2x,17,5,1274,0.0016073047881945968,27.93901761519157,0.9794526696205139,,
uvg,Beauty,0,3,uniform_2x,18,3,186,0.0015227192780002952,28.17380153953969,0.9779383540153503,,
uvg,Beauty,0,3,uniform_2x,19,4,276,0.0016229442553594708,27.89696396997888,0.9792625904083252,,
uvg,Beauty,0,3,uniform_2x,20,3,583,0.0015185142401605844,28.185811310462327,0.9789404273033142,,
uvg,Beauty,0,3,uniform_2x,21,4,841,0.0017166618490591645,27.65315244472621,0.9779730439186096,,
uvg,Beauty,0,3,uniform_2x,22,3,268,0.0015954561531543732,27.971151267288647,0.9772620797157288,,
uvg,Beauty,0,3,uniform_2x,23,4,427,0.001658835681155324,27.801966316380145,0.978941023349762,,
uvg,Beauty,0,3,uniform_2x,24,3,502,0.0015441530849784613,28.113096465742853,0.9785788655281067,,
uvg,Beauty,0,3,uniform_2x,25,5,1588,0.001622045529074967,27.899369597743586,0.9791309237480164,,
uvg,Beauty,0,3,uniform_2x,26,3,198,0.0015553795965388417,28.081636024161988,0.9771526455879211,,
uvg,Beauty,0,3,uniform_2x,27,4,281,0.0016228650929406285,27.897175811143867,0.9787656664848328,,
uvg,Beauty,0,3,uniform_2x,28,3,697,0.0014675511047244072,28.33406766323371,0.9792994856834412,,
uvg,Beauty,0,3,uniform_2x,29,4,836,0.0016969707794487476,27.70325635839911,0.9779108166694641,,
uvg,Beauty,0,3,uniform_2x,30,3,221,0.0015621851198375225,28.06267503262674,0.977310299873352,,
uvg,Beauty,0,3,uniform_2x,31,4,290,0.0016098292544484138,27.93220184703098,0.9790599346160889,,
uvg,Beauty,0,3,uniform_2x,32,3,632,0.0014472128823399544,28.394675802663635,0.9794026613235474,,
uvg,Beauty,0,3,uniform_2x,33,5,1414,0.0015687543200328946,28.044450652138572,0.9796085953712463,,
uvg,Beauty,0,3,uniform_2x,34,3,170,0.0015028713969513774,28.230781810790656,0.9780126810073853,,
uvg,Beauty,0,3,uniform_2x,35,4,215,0.0015624730149284005,28.061874745079773,0.979712724685669,,
uvg,Beauty,0,3,uniform_2x,36,3,667,0.0014214030234143138,28.47282765120722,0.9802152514457703,,
uvg,Beauty,0,3,uniform_2x,37,4,723,0.0016594278858974576,27.800416160708664,0.9786596894264221,,
uvg,Beauty,0,3,uniform_2x,38,3,185,0.0015336498618125916,28.14273780178217,0.9777799248695374,,
uvg,Beauty,0,3,uniform_2x,39,4,290,0.0015906665939837694,27.98420839565731,0.9795022010803223,,
uvg,Beauty,0,3,uniform_2x,40,3,595,0.001465881709009409,28.339010741677583,0.9794977307319641,,
uvg,Beauty,0,3,uniform_2x,41,5,1424,0.0015930971130728722,27.97757749380189,0.9796398282051086,,
uvg,Beauty,0,3,uniform_2x,42,3,157,0.001505043706856668,28.224508878634577,0.9778144955635071,,
uvg,Beauty,0,3,uniform_2x,43,4,233,0.0016029694816097617,27.950747459519345,0.9789411425590515,,
uvg,Beauty,0,3,uniform_2x,44,3,693,0.0014551825588569045,28.370825191655715,0.9796481132507324,,
uvg,Beauty,0,3,uniform_2x,45,4,809,0.0016630488680675626,27.790949890124324,0.9788063168525696,,
uvg,Beauty,0,3,uniform_2x,46,3,231,0.0015792319318279624,28.015540832177024,0.9775903820991516,,
uvg,Beauty,0,3,uniform_2x,47,4,322,0.0016480324557051063,27.830342397294135,0.9787560105323792,,
uvg,Beauty,0,3,uniform_2x,48,3,627,0.0015029831556603312,28.230458866418093,0.9789888262748718,,
uvg,Beauty,0,3,uniform_2x,49,5,1537,0.00157967209815979,28.01433052753684,0.9795116782188416,,
uvg,Beauty,0,3,uniform_2x,50,3,191,0.0015061869053170085,28.221211324439345,0.9774964451789856,,
uvg,Beauty,0,3,uniform_2x,51,4,267,0.0016122894594445825,27.925569852640383,0.9789132475852966,,
uvg,Beauty,0,3,uniform_2x,52,3,685,0.0014835731126368046,28.28691046157179,0.9790539741516113,,
uvg,Beauty,0,3,uniform_2x,53,4,745,0.0016620880924165249,27.793459618777092,0.9785939455032349,,
uvg,Beauty,0,3,uniform_2x,54,3,222,0.0015658414922654629,28.052522030179006,0.977484941482544,,
uvg,Beauty,0,3,uniform_2x,55,4,284,0.0015994661953300238,27.960249342837038,0.9792996048927307,,
uvg,Beauty,0,3,uniform_2x,56,3,634,0.0014901020331308246,28.267839927229403,0.9790271520614624,,
uvg,Beauty,0,3,uniform_2x,57,5,1433,0.0015911887167021632,27.982783095036325,0.9790900349617004,,
uvg,Beauty,0,3,uniform_2x,58,3,155,0.0015245915856212378,28.168464814755694,0.9771718978881836,,
uvg,Beauty,0,3,uniform_2x,59,4,206,0.0015685360413044691,28.04505497776041,0.979083776473999,,
uvg,Beauty,0,3,uniform_2x,60,3,648,0.0014170524664223194,28.48614069684883,0.9798837900161743,,
uvg,Beauty,0,3,uniform_2x,61,4,608,0.001616595545783639,27.913986221502675,0.9790428876876831,,
uvg,Beauty,0,3,uniform_2x,62,3,163,0.001518821227364242,28.184933416989956,0.9779411554336548,,
uvg,Beauty,0,3,uniform_2x,63,4,243,0.0015865627210587263,27.99542754404241,0.9794822931289673,,
uvg,Beauty,0,3,uniform_4x,0,3,4626,0.0011271408293396235,29.480218181295296,0.97940993309021,,
uvg,Beauty,0,3,uniform_4x,1,5,1383,0.0017671278910711408,27.52732018474805,0.9736028909683228,,
uvg,Beauty,0,3,uniform_4x,2,3,682,0.0018469643546268344,27.335414861180986,0.9745261669158936,,
uvg,Beauty,0,3,uniform_4x,3,4,693,0.001562881632708013,28.06073912709134,0.9785894155502319,,
uvg,Beauty,0,3,uniform_4x,4,3,511,0.0017011017771437764,27.692697017139352,0.9775133728981018,,
uvg,Beauty,0,3,uniform_4x,5,4,731,0.001573125715367496,28.03236569615255,0.9789479374885559,,
uvg,Beauty,0,3,uniform_4x,6,3,619,0.0016878022579476237,27.726784364501256,0.9780865907669067,,
uvg,Beauty,0,3,uniform_4x,7,4,731,0.0015674459282308817,28.04807431981134,0.9793635010719299,,
uvg,Beauty,0,3,uniform_4x,8,3,532,0.0017019486986100674,27.69053534877957,0.9778030514717102,,
uvg,Beauty,0,3,uniform_4x,9,5,1151,0.001583462581038475,28.003921950268467,0.979604184627533,,
uvg,Beauty,0,3,uniform_4x,10,3,277,0.0016629112651571631,27.7913092461137,0.9766564965248108,,
uvg,Beauty,0,3,uniform_4x,11,4,461,0.0016608425648882985,27.796715333768983,0.9785533547401428,,
uvg,Beauty,0,3,uniform_4x,12,3,389,0.0015658189076930285,28.052584670145873,0.9776725769042969,,
uvg,Beauty,0,3,uniform_4x,13,4,606,0.0016378700966015458,27.85720546144787,0.97878098487854,,
uvg,Beauty,0,3,uniform_4x,14,3,260,0.0015822253189980984,28.00731670124286,0.9778120517730713,,
uvg,Beauty,0,3,uniform_4x,15,4,507,0.001708727446384728,27.673272046700916,0.978084146976471,,
uvg,Beauty,0,3,uniform_4x,16,3,415,0.0016047850949689746,27.94583117974447,0.9774519801139832,,
uvg,Beauty,0,3,uniform_4x,17,5,1270,0.0015935600968077779,27.976315536399806,0.9797405004501343,,
uvg,Beauty,0,3,uniform_4x,18,3,184,0.0015342944534495473,28.140912849525137,0.9779730439186096,,
uvg,Beauty,0,3,uniform_4x,19,4,281,0.0016318544512614608,27.873185795483817,0.9793025851249695,,
uvg,Beauty,0,3,uniform_4x,20,3,568,0.0014876207569614053,28.275077705047103,0.9792879819869995,,
uvg,Beauty,0,3,uniform_4x,21,4,829,0.0017339767655357718,27.609567261603903,0.977651059627533,,
uvg,Beauty,0,3,uniform_4x,22,3,265,0.0015978148439899087,27.964735484841114,0.9770047068595886,,
uvg,Beauty,0,3,uniform_4x,23,4,386,0.0016524364473298192,27.818752344775547,0.978872537612915,,
uvg,Beauty,0,3,uniform_4x,24,3,539,0.001525808940641582,28.164998446379684,0.9786018133163452,,
uvg,Beauty,0,3,uniform_4x,25,5,1601,0.001601950847543776,27.953508134502798,0.9791650176048279,,
uvg,Beauty,0,3,uniform_4x,26,3,213,0.0015362824779003859,28.135289227718353,0.9772248268127441,,
uvg,Beauty,0,3,uniform_4x,27,4,277,0.0015939780278131366,27.975176694300433,0.9790316224098206,,
uvg,Beauty,0,3,uniform_4x,28,3,681,0.001438018400222063,28.422355568851376,0.9795427322387695,,
uvg,Beauty,0,3,uniform_4x,29,4,829,0.0016746260225772858,27.760821644271935,0.9782088398933411,,
uvg,Beauty,0,3,uniform_4x,30,3,207,0.0015656547620892525,28.053039967156362,0.9773853421211243,,
uvg,Beauty,0,3,uniform_4x,31,4,310,0.0015843197470530868,28.001571646865322,0.9792731404304504,,
uvg,Beauty,0,3,uniform_4x,32,3,635,0.0014499714598059654,28.386405460207264,0.9794915318489075,,
uvg,Beauty,0,3,uniform_4x,33,5,1424,0.0015455083921551704,28.109286323627035,0.979751467704773,,
uvg,Beauty,0,3,uniform_4x,34,3,176,0.0014883765252307057,28.272871883166992,0.9780172109603882,,
uvg,Beauty,0,3,uniform_4x,35,4,202,0.0015504194889217615,28.095507811356843,0.9797530770301819,,
uvg,Beauty,0,3,uniform_4x,36,3,602,0.0014223071048036218,28.470066205391063,0.9799297451972961,,
uvg,Beauty,0,3,uniform_4x,37,4,715,0.0016582401003688574,27.803525867435987,0.9787769913673401,,
uvg,Beauty,0,3,uniform_4x,38,3,188,0.0015270236181095243,28.161542457626254,0.9778505563735962,,
uvg,Beauty,0,3,uniform_4x,39,4,275,0.0015874902019277215,27.992889465158957,0.9795240759849548,,
uvg,Beauty,0,3,uniform_4x,40,3,610,0.0014493896160274744,28.388148544556614,0.97978276014328,,
uvg,Beauty,0,3,uniform_4x,41,5,1471,0.0015889250207692385,27.988965960805174,0.9795194864273071,,
uvg,Beauty,0,3,uniform_4x,42,3,170,0.0015177195891737938,28.18808460406144,0.9777159094810486,,
uvg,Beauty,0,3,uniform_4x,43,4,243,0.001588615239597857,27.989812755764362,0.9792786240577698,,
uvg,Beauty,0,3,uniform_4x,44,3,663,0.0014653498074039817,28.340586884219675,0.9795938730239868,,
uvg,Beauty,0,3,uniform_4x,45,4,817,0.0016652712365612388,27.785150192459106,0.9789094924926758,,
uvg,Beauty,0,3,uniform_4x,46,3,221,0.0015583380591124296,28.073383224779672,0.9776376485824585,,
uvg,Beauty,0,3,uniform_4x,47,4,333,0.0016344889299944043,27.866180164471025,0.979155957698822,,
uvg,Beauty,0,3,uniform_4x,48,3,640,0.0014825640246272087,28.289865425222818,0.9794095158576965,,
uvg,Beauty,0,3,uniform_4x,49,5,1510,0.0015895921969786286,27.98714277766284,0.9796614050865173,,
uvg,Beauty,0,3,uniform_4x,50,3,200,0.0015027087647467852,28.231251805036713,0.9775800704956055,,
uvg,Beauty,0,3,uniform_4x,51,4,256,0.0015841989079490304,28.001902904224547,0.9790143370628357,,
uvg,Beauty,0,3,uniform_4x,52,3,736,0.0014535610098391771,28.37566735011249,0.979541003704071,,
uvg,Beauty,0,3,uniform_4x,53,4,704,0.0016692052595317364,27.77490255531134,0.9786414504051208,,
uvg,Beauty,0,3,uniform_4x,54,3,219,0.0015542196342721581,28.08487608950553,0.9775110483169556,,
uvg,Beauty,0,3,uniform_4x,55,4,290,0.001614309730939567,27.92013135330963,0.9791361689567566,,
uvg,Beauty,0,3,uniform_4x,56,3,607,0.0014768749242648482,28.30656283294472,0.9791803359985352,,
uvg,Beauty,0,3,uniform_4x,57,5,1442,0.0015767208533361554,28.0224518846356,0.9793702363967896,,
uvg,Beauty,0,3,uniform_4x,58,3,149,0.0015025957254692912,28.231578509599508,0.9777422547340393,,
uvg,Beauty,0,3,uniform_4x,59,4,217,0.0015513221733272076,28.092980000146618,0.9795973896980286,,
uvg,Beauty,0,3,uniform_4x,60,3,675,0.0014156743418425322,28.490366391651804,0.9800049066543579,,
uvg,Beauty,0,3,uniform_4x,61,4,637,0.0016557039925828576,27.810173039513106,0.9787606000900269,,
uvg,Beauty,0,3,uniform_4x,62,3,162,0.0015443977899849415,28.112408285178354,0.9776188135147095,,
uvg,Beauty,0,3,uniform_4x,63,4,242,0.0016147404676303267,27.918972705672978,0.9791783094406128,,
uvg,Bosphorus,1,1,baseline,0,1,3914,0.0009415350505150855,30.261635078704213,0.9459484815597534,0.19369938969612122,0.18898433446884155
uvg,Bosphorus,1,1,baseline,1,3,3876,0.0010126575361937284,29.945374009255055,0.9401776194572449,0.1737053394317627,0.13166534900665283
uvg,Bosphorus,1,1,baseline,2,1,924,0.0009582187631167471,30.185353293677867,0.9426175951957703,0.16358007490634918,0.1290297508239746
uvg,Bosphorus,1,1,baseline,3,2,586,0.0008603220921941102,30.653389247166256,0.9497162103652954,0.15651407837867737,0.12812906503677368
uvg,Bosphorus,1,1,baseline,4,1,744,0.0008218574221245944,30.85203518415309,0.9501476883888245,0.15183918178081512,0.12722206115722656
uvg,Bosphorus,1,1,baseline,5,2,333,0.0008026739815250039,30.95460814341347,0.9530816078186035,0.1528480350971222,0.12991899251937866
uvg,Bosphorus,1,1,baseline,6,1,348,0.0008097782847471535,30.916338735801183,0.9521247148513794,0.15265090763568878,0.13122767210006714
uvg,Bosphorus,1,1,baseline,7,2,203,0.0007814790587872267,31.070826552327727,0.9539920687675476,0.15445244312286377,0.13652729988098145
uvg,Bosphorus,1,1,baseline,8,1,81,0.0008053359924815595,30.94022890766229,0.9527651071548462,0.15663999319076538,0.13526320457458496
uvg,Bosphorus,1,1,baseline,9,3,210,0.0007684340234845877,31.143934143927385,0.9550678730010986,0.16013391315937042,0.13866043090820312
uvg,Bosphorus,1,1,baseline,10,1,81,0.0008269561803899705,30.825175026832852,0.9520320296287537,0.16157656908035278,0.13469690084457397
uvg,Bosphorus,1,1,baseline,11,2,57,0.0008017756044864655,30.959471621015776,0.953713059425354,0.16420772671699524,0.13825392723083496
uvg,Bosphorus,1,1,baseline,12,1,224,0.0008177301497198641,30.873899895102404,0.9523970484733582,0.16338196396827698,0.13395392894744873
uvg,Bosphorus,1,1,baseline,13,2,141,0.000799782807007432,30.97027936164058,0.9534940719604492,0.16512063145637512,0.1406010389328003
uvg,Bosphorus,1,1,baseline,14,1,65,0.0008430782472714782,30.741321160262626,0.9516984224319458,0.16633763909339905,0.14020729064941406
uvg,Bosphorus,1,1,baseline,15,2,77,0.000816391664557159,30.881014381246473,0.9529118537902832,0.16948188841342926,0.1441367268562317
uvg,Bosphorus,1,1,baseline,16,1,524,0.0008338568732142448,30.78908487141152,0.9517315626144409,0.16501611471176147,0.1396300196647644
uvg,Bosphorus,1,1,baseline,17,3,700,0.0007622999255545437,31.178741226427356,0.955685555934906,0.16395919024944305,0.14256584644317627
uvg,Bosphorus,1,1,baseline,18,1,55,0.0008370210416615009,30.77263624249731,0.9525976777076721,0.16632843017578125,0.13863861560821533
uvg,Bosphorus,1,1,baseline,19,2,53,0.000826942385174334,30.82524747608884,0.9537253975868225,0.16987916827201843,0.13972032070159912
uvg,Bosphorus,1,1,baseline,20,1,993,0.000799117551650852,30.973893304755006,0.9534653425216675,0.15961138904094696,0.13110798597335815
uvg,Bosphorus,1,1,baseline,21,2,304,0.0007737344712950289,31.114080540927375,0.9548797011375427,0.16310183703899384,0.13813084363937378
uvg,Bosphorus,1,1,baseline,22,1,48,0.0008285425137728453,30.816852023644408,0.9526869058609009,0.16538214683532715,0.14017343521118164
uvg,Bosphorus,1,1,baseline,23,2,58,0.0008169374195858836,30.87811210749689,0.9533557295799255,0.167186439037323,0.1428874135017395
uvg,Bosphorus,1,1,baseline,24,1,1139,0.0008006033021956682,30.965826229213967,0.9530870914459229,0.15874339640140533,0.13556897640228271
uvg,Bosphorus,1,1,baseline,25,3,733,0.0007511198637075722,31.24290752752159,0.9561944007873535,0.15911053121089935,0.14126473665237427
uvg,Bosphorus,1,1,baseline,26,1,39,0.0008358406485058367,30.778765121197488,0.9524364471435547,0.16104446351528168,0.14293646812438965
uvg,Bosphorus,1,1,baseline,27,2,47,0.0008268513483926654,30.82572561034666,0.9535297751426697,0.16446994245052338,0.142666757106781
uvg,Bosphorus,1,1,baseline,28,1,1220,0.0007901815697550774,31.022731040484146,0.9540326595306396,0.15361952781677246,0.13420188426971436
uvg,Bosphorus,1,1,baseline,29,2,283,0.0007672282517887652,31.150754134363773,0.9554230570793152,0.15613095462322235,0.13971513509750366
uvg,Bosphorus,1,1,baseline,30,1,42,0.0008260381291620433,30.82999905582174,0.953048825263977,0.15753433108329773,0.1376844048500061
uvg,Bosphorus,1,1,baseline,31,2,54,0.0008113828371278942,30.907741830002923,0.9539476633071899,0.1599102020263672,0.14152860641479492
uvg,Bosphorus,1,1,baseline,32,1,963,0.0007799165905453265,31.07951841159348,0.9546557664871216,0.15340816974639893,0.13200175762176514
uvg,Bosphorus,1,1,baseline,33,3,662,0.0007458038744516671,31.273753648087034,0.9566489458084106,0.15517985820770264,0.1347687840461731
uvg,Bosphorus,1,1,baseline,34,1,42,0.0008299892069771886,30.809275550705845,0.9531000256538391,0.15711428225040436,0.1300562024116516
uvg,Bosphorus,1,1,baseline,35,2,47,0.0008270232356153429,30.824822885638152,0.9541211724281311,0.15922042727470398,0.1346471905708313
uvg,Bosphorus,1,1,baseline,36,1,1145,0.000792427861597389,31.010402631621613,0.953900158405304,0.1504579782485962,0.12914973497390747
uvg,Bosphorus,1,1,baseline,37,2,301,0.0007771585369482636,31.094903779833768,0.9556843042373657,0.15414248406887054,0.1337077021598816
uvg,Bosphorus,1,1,baseline,38,1,43,0.0008280431502498686,30.819470310567585,0.9535838961601257,0.15478453040122986,0.1344900131225586
uvg,Bosphorus,1,1,baseline,39,2,59,0.0008173720561899245,30.875802137616446,0.9543253183364868,0.15741118788719177,0.13781899213790894
uvg,Bosphorus,1,1,baseline,40,1,998,0.0008012583712115884,30.96227420122726,0.9543511271476746,0.15093795955181122,0.1285407543182373
uvg,Bosphorus,1,1,baseline,41,3,679,0.0007607876905240119,31.187365228592135,0.9566575288772583,0.15186530351638794,0.13387715816497803
uvg,Bosphorus,1,1,baseline,42,1,39,0.0008488016901537776,30.71193764328525,0.9529253244400024,0.1533803641796112,0.13383924961090088
uvg,Bosphorus,1,1,baseline,43,2,47,0.000848312396556139,30.714441865211597,0.9538931846618652,0.1565091758966446,0.1390499472618103
uvg,Bosphorus,1,1,baseline,44,1,1168,0.0008039409294724464,30.94775860389131,0.9544723629951477,0.1487889438867569,0.12864750623703003
uvg,Bosphorus,1,1,baseline,45,2,257,0.0007799905724823475,31.079106464680297,0.9560270309448242,0.15331846475601196,0.13807237148284912
uvg,Bosphorus,1,1,baseline,46,1,40,0.0008423769613727927,30.7449351941693,0.9536646604537964,0.15425042808055878,0.13807004690170288
uvg,Bosphorus,1,1,baseline,47,2,55,0.0008318980108015239,30.799299141673806,0.954526960849762,0.15721173584461212,0.14212167263031006
uvg,Bosphorus,1,1,baseline,48,1,973,0.000815700099337846,30.88469484803447,0.9541434049606323,0.15266776084899902,0.13618040084838867
uvg,Bosphorus,1,1,baseline,49,3,547,0.0007655795780010521,31.160096599748712,0.9569973349571228,0.15614742040634155,0.14361536502838135
uvg,Bosphorus,1,1,baseline,50,1,38,0.0008463604608550668,30.72444633628311,0.9535459280014038,0.15639428794384003,0.13763970136642456
uvg,Bosphorus,1,1,baseline,51,2,49,0.0008419699152000248,30.74703426191613,0.9545807838439941,0.16020667552947998,0.1416466236114502
uvg,Bosphorus,1,1,baseline,52,1,1187,0.0008055783691816032,30.938922036649522,0.9548898935317993,0.15275008976459503,0.1334843635559082
uvg,Bosphorus,1,1,baseline,53,2,275,0.0007840258767828345,31.056696031847775,0.9561627507209778,0.15765970945358276,0.13816994428634644
uvg,Bosphorus,1,1,baseline,54,1,42,0.0008520989795215428,30.69509954806896,0.9536232948303223,0.15823166072368622,0.13609004020690918
uvg,Bosphorus,1,1,baseline,55,2,58,0.0008403261308558285,30.75552131387098,0.9541093111038208,0.15905308723449707,0.1425057053565979
uvg,Bosphorus,1,1,baseline,56,1,977,0.0008210003725253046,30.856566458213056,0.954074501991272,0.1533658802509308,0.1335848569869995
uvg,Bosphorus,1,1,baseline,57,3,556,0.0007640933035872877,31.168536063994775,0.9572769403457642,0.15434077382087708,0.14050692319869995
uvg,Bosphorus,1,1,baseline,58,1,39,0.0008567351615056396,30.671534087329682,0.953334391117096,0.1554505079984665,0.13560593128204346
uvg,Bosphorus,1,1,baseline,59,2,47,0.0008447138243354857,30.73290398224732,0.9546529650688171,0.15844541788101196,0.14090102910995483
uvg,Bosphorus,1,1,baseline,60,1,1155,0.000809946155641228,30.915438515968575,0.9548628926277161,0.15147018432617188,0.13204193115234375
uvg,Bosphorus,1,1,baseline,61,2,250,0.0007803915068507195,31.076874657612944,0.9564301371574402,0.15579473972320557,0.1403082013130188
uvg,Bosphorus,1,1,baseline,62,1,41,0.0008412272436544299,30.750866708677968,0.9540736675262451,0.15659067034721375,0.1394931674003601
uvg,Bosphorus,1,1,baseline,63,2,53,0.0008264582138508558,30.827790996881284,0.9549142122268677,0.15929163992404938,0.14471298456192017
uvg,Bosphorus,1,1,uniform_2x,0,1,3914,0.0009415350505150855,30.261635078704213,0.9459484815597534,,
uvg,Bosphorus,1,1,uniform_2x,1,3,3620,0.0010412156116217375,29.824593288548257,0.9387286305427551,,
uvg,Bosphorus,1,1,uniform_2x,2,1,869,0.0009754356578923762,30.108013724446376,0.9416127800941467,,
uvg,Bosphorus,1,1,uniform_2x,3,2,570,0.0008876602514646947,30.51753226955394,0.94789057970047,,
uvg,Bosphorus,1,1,uniform_2x,4,1,721,0.0008367401896975935,30.774093707959125,0.9495291113853455,,
uvg,Bosphorus,1,1,uniform_2x,5,2,397,0.0008245493518188596,30.83783345378871,0.9516816735267639,,
uvg,Bosphorus,1,1,uniform_2x,6,1,369,0.0008205462363548577,30.858969421818504,0.951296329498291,,
uvg,Bosphorus,1,1,uniform_2x,7,2,234,0.0008062426350079477,30.935342396001076,0.9524627327919006,,
uvg,Bosphorus,1,1,uniform_2x,8,1,118,0.0008348071714863181,30.784138287446318,0.9513055682182312,,
uvg,Bosphorus,1,1,uniform_2x,9,3,247,0.0007976217893883586,30.982029905014763,0.9539288282394409,,
uvg,Bosphorus,1,1,uniform_2x,10,1,113,0.0008469151216559112,30.721601127431832,0.9510360360145569,,
uvg,Bosphorus,1,1,uniform_2x,11,2,105,0.0008165776380337775,30.880025173979725,0.9529226422309875,,
uvg,Bosphorus,1,1,uniform_2x,12,1,271,0.0008348851115442812,30.78373283624479,0.9516629576683044,,
uvg,Bosphorus,1,1,uniform_2x,13,2,173,0.0008085311856120825,30.923032243932717,0.9528997540473938,,
uvg,Bosphorus,1,1,uniform_2x,14,1,96,0.0008563988958485425,30.673239013112685,0.950932502746582,,
uvg,Bosphorus,1,1,uniform_2x,15,2,107,0.0008353524608537555,30.781302436703104,0.9523830413818359,,
uvg,Bosphorus,1,1,uniform_2x,16,1,520,0.0008456249488517642,30.728222123269163,0.9511135816574097,,
uvg,Bosphorus,1,1,uniform_2x,17,3,686,0.0007812287076376379,31.07221806168182,0.9540964365005493,,
uvg,Bosphorus,1,1,uniform_2x,18,1,82,0.0008642276516184211,30.6337184222153,0.9503104090690613,,
uvg,Bosphorus,1,1,uniform_2x,19,2,93,0.0008451059693470597,30.73088830674954,0.9519366025924683,,
uvg,Bosphorus,1,1,uniform_2x,20,1,987,0.0008303399663418531,30.807440578927192,0.9513368606567383,,
uvg,Bosphorus,1,1,uniform_2x,21,2,352,0.0008074213401414454,30.928997763733186,0.9526575207710266,,
uvg,Bosphorus,1,1,uniform_2x,22,1,95,0.0008682775078341365,30.61341448948574,0.9506936073303223,,
uvg,Bosphorus,1,1,uniform_2x,23,2,90,0.0008488387684337795,30.711747934182544,0.9515866637229919,,
uvg,Bosphorus,1,1,uniform_2x,24,1,1177,0.0008237687288783491,30.841946983389903,0.9520518779754639,,
uvg,Bosphorus,1,1,uniform_2x,25,3,707,0.000782885355874896,31.063018304787867,0.9546115398406982,,
uvg,Bosphorus,1,1,uniform_2x,26,1,94,0.0008639376610517502,30.635175936761712,0.9511181116104126,,
uvg,Bosphorus,1,1,uniform_2x,27,2,85,0.0008558591944165528,30.675976793858275,0.9524650573730469,,
uvg,Bosphorus,1,1,uniform_2x,28,1,1180,0.0008262508781626821,30.828880659256626,0.9523515105247498,,
uvg,Bosphorus,1,1,uniform_2x,29,2,304,0.0007915418827906251,31.015261004053933,0.9543410539627075,,
uvg,Bosphorus,1,1,uniform_2x,30,1,83,0.0008557118126191199,30.676724727788603,0.9519173502922058,,
uvg,Bosphorus,1,1,uniform_2x,31,2,96,0.0008286167867481709,30.816462726811572,0.953201949596405,,
uvg,Bosphorus,1,1,uniform_2x,32,1,939,0.0008219190640375018,30.851709461734412,0.9527884721755981,,
uvg,Bosphorus,1,1,uniform_2x,33,3,669,0.0007672186475247145,31.150808500257856,0.9556453227996826,,
uvg,Bosphorus,1,1,uniform_2x,34,1,82,0.0008634828845970333,30.637462663174034,0.9515478610992432,,
uvg,Bosphorus,1,1,uniform_2x,35,2,88,0.0008487878949381411,30.712008227908065,0.9529333710670471,,
uvg,Bosphorus,1,1,uniform_2x,36,1,1147,0.0008144893799908459,30.89114574021454,0.9528571367263794,,
uvg,Bosphorus,1,1,uniform_2x,37,2,313,0.0007902664947323501,31.022264306399432,0.9546692967414856,,
uvg,Bosphorus,1,1,uniform_2x,38,1,88,0.0008479250245727599,30.716425473351055,0.9525535702705383,,
uvg,Bosphorus,1,1,uniform_2x,39,2,90,0.0008274450665339828,30.822608290846667,0.9535943269729614,,
uvg,Bosphorus,1,1,uniform_2x,40,1,977,0.0008237743750214577,30.84191721677815,0.9530740976333618,,
uvg,Bosphorus,1,1,uniform_2x,41,3,697,0.0007669020560570061,31.15260097889496,0.9565872550010681,,
uvg,Bosphorus,1,1,uniform_2x,42,1,78,0.0008497508242726326,30.707084054717257,0.9530069231987,,
uvg,Bosphorus,1,1,uniform_2x,43,2,84,0.000841617991682142,30.748849889641537,0.9543746709823608,,
uvg,Bosphorus,1,1,uniform_2x,44,1,1126,0.0008156381081789732,30.885024913475398,0.9536102414131165,,
uvg,Bosphorus,1,1,uniform_2x,45,2,295,0.0008076184312812984,30.927937782469446,0.9545905590057373,,
uvg,Bosphorus,1,1,uniform_2x,46,1,81,0.0008640571613796055,30.634575259810806,0.9521681070327759,,
uvg,Bosphorus,1,1,uniform_2x,47,2,90,0.0008509807521477342,30.700802628655453,0.9529993534088135,,
uvg,Bosphorus,1,1,uniform_2x,48,1,943,0.0008197096758522093,30.863399384714857,0.9541780352592468,,
uvg,Bosphorus,1,1,uniform_2x,49,3,553,0.0007728114142082632,31.119264721372627,0.9562279582023621,,
uvg,Bosphorus,1,1,uniform_2x,50,1,76,0.0008665930945426226,30.621847759685984,0.9525144100189209,,
uvg,Bosphorus,1,1,uniform_2x,51,2,89,0.0008499605464749038,30.706012329279528,0.9537776112556458,,
uvg,Bosphorus,1,1,uniform_2x,52,1,1136,0.0008107511675916612,30.911124172115723,0.9539526104927063,,
uvg,Bosphorus,1,1,uniform_2x,53,2,282,0.0007924481178633869,31.010291617451905,0.955929696559906,,
uvg,Bosphorus,1,1,uniform_2x,54,1,76,0.0008512473432347178,30.699442305215108,0.9532530307769775,,
uvg,Bosphorus,1,1,uniform_2x,55,2,92,0.0008389751310460269,30.762509123650467,0.9540565609931946,,
uvg,Bosphorus,1,1,uniform_2x,56,1,946,0.0008200547308661044,30.861571616163648,0.9541627168655396,,
uvg,Bosphorus,1,1,uniform_2x,57,3,574,0.0007805657223798335,31.07590524164365,0.9562855958938599,,
uvg,Bosphorus,1,1,uniform_2x,58,1,81,0.0008786757825873792,30.561713431373793,0.9521604776382446,,
uvg,Bosphorus,1,1,uniform_2x,59,2,83,0.0008714183932170272,30.597732775556977,0.9532696604728699,,
uvg,Bosphorus,1,1,uniform_2x,60,1,1187,0.00083715352229774,30.771948911431167,0.9529736042022705,,
uvg,Bosphorus,1,1,uniform_2x,61,2,289,0.0008109821937978268,30.90988681202213,0.9544954895973206,,
uvg,Bosphorus,1,1,uniform_2x,62,1,76,0.0008677596342749894,30.616005558884858,0.9521929621696472,,
uvg,Bosphorus,1,1,uniform_2x,63,2,94,0.0008553791558369994,30.678413369822557,0.9531067609786987,,
uvg,Bosphorus,1,1,uniform_4x,0,1,3914,0.0009415350505150855,30.261635078704213,0.9459484815597534,,
uvg,Bosphorus,1,1,uniform_4x,1,3,3619,0.00104222830850631,29.820371349102718,0.9385998845100403,,
uvg,Bosphorus,1,1,uniform_4x,2,1,869,0.0009752558544278145,30.10881433953302,0.9415436387062073,,
uvg,Bosphorus,1,1,uniform_4x,3,2,570,0.0008899603853933513,30.506293245775282,0.9478188157081604,,
uvg,Bosphorus,1,1,uniform_4x,4,1,726,0.0008406279375776649,30.753961806710556,0.9492703080177307,,
uvg,Bosphorus,1,1,uniform_4x,5,2,393,0.0008308972464874387,30.804526802383883,0.9512822031974792,,
uvg,Bosphorus,1,1,uniform_4x,6,1,377,0.0008319030748680234,30.799272704665736,0.9507558941841125,,
uvg,Bosphorus,1,1,uniform_4x,7,2,240,0.000806119292974472,30.936006846875287,0.9523932933807373,,
uvg,Bosphorus,1,1,uniform_4x,8,1,124,0.0008415227639488876,30.74934131472268,0.9509822130203247,,
uvg,Bosphorus,1,1,uniform_4x,9,3,257,0.0007940063951537013,31.00175999627339,0.9538358449935913,,
uvg,Bosphorus,1,1,uniform_4x,10,1,120,0.0008527632453478873,30.69171526289578,0.9507754445075989,,
uvg,Bosphorus,1,1,uniform_4x,11,2,101,0.0008218868752010167,30.851879547919555,0.952505350112915,,
uvg,Bosphorus,1,1,uniform_4x,12,1,253,0.0008384528919123113,30.765213330069226,0.9512101411819458,,
uvg,Bosphorus,1,1,uniform_4x,13,2,171,0.0008214559638872743,30.854157129999034,0.9522502422332764,,
uvg,Bosphorus,1,1,uniform_4x,14,1,100,0.0008634265977889299,30.637745770660807,0.9504864811897278,,
uvg,Bosphorus,1,1,uniform_4x,15,2,109,0.000845323724206537,30.72976942277865,0.9516006112098694,,
uvg,Bosphorus,1,1,uniform_4x,16,1,496,0.0008510903571732342,30.700243299993225,0.9507521390914917,,
uvg,Bosphorus,1,1,uniform_4x,17,3,674,0.0007899216143414378,31.02416002567751,0.9537597298622131,,
uvg,Bosphorus,1,1,uniform_4x,18,1,80,0.000862383923958987,30.642993479376905,0.9504479169845581,,
uvg,Bosphorus,1,1,uniform_4x,19,2,88,0.0008528485777787864,30.691280704417757,0.9518157243728638,,
uvg,Bosphorus,1,1,uniform_4x,20,1,968,0.0008350443677045405,30.782904489027988,0.9512143731117249,,
uvg,Bosphorus,1,1,uniform_4x,21,2,333,0.0008010575547814369,30.963362793889072,0.9532788395881653,,
uvg,Bosphorus,1,1,uniform_4x,22,1,82,0.0008592390222474933,30.658860077595968,0.9511078596115112,,
uvg,Bosphorus,1,1,uniform_4x,23,2,94,0.0008452965412288904,30.729909080600525,0.9520235657691956,,
uvg,Bosphorus,1,1,uniform_4x,24,1,1200,0.0008212895481847227,30.855037040137713,0.9523677825927734,,
uvg,Bosphorus,1,1,uniform_4x,25,3,718,0.0007683489238843322,31.144415126448752,0.9550213813781738,,
uvg,Bosphorus,1,1,uniform_4x,26,1,76,0.0008596162078902125,30.65695404568539,0.9511895179748535,,
uvg,Bosphorus,1,1,uniform_4x,27,2,84,0.0008538404945284128,30.686232520464813,0.9522567987442017,,
uvg,Bosphorus,1,1,uniform_4x,28,1,1207,0.000820176734123379,30.860925544647067,0.9523165822029114,,
uvg,Bosphorus,1,1,uniform_4x,29,2,319,0.0007870850968174636,31.039783107408763,0.954378604888916,,
uvg,Bosphorus,1,1,uniform_4x,30,1,79,0.0008483723504468799,30.714134941441884,0.9518481492996216,,
uvg,Bosphorus,1,1,uniform_4x,31,2,93,0.0008278191089630127,30.82064552782557,0.9529187083244324,,
uvg,Bosphorus,1,1,uniform_4x,32,1,950,0.0008133661467581987,30.897139073950008,0.9526954293251038,,
uvg,Bosphorus,1,1,uniform_4x,33,3,662,0.0007748932112008333,31.10758143921747,0.9550367593765259,,
uvg,Bosphorus,1,1,uniform_4x,34,1,80,0.0008642708417028189,30.633501387425817,0.9513354301452637,,
uvg,Bosphorus,1,1,uniform_4x,35,2,87,0.0008553098887205124,30.678765068181534,0.9526568651199341,,
uvg,Bosphorus,1,1,uniform_4x,36,1,1163,0.0008157491683959961,30.884433602752566,0.9528917074203491,,
uvg,Bosphorus,1,1,uniform_4x,37,2,330,0.0007926401449367404,31.009239356821396,0.9549695253372192,,
uvg,Bosphorus,1,1,uniform_4x,38,1,82,0.0008494190988130867,30.708779783160427,0.9526264667510986,,
uvg,Bosphorus,1,1,uniform_4x,39,2,90,0.0008342636283487082,30.786966900752702,0.9535748362541199,,
uvg,Bosphorus,1,1,uniform_4x,40,1,972,0.0008230633102357388,30.845667574626635,0.9532648921012878,,
uvg,Bosphorus,1,1,uniform_4x,41,3,670,0.0007783225155435503,31.08840405970497,0.9558070302009583,,
uvg,Bosphorus,1,1,uniform_4x,42,1,77,0.0008694797288626432,30.607405387282263,0.9519725441932678,,
uvg,Bosphorus,1,1,uniform_4x,43,2,82,0.0008667397196404636,30.621113007876847,0.9530050158500671,,
uvg,Bosphorus,1,1,uniform_4x,44,1,1095,0.000813137274235487,30.89836130407933,0.9541666507720947,,
uvg,Bosphorus,1,1,uniform_4x,45,2,277,0.0007885751547291875,31.031569101615958,0.9555889964103699,,
uvg,Bosphorus,1,1,uniform_4x,46,1,78,0.0008486909209750593,30.712504437424265,0.9532937407493591,,
uvg,Bosphorus,1,1,uniform_4x,47,2,90,0.0008391928276978433,30.761382365692175,0.9539610147476196,,
uvg,Bosphorus,1,1,uniform_4x,48,1,994,0.0008286448428407311,30.816315681758862,0.9532567262649536,,
uvg,Bosphorus,1,1,uniform_4x,49,3,518,0.0007885393570177257,31.031766255956235,0.9558892250061035,,
uvg,Bosphorus,1,1,uniform_4x,50,1,75,0.0008826071280054748,30.54232569477831,0.9518908262252808,,
uvg,Bosphorus,1,1,uniform_4x,51,2,86,0.0008742433856241405,30.583676448040237,0.9530588984489441,,
uvg,Bosphorus,1,1,uniform_4x,52,1,1108,0.0008388558635488153,30.76312655432332,0.9527207612991333,,
uvg,Bosphorus,1,1,uniform_4x,53,2,294,0.0008134449599310756,30.896718273698916,0.9543037414550781,,
uvg,Bosphorus,1,1,uniform_4x,54,1,79,0.000874647288583219,30.581670458391393,0.9517117142677307,,
uvg,Bosphorus,1,1,uniform_4x,55,2,87,0.0008648820803500712,30.630431010256753,0.9523230791091919,,
uvg,Bosphorus,1,1,uniform_4x,56,1,1001,0.000836499035358429,30.77534555524961,0.952899694442749,,
uvg,Bosphorus,1,1,uniform_4x,57,3,572,0.000783879600930959,31.057506371455517,0.9558948874473572,,
uvg,Bosphorus,1,1,uniform_4x,58,1,76,0.0008799458737485111,30.555440408672098,0.9518163800239563,,
uvg,Bosphorus,1,1,uniform_4x,59,2,86,0.0008699931204319,30.604841816000903,0.9530248045921326,,
uvg,Bosphorus,1,1,uniform_4x,60,1,1183,0.0008383216336369514,30.765893263404813,0.9529236555099487,,
uvg,Bosphorus,1,1,uniform_4x,61,2,282,0.0008073148783296347,30.92957043655666,0.9543431401252747,,
uvg,Bosphorus,1,1,uniform_4x,62,1,75,0.0008732144488021731,30.588790867705736,0.9517715573310852,,
uvg,Bosphorus,1,1,uniform_4x,63,2,88,0.0008569684578105807,30.670351627336384,0.9526344537734985,,
uvg,Bosphorus,1,3,baseline,0,3,6163,0.000730058818589896,31.36642148701499,0.9597603678703308,0.14366284012794495,0.16364026069641113
uvg,Bosphorus,1,3,baseline,1,5,4562,0.0008035865612328053,30.949673347799834,0.9530406594276428,0.13879719376564026,0.11910533905029297
uvg,Bosphorus,1,3,baseline,2,3,1225,0.0007674970547668636,31.149232824318226,0.9551228284835815,0.13179656863212585,0.11269885301589966
uvg,Bosphorus,1,3,baseline,3,4,1009,0.0006953858537599444,31.57774148419061,0.9596327543258667,0.12512347102165222,0.11260724067687988
uvg,Bosphorus,1,3,baseline,4,3,967,0.0007008124957792461,31.54398163119097,0.9584395885467529,0.12402765452861786,0.11168551445007324
uvg,Bosphorus,1,3,baseline,5,4,735,0.0006753570633009076,31.704665536565347,0.9608805179595947,0.12371152639389038,0.11229926347732544
uvg,Bosphorus,1,3,baseline,6,3,735,0.0007045327220112085,31.52098831285803,0.9586746096611023,0.12334831804037094,0.11272776126861572
uvg,Bosphorus,1,3,baseline,7,4,491,0.0006818962865509093,31.662816746159915,0.9602630734443665,0.1238909438252449,0.11870068311691284
uvg,Bosphorus,1,3,baseline,8,3,312,0.00070827646413818,31.497971894662477,0.9589717388153076,0.12589851021766663,0.11802303791046143
uvg,Bosphorus,1,3,baseline,9,5,625,0.0006582464557141066,31.816114706464287,0.9619811177253723,0.12703347206115723,0.12222886085510254
uvg,Bosphorus,1,3,baseline,10,3,97,0.0007261523278430104,31.389722660735128,0.9588850736618042,0.12984855473041534,0.11768025159835815
uvg,Bosphorus,1,3,baseline,11,4,75,0.0006836887914687395,31.65141539952497,0.9609853029251099,0.13172723352909088,0.12429428100585938
uvg,Bosphorus,1,3,baseline,12,3,564,0.0007126028649508953,31.471524359425338,0.9589267373085022,0.1315411627292633,0.11732590198516846
uvg,Bosphorus,1,3,baseline,13,4,222,0.0006803487194702029,31.672684282905372,0.9602706432342529,0.13316872715950012,0.12702417373657227
uvg,Bosphorus,1,3,baseline,14,3,94,0.0007424597279168665,31.29327098129014,0.957808792591095,0.13647042214870453,0.122489333152771
uvg,Bosphorus,1,3,baseline,15,4,85,0.000713926856406033,31.463462805017485,0.9591057300567627,0.13909250497817993,0.12896907329559326
uvg,Bosphorus,1,3,baseline,16,3,1315,0.0007325620390474796,31.35155589983996,0.9575223326683044,0.134221151471138,0.11974316835403442
uvg,Bosphorus,1,3,baseline,17,5,1788,0.0006503601325675845,31.868460890876968,0.9619008898735046,0.12946870923042297,0.1239556074142456
uvg,Bosphorus,1,3,baseline,18,3,71,0.0007405656506307423,31.30436435531894,0.9583055377006531,0.13291016221046448,0.11756372451782227
uvg,Bosphorus,1,3,baseline,19,4,65,0.0007118714856915176,31.47598402560739,0.9598679542541504,0.13595633208751678,0.12283086776733398
uvg,Bosphorus,1,3,baseline,20,3,1795,0.0007040725322440267,31.523825983426445,0.9592663645744324,0.12721143662929535,0.11160928010940552
uvg,Bosphorus,1,3,baseline,21,4,612,0.000660825171507895,31.799134226507878,0.9612579345703125,0.12939375638961792,0.11802107095718384
uvg,Bosphorus,1,3,baseline,22,3,66,0.0007385535864159465,31.31617988584314,0.9587094187736511,0.1328178495168686,0.11627620458602905
uvg,Bosphorus,1,3,baseline,23,4,78,0.0007063241791911423,31.509959265400653,0.9602049589157104,0.13461272418498993,0.12157082557678223
uvg,Bosphorus,1,3,baseline,24,3,1907,0.0007156046922318637,31.453268204191907,0.959000289440155,0.12611086666584015,0.11234080791473389
uvg,Bosphorus,1,3,baseline,25,5,1329,0.0006434711394831538,31.914709269946982,0.9624726176261902,0.12505970895290375,0.1178407073020935
uvg,Bosphorus,1,3,baseline,26,3,63,0.0007444703369401395,31.28152601820279,0.9584049582481384,0.12761777639389038,0.1127886176109314
uvg,Bosphorus,1,3,baseline,27,4,65,0.0007146815187297761,31.458874483695954,0.9600397348403931,0.13028451800346375,0.11906683444976807
uvg,Bosphorus,1,3,baseline,28,3,1781,0.0007055767928250134,31.514557120511032,0.959399402141571,0.12433276325464249,0.10891228914260864
uvg,Bosphorus,1,3,baseline,29,4,566,0.000660671095829457,31.800146930348184,0.9617533087730408,0.12540201842784882,0.11493420600891113
uvg,Bosphorus,1,3,baseline,30,3,68,0.0007323257741518319,31.352956806317746,0.9590669274330139,0.12753885984420776,0.11150956153869629
uvg,Bosphorus,1,3,baseline,31,4,72,0.0006981859914958477,31.56028869181373,0.9605954885482788,0.12970487773418427,0.11683326959609985
uvg,Bosphorus,1,3,baseline,32,3,1639,0.0006901861052028835,31.610337881544375,0.9602662324905396,0.124759741127491,0.10844630002975464
uvg,Bosphorus,1,3,baseline,33,5,1287,0.0006402801955118775,31.936299311180868,0.9627931714057922,0.12540730834007263,0.11382514238357544
uvg,Bosphorus,1,3,baseline,34,3,65,0.0007457663887180388,31.27397193947659,0.9587491154670715,0.12947455048561096,0.10834395885467529
uvg,Bosphorus,1,3,baseline,35,4,68,0.0007140267407521605,31.462855233167684,0.9603872895240784,0.1309395730495453,0.11678457260131836
uvg,Bosphorus,1,3,baseline,36,3,1840,0.0007165746064856648,31.447385861483564,0.9592623710632324,0.12384317070245743,0.106903076171875
uvg,Bosphorus,1,3,baseline,37,4,634,0.0006738344673067331,31.714467781897532,0.9612841606140137,0.12504398822784424,0.1141282320022583
uvg,Bosphorus,1,3,baseline,38,3,67,0.0007537149358540773,31.227928785258246,0.9585845470428467,0.12790746986865997,0.1108483076095581
uvg,Bosphorus,1,3,baseline,39,4,69,0.0007159195374697447,31.451357855085227,0.960142970085144,0.13036426901817322,0.11428773403167725
uvg,Bosphorus,1,3,baseline,40,3,1679,0.0007144658593460917,31.460185190799397,0.9599984288215637,0.12325192987918854,0.1064220666885376
uvg,Bosphorus,1,3,baseline,41,5,1378,0.0006519255694001913,31.858019850103787,0.9628427624702454,0.12215591967105865,0.11270111799240112
uvg,Bosphorus,1,3,baseline,42,3,59,0.0007566090789623559,31.211284516771688,0.9587364196777344,0.12588772177696228,0.109580397605896
uvg,Bosphorus,1,3,baseline,43,4,61,0.0007220086990855634,31.414575698235762,0.9604403376579285,0.1277804672718048,0.11641579866409302
uvg,Bosphorus,1,3,baseline,44,3,1830,0.0007252880604937673,31.394894717239048,0.9592630863189697,0.12231245636940002,0.10873919725418091
uvg,Bosphorus,1,3,baseline,45,4,551,0.0006786856683902442,31.68331321583176,0.961588978767395,0.12595678865909576,0.11764848232269287
uvg,Bosphorus,1,3,baseline,46,3,59,0.0007607665029354393,31.18748617929954,0.9587936401367188,0.1289011836051941,0.11539310216903687
uvg,Bosphorus,1,3,baseline,47,4,74,0.0007257083198055625,31.39237897967191,0.9603469371795654,0.13128554821014404,0.12185865640640259
uvg,Bosphorus,1,3,baseline,48,3,1673,0.0007296522380784154,31.3688408107071,0.9593490958213806,0.1252506673336029,0.11689138412475586
uvg,Bosphorus,1,3,baseline,49,5,1181,0.0006635766476392746,31.78108905920513,0.9627186059951782,0.12565654516220093,0.12430018186569214
uvg,Bosphorus,1,3,baseline,50,3,63,0.0007703816518187523,31.13294069352838,0.958551287651062,0.12846769392490387,0.11701780557632446
uvg,Bosphorus,1,3,baseline,51,4,63,0.0007353323744609952,31.335163129344892,0.9602088928222656,0.13139796257019043,0.12279582023620605
uvg,Bosphorus,1,3,baseline,52,3,1833,0.0007317110430449247,31.356603905081077,0.9591863751411438,0.12404593825340271,0.11122578382492065
uvg,Bosphorus,1,3,baseline,53,4,545,0.000688316416926682,31.622118720333052,0.9616236090660095,0.12728694081306458,0.11917036771774292
uvg,Bosphorus,1,3,baseline,54,3,62,0.0007716809050180018,31.12562246086595,0.9587736129760742,0.13005629181861877,0.11612236499786377
uvg,Bosphorus,1,3,baseline,55,4,67,0.0007388403173536062,31.314494138186237,0.9600052833557129,0.13170725107192993,0.12282311916351318
uvg,Bosphorus,1,3,baseline,56,3,1691,0.0007346827769652009,31.33900141122887,0.9595809578895569,0.1252390593290329,0.11357653141021729
uvg,Bosphorus,1,3,baseline,57,5,1216,0.0006537392036989331,31.845954703047,0.9631621241569519,0.12431389093399048,0.11803799867630005
uvg,Bosphorus,1,3,baseline,58,3,58,0.0007660154369659722,31.157624782504428,0.9590595364570618,0.12701816856861115,0.11171889305114746
uvg,Bosphorus,1,3,baseline,59,4,61,0.0007366900681518018,31.327151851416453,0.9605974555015564,0.12932702898979187,0.11899709701538086
uvg,Bosphorus,1,3,baseline,60,3,1834,0.0007238913676701486,31.40326602257549,0.9598591327667236,0.12239360064268112,0.11024284362792969
uvg,Bosphorus,1,3,baseline,61,4,503,0.0006856588879600167,31.638918900087067,0.9614947438240051,0.12559138238430023,0.12001979351043701
uvg,Bosphorus,1,3,baseline,62,3,64,0.0007643355056643486,31.167159656721935,0.958840548992157,0.12796133756637573,0.11764532327651978
uvg,Bosphorus,1,3,baseline,63,4,67,0.0007309603388421237,31.361061867757897,0.9601920247077942,0.13046318292617798,0.12465012073516846
uvg,Bosphorus,1,3,uniform_2x,0,3,6163,0.000730058818589896,31.36642148701499,0.9597603678703308,,
uvg,Bosphorus,1,3,uniform_2x,1,5,4215,0.0008158584823831916,30.883851667978206,0.9523211717605591,,
uvg,Bosphorus,1,3,uniform_2x,2,3,1116,0.0007755797705613077,31.10373527143837,0.954360842704773,,
uvg,Bosphorus,1,3,uniform_2x,3,4,944,0.0007083919481374323,31.49726383816457,0.9590103626251221,,
uvg,Bosphorus,1,3,uniform_2x,4,3,951,0.000697108858730644,31.566993982943497,0.9585705995559692,,
uvg,Bosphorus,1,3,uniform_2x,5,4,730,0.0006754042115062475,31.704362356339484,0.9605504870414734,,
uvg,Bosphorus,1,3,uniform_2x,6,3,697,0.0006990509573370218,31.554911651932883,0.9591242671012878,,
uvg,Bosphorus,1,3,uniform_2x,7,4,497,0.0006721115205436945,31.72558660371168,0.960661768913269,,
uvg,Bosphorus,1,3,uniform_2x,8,3,368,0.0007159285596571863,31.45130312461167,0.9585294127464294,,
uvg,Bosphorus,1,3,uniform_2x,9,5,676,0.0006676960620097816,31.75421185175032,0.9613379240036011,,
uvg,Bosphorus,1,3,uniform_2x,10,3,133,0.0007387932855635881,31.314770602484906,0.9578026533126831,,
uvg,Bosphorus,1,3,uniform_2x,11,4,115,0.0006976872682571411,31.56339202169372,0.959861159324646,,
uvg,Bosphorus,1,3,uniform_2x,12,3,608,0.000734659202862531,31.339140767523688,0.9574840068817139,,
uvg,Bosphorus,1,3,uniform_2x,13,4,260,0.0006927252397872508,31.59438988340307,0.9594606161117554,,
uvg,Bosphorus,1,3,uniform_2x,14,3,123,0.0007539002690464258,31.22686101699889,0.9569275379180908,,
uvg,Bosphorus,1,3,uniform_2x,15,4,128,0.0007179869571700692,31.438834450063297,0.958611011505127,,
uvg,Bosphorus,1,3,uniform_2x,16,3,1246,0.000736833200789988,31.32630813599708,0.9573706984519958,,
uvg,Bosphorus,1,3,uniform_2x,17,5,1594,0.0006630053976550698,31.784829359055287,0.9609895944595337,,
uvg,Bosphorus,1,3,uniform_2x,18,3,105,0.0007563254912383854,31.212912618707147,0.9573678374290466,,
uvg,Bosphorus,1,3,uniform_2x,19,4,102,0.0007289348286576569,31.373112985950264,0.9591553211212158,,
uvg,Bosphorus,1,3,uniform_2x,20,3,1719,0.0007245204178616405,31.399493710765952,0.9581916928291321,,
uvg,Bosphorus,1,3,uniform_2x,21,4,631,0.0006941184401512146,31.585664178515817,0.9593769907951355,,
uvg,Bosphorus,1,3,uniform_2x,22,3,104,0.0007724908064119518,31.121066805093637,0.9568287134170532,,
uvg,Bosphorus,1,3,uniform_2x,23,4,110,0.0007409648969769478,31.302023661236667,0.9582524299621582,,
uvg,Bosphorus,1,3,uniform_2x,24,3,1866,0.0007228818139992654,31.409327009400062,0.958280086517334,,
uvg,Bosphorus,1,3,uniform_2x,25,5,1344,0.0006578112370334566,31.81898711972336,0.9617152810096741,,
uvg,Bosphorus,1,3,uniform_2x,26,3,95,0.0007625570287927985,31.17727671503967,0.9574217796325684,,
uvg,Bosphorus,1,3,uniform_2x,27,4,98,0.0007341243326663971,31.34230380931119,0.9591928720474243,,
uvg,Bosphorus,1,3,uniform_2x,28,3,1736,0.0007231749477796257,31.407566270978467,0.9580881595611572,,
uvg,Bosphorus,1,3,uniform_2x,29,4,585,0.0006902919267304242,31.609672058481575,0.9600169062614441,,
uvg,Bosphorus,1,3,uniform_2x,30,3,101,0.0007662808638997376,31.156120198126448,0.9572907090187073,,
uvg,Bosphorus,1,3,uniform_2x,31,4,109,0.0007303263992071152,31.364830005734476,0.9588207006454468,,
uvg,Bosphorus,1,3,uniform_2x,32,3,1555,0.0007315429975278676,31.357601424842706,0.9579811096191406,,
uvg,Bosphorus,1,3,uniform_2x,33,5,1320,0.0006670742877759039,31.75825798805141,0.9613614082336426,,
uvg,Bosphorus,1,3,uniform_2x,34,3,107,0.0007695387466810644,31.13769508326154,0.9575040936470032,,
uvg,Bosphorus,1,3,uniform_2x,35,4,103,0.0007402073824778199,31.306465877718562,0.9591546058654785,,
uvg,Bosphorus,1,3,uniform_2x,36,3,1737,0.0007177579100243747,31.440220126788848,0.9589912295341492,,
uvg,Bosphorus,1,3,uniform_2x,37,4,636,0.0006911866366863251,31.604046670417382,0.9602455496788025,,
uvg,Bosphorus,1,3,uniform_2x,38,3,109,0.0007563171093352139,31.212960749234394,0.957971453666687,,
uvg,Bosphorus,1,3,uniform_2x,39,4,110,0.0007243601721711457,31.40045436714983,0.959396243095398,,
uvg,Bosphorus,1,3,uniform_2x,40,3,1594,0.0007264518062584102,31.387931920614722,0.9590557813644409,,
uvg,Bosphorus,1,3,uniform_2x,41,5,1326,0.0006654682802036405,31.76872640506111,0.9618839621543884,,
uvg,Bosphorus,1,3,uniform_2x,42,3,97,0.0007722507580183446,31.12241656735773,0.9576611518859863,,
uvg,Bosphorus,1,3,uniform_2x,43,4,99,0.0007429062970913947,31.290659604284556,0.9592973589897156,,
uvg,Bosphorus,1,3,uniform_2x,44,3,1656,0.0007345745107159019,31.33964145480907,0.9587363600730896,,
uvg,Bosphorus,1,3,uniform_2x,45,4,580,0.0006945890490897,31.58272068070183,0.9605596661567688,,
uvg,Bosphorus,1,3,uniform_2x,46,3,95,0.0007787212962284684,31.086179481906623,0.9577991962432861,,
uvg,Bosphorus,1,3,uniform_2x,47,4,104,0.0007534981705248356,31.229177978044696,0.9587824940681458,,
uvg,Bosphorus,1,3,uniform_2x,48,3,1589,0.0007475842721760273,31.263398439692544,0.958455502986908,,
uvg,Bosphorus,1,3,uniform_2x,49,5,1224,0.0006868520868010819,31.631367779366506,0.9611018896102905,,
uvg,Bosphorus,1,3,uniform_2x,50,3,97,0.0007996190106496215,30.971168892386594,0.9568915963172913,,
uvg,Bosphorus,1,3,uniform_2x,51,4,104,0.0007683623116463423,31.14433945535282,0.9584918022155762,,
uvg,Bosphorus,1,3,uniform_2x,52,3,1746,0.0007412249688059092,31.3004995952046,0.958827793598175,,
uvg,Bosphorus,1,3,uniform_2x,53,4,554,0.0007016389863565564,31.53886287530963,0.9606862664222717,,
uvg,Bosphorus,1,3,uniform_2x,54,3,98,0.0007843288476578891,31.05501811321368,0.9580746293067932,,
uvg,Bosphorus,1,3,uniform_2x,55,4,109,0.0007486431859433651,31.25725123954258,0.959491491317749,,
uvg,Bosphorus,1,3,uniform_2x,56,3,1587,0.0007658772519789636,31.15840829662308,0.9579935669898987,,
uvg,Bosphorus,1,3,uniform_2x,57,5,1156,0.0006999532924965024,31.5493093925405,0.9606919288635254,,
uvg,Bosphorus,1,3,uniform_2x,58,3,91,0.0008136555552482605,30.895594060611586,0.9563490748405457,,
uvg,Bosphorus,1,3,uniform_2x,59,4,99,0.0007802999462001026,31.077384230280757,0.9579249024391174,,
uvg,Bosphorus,1,3,uniform_2x,60,3,1783,0.0007585681159980595,31.200054154390653,0.958014726638794,,
uvg,Bosphorus,1,3,uniform_2x,61,4,531,0.0007181931287050247,31.437587542917708,0.9596442580223083,,
uvg,Bosphorus,1,3,uniform_2x,62,3,100,0.0008039121166802943,30.947914255387833,0.9569006562232971,,
uvg,Bosphorus,1,3,uniform_2x,63,4,104,0.0007666014134883881,31.154303843125028,0.9584354758262634,,
uvg,Bosphorus,1,3,uniform_4x,0,3,6163,0.000730058818589896,31.36642148701499,0.9597603678703308,,
uvg,Bosphorus,1,3,uniform_4x,1,5,4212,0.0008168725180439651,30.878457146180864,0.952223539352417,,
uvg,Bosphorus,1,3,uniform_4x,2,3,1113,0.0007764665642753243,31.098772408541176,0.9542809128761292,,
uvg,Bosphorus,1,3,uniform_4x,3,4,944,0.0007098696078173816,31.4882141720484,0.9589183330535889,,
uvg,Bosphorus,1,3,uniform_4x,4,3,942,0.0006999692996032536,31.549210075647224,0.958347737789154,,
uvg,Bosphorus,1,3,uniform_4x,5,4,746,0.0006780719850212336,31.68724198407276,0.9603111743927002,,
uvg,Bosphorus,1,3,uniform_4x,6,3,699,0.0006959990714676678,31.573913397813016,0.9592851996421814,,
uvg,Bosphorus,1,3,uniform_4x,7,4,498,0.000668759283144027,31.747301764245563,0.9606799483299255,,
uvg,Bosphorus,1,3,uniform_4x,8,3,342,0.0007061733049340546,31.51088703848768,0.9590333104133606,,
uvg,Bosphorus,1,3,uniform_4x,9,5,677,0.000662726117298007,31.786659140099225,0.961355984210968,,
uvg,Bosphorus,1,3,uniform_4x,10,3,140,0.0007292171358130872,31.37143134447085,0.9580532908439636,,
uvg,Bosphorus,1,3,uniform_4x,11,4,115,0.0006905583431944251,31.607996233025922,0.9600446224212646,,
uvg,Bosphorus,1,3,uniform_4x,12,3,559,0.0007323738536797464,31.352671687467755,0.9576660394668579,,
uvg,Bosphorus,1,3,uniform_4x,13,4,240,0.0006985231302678585,31.558192084740973,0.9591825008392334,,
uvg,Bosphorus,1,3,uniform_4x,14,3,125,0.0007552072056569159,31.219338749571964,0.956866979598999,,
uvg,Bosphorus,1,3,uniform_4x,15,4,134,0.0007201435510069132,31.42580924129707,0.9584459066390991,,
uvg,Bosphorus,1,3,uniform_4x,16,3,1231,0.000741389871109277,31.299533516102017,0.9571565389633179,,
uvg,Bosphorus,1,3,uniform_4x,17,5,1676,0.0006575363222509623,31.820802517850293,0.9610965251922607,,
uvg,Bosphorus,1,3,uniform_4x,18,3,102,0.0007439992623403668,31.2842749504776,0.9575748443603516,,
uvg,Bosphorus,1,3,uniform_4x,19,4,104,0.0007132546743378043,31.46755373498488,0.959522545337677,,
uvg,Bosphorus,1,3,uniform_4x,20,3,1695,0.0007154359482228756,31.454292418183122,0.9583758115768433,,
uvg,Bosphorus,1,3,uniform_4x,21,4,615,0.0006802349234931171,31.673410750040002,0.9604023694992065,,
uvg,Bosphorus,1,3,uniform_4x,22,3,101,0.0007617428200319409,31.18191630620489,0.95750892162323,,
uvg,Bosphorus,1,3,uniform_4x,23,4,115,0.000730726751498878,31.362449930849486,0.9588119983673096,,
uvg,Bosphorus,1,3,uniform_4x,24,3,1850,0.0007297447300516069,31.368290326438483,0.9580826163291931,,
uvg,Bosphorus,1,3,uniform_4x,25,5,1335,0.0006581146153621376,31.81698464312227,0.9616872668266296,,
uvg,Bosphorus,1,3,uniform_4x,26,3,98,0.0007575151976197958,31.206086497217544,0.957801342010498,,
uvg,Bosphorus,1,3,uniform_4x,27,4,98,0.000725224323105067,31.395276386455166,0.9594234824180603,,
uvg,Bosphorus,1,3,uniform_4x,28,3,1749,0.0007213479257188737,31.418552127096913,0.9584797024726868,,
uvg,Bosphorus,1,3,uniform_4x,29,4,594,0.0006825244054198265,31.65881814690639,0.9600997567176819,,
uvg,Bosphorus,1,3,uniform_4x,30,3,106,0.0007556514465250075,31.216784819554363,0.9577154517173767,,
uvg,Bosphorus,1,3,uniform_4x,31,4,111,0.0007177424267865717,31.440313812378015,0.9593695402145386,,
uvg,Bosphorus,1,3,uniform_4x,32,3,1606,0.0007195556536316872,31.429356101632266,0.9586695432662964,,
uvg,Bosphorus,1,3,uniform_4x,33,5,1169,0.0006684816326014698,31.74910521041361,0.9612988829612732,,
uvg,Bosphorus,1,3,uniform_4x,34,3,103,0.0007753619574941695,31.10495511112745,0.9571284651756287,,
uvg,Bosphorus,1,3,uniform_4x,35,4,106,0.0007411349797621369,31.30102688609947,0.9589976668357849,,
uvg,Bosphorus,1,3,uniform_4x,36,3,1734,0.0007230734918266535,31.408175595896616,0.9586485028266907,,
uvg,Bosphorus,1,3,uniform_4x,37,4,641,0.0006938767619431019,31.58717656866071,0.9600600004196167,,
uvg,Bosphorus,1,3,uniform_4x,38,3,101,0.0007686563185416162,31.14267798461579,0.9576234221458435,,
uvg,Bosphorus,1,3,uniform_4x,39,4,119,0.0007374465931206942,31.322694264044976,0.9589195847511292,,
uvg,Bosphorus,1,3,uniform_4x,40,3,1597,0.0007445015944540501,31.281343678085758,0.9578633904457092,,
uvg,Bosphorus,1,3,uniform_4x,41,5,1338,0.0006834430387243629,31.652976756807245,0.9613246917724609,,
uvg,Bosphorus,1,3,uniform_4x,42,3,94,0.0007970464648678899,30.985163601000956,0.9568955302238464,,
uvg,Bosphorus,1,3,uniform_4x,43,4,99,0.0007664294098503888,31.15527838623305,0.958534836769104,,
uvg,Bosphorus,1,3,uniform_4x,44,3,1734,0.0007507196860387921,31.24522195528419,0.9580907821655273,,
uvg,Bosphorus,1,3,uniform_4x,45,4,585,0.0007221158593893051,31.413931167562748,0.9593498706817627,,
uvg,Bosphorus,1,3,uniform_4x,46,3,98,0.0008002755930647254,30.96760428087855,0.9565542340278625,,
uvg,Bosphorus,1,3,uniform_4x,47,4,109,0.0007715094834566116,31.126587311853275,0.9578641653060913,,
uvg,Bosphorus,1,3,uniform_4x,48,3,1573,0.0007707658805884421,31.130775184588927,0.9572842121124268,,
uvg,Bosphorus,1,3,uniform_4x,49,5,1146,0.0006946505745872855,31.582336007191806,0.9608033895492554,,
uvg,Bosphorus,1,3,uniform_4x,50,3,95,0.0008056879159994423,30.93833150013786,0.956716775894165,,
uvg,Bosphorus,1,3,uniform_4x,51,4,100,0.0007740184082649648,31.112487104891642,0.9583118557929993,,
uvg,Bosphorus,1,3,uniform_4x,52,3,1745,0.0007590551394969225,31.19726674816703,0.957854151725769,,
uvg,Bosphorus,1,3,uniform_4x,53,4,568,0.0007188674644567072,31.433511718713845,0.9596149325370789,,
uvg,Bosphorus,1,3,uniform_4x,54,3,100,0.0008084435248747468,30.923503130388703,0.9564715027809143,,
uvg,Bosphorus,1,3,uniform_4x,55,4,112,0.0007741766166873276,31.11159950295578,0.9579094648361206,,
uvg,Bosphorus,1,3,uniform_4x,56,3,1638,0.000779082824010402,31.084163701854077,0.9571784138679504,,
uvg,Bosphorus,1,3,uniform_4x,57,5,1157,0.0006921711028553545,31.597865358312987,0.9612085819244385,,
uvg,Bosphorus,1,3,uniform_4x,58,3,94,0.0008136730175465345,30.89550085534365,0.9567818641662598,,
uvg,Bosphorus,1,3,uniform_4x,59,4,98,0.0007751324446871877,31.106240844841622,0.9585776925086975,,
uvg,Bosphorus,1,3,uniform_4x,60,3,1747,0.0007677406538277864,31.147854617826148,0.9574810862541199,,
uvg,Bosphorus,1,3,uniform_4x,61,4,510,0.0007312342058867216,31.359435012452444,0.9592075347900391,,
uvg,Bosphorus,1,3,uniform_4x,62,3,94,0.0008115675882436335,30.906753058082558,0.9565824270248413,,
uvg,Bosphorus,1,3,uniform_4x,63,4,108,0.0007726901094429195,31.119946467582764,0.9580658674240112,,
uvg,HoneyBee,2,1,baseline,0,1,5032,0.0014437215868383646,28.405165498119093,0.9510519504547119,0.2127966582775116,0.13843679428100586
uvg,HoneyBee,2,1,baseline,1,3,5118,0.0009885599138215184,30.04997004191935,0.9737263321876526,0.15680626034736633,0.11996328830718994
uvg,HoneyBee,2,1,baseline,2,1,1216,0.0009959008311852813,30.017839051639044,0.9760136604309082,0.14485394954681396,0.11864078044891357
uvg,HoneyBee,2,1,baseline,3,2,417,0.0009975407738238573,30.01069343776749,0.9762575626373291,0.14447934925556183,0.12084758281707764
uvg,HoneyBee,2,1,baseline,4,1,571,0.000912659743335098,30.39691105417054,0.9771574139595032,0.14121223986148834,0.12044596672058105
uvg,HoneyBee,2,1,baseline,5,2,178,0.0009553361451253295,30.198437904197277,0.9769551753997803,0.14172720909118652,0.12332457304000854
uvg,HoneyBee,2,1,baseline,6,1,148,0.0009120604954659939,30.399763546806575,0.9766785502433777,0.14307627081871033,0.1251436471939087
uvg,HoneyBee,2,1,baseline,7,2,76,0.0009724635165184736,30.121266829296797,0.9764493107795715,0.14313794672489166,0.12546753883361816
uvg,HoneyBee,2,1,baseline,8,1,46,0.0009169479017145932,30.37655338965342,0.9757344126701355,0.1448744535446167,0.12593066692352295
uvg,HoneyBee,2,1,baseline,9,3,73,0.0010041953064501286,29.98181812823824,0.9755803942680359,0.14541539549827576,0.12928450107574463
uvg,HoneyBee,2,1,baseline,10,1,47,0.0009171179262921214,30.375748176068473,0.9749874472618103,0.14756843447685242,0.12852543592453003
uvg,HoneyBee,2,1,baseline,11,2,47,0.0010528702987357974,29.776251255027418,0.9745241403579712,0.1480197161436081,0.13040947914123535
uvg,HoneyBee,2,1,baseline,12,1,65,0.0009559922036714852,30.19545649477309,0.9738845229148865,0.15079224109649658,0.12912613153457642
uvg,HoneyBee,2,1,baseline,13,2,59,0.0010786701459437609,29.67111340949632,0.9734274744987488,0.1510661244392395,0.13078653812408447
uvg,HoneyBee,2,1,baseline,14,1,56,0.0009940541349351406,30.025899638286205,0.972761332988739,0.15274061262607574,0.1313854455947876
uvg,HoneyBee,2,1,baseline,15,2,53,0.0011140673886984587,29.53088538377088,0.9720804691314697,0.15382283926010132,0.1323946714401245
uvg,HoneyBee,2,1,baseline,16,1,92,0.0010257557732984424,29.889560299987785,0.971613883972168,0.1553049087524414,0.1325557827949524
uvg,HoneyBee,2,1,baseline,17,3,174,0.0011505879228934646,29.390801888436787,0.9713132977485657,0.15584877133369446,0.1353747844696045
uvg,HoneyBee,2,1,baseline,18,1,47,0.001052884734235704,29.77619171098877,0.9707580208778381,0.15906497836112976,0.13281232118606567
uvg,HoneyBee,2,1,baseline,19,2,48,0.0012081380700692534,29.178834302490987,0.9697200059890747,0.15933163464069366,0.13561195135116577
uvg,HoneyBee,2,1,baseline,20,1,379,0.0010505227837711573,29.78594524163512,0.971119225025177,0.16031856834888458,0.13332390785217285
uvg,HoneyBee,2,1,baseline,21,2,114,0.001198447891511023,29.21380844334709,0.9704341292381287,0.1598401665687561,0.1355169415473938
uvg,HoneyBee,2,1,baseline,22,1,46,0.0011073591886088252,29.557114863221813,0.9698721170425415,0.16226358711719513,0.1325054168701172
uvg,HoneyBee,2,1,baseline,23,2,47,0.001226327964104712,29.11393368354804,0.9688961505889893,0.16347409784793854,0.1344923973083496
uvg,HoneyBee,2,1,baseline,24,1,770,0.0010378890438005328,29.838490725384634,0.9714208245277405,0.16000519692897797,0.13030630350112915
uvg,HoneyBee,2,1,baseline,25,3,538,0.0011815218022093177,29.27558260073221,0.9717462658882141,0.158710777759552,0.13271629810333252
uvg,HoneyBee,2,1,baseline,26,1,41,0.001045494806021452,29.806781203994667,0.9713262915611267,0.16069664061069489,0.12967288494110107
uvg,HoneyBee,2,1,baseline,27,2,46,0.0011988894548267126,29.212208597469104,0.970360279083252,0.1615709662437439,0.1316826343536377
uvg,HoneyBee,2,1,baseline,28,1,1294,0.0009911482920870185,30.038613630555624,0.9736906290054321,0.15321433544158936,0.12490224838256836
uvg,HoneyBee,2,1,baseline,29,2,181,0.0011257223086431623,29.485687273331706,0.9734377264976501,0.15359896421432495,0.13063716888427734
uvg,HoneyBee,2,1,baseline,30,1,42,0.0010084615787491202,29.96340643266885,0.9726491570472717,0.15617546439170837,0.1270918846130371
uvg,HoneyBee,2,1,baseline,31,2,48,0.0011004541302099824,29.58428055256807,0.9720766544342041,0.15723279118537903,0.1294969916343689
uvg,HoneyBee,2,1,baseline,32,1,1111,0.0009630570420995355,30.163479887473322,0.9741559624671936,0.15096861124038696,0.12504839897155762
uvg,HoneyBee,2,1,baseline,33,3,388,0.0011159556452184916,29.523530665271718,0.9740021228790283,0.15047456324100494,0.1289362907409668
uvg,HoneyBee,2,1,baseline,34,1,39,0.000970780267380178,30.128790599616508,0.9734543561935425,0.1522933840751648,0.12600737810134888
uvg,HoneyBee,2,1,baseline,35,2,44,0.001098136999644339,29.593434754797208,0.9727447032928467,0.15293529629707336,0.12951910495758057
uvg,HoneyBee,2,1,baseline,36,1,1177,0.000960361328907311,30.175653360997003,0.9745774269104004,0.1486242562532425,0.12560302019119263
uvg,HoneyBee,2,1,baseline,37,2,160,0.0011085860896855593,29.55230575148848,0.9741248488426208,0.1493835151195526,0.12936949729919434
uvg,HoneyBee,2,1,baseline,38,1,44,0.0009983419440686703,30.00720682172581,0.9732360243797302,0.151611328125,0.126054048538208
uvg,HoneyBee,2,1,baseline,39,2,49,0.001085571013391018,29.6434176160145,0.9727686047554016,0.15221524238586426,0.12989211082458496
uvg,HoneyBee,2,1,baseline,40,1,912,0.0009747502044774592,30.111066650361828,0.9741455316543579,0.15026041865348816,0.12549221515655518
uvg,HoneyBee,2,1,baseline,41,3,300,0.0011219591833651066,29.500229423327472,0.9738529920578003,0.15188628435134888,0.13118189573287964
uvg,HoneyBee,2,1,baseline,42,1,40,0.0009917567949742079,30.035948152957644,0.9731882810592651,0.15312238037586212,0.12793636322021484
uvg,HoneyBee,2,1,baseline,43,2,45,0.0011150591308251023,29.527021016650234,0.9725010991096497,0.15375623106956482,0.13117516040802002
uvg,HoneyBee,2,1,baseline,44,1,1156,0.0009789833566173911,30.09224691435543,0.9741925001144409,0.14904117584228516,0.1249505877494812
uvg,HoneyBee,2,1,baseline,45,2,171,0.001119659747928381,29.509139345152203,0.9737247824668884,0.150785893201828,0.13090896606445312
uvg,HoneyBee,2,1,baseline,46,1,39,0.0010046311654150486,29.97993353393431,0.9729507565498352,0.15174077451229095,0.1286919116973877
uvg,HoneyBee,2,1,baseline,47,2,45,0.0010891109704971313,29.629278673340174,0.9723933339118958,0.15318351984024048,0.13182544708251953
uvg,HoneyBee,2,1,baseline,48,1,887,0.0009832822252064943,30.07321811508582,0.9736012816429138,0.15124180912971497,0.12584012746810913
uvg,HoneyBee,2,1,baseline,49,3,317,0.001138779567554593,29.435603337431182,0.973305881023407,0.1523132175207138,0.13000577688217163
uvg,HoneyBee,2,1,baseline,50,1,39,0.0010036678286269307,29.98409996417824,0.9726407527923584,0.15455196797847748,0.1274029016494751
uvg,HoneyBee,2,1,baseline,51,2,44,0.0011306707747280598,29.466638332117967,0.9719497561454773,0.1551721692085266,0.12947773933410645
uvg,HoneyBee,2,1,baseline,52,1,1118,0.0009898509597405791,30.044301914983595,0.973773717880249,0.15177121758460999,0.1229291558265686
uvg,HoneyBee,2,1,baseline,53,2,189,0.0011427615536376834,29.420443791782276,0.973160445690155,0.1521693468093872,0.1272270679473877
uvg,HoneyBee,2,1,baseline,54,1,44,0.0010240268893539906,29.896886393125932,0.9723772406578064,0.15402176976203918,0.12548142671585083
uvg,HoneyBee,2,1,baseline,55,2,50,0.0011167662451043725,29.520377213205315,0.9717798829078674,0.15589375793933868,0.1280689835548401
uvg,HoneyBee,2,1,baseline,56,1,886,0.0009963762713596225,30.01576623709083,0.973168671131134,0.15301328897476196,0.12460201978683472
uvg,HoneyBee,2,1,baseline,57,3,321,0.0011479647364467382,29.400714525319597,0.972856879234314,0.15416844189167023,0.12836378812789917
uvg,HoneyBee,2,1,baseline,58,1,40,0.0010143453255295753,29.93814167842402,0.9723545908927917,0.1558367908000946,0.1256331205368042
uvg,HoneyBee,2,1,baseline,59,2,45,0.0011386775877326727,29.435992273608115,0.9716326594352722,0.1566246598958969,0.12937885522842407
uvg,HoneyBee,2,1,baseline,60,1,1115,0.0009866259060800076,30.05847485346728,0.9734113216400146,0.15267325937747955,0.12371885776519775
uvg,HoneyBee,2,1,baseline,61,2,156,0.001142060267738998,29.42310977302204,0.9727444052696228,0.15357454121112823,0.12850970029830933
uvg,HoneyBee,2,1,baseline,62,1,39,0.0010262156138196588,29.887613818613662,0.9719279408454895,0.15562885999679565,0.1257266402244568
uvg,HoneyBee,2,1,baseline,63,2,43,0.0011187208583578467,29.512782644976795,0.9713456034660339,0.157131165266037,0.129011869430542
uvg,HoneyBee,2,1,uniform_2x,0,1,5032,0.0014437215868383646,28.405165498119093,0.9510519504547119,,
uvg,HoneyBee,2,1,uniform_2x,1,3,4426,0.0010936352191492915,29.611275123064505,0.9711737632751465,,
uvg,HoneyBee,2,1,uniform_2x,2,1,1023,0.0010906379902735353,29.623193785740057,0.9736896753311157,,
uvg,HoneyBee,2,1,uniform_2x,3,2,378,0.0010660703992471099,29.722141152015364,0.9739964604377747,,
uvg,HoneyBee,2,1,uniform_2x,4,1,495,0.0010056722676381469,29.975435257867353,0.9746626019477844,,
uvg,HoneyBee,2,1,uniform_2x,5,2,185,0.0010413494892418385,29.824034916454952,0.9744235873222351,,
uvg,HoneyBee,2,1,uniform_2x,6,1,154,0.0009891589870676398,30.04733898840728,0.9740798473358154,,
uvg,HoneyBee,2,1,uniform_2x,7,2,114,0.0010585373966023326,29.752937943747124,0.9738782644271851,,
uvg,HoneyBee,2,1,uniform_2x,8,1,79,0.0009951486717909575,30.02112032304407,0.9732075333595276,,
uvg,HoneyBee,2,1,uniform_2x,9,3,112,0.0010896631283685565,29.62707744355726,0.9730682373046875,,
uvg,HoneyBee,2,1,uniform_2x,10,1,78,0.0009974157437682152,30.011237809164356,0.9724581837654114,,
uvg,HoneyBee,2,1,uniform_2x,11,2,86,0.0011336483294144273,29.45521647631282,0.9720016121864319,,
uvg,HoneyBee,2,1,uniform_2x,12,1,95,0.001036386820487678,29.844781184823045,0.9714066982269287,,
uvg,HoneyBee,2,1,uniform_2x,13,2,91,0.0011561427963897586,29.369885224430504,0.9709100127220154,,
uvg,HoneyBee,2,1,uniform_2x,14,1,91,0.0010701693827286363,29.705474782376875,0.9701990485191345,,
uvg,HoneyBee,2,1,uniform_2x,15,2,90,0.0011945010628551245,29.228134594830358,0.9695659279823303,,
uvg,HoneyBee,2,1,uniform_2x,16,1,129,0.001112077385187149,29.538649908201407,0.969080924987793,,
uvg,HoneyBee,2,1,uniform_2x,17,3,214,0.0012409185292199254,29.06256730565481,0.9688131213188171,,
uvg,HoneyBee,2,1,uniform_2x,18,1,80,0.0011442883405834436,29.41464527163837,0.9682563543319702,,
uvg,HoneyBee,2,1,uniform_2x,19,2,85,0.0013077461626380682,28.834765456630244,0.9672031402587891,,
uvg,HoneyBee,2,1,uniform_2x,20,1,407,0.001153459306806326,29.37997722461659,0.9684956669807434,,
uvg,HoneyBee,2,1,uniform_2x,21,2,153,0.0013029701076447964,28.85065547628805,0.9678014516830444,,
uvg,HoneyBee,2,1,uniform_2x,22,1,81,0.00120452675037086,29.19183550659868,0.9671032428741455,,
uvg,HoneyBee,2,1,uniform_2x,23,2,84,0.0013199776876717806,28.794334098569703,0.9662383794784546,,
uvg,HoneyBee,2,1,uniform_2x,24,1,730,0.0011573043884709477,29.36552400039411,0.9684724807739258,,
uvg,HoneyBee,2,1,uniform_2x,25,3,490,0.0013037951430305839,28.84790641150522,0.9689348340034485,,
uvg,HoneyBee,2,1,uniform_2x,26,1,79,0.001158069004304707,29.362655621147077,0.9684243202209473,,
uvg,HoneyBee,2,1,uniform_2x,27,2,81,0.0013208886375650764,28.79133795655479,0.9674513339996338,,
uvg,HoneyBee,2,1,uniform_2x,28,1,1175,0.0011104417499154806,29.545042181634873,0.9706702828407288,,
uvg,HoneyBee,2,1,uniform_2x,29,2,203,0.0012449412606656551,29.048511391470264,0.9704226851463318,,
uvg,HoneyBee,2,1,uniform_2x,30,1,80,0.0011280955513939261,29.476541133973374,0.9695384502410889,,
uvg,HoneyBee,2,1,uniform_2x,31,2,80,0.0012275014305487275,29.10977993071343,0.9688950777053833,,
uvg,HoneyBee,2,1,uniform_2x,32,1,986,0.0010934043675661087,29.612191956666383,0.9708212018013,,
uvg,HoneyBee,2,1,uniform_2x,33,3,374,0.0012369237374514341,29.076570759771982,0.9709134101867676,,
uvg,HoneyBee,2,1,uniform_2x,34,1,82,0.0010989021975547075,29.59040958124639,0.9702100157737732,,
uvg,HoneyBee,2,1,uniform_2x,35,2,80,0.001224925508722663,29.118903212050498,0.969531774520874,,
uvg,HoneyBee,2,1,uniform_2x,36,1,1095,0.0010848073288798332,29.64647389405,0.9712778925895691,,
uvg,HoneyBee,2,1,uniform_2x,37,2,197,0.0012337783118709922,29.08762868325738,0.9707339406013489,,
uvg,HoneyBee,2,1,uniform_2x,38,1,78,0.0011210412485525012,29.503784073076478,0.9697288870811462,,
uvg,HoneyBee,2,1,uniform_2x,39,2,84,0.0012055695988237858,29.1880771227732,0.9691945910453796,,
uvg,HoneyBee,2,1,uniform_2x,40,1,807,0.0010985959088429809,29.591620226187068,0.9705193042755127,,
uvg,HoneyBee,2,1,uniform_2x,41,3,376,0.001246100408025086,29.044469617745037,0.9703711867332458,,
uvg,HoneyBee,2,1,uniform_2x,42,1,81,0.0011108716716989875,29.54336108018614,0.9695976376533508,,
uvg,HoneyBee,2,1,uniform_2x,43,2,80,0.0012354734353721142,29.081665881779955,0.9689481258392334,,
uvg,HoneyBee,2,1,uniform_2x,44,1,1032,0.0010949097340926528,29.606216831995287,0.9708268642425537,,
uvg,HoneyBee,2,1,uniform_2x,45,2,173,0.001237215823493898,29.075545341811942,0.970210075378418,,
uvg,HoneyBee,2,1,uniform_2x,46,1,77,0.0011259886668995023,29.484659806461096,0.9692674279212952,,
uvg,HoneyBee,2,1,uniform_2x,47,2,82,0.0012206437531858683,29.134110670956055,0.9686387181282043,,
uvg,HoneyBee,2,1,uniform_2x,48,1,851,0.0010949278948828578,29.60614479806118,0.9701769948005676,,
uvg,HoneyBee,2,1,uniform_2x,49,3,403,0.0012431814102455974,29.054654926616607,0.9701961874961853,,
uvg,HoneyBee,2,1,uniform_2x,50,1,77,0.0011028287699446082,29.5749191280093,0.969624400138855,,
uvg,HoneyBee,2,1,uniform_2x,51,2,81,0.001232905313372612,29.090702757634052,0.9688934683799744,,
uvg,HoneyBee,2,1,uniform_2x,52,1,1041,0.0010936339385807514,29.61128020834492,0.9705061316490173,,
uvg,HoneyBee,2,1,uniform_2x,53,2,190,0.0012465758481994271,29.042812916068037,0.9698727130889893,,
uvg,HoneyBee,2,1,uniform_2x,54,1,80,0.0011381106451153755,29.43815514542715,0.9689369797706604,,
uvg,HoneyBee,2,1,uniform_2x,55,2,86,0.0012322321999818087,29.09307446661177,0.9683230519294739,,
uvg,HoneyBee,2,1,uniform_2x,56,1,833,0.0011103603756055236,29.545360448745598,0.9697362780570984,,
uvg,HoneyBee,2,1,uniform_2x,57,3,341,0.0012585475342348218,29.001303768847645,0.9694379568099976,,
uvg,HoneyBee,2,1,uniform_2x,58,1,76,0.0011249296367168427,29.48874641411537,0.968737006187439,,
uvg,HoneyBee,2,1,uniform_2x,59,2,83,0.0012607065727934241,28.993859829316783,0.9680257439613342,,
uvg,HoneyBee,2,1,uniform_2x,60,1,980,0.001118532265536487,29.51351483590291,0.9695432782173157,,
uvg,HoneyBee,2,1,uniform_2x,61,2,180,0.0012661440996453166,28.97516864524458,0.9690131545066833,,
uvg,HoneyBee,2,1,uniform_2x,62,1,78,0.0011536638485267758,29.37920716307446,0.9680933952331543,,
uvg,HoneyBee,2,1,uniform_2x,63,2,81,0.0012462978484109044,29.043781547369253,0.9674552083015442,,
uvg,HoneyBee,2,1,uniform_4x,0,1,5032,0.0014437215868383646,28.405165498119093,0.9510519504547119,,
uvg,HoneyBee,2,1,uniform_4x,1,3,4420,0.0010964017128571868,29.600302946540246,0.9711312651634216,,
uvg,HoneyBee,2,1,uniform_4x,2,1,1020,0.001096862368285656,29.59847863258458,0.9736171364784241,,
uvg,HoneyBee,2,1,uniform_4x,3,2,375,0.001067129080183804,29.71783045035728,0.973966121673584,,
uvg,HoneyBee,2,1,uniform_4x,4,1,495,0.001006834558211267,29.970418863071444,0.9745706915855408,,
uvg,HoneyBee,2,1,uniform_4x,5,2,185,0.0010388203663751483,29.834595444897523,0.9743185043334961,,
uvg,HoneyBee,2,1,uniform_4x,6,1,159,0.0009852675721049309,30.064458108138908,0.9740270972251892,,
uvg,HoneyBee,2,1,uniform_4x,7,2,112,0.0010457509197294712,29.805717447886817,0.9738413691520691,,
uvg,HoneyBee,2,1,uniform_4x,8,1,81,0.0009919581934809685,30.035066309941286,0.973163902759552,,
uvg,HoneyBee,2,1,uniform_4x,9,3,113,0.0010745952604338527,29.687550792446782,0.9730454683303833,,
uvg,HoneyBee,2,1,uniform_4x,10,1,79,0.0009898433927446604,30.044335115104293,0.9724339246749878,,
uvg,HoneyBee,2,1,uniform_4x,11,2,86,0.001114587183110416,29.52885955301374,0.9720405340194702,,
uvg,HoneyBee,2,1,uniform_4x,12,1,94,0.0010335041442885995,29.856877775388106,0.9713587760925293,,
uvg,HoneyBee,2,1,uniform_4x,13,2,89,0.0011528602335602045,29.382233409905258,0.9708402752876282,,
uvg,HoneyBee,2,1,uniform_4x,14,1,91,0.0010648280149325728,29.72720531377693,0.9701747298240662,,
uvg,HoneyBee,2,1,uniform_4x,15,2,93,0.0011903095291927457,29.243400895817175,0.9695473909378052,,
uvg,HoneyBee,2,1,uniform_4x,16,1,126,0.0011079637333750725,29.554744549982537,0.9690765142440796,,
uvg,HoneyBee,2,1,uniform_4x,17,3,212,0.0012392764911055565,29.068317887286454,0.9688251614570618,,
uvg,HoneyBee,2,1,uniform_4x,18,1,83,0.0011401873780414462,29.43023770977293,0.9683082103729248,,
uvg,HoneyBee,2,1,uniform_4x,19,2,89,0.0013000088511034846,28.860536907913815,0.9673092365264893,,
uvg,HoneyBee,2,1,uniform_4x,20,1,386,0.0011500216787680984,29.39293972793676,0.9684600830078125,,
uvg,HoneyBee,2,1,uniform_4x,21,2,142,0.0013016684679314494,28.854996155238997,0.9677796959877014,,
uvg,HoneyBee,2,1,uniform_4x,22,1,88,0.001202839775942266,29.197922189265118,0.9672207236289978,,
uvg,HoneyBee,2,1,uniform_4x,23,2,88,0.0013215838698670268,28.789052706218257,0.9663333892822266,,
uvg,HoneyBee,2,1,uniform_4x,24,1,763,0.0011501014232635498,29.39263859106004,0.9688079953193665,,
uvg,HoneyBee,2,1,uniform_4x,25,3,433,0.0012844804441556334,28.912725033555553,0.9690883755683899,,
uvg,HoneyBee,2,1,uniform_4x,26,1,81,0.001158168539404869,29.362282364570696,0.9685798287391663,,
uvg,HoneyBee,2,1,uniform_4x,27,2,79,0.0013119725044816732,28.820752665434476,0.9676060676574707,,
uvg,HoneyBee,2,1,uniform_4x,28,1,1156,0.0011061553377658129,29.561838806285877,0.9708186984062195,,
uvg,HoneyBee,2,1,uniform_4x,29,2,190,0.0012580922339111567,29.002875185010076,0.9703848958015442,,
uvg,HoneyBee,2,1,uniform_4x,30,1,82,0.0011488765012472868,29.3972665339132,0.9694401621818542,,
uvg,HoneyBee,2,1,uniform_4x,31,2,84,0.0012487983331084251,29.035076896399822,0.9688388705253601,,
uvg,HoneyBee,2,1,uniform_4x,32,1,984,0.001106184208765626,29.561725455548856,0.9706199765205383,,
uvg,HoneyBee,2,1,uniform_4x,33,3,386,0.001262772479094565,28.986748917050733,0.9706985354423523,,
uvg,HoneyBee,2,1,uniform_4x,34,1,82,0.001118737505748868,29.512718019237386,0.9699608683586121,,
uvg,HoneyBee,2,1,uniform_4x,35,2,82,0.0012546753278002143,29.014686419812943,0.9692329168319702,,
uvg,HoneyBee,2,1,uniform_4x,36,1,1054,0.0010958986822515726,29.60229595279585,0.9712092280387878,,
uvg,HoneyBee,2,1,uniform_4x,37,2,205,0.0012395152589306235,29.067481225237678,0.9707775115966797,,
uvg,HoneyBee,2,1,uniform_4x,38,1,79,0.0011280974140390754,29.47653396316376,0.9697525501251221,,
uvg,HoneyBee,2,1,uniform_4x,39,2,82,0.0012123904889449477,29.16357479278127,0.9692210555076599,,
uvg,HoneyBee,2,1,uniform_4x,40,1,865,0.0010907858377322555,29.622605093760445,0.9706549048423767,,
uvg,HoneyBee,2,1,uniform_4x,41,3,382,0.0012429114431142807,29.05559813544108,0.9705588221549988,,
uvg,HoneyBee,2,1,uniform_4x,42,1,76,0.0011007357388734818,29.583169325490395,0.9698255062103271,,
uvg,HoneyBee,2,1,uniform_4x,43,2,81,0.0012328473385423422,29.090906980461195,0.9690885543823242,,
uvg,HoneyBee,2,1,uniform_4x,44,1,1050,0.0010944325476884842,29.608109998058683,0.9709452390670776,,
uvg,HoneyBee,2,1,uniform_4x,45,2,190,0.0012518404982984066,29.024510026924336,0.9703761339187622,,
uvg,HoneyBee,2,1,uniform_4x,46,1,79,0.0011363985249772668,29.444693386543545,0.9693862199783325,,
uvg,HoneyBee,2,1,uniform_4x,47,2,80,0.0012316133361309767,29.095256171245268,0.968743622303009,,
uvg,HoneyBee,2,1,uniform_4x,48,1,810,0.0011121539864689112,29.53835077103058,0.9701216220855713,,
uvg,HoneyBee,2,1,uniform_4x,49,3,364,0.0012839622795581818,28.91447734850006,0.9699334502220154,,
uvg,HoneyBee,2,1,uniform_4x,50,1,77,0.0011405607219785452,29.428815884949913,0.9692359566688538,,
uvg,HoneyBee,2,1,uniform_4x,51,2,81,0.0012798468815162778,28.928419854226615,0.9684615135192871,,
uvg,HoneyBee,2,1,uniform_4x,52,1,1012,0.0011198241263628006,29.508501799618074,0.9702262878417969,,
uvg,HoneyBee,2,1,uniform_4x,53,2,190,0.0012781128752976656,28.934307901883937,0.9696854948997498,,
uvg,HoneyBee,2,1,uniform_4x,54,1,79,0.0011642278404906392,29.33962019527268,0.9686778783798218,,
uvg,HoneyBee,2,1,uniform_4x,55,2,84,0.0012651396682485938,28.978615268191202,0.9680014252662659,,
uvg,HoneyBee,2,1,uniform_4x,56,1,838,0.0011349385604262352,29.450276482418527,0.9692434072494507,,
uvg,HoneyBee,2,1,uniform_4x,57,3,376,0.0012860405258834362,28.90745345649559,0.9690707325935364,,
uvg,HoneyBee,2,1,uniform_4x,58,1,81,0.0011488872114568949,29.397226047723024,0.9683765769004822,,
uvg,HoneyBee,2,1,uniform_4x,59,2,80,0.0012832831125706434,28.916775208165248,0.9676783084869385,,
uvg,HoneyBee,2,1,uniform_4x,60,1,1012,0.0011267911177128553,29.481565851362976,0.9694047570228577,,
uvg,HoneyBee,2,1,uniform_4x,61,2,168,0.0012860078131780028,28.90756392834981,0.9686053395271301,,
uvg,HoneyBee,2,1,uniform_4x,62,1,78,0.0011821652296930552,29.273218184387552,0.9676538109779358,,
uvg,HoneyBee,2,1,uniform_4x,63,2,81,0.001272616209462285,28.953025494046884,0.9669814109802246,,
uvg,HoneyBee,2,3,baseline,0,3,8074,0.0008912784396670759,30.49986599082945,0.971256673336029,0.1434057354927063,0.1141207218170166
uvg,HoneyBee,2,3,baseline,1,5,5640,0.0007744643953628838,31.109985433700615,0.980207622051239,0.11719700694084167,0.10841268301010132
uvg,HoneyBee,2,3,baseline,2,3,1507,0.0008196855778805912,30.863527061259923,0.9814682602882385,0.1113550141453743,0.10995650291442871
uvg,HoneyBee,2,3,baseline,3,4,684,0.0008127835462801158,30.9002509668427,0.9815986156463623,0.11108247935771942,0.11239004135131836
uvg,HoneyBee,2,3,baseline,4,3,760,0.0007791047682985663,31.08404137661793,0.9819619059562683,0.10891738533973694,0.11283367872238159
uvg,HoneyBee,2,3,baseline,5,4,403,0.0007981648668646812,30.97907392641456,0.9818433523178101,0.10940856486558914,0.1148674488067627
uvg,HoneyBee,2,3,baseline,6,3,382,0.000782600836828351,31.06459692047732,0.9817570447921753,0.11032386124134064,0.11581271886825562
uvg,HoneyBee,2,3,baseline,7,4,201,0.0008074389188550413,30.928903212662636,0.9817540645599365,0.11082103848457336,0.11741119623184204
uvg,HoneyBee,2,3,baseline,8,3,91,0.0007849809480831027,31.051408836914177,0.981204092502594,0.11256147921085358,0.11751443147659302
uvg,HoneyBee,2,3,baseline,9,5,208,0.0008390778093598783,30.761977643098227,0.9811519980430603,0.11382445693016052,0.1208694577217102
uvg,HoneyBee,2,3,baseline,10,3,63,0.0007894575828686357,31.026711994377898,0.9805113673210144,0.11630198359489441,0.1203376054763794
uvg,HoneyBee,2,3,baseline,11,4,63,0.0008891214965842664,30.510388895463,0.9800992012023926,0.11710354685783386,0.1232958436012268
uvg,HoneyBee,2,3,baseline,12,3,147,0.0008307610987685621,30.805238479406214,0.9796980619430542,0.11905184388160706,0.1208309531211853
uvg,HoneyBee,2,3,baseline,13,4,102,0.0009282221435569227,30.32348075315964,0.9793071746826172,0.1198740154504776,0.12295055389404297
uvg,HoneyBee,2,3,baseline,14,3,76,0.0008759653428569436,30.57513076142119,0.9786885380744934,0.12199065834283829,0.12201488018035889
uvg,HoneyBee,2,3,baseline,15,4,83,0.0009623982477933168,30.16645176373102,0.9781292676925659,0.12355904281139374,0.12467652559280396
uvg,HoneyBee,2,3,baseline,16,3,516,0.0008676334982737899,30.616636887525722,0.9785754680633545,0.12296162545681,0.1227455735206604
uvg,HoneyBee,2,3,baseline,17,5,665,0.0009255992481485009,30.335770068275796,0.9789717793464661,0.12332002818584442,0.12558162212371826
uvg,HoneyBee,2,3,baseline,18,3,64,0.0008578640408813953,30.665815361299913,0.9784194231033325,0.12647543847560883,0.12221837043762207
uvg,HoneyBee,2,3,baseline,19,4,64,0.0009774059290066361,30.0992503084186,0.9776781797409058,0.1273936927318573,0.12532562017440796
uvg,HoneyBee,2,3,baseline,20,3,1576,0.000836889143101871,30.773320661736268,0.9793235063552856,0.12165611982345581,0.1191176176071167
uvg,HoneyBee,2,3,baseline,21,4,335,0.0009420191636309028,30.259402622023465,0.9792917370796204,0.12166120111942291,0.12126672267913818
uvg,HoneyBee,2,3,baseline,22,3,64,0.0008859190274961293,30.52605970571911,0.9786050319671631,0.12393708527088165,0.11871582269668579
uvg,HoneyBee,2,3,baseline,23,4,72,0.0009668355924077332,30.146473701574877,0.9782451391220093,0.1251128613948822,0.12071007490158081
uvg,HoneyBee,2,3,baseline,24,3,1836,0.0008319509215652943,30.79902292846359,0.9797623157501221,0.11994951218366623,0.11493432521820068
uvg,HoneyBee,2,3,baseline,25,5,827,0.0009082421893253922,30.41798328282168,0.9802876114845276,0.11883488297462463,0.1182740330696106
uvg,HoneyBee,2,3,baseline,26,3,55,0.0008223237819038332,30.849571496043286,0.9796443581581116,0.12122123688459396,0.11603593826293945
uvg,HoneyBee,2,3,baseline,27,4,58,0.0009122043265961111,30.399078722262356,0.9792638421058655,0.12244178354740143,0.11730802059173584
uvg,HoneyBee,2,3,baseline,28,3,1895,0.0008023468544706702,30.956378456587718,0.9805670976638794,0.11565758287906647,0.11318206787109375
uvg,HoneyBee,2,3,baseline,29,4,354,0.0009036374394781888,30.44005783703488,0.9804335236549377,0.11669499427080154,0.11822330951690674
uvg,HoneyBee,2,3,baseline,30,3,64,0.0008382475352846086,30.766277148617043,0.9797296524047852,0.11873721331357956,0.11588895320892334
uvg,HoneyBee,2,3,baseline,31,4,79,0.0008959058905020356,30.477376079519637,0.9794932007789612,0.12014951556921005,0.1176193356513977
uvg,HoneyBee,2,3,baseline,32,3,1373,0.0008071988704614341,30.9301945449254,0.9802344441413879,0.11640553921461105,0.11288589239120483
uvg,HoneyBee,2,3,baseline,33,5,647,0.0009023205493576825,30.446391519407467,0.9804087281227112,0.11696592718362808,0.11676532030105591
uvg,HoneyBee,2,3,baseline,34,3,58,0.0008174839895218611,30.875207442706095,0.9797139763832092,0.11902152001857758,0.113930344581604
uvg,HoneyBee,2,3,baseline,35,4,61,0.0009193524019792676,30.36517984915558,0.9792492389678955,0.12011067569255829,0.117043137550354
uvg,HoneyBee,2,3,baseline,36,3,1671,0.0008137216791510582,30.895241133883644,0.9803550839424133,0.11647233366966248,0.11088323593139648
uvg,HoneyBee,2,3,baseline,37,4,325,0.0009208707488141954,30.358013220463015,0.9801387190818787,0.11773496866226196,0.11482346057891846
uvg,HoneyBee,2,3,baseline,38,3,64,0.000851229764521122,30.69953199027788,0.9793763160705566,0.11996646225452423,0.11139297485351562
uvg,HoneyBee,2,3,baseline,39,4,60,0.0009144549840129912,30.38837668728786,0.9790812134742737,0.12040918320417404,0.11438709497451782
uvg,HoneyBee,2,3,baseline,40,3,1528,0.000830409990157932,30.80707434731209,0.9799357652664185,0.11768779903650284,0.10969507694244385
uvg,HoneyBee,2,3,baseline,41,5,676,0.0009135862346738577,30.392504527171226,0.9802099466323853,0.11849230527877808,0.11329460144042969
uvg,HoneyBee,2,3,baseline,42,3,55,0.0008252098341472447,30.834356051166832,0.9795367121696472,0.12029295414686203,0.11133891344070435
uvg,HoneyBee,2,3,baseline,43,4,60,0.0009168211254291236,30.37715388230531,0.9791758060455322,0.12102390080690384,0.11360394954681396
uvg,HoneyBee,2,3,baseline,44,3,1808,0.0008103001164272428,30.913540986916704,0.9803324341773987,0.11637166142463684,0.107979416847229
uvg,HoneyBee,2,3,baseline,45,4,319,0.0009026771294884384,30.444675608224053,0.9801357388496399,0.11754241585731506,0.11260539293289185
uvg,HoneyBee,2,3,baseline,46,3,60,0.000844195019453764,30.735572144063532,0.979433536529541,0.11927711963653564,0.11026465892791748
uvg,HoneyBee,2,3,baseline,47,4,64,0.000905919645447284,30.429103222862008,0.9790239930152893,0.12067637592554092,0.1130172610282898
uvg,HoneyBee,2,3,baseline,48,3,1523,0.000821951893158257,30.85153599914078,0.9798357486724854,0.11749107390642166,0.10883337259292603
uvg,HoneyBee,2,3,baseline,49,5,701,0.0009122374467551708,30.398921042225307,0.9802060723304749,0.11773838847875595,0.11214929819107056
uvg,HoneyBee,2,3,baseline,50,3,61,0.0008206700440496206,30.858314188265233,0.9795891046524048,0.12026430666446686,0.10968738794326782
uvg,HoneyBee,2,3,baseline,51,4,63,0.0009058717405423522,30.42933288325264,0.9792587161064148,0.1211700364947319,0.11235862970352173
uvg,HoneyBee,2,3,baseline,52,3,1697,0.0008127284818328917,30.900545202568726,0.9801300168037415,0.11706928163766861,0.10714250802993774
uvg,HoneyBee,2,3,baseline,53,4,311,0.0009078430011868477,30.419892501722963,0.9800354838371277,0.11831095814704895,0.1132996678352356
uvg,HoneyBee,2,3,baseline,54,3,71,0.0008493707864545286,30.709026803594412,0.9793482422828674,0.12006118148565292,0.10970455408096313
uvg,HoneyBee,2,3,baseline,55,4,73,0.0009146166848950088,30.38760880265922,0.9790295958518982,0.12163671851158142,0.1121213436126709
uvg,HoneyBee,2,3,baseline,56,3,1453,0.0008202243479900062,30.860673430212742,0.9798823595046997,0.11870250105857849,0.10908973217010498
uvg,HoneyBee,2,3,baseline,57,5,612,0.0009153868304565549,30.383953399982865,0.9800382852554321,0.11936619877815247,0.11344784498214722
uvg,HoneyBee,2,3,baseline,58,3,57,0.0008266119402833283,30.826983256914883,0.9794318675994873,0.1220984235405922,0.10904037952423096
uvg,HoneyBee,2,3,baseline,59,4,59,0.0009209428098984063,30.357673384423688,0.9790722131729126,0.12301330268383026,0.11310410499572754
uvg,HoneyBee,2,3,baseline,60,3,1725,0.0008176745614036918,30.874195133324687,0.979967474937439,0.11882387846708298,0.10882914066314697
uvg,HoneyBee,2,3,baseline,61,4,315,0.0009260638616979122,30.333590631812555,0.979781985282898,0.1201944649219513,0.1130099892616272
uvg,HoneyBee,2,3,baseline,62,3,52,0.0008597063133493066,30.65649883960013,0.9790252447128296,0.12260834127664566,0.10977739095687866
uvg,HoneyBee,2,3,baseline,63,4,63,0.0009183374349959195,30.369977117945268,0.9788031578063965,0.1241823136806488,0.11243128776550293
uvg,HoneyBee,2,3,uniform_2x,0,3,8074,0.0008912784396670759,30.49986599082945,0.971256673336029,,
uvg,HoneyBee,2,3,uniform_2x,1,5,4820,0.0008320232154801488,30.79864555663289,0.9787155389785767,,
uvg,HoneyBee,2,3,uniform_2x,2,3,1250,0.0008863393450155854,30.523999717338178,0.97996985912323,,
uvg,HoneyBee,2,3,uniform_2x,3,4,547,0.0008566214819438756,30.672110387735557,0.9802581667900085,,
uvg,HoneyBee,2,3,uniform_2x,4,3,679,0.0008381417137570679,30.766825442583553,0.9806213974952698,,
uvg,HoneyBee,2,3,uniform_2x,5,4,374,0.0008401625091210008,30.75636702047189,0.9806495308876038,,
uvg,HoneyBee,2,3,uniform_2x,6,3,370,0.0008230223320424557,30.845883803998518,0.9804286360740662,,
uvg,HoneyBee,2,3,uniform_2x,7,4,213,0.0008589029312133789,30.660559151215594,0.9803552031517029,,
uvg,HoneyBee,2,3,uniform_2x,8,3,129,0.0008330547716468573,30.793264436808432,0.9797729253768921,,
uvg,HoneyBee,2,3,uniform_2x,9,5,227,0.0008940557599999011,30.486353945093413,0.9797681570053101,,
uvg,HoneyBee,2,3,uniform_2x,10,3,98,0.0008380188955925405,30.76746188817152,0.979127824306488,,
uvg,HoneyBee,2,3,uniform_2x,11,4,107,0.0009392090723849833,30.272377209647466,0.978858470916748,,
uvg,HoneyBee,2,3,uniform_2x,12,3,169,0.0008752074209041893,30.578890086019644,0.9783689975738525,,
uvg,HoneyBee,2,3,uniform_2x,13,4,140,0.000971080269664526,30.1274486975056,0.9780417084693909,,
uvg,HoneyBee,2,3,uniform_2x,14,3,107,0.0009234279859811068,30.345969675875768,0.9773774743080139,,
uvg,HoneyBee,2,3,uniform_2x,15,4,107,0.0010212075430899858,29.908859859650665,0.9767565131187439,,
uvg,HoneyBee,2,3,uniform_2x,16,3,520,0.0009225014946423471,30.35032921521858,0.9771179556846619,,
uvg,HoneyBee,2,3,uniform_2x,17,5,611,0.0009921295568346977,30.034316119743316,0.977564811706543,,
uvg,HoneyBee,2,3,uniform_2x,18,3,106,0.0009218985796906054,30.353168541128063,0.9769495725631714,,
uvg,HoneyBee,2,3,uniform_2x,19,4,102,0.00103788822889328,29.838494135285373,0.9763376116752625,,
uvg,HoneyBee,2,3,uniform_2x,20,3,1490,0.0009096268331632018,30.411367368396434,0.9778004288673401,,
uvg,HoneyBee,2,3,uniform_2x,21,4,317,0.001013163710013032,29.943203743723544,0.9778165221214294,,
uvg,HoneyBee,2,3,uniform_2x,22,3,100,0.0009629680425859988,30.163881252937934,0.9770490527153015,,
uvg,HoneyBee,2,3,uniform_2x,23,4,103,0.0010267820907756686,29.885217149374203,0.9766813516616821,,
uvg,HoneyBee,2,3,uniform_2x,24,3,1613,0.000897107005584985,30.47155751868472,0.9782372713088989,,
uvg,HoneyBee,2,3,uniform_2x,25,5,746,0.0009682704694569111,30.14003313161175,0.978804886341095,,
uvg,HoneyBee,2,3,uniform_2x,26,3,95,0.0008806154946796596,30.552136772745477,0.9781287312507629,,
uvg,HoneyBee,2,3,uniform_2x,27,4,97,0.0009736009524203837,30.116190099313247,0.977658212184906,,
uvg,HoneyBee,2,3,uniform_2x,28,3,1636,0.0008861224050633609,30.525062824337486,0.9784315228462219,,
uvg,HoneyBee,2,3,uniform_2x,29,4,338,0.0009850411443039775,30.065456290242224,0.9783318042755127,,
uvg,HoneyBee,2,3,uniform_2x,30,3,104,0.0009116206783801317,30.40185832236142,0.977548360824585,,
uvg,HoneyBee,2,3,uniform_2x,31,4,111,0.0009825860615819693,30.07629400816882,0.9772329330444336,,
uvg,HoneyBee,2,3,uniform_2x,32,3,1289,0.0009055018308572471,30.431106672379453,0.9777827858924866,,
uvg,HoneyBee,2,3,uniform_2x,33,5,675,0.000992331188172102,30.033433589033297,0.9781666398048401,,
uvg,HoneyBee,2,3,uniform_2x,34,3,98,0.0009005088941194117,30.45511993396467,0.9773884415626526,,
uvg,HoneyBee,2,3,uniform_2x,35,4,99,0.0009906726190820336,30.04069840182893,0.9769460558891296,,
uvg,HoneyBee,2,3,uniform_2x,36,3,1529,0.0008935248479247093,30.48893365747549,0.9779982566833496,,
uvg,HoneyBee,2,3,uniform_2x,37,4,348,0.0010097123449668288,29.958023339272735,0.9779447317123413,,
uvg,HoneyBee,2,3,uniform_2x,38,3,102,0.0009294265182688832,30.31784940450278,0.9771209359169006,,
uvg,HoneyBee,2,3,uniform_2x,39,4,99,0.0009947684593498707,30.02277993152264,0.9768868684768677,,
uvg,HoneyBee,2,3,uniform_2x,40,3,1369,0.0009141281479969621,30.389929179786293,0.977628767490387,,
uvg,HoneyBee,2,3,uniform_2x,41,5,712,0.0010000502225011587,29.999781891925714,0.9780248403549194,,
uvg,HoneyBee,2,3,uniform_2x,42,3,102,0.0009081547614187002,30.418401357267957,0.9773723483085632,,
uvg,HoneyBee,2,3,uniform_2x,43,4,97,0.0010028345277532935,29.987707216278807,0.9770151376724243,,
uvg,HoneyBee,2,3,uniform_2x,44,3,1606,0.000914987176656723,30.38584992432185,0.9777404069900513,,
uvg,HoneyBee,2,3,uniform_2x,45,4,350,0.0010223754215985537,29.903895997103508,0.9776862263679504,,
uvg,HoneyBee,2,3,uniform_2x,46,3,94,0.0009504026384092867,30.22092366717886,0.976897656917572,,
uvg,HoneyBee,2,3,uniform_2x,47,4,98,0.0010203582933172584,29.912473012895585,0.9765498638153076,,
uvg,HoneyBee,2,3,uniform_2x,48,3,1316,0.0009174353326670825,30.37424538144674,0.9773268103599548,,
uvg,HoneyBee,2,3,uniform_2x,49,5,646,0.001015996327623725,29.931078618312668,0.9776111841201782,,
uvg,HoneyBee,2,3,uniform_2x,50,3,97,0.000926168926525861,30.33309793915147,0.9769048094749451,,
uvg,HoneyBee,2,3,uniform_2x,51,4,100,0.0010248323669657111,29.89347166857607,0.9765285849571228,,
uvg,HoneyBee,2,3,uniform_2x,52,3,1502,0.0009239361388608813,30.343580455534767,0.9772847294807434,,
uvg,HoneyBee,2,3,uniform_2x,53,4,316,0.001031528227031231,29.86518883370737,0.9770901203155518,,
uvg,HoneyBee,2,3,uniform_2x,54,3,109,0.0009622146026231349,30.167280565058654,0.9762791395187378,,
uvg,HoneyBee,2,3,uniform_2x,55,4,116,0.0010299835121259093,29.871697273822537,0.9759045839309692,,
uvg,HoneyBee,2,3,uniform_2x,56,3,1294,0.0009459133143536747,30.241486615081854,0.976649284362793,,
uvg,HoneyBee,2,3,uniform_2x,57,5,757,0.0010301280999556184,29.871087659311094,0.9770431518554688,,
uvg,HoneyBee,2,3,uniform_2x,58,3,98,0.0009359063114970922,30.287676239502602,0.9763999581336975,,
uvg,HoneyBee,2,3,uniform_2x,59,4,97,0.0010344891343265772,29.852740665514528,0.9759535789489746,,
uvg,HoneyBee,2,3,uniform_2x,60,3,1573,0.000938857439905405,30.274003478433194,0.9767478704452515,,
uvg,HoneyBee,2,3,uniform_2x,61,4,301,0.0010559284128248692,29.76365524007688,0.9764913320541382,,
uvg,HoneyBee,2,3,uniform_2x,62,3,97,0.0009762428235262632,30.104421456517997,0.9757518172264099,,
uvg,HoneyBee,2,3,uniform_2x,63,4,99,0.0010419772006571293,29.821417836632953,0.9754093885421753,,
uvg,HoneyBee,2,3,uniform_4x,0,3,8074,0.0008912784396670759,30.49986599082945,0.971256673336029,,
uvg,HoneyBee,2,3,uniform_4x,1,5,4812,0.0008341052453033626,30.78779147718677,0.9786719083786011,,
uvg,HoneyBee,2,3,uniform_4x,2,3,1246,0.0008865966810844839,30.522738987860553,0.9799009561538696,,
uvg,HoneyBee,2,3,uniform_4x,3,4,549,0.0008631290984340012,30.63924241892737,0.9802123308181763,,
uvg,HoneyBee,2,3,uniform_4x,4,3,675,0.0008384241373278201,30.765362273100315,0.9805865287780762,,
uvg,HoneyBee,2,3,uniform_4x,5,4,368,0.0008439165540039539,30.737004940464573,0.9806373119354248,,
uvg,HoneyBee,2,3,uniform_4x,6,3,375,0.0008260321337729692,30.83003057705241,0.9803889989852905,,
uvg,HoneyBee,2,3,uniform_4x,7,4,217,0.0008674589917063713,30.61751046907805,0.9803110957145691,,
uvg,HoneyBee,2,3,uniform_4x,8,3,124,0.0008394770557060838,30.759911693489364,0.9797701835632324,,
uvg,HoneyBee,2,3,uniform_4x,9,5,236,0.000892589392606169,30.493482785530528,0.9797990322113037,,
uvg,HoneyBee,2,3,uniform_4x,10,3,102,0.0008355383179150522,30.78033628502518,0.9791805744171143,,
uvg,HoneyBee,2,3,uniform_4x,11,4,102,0.0009358344250358641,30.28800983157378,0.9788836240768433,,
uvg,HoneyBee,2,3,uniform_4x,12,3,174,0.0008733507711440325,30.588112919464542,0.9783881306648254,,
uvg,HoneyBee,2,3,uniform_4x,13,4,135,0.0009717342909425497,30.124524714449453,0.9780376553535461,,
uvg,HoneyBee,2,3,uniform_4x,14,3,104,0.0009145655203610659,30.387851757950415,0.9774484634399414,,
uvg,HoneyBee,2,3,uniform_4x,15,4,103,0.001010944484733045,29.952726927137256,0.9768322110176086,,
uvg,HoneyBee,2,3,uniform_4x,16,3,519,0.000923408311791718,30.346062205916443,0.9772079586982727,,
uvg,HoneyBee,2,3,uniform_4x,17,5,594,0.0009982041083276272,30.00780647032162,0.9775906205177307,,
uvg,HoneyBee,2,3,uniform_4x,18,3,101,0.0009336380753666162,30.298214453255486,0.9769628047943115,,
uvg,HoneyBee,2,3,uniform_4x,19,4,101,0.0010518163908272982,29.780600657051206,0.9763666391372681,,
uvg,HoneyBee,2,3,uniform_4x,20,3,1452,0.0009049790096469223,30.43361493833729,0.9778796434402466,,
uvg,HoneyBee,2,3,uniform_4x,21,4,310,0.0010107618290930986,29.953511673528862,0.9778497219085693,,
uvg,HoneyBee,2,3,uniform_4x,22,3,100,0.0009538567392155528,30.20516847560236,0.9770490527153015,,
uvg,HoneyBee,2,3,uniform_4x,23,4,108,0.001030579092912376,29.869186722037693,0.9766280651092529,,
uvg,HoneyBee,2,3,uniform_4x,24,3,1629,0.0008992737275548279,30.46108094393318,0.9782318472862244,,
uvg,HoneyBee,2,3,uniform_4x,25,5,732,0.0009760718676261604,30.10518204296023,0.9785972833633423,,
uvg,HoneyBee,2,3,uniform_4x,26,3,96,0.0008880536770448089,30.515607831630284,0.9778763055801392,,
uvg,HoneyBee,2,3,uniform_4x,27,4,95,0.0009751676116138697,30.109207314370096,0.977491021156311,,
uvg,HoneyBee,2,3,uniform_4x,28,3,1670,0.0008870716555975378,30.52041297447092,0.9784536957740784,,
uvg,HoneyBee,2,3,uniform_4x,29,4,333,0.0009914510883390903,30.03728706157011,0.9783505797386169,,
uvg,HoneyBee,2,3,uniform_4x,30,3,106,0.0009270134032703936,30.329139865412742,0.9775387048721313,,
uvg,HoneyBee,2,3,uniform_4x,31,4,108,0.0009880863362923265,30.05205106285676,0.9772581458091736,,
uvg,HoneyBee,2,3,uniform_4x,32,3,1291,0.0009101480827666819,30.40887941419182,0.9777743220329285,,
uvg,HoneyBee,2,3,uniform_4x,33,5,655,0.001003296347334981,29.985707688710637,0.9781091809272766,,
uvg,HoneyBee,2,3,uniform_4x,34,3,98,0.0009161309571936727,30.380424412650846,0.9773464798927307,,
uvg,HoneyBee,2,3,uniform_4x,35,4,100,0.0010088951094076037,29.961539831916298,0.9769547581672668,,
uvg,HoneyBee,2,3,uniform_4x,36,3,1558,0.0009170678094960749,30.37598550697291,0.9777199029922485,,
uvg,HoneyBee,2,3,uniform_4x,37,4,368,0.0010162375401705503,29.930047661391775,0.9777138829231262,,
uvg,HoneyBee,2,3,uniform_4x,38,3,99,0.0009506776696071029,30.219667070791086,0.9768635034561157,,
uvg,HoneyBee,2,3,uniform_4x,39,4,98,0.0010123321553692222,29.946769681523463,0.9765793085098267,,
uvg,HoneyBee,2,3,uniform_4x,40,3,1395,0.0009316350915469229,30.30754161423139,0.9774602651596069,,
uvg,HoneyBee,2,3,uniform_4x,41,5,655,0.0010221594711765647,29.904813429007604,0.9776595234870911,,
uvg,HoneyBee,2,3,uniform_4x,42,3,100,0.0009359228424727917,30.28759953045561,0.9768990278244019,,
uvg,HoneyBee,2,3,uniform_4x,43,4,98,0.00102732062805444,29.88293991394986,0.9765363335609436,,
uvg,HoneyBee,2,3,uniform_4x,44,3,1648,0.000932235736399889,30.304742528046383,0.9774987101554871,,
uvg,HoneyBee,2,3,uniform_4x,45,4,331,0.0010340047301724553,29.8547747450794,0.977504551410675,,
uvg,HoneyBee,2,3,uniform_4x,46,3,102,0.0009553014533594251,30.198595615345777,0.9767417907714844,,
uvg,HoneyBee,2,3,uniform_4x,47,4,100,0.0010112922172993422,29.951233349891254,0.9764741659164429,,
uvg,HoneyBee,2,3,uniform_4x,48,3,1329,0.0009386903257109225,30.27477658017827,0.977051854133606,,
uvg,HoneyBee,2,3,uniform_4x,49,5,680,0.0010220720432698727,29.9051849080421,0.9774090051651001,,
uvg,HoneyBee,2,3,uniform_4x,50,3,101,0.000933704141061753,30.297907150538283,0.9766665101051331,,
uvg,HoneyBee,2,3,uniform_4x,51,4,99,0.001027783495374024,29.880983606978777,0.9762954115867615,,
uvg,HoneyBee,2,3,uniform_4x,52,3,1539,0.0009339379612356424,30.29681971722669,0.9770627021789551,,
uvg,HoneyBee,2,3,uniform_4x,53,4,326,0.0010392453987151384,29.832818896671156,0.9770350456237793,,
uvg,HoneyBee,2,3,uniform_4x,54,3,107,0.0009577059536240995,30.18767812759537,0.9763240814208984,,
uvg,HoneyBee,2,3,uniform_4x,55,4,112,0.0010279144626110792,29.8804302343569,0.9759010076522827,,
uvg,HoneyBee,2,3,uniform_4x,56,3,1322,0.0009400167618878186,30.26864402218937,0.9765475988388062,,
uvg,HoneyBee,2,3,uniform_4x,57,5,726,0.0010323927272111177,29.861550635462283,0.976753294467926,,
uvg,HoneyBee,2,3,uniform_4x,58,3,100,0.0009376963134855032,30.27937791399518,0.9760882258415222,,
uvg,HoneyBee,2,3,uniform_4x,59,4,97,0.00102322141174227,29.900303804682018,0.9757346510887146,,
uvg,HoneyBee,2,3,uniform_4x,60,3,1454,0.0009356477530673146,30.2888762101809,0.9764406681060791,,
uvg,HoneyBee,2,3,uniform_4x,61,4,283,0.0010480002965778112,29.79638594449536,0.9762284159660339,,
uvg,HoneyBee,2,3,uniform_4x,62,3,91,0.00098533951677382,30.064140995987113,0.9754294753074646,,
uvg,HoneyBee,2,3,uniform_4x,63,4,100,0.0010554996551945806,29.765419042294802,0.9750734567642212,,
