anchor,method,metric,rate_axis,interpolation,common_rate_min_kbps,common_rate_max_kbps,status,reason,grid_points,grid_spacing,mean_equal_rate_delta,fraction_of_common_rate_range_better,anchor_monotone,candidate_monotone,nonmonotone_policy,metric_direction,higher_metric_adaptation,dataset,sequence,video_index
original,ulong_only,LPIPS,natural log(kbps),"PCHIP, extrapolate=False",176.34,966.1087500000002,valid,,100,"uniform natural log(kbps), inclusive endpoints",-0.014461196551193272,1.0,True,True,preserve measured local shape; no sorting of metric values or smoothing,lower_is_better,none,ulong,fee5d9ad-e77d-44cd-b576-d588d7a0ce9d,0
original,ulong_only,DISTS,natural log(kbps),"PCHIP, extrapolate=False",176.34,966.1087500000002,valid,,100,"uniform natural log(kbps), inclusive endpoints",-0.00147088807007127,0.76,True,True,preserve measured local shape; no sorting of metric values or smoothing,lower_is_better,none,ulong,fee5d9ad-e77d-44cd-b576-d588d7a0ce9d,0
original,ulong_only,FloLPIPS,natural log(kbps),"PCHIP, extrapolate=False",176.34,966.1087500000002,valid,,100,"uniform natural log(kbps), inclusive endpoints",-0.014732130349301188,1.0,True,True,preserve measured local shape; no sorting of metric values or smoothing,lower_is_better,none,ulong,fee5d9ad-e77d-44cd-b576-d588d7a0ce9d,0
original,ulong_only,PSNR,natural log(kbps),"PCHIP, extrapolate=False",176.34,966.1087500000002,valid,,100,"uniform natural log(kbps), inclusive endpoints",-0.526005104102063,0.0,True,True,preserve measured local shape; no sorting of metric values or smoothing,higher_is_better,negative metric passed to unchanged lower-distortion comparator; reported equal-rate delta restored to original units,ulong,fee5d9ad-e77d-44cd-b576-d588d7a0ce9d,0
original,ulong_only,SSIM,natural log(kbps),"PCHIP, extrapolate=False",176.34,966.1087500000002,valid,,100,"uniform natural log(kbps), inclusive endpoints",-0.001971787990169024,0.0,True,True,preserve measured local shape; no sorting of metric values or smoothing,higher_is_better,negative metric passed to unchanged lower-distortion comparator; reported equal-rate delta restored to original units,ulong,fee5d9ad-e77d-44cd-b576-d588d7a0ce9d,0
original,ulong_only,MS_SSIM,natural log(kbps),"PCHIP, extrapolate=False",176.34,966.1087500000002,valid,,100,"uniform natural log(kbps), inclusive endpoints",-0.0011976530578956756,0.0,True,True,preserve measured local shape; no sorting of metric values or smoothing,higher_is_better,negative metric passed to unchanged lower-distortion comparator; reported equal-rate delta restored to original units,ulong,fee5d9ad-e77d-44cd-b576-d588d7a0ce9d,0
v62,ulong_only,LPIPS,natural log(kbps),"PCHIP, extrapolate=False",166.02750000000006,965.5124999999999,valid,,100,"uniform natural log(kbps), inclusive endpoints",0.0027727196179401867,0.0,True,True,preserve measured local shape; no sorting of metric values or smoothing,lower_is_better,none,ulong,fee5d9ad-e77d-44cd-b576-d588d7a0ce9d,0
v62,ulong_only,DISTS,natural log(kbps),"PCHIP, extrapolate=False",166.02750000000006,965.5124999999999,valid,,100,"uniform natural log(kbps), inclusive endpoints",0.0017421621836695913,0.0,True,True,preserve measured local shape; no sorting of metric values or smoothing,lower_is_better,none,ulong,fee5d9ad-e77d-44cd-b576-d588d7a0ce9d,0
v62,ulong_only,FloLPIPS,natural log(kbps),"PCHIP, extrapolate=False",166.02750000000006,965.5124999999999,valid,,100,"uniform natural log(kbps), inclusive endpoints",-0.0001448843128902595,0.32,False,True,preserve measured local shape; no sorting of metric values or smoothing,lower_is_better,none,ulong,fee5d9ad-e77d-44cd-b576-d588d7a0ce9d,0
v62,ulong_only,PSNR,natural log(kbps),"PCHIP, extrapolate=False",166.02750000000006,965.5124999999999,valid,,100,"uniform natural log(kbps), inclusive endpoints",-0.4205095237756219,0.0,True,True,preserve measured local shape; no sorting of metric values or smoothing,higher_is_better,negative metric passed to unchanged lower-distortion comparator; reported equal-rate delta restored to original units,ulong,fee5d9ad-e77d-44cd-b576-d588d7a0ce9d,0
v62,ulong_only,SSIM,natural log(kbps),"PCHIP, extrapolate=False",166.02750000000006,965.5124999999999,valid,,100,"uniform natural log(kbps), inclusive endpoints",-0.0016027254551237824,0.0,True,True,preserve measured local shape; no sorting of metric values or smoothing,higher_is_better,negative metric passed to unchanged lower-distortion comparator; reported equal-rate delta restored to original units,ulong,fee5d9ad-e77d-44cd-b576-d588d7a0ce9d,0
v62,ulong_only,MS_SSIM,natural log(kbps),"PCHIP, extrapolate=False",166.02750000000006,965.5124999999999,valid,,100,"uniform natural log(kbps), inclusive endpoints",-0.0020635251376287466,0.0,True,True,preserve measured local shape; no sorting of metric values or smoothing,higher_is_better,negative metric passed to unchanged lower-distortion comparator; reported equal-rate delta restored to original units,ulong,fee5d9ad-e77d-44cd-b576-d588d7a0ce9d,0
original,vimeo_only,LPIPS,natural log(kbps),"PCHIP, extrapolate=False",176.34,976.0837499999999,valid,,100,"uniform natural log(kbps), inclusive endpoints",-0.011266622401347015,1.0,True,True,preserve measured local shape; no sorting of metric values or smoothing,lower_is_better,none,ulong,fee5d9ad-e77d-44cd-b576-d588d7a0ce9d,0
original,vimeo_only,DISTS,natural log(kbps),"PCHIP, extrapolate=False",176.34,976.0837499999999,valid,,100,"uniform natural log(kbps), inclusive endpoints",0.0008640201659340257,0.4,True,True,preserve measured local shape; no sorting of metric values or smoothing,lower_is_better,none,ulong,fee5d9ad-e77d-44cd-b576-d588d7a0ce9d,0
original,vimeo_only,FloLPIPS,natural log(kbps),"PCHIP, extrapolate=False",176.34,976.0837499999999,valid,,100,"uniform natural log(kbps), inclusive endpoints",-0.010228909468379009,1.0,True,True,preserve measured local shape; no sorting of metric values or smoothing,lower_is_better,none,ulong,fee5d9ad-e77d-44cd-b576-d588d7a0ce9d,0
original,vimeo_only,PSNR,natural log(kbps),"PCHIP, extrapolate=False",176.34,976.0837499999999,valid,,100,"uniform natural log(kbps), inclusive endpoints",-0.14665456753750716,0.0,True,True,preserve measured local shape; no sorting of metric values or smoothing,higher_is_better,negative metric passed to unchanged lower-distortion comparator; reported equal-rate delta restored to original units,ulong,fee5d9ad-e77d-44cd-b576-d588d7a0ce9d,0
original,vimeo_only,SSIM,natural log(kbps),"PCHIP, extrapolate=False",176.34,976.0837499999999,valid,,100,"uniform natural log(kbps), inclusive endpoints",-0.00046669401856922697,0.0,True,True,preserve measured local shape; no sorting of metric values or smoothing,higher_is_better,negative metric passed to unchanged lower-distortion comparator; reported equal-rate delta restored to original units,ulong,fee5d9ad-e77d-44cd-b576-d588d7a0ce9d,0
original,vimeo_only,MS_SSIM,natural log(kbps),"PCHIP, extrapolate=False",176.34,976.0837499999999,valid,,100,"uniform natural log(kbps), inclusive endpoints",-0.0009459307324952448,0.09,True,True,preserve measured local shape; no sorting of metric values or smoothing,higher_is_better,negative metric passed to unchanged lower-distortion comparator; reported equal-rate delta restored to original units,ulong,fee5d9ad-e77d-44cd-b576-d588d7a0ce9d,0
v62,vimeo_only,LPIPS,natural log(kbps),"PCHIP, extrapolate=False",166.50749999999996,965.5124999999999,valid,,100,"uniform natural log(kbps), inclusive endpoints",0.005979039294988147,0.0,True,True,preserve measured local shape; no sorting of metric values or smoothing,lower_is_better,none,ulong,fee5d9ad-e77d-44cd-b576-d588d7a0ce9d,0
v62,vimeo_only,DISTS,natural log(kbps),"PCHIP, extrapolate=False",166.50749999999996,965.5124999999999,valid,,100,"uniform natural log(kbps), inclusive endpoints",0.004064024504763739,0.0,True,True,preserve measured local shape; no sorting of metric values or smoothing,lower_is_better,none,ulong,fee5d9ad-e77d-44cd-b576-d588d7a0ce9d,0
v62,vimeo_only,FloLPIPS,natural log(kbps),"PCHIP, extrapolate=False",166.50749999999996,965.5124999999999,valid,,100,"uniform natural log(kbps), inclusive endpoints",0.004409542459325855,0.1,False,True,preserve measured local shape; no sorting of metric values or smoothing,lower_is_better,none,ulong,fee5d9ad-e77d-44cd-b576-d588d7a0ce9d,0
v62,vimeo_only,PSNR,natural log(kbps),"PCHIP, extrapolate=False",166.50749999999996,965.5124999999999,valid,,100,"uniform natural log(kbps), inclusive endpoints",-0.04394559782572841,0.0,True,True,preserve measured local shape; no sorting of metric values or smoothing,higher_is_better,negative metric passed to unchanged lower-distortion comparator; reported equal-rate delta restored to original units,ulong,fee5d9ad-e77d-44cd-b576-d588d7a0ce9d,0
v62,vimeo_only,SSIM,natural log(kbps),"PCHIP, extrapolate=False",166.50749999999996,965.5124999999999,valid,,100,"uniform natural log(kbps), inclusive endpoints",-8.778218874275323e-05,0.14,True,True,preserve measured local shape; no sorting of metric values or smoothing,higher_is_better,negative metric passed to unchanged lower-distortion comparator; reported equal-rate delta restored to original units,ulong,fee5d9ad-e77d-44cd-b576-d588d7a0ce9d,0
v62,vimeo_only,MS_SSIM,natural log(kbps),"PCHIP, extrapolate=False",166.50749999999996,965.5124999999999,valid,,100,"uniform natural log(kbps), inclusive endpoints",-0.001830821161498053,0.0,True,True,preserve measured local shape; no sorting of metric values or smoothing,higher_is_better,negative metric passed to unchanged lower-distortion comparator; reported equal-rate delta restored to original units,ulong,fee5d9ad-e77d-44cd-b576-d588d7a0ce9d,0
original,mixed_50_50,LPIPS,natural log(kbps),"PCHIP, extrapolate=False",176.34,970.8412499999995,valid,,100,"uniform natural log(kbps), inclusive endpoints",-0.014136535215960967,1.0,True,True,preserve measured local shape; no sorting of metric values or smoothing,lower_is_better,none,ulong,fee5d9ad-e77d-44cd-b576-d588d7a0ce9d,0
original,mixed_50_50,DISTS,natural log(kbps),"PCHIP, extrapolate=False",176.34,970.8412499999995,valid,,100,"uniform natural log(kbps), inclusive endpoints",-0.0020185478690964297,0.77,True,True,preserve measured local shape; no sorting of metric values or smoothing,lower_is_better,none,ulong,fee5d9ad-e77d-44cd-b576-d588d7a0ce9d,0
original,mixed_50_50,FloLPIPS,natural log(kbps),"PCHIP, extrapolate=False",176.34,970.8412499999995,valid,,100,"uniform natural log(kbps), inclusive endpoints",-0.01414331035957401,1.0,True,True,preserve measured local shape; no sorting of metric values or smoothing,lower_is_better,none,ulong,fee5d9ad-e77d-44cd-b576-d588d7a0ce9d,0
original,mixed_50_50,PSNR,natural log(kbps),"PCHIP, extrapolate=False",176.34,970.8412499999995,valid,,100,"uniform natural log(kbps), inclusive endpoints",-0.42045051806451583,0.0,True,True,preserve measured local shape; no sorting of metric values or smoothing,higher_is_better,negative metric passed to unchanged lower-distortion comparator; reported equal-rate delta restored to original units,ulong,fee5d9ad-e77d-44cd-b576-d588d7a0ce9d,0
original,mixed_50_50,SSIM,natural log(kbps),"PCHIP, extrapolate=False",176.34,970.8412499999995,valid,,100,"uniform natural log(kbps), inclusive endpoints",-0.0013027197643873311,0.0,True,True,preserve measured local shape; no sorting of metric values or smoothing,higher_is_better,negative metric passed to unchanged lower-distortion comparator; reported equal-rate delta restored to original units,ulong,fee5d9ad-e77d-44cd-b576-d588d7a0ce9d,0
original,mixed_50_50,MS_SSIM,natural log(kbps),"PCHIP, extrapolate=False",176.34,970.8412499999995,valid,,100,"uniform natural log(kbps), inclusive endpoints",-0.001617643849632212,0.0,True,True,preserve measured local shape; no sorting of metric values or smoothing,higher_is_better,negative metric passed to unchanged lower-distortion comparator; reported equal-rate delta restored to original units,ulong,fee5d9ad-e77d-44cd-b576-d588d7a0ce9d,0
v62,mixed_50_50,LPIPS,natural log(kbps),"PCHIP, extrapolate=False",166.15500000000006,965.5124999999999,valid,,100,"uniform natural log(kbps), inclusive endpoints",0.003107650869291777,0.0,True,True,preserve measured local shape; no sorting of metric values or smoothing,lower_is_better,none,ulong,fee5d9ad-e77d-44cd-b576-d588d7a0ce9d,0
v62,mixed_50_50,DISTS,natural log(kbps),"PCHIP, extrapolate=False",166.15500000000006,965.5124999999999,valid,,100,"uniform natural log(kbps), inclusive endpoints",0.0011561482508689303,0.12,True,True,preserve measured local shape; no sorting of metric values or smoothing,lower_is_better,none,ulong,fee5d9ad-e77d-44cd-b576-d588d7a0ce9d,0
v62,mixed_50_50,FloLPIPS,natural log(kbps),"PCHIP, extrapolate=False",166.15500000000006,965.5124999999999,valid,,100,"uniform natural log(kbps), inclusive endpoints",0.0004398805991281675,0.23,False,True,preserve measured local shape; no sorting of metric values or smoothing,lower_is_better,none,ulong,fee5d9ad-e77d-44cd-b576-d588d7a0ce9d,0
v62,mixed_50_50,PSNR,natural log(kbps),"PCHIP, extrapolate=False",166.15500000000006,965.5124999999999,valid,,100,"uniform natural log(kbps), inclusive endpoints",-0.31384521631201223,0.0,True,True,preserve measured local shape; no sorting of metric values or smoothing,higher_is_better,negative metric passed to unchanged lower-distortion comparator; reported equal-rate delta restored to original units,ulong,fee5d9ad-e77d-44cd-b576-d588d7a0ce9d,0
v62,mixed_50_50,SSIM,natural log(kbps),"PCHIP, extrapolate=False",166.15500000000006,965.5124999999999,valid,,100,"uniform natural log(kbps), inclusive endpoints",-0.000919729384917084,0.0,True,True,preserve measured local shape; no sorting of metric values or smoothing,higher_is_better,negative metric passed to unchanged lower-distortion comparator; reported equal-rate delta restored to original units,ulong,fee5d9ad-e77d-44cd-b576-d588d7a0ce9d,0
v62,mixed_50_50,MS_SSIM,natural log(kbps),"PCHIP, extrapolate=False",166.15500000000006,965.5124999999999,valid,,100,"uniform natural log(kbps), inclusive endpoints",-0.0024675926519951486,0.0,True,True,preserve measured local shape; no sorting of metric values or smoothing,higher_is_better,negative metric passed to unchanged lower-distortion comparator; reported equal-rate delta restored to original units,ulong,fee5d9ad-e77d-44cd-b576-d588d7a0ce9d,0
original,ulong_only,LPIPS,natural log(kbps),"PCHIP, extrapolate=False",157.26750000000007,858.3224999999998,valid,,100,"uniform natural log(kbps), inclusive endpoints",-0.01204707856963547,1.0,True,True,preserve measured local shape; no sorting of metric values or smoothing,lower_is_better,none,ulong,0834e99f-94bc-4568-a7c2-f7022dade8e1,1
original,ulong_only,DISTS,natural log(kbps),"PCHIP, extrapolate=False",157.26750000000007,858.3224999999998,valid,,100,"uniform natural log(kbps), inclusive endpoints",-0.004627915772226283,1.0,True,True,preserve measured local shape; no sorting of metric values or smoothing,lower_is_better,none,ulong,0834e99f-94bc-4568-a7c2-f7022dade8e1,1
original,ulong_only,FloLPIPS,natural log(kbps),"PCHIP, extrapolate=False",157.26750000000007,858.3224999999998,valid,,100,"uniform natural log(kbps), inclusive endpoints",-0.012429163178432448,1.0,True,True,preserve measured local shape; no sorting of metric values or smoothing,lower_is_better,none,ulong,0834e99f-94bc-4568-a7c2-f7022dade8e1,1
original,ulong_only,PSNR,natural log(kbps),"PCHIP, extrapolate=False",157.26750000000007,858.3224999999998,valid,,100,"uniform natural log(kbps), inclusive endpoints",-0.6630912353519431,0.0,True,True,preserve measured local shape; no sorting of metric values or smoothing,higher_is_better,negative metric passed to unchanged lower-distortion comparator; reported equal-rate delta restored to original units,ulong,0834e99f-94bc-4568-a7c2-f7022dade8e1,1
original,ulong_only,SSIM,natural log(kbps),"PCHIP, extrapolate=False",157.26750000000007,858.3224999999998,valid,,100,"uniform natural log(kbps), inclusive endpoints",-0.0022726752575801777,0.0,True,True,preserve measured local shape; no sorting of metric values or smoothing,higher_is_better,negative metric passed to unchanged lower-distortion comparator; reported equal-rate delta restored to original units,ulong,0834e99f-94bc-4568-a7c2-f7022dade8e1,1
original,ulong_only,MS_SSIM,natural log(kbps),"PCHIP, extrapolate=False",157.26750000000007,858.3224999999998,valid,,100,"uniform natural log(kbps), inclusive endpoints",-0.0013778913820635642,0.0,True,True,preserve measured local shape; no sorting of metric values or smoothing,higher_is_better,negative metric passed to unchanged lower-distortion comparator; reported equal-rate delta restored to original units,ulong,0834e99f-94bc-4568-a7c2-f7022dade8e1,1
v62,ulong_only,LPIPS,natural log(kbps),"PCHIP, extrapolate=False",147.94499999999994,850.8037500000003,valid,,100,"uniform natural log(kbps), inclusive endpoints",0.0013218189118233625,0.0,True,True,preserve measured local shape; no sorting of metric values or smoothing,lower_is_better,none,ulong,0834e99f-94bc-4568-a7c2-f7022dade8e1,1
v62,ulong_only,DISTS,natural log(kbps),"PCHIP, extrapolate=False",147.94499999999994,850.8037500000003,valid,,100,"uniform natural log(kbps), inclusive endpoints",0.0026837310778289112,0.0,True,True,preserve measured local shape; no sorting of metric values or smoothing,lower_is_better,none,ulong,0834e99f-94bc-4568-a7c2-f7022dade8e1,1
v62,ulong_only,FloLPIPS,natural log(kbps),"PCHIP, extrapolate=False",147.94499999999994,850.8037500000003,valid,,100,"uniform natural log(kbps), inclusive endpoints",0.001969717967546687,0.0,True,True,preserve measured local shape; no sorting of metric values or smoothing,lower_is_better,none,ulong,0834e99f-94bc-4568-a7c2-f7022dade8e1,1
v62,ulong_only,PSNR,natural log(kbps),"PCHIP, extrapolate=False",147.94499999999994,850.8037500000003,valid,,100,"uniform natural log(kbps), inclusive endpoints",-0.06726690081817896,0.01,True,True,preserve measured local shape; no sorting of metric values or smoothing,higher_is_better,negative metric passed to unchanged lower-distortion comparator; reported equal-rate delta restored to original units,ulong,0834e99f-94bc-4568-a7c2-f7022dade8e1,1
v62,ulong_only,SSIM,natural log(kbps),"PCHIP, extrapolate=False",147.94499999999994,850.8037500000003,valid,,100,"uniform natural log(kbps), inclusive endpoints",-0.0002460616300196672,0.0,True,True,preserve measured local shape; no sorting of metric values or smoothing,higher_is_better,negative metric passed to unchanged lower-distortion comparator; reported equal-rate delta restored to original units,ulong,0834e99f-94bc-4568-a7c2-f7022dade8e1,1
v62,ulong_only,MS_SSIM,natural log(kbps),"PCHIP, extrapolate=False",147.94499999999994,850.8037500000003,valid,,100,"uniform natural log(kbps), inclusive endpoints",-0.002147195681369909,0.0,True,True,preserve measured local shape; no sorting of metric values or smoothing,higher_is_better,negative metric passed to unchanged lower-distortion comparator; reported equal-rate delta restored to original units,ulong,0834e99f-94bc-4568-a7c2-f7022dade8e1,1
original,vimeo_only,LPIPS,natural log(kbps),"PCHIP, extrapolate=False",157.26750000000007,874.4587499999999,valid,,100,"uniform natural log(kbps), inclusive endpoints",-0.009640839832839965,1.0,True,True,preserve measured local shape; no sorting of metric values or smoothing,lower_is_better,none,ulong,0834e99f-94bc-4568-a7c2-f7022dade8e1,1
original,vimeo_only,DISTS,natural log(kbps),"PCHIP, extrapolate=False",157.26750000000007,874.4587499999999,valid,,100,"uniform natural log(kbps), inclusive endpoints",-0.007853219123120958,1.0,True,True,preserve measured local shape; no sorting of metric values or smoothing,lower_is_better,none,ulong,0834e99f-94bc-4568-a7c2-f7022dade8e1,1
original,vimeo_only,FloLPIPS,natural log(kbps),"PCHIP, extrapolate=False",157.26750000000007,874.4587499999999,valid,,100,"uniform natural log(kbps), inclusive endpoints",-0.010794115051593058,1.0,True,True,preserve measured local shape; no sorting of metric values or smoothing,lower_is_better,none,ulong,0834e99f-94bc-4568-a7c2-f7022dade8e1,1
original,vimeo_only,PSNR,natural log(kbps),"PCHIP, extrapolate=False",157.26750000000007,874.4587499999999,valid,,100,"uniform natural log(kbps), inclusive endpoints",-0.4117717541903604,0.0,True,True,preserve measured local shape; no sorting of metric values or smoothing,higher_is_better,negative metric passed to unchanged lower-distortion comparator; reported equal-rate delta restored to original units,ulong,0834e99f-94bc-4568-a7c2-f7022dade8e1,1
original,vimeo_only,SSIM,natural log(kbps),"PCHIP, extrapolate=False",157.26750000000007,874.4587499999999,valid,,100,"uniform natural log(kbps), inclusive endpoints",-0.0014629013694355253,0.0,True,True,preserve measured local shape; no sorting of metric values or smoothing,higher_is_better,negative metric passed to unchanged lower-distortion comparator; reported equal-rate delta restored to original units,ulong,0834e99f-94bc-4568-a7c2-f7022dade8e1,1
original,vimeo_only,MS_SSIM,natural log(kbps),"PCHIP, extrapolate=False",157.26750000000007,874.4587499999999,valid,,100,"uniform natural log(kbps), inclusive endpoints",-0.002462747228371315,0.0,True,True,preserve measured local shape; no sorting of metric values or smoothing,higher_is_better,negative metric passed to unchanged lower-distortion comparator; reported equal-rate delta restored to original units,ulong,0834e99f-94bc-4568-a7c2-f7022dade8e1,1
v62,vimeo_only,LPIPS,natural log(kbps),"PCHIP, extrapolate=False",146.60250000000005,850.8037500000003,valid,,100,"uniform natural log(kbps), inclusive endpoints",0.003676095203197421,0.0,True,True,preserve measured local shape; no sorting of metric values or smoothing,lower_is_better,none,ulong,0834e99f-94bc-4568-a7c2-f7022dade8e1,1
v62,vimeo_only,DISTS,natural log(kbps),"PCHIP, extrapolate=False",146.60250000000005,850.8037500000003,valid,,100,"uniform natural log(kbps), inclusive endpoints",-0.0007503741517058617,0.76,True,True,preserve measured local shape; no sorting of metric values or smoothing,lower_is_better,none,ulong,0834e99f-94bc-4568-a7c2-f7022dade8e1,1
v62,vimeo_only,FloLPIPS,natural log(kbps),"PCHIP, extrapolate=False",146.60250000000005,850.8037500000003,valid,,100,"uniform natural log(kbps), inclusive endpoints",0.003566124906867424,0.0,True,True,preserve measured local shape; no sorting of metric values or smoothing,lower_is_better,none,ulong,0834e99f-94bc-4568-a7c2-f7022dade8e1,1
v62,vimeo_only,PSNR,natural log(kbps),"PCHIP, extrapolate=False",146.60250000000005,850.8037500000003,valid,,100,"uniform natural log(kbps), inclusive endpoints",0.18039276026722947,1.0,True,True,preserve measured local shape; no sorting of metric values or smoothing,higher_is_better,negative metric passed to unchanged lower-distortion comparator; reported equal-rate delta restored to original units,ulong,0834e99f-94bc-4568-a7c2-f7022dade8e1,1
v62,vimeo_only,SSIM,natural log(kbps),"PCHIP, extrapolate=False",146.60250000000005,850.8037500000003,valid,,100,"uniform natural log(kbps), inclusive endpoints",0.0005643516643190883,1.0,True,True,preserve measured local shape; no sorting of metric values or smoothing,higher_is_better,negative metric passed to unchanged lower-distortion comparator; reported equal-rate delta restored to original units,ulong,0834e99f-94bc-4568-a7c2-f7022dade8e1,1
v62,vimeo_only,MS_SSIM,natural log(kbps),"PCHIP, extrapolate=False",146.60250000000005,850.8037500000003,valid,,100,"uniform natural log(kbps), inclusive endpoints",-0.0032234219971648847,0.0,True,True,preserve measured local shape; no sorting of metric values or smoothing,higher_is_better,negative metric passed to unchanged lower-distortion comparator; reported equal-rate delta restored to original units,ulong,0834e99f-94bc-4568-a7c2-f7022dade8e1,1
original,mixed_50_50,LPIPS,natural log(kbps),"PCHIP, extrapolate=False",157.26750000000007,866.5874999999996,valid,,100,"uniform natural log(kbps), inclusive endpoints",-0.009676937568703393,1.0,True,True,preserve measured local shape; no sorting of metric values or smoothing,lower_is_better,none,ulong,0834e99f-94bc-4568-a7c2-f7022dade8e1,1
original,mixed_50_50,DISTS,natural log(kbps),"PCHIP, extrapolate=False",157.26750000000007,866.5874999999996,valid,,100,"uniform natural log(kbps), inclusive endpoints",-0.005952687913404125,1.0,True,True,preserve measured local shape; no sorting of metric values or smoothing,lower_is_better,none,ulong,0834e99f-94bc-4568-a7c2-f7022dade8e1,1
original,mixed_50_50,FloLPIPS,natural log(kbps),"PCHIP, extrapolate=False",157.26750000000007,866.5874999999996,valid,,100,"uniform natural log(kbps), inclusive endpoints",-0.010070346521911527,1.0,True,True,preserve measured local shape; no sorting of metric values or smoothing,lower_is_better,none,ulong,0834e99f-94bc-4568-a7c2-f7022dade8e1,1
original,mixed_50_50,PSNR,natural log(kbps),"PCHIP, extrapolate=False",157.26750000000007,866.5874999999996,valid,,100,"uniform natural log(kbps), inclusive endpoints",-0.682671142403865,0.0,True,True,preserve measured local shape; no sorting of metric values or smoothing,higher_is_better,negative metric passed to unchanged lower-distortion comparator; reported equal-rate delta restored to original units,ulong,0834e99f-94bc-4568-a7c2-f7022dade8e1,1
original,mixed_50_50,SSIM,natural log(kbps),"PCHIP, extrapolate=False",157.26750000000007,866.5874999999996,valid,,100,"uniform natural log(kbps), inclusive endpoints",-0.0022929145324274503,0.0,True,True,preserve measured local shape; no sorting of metric values or smoothing,higher_is_better,negative metric passed to unchanged lower-distortion comparator; reported equal-rate delta restored to original units,ulong,0834e99f-94bc-4568-a7c2-f7022dade8e1,1
original,mixed_50_50,MS_SSIM,natural log(kbps),"PCHIP, extrapolate=False",157.26750000000007,866.5874999999996,valid,,100,"uniform natural log(kbps), inclusive endpoints",-0.0035835653824217075,0.0,True,True,preserve measured local shape; no sorting of metric values or smoothing,higher_is_better,negative metric passed to unchanged lower-distortion comparator; reported equal-rate delta restored to original units,ulong,0834e99f-94bc-4568-a7c2-f7022dade8e1,1
v62,mixed_50_50,LPIPS,natural log(kbps),"PCHIP, extrapolate=False",146.37000000000003,850.8037500000003,valid,,100,"uniform natural log(kbps), inclusive endpoints",0.003677983228932619,0.0,True,True,preserve measured local shape; no sorting of metric values or smoothing,lower_is_better,none,ulong,0834e99f-94bc-4568-a7c2-f7022dade8e1,1
v62,mixed_50_50,DISTS,natural log(kbps),"PCHIP, extrapolate=False",146.37000000000003,850.8037500000003,valid,,100,"uniform natural log(kbps), inclusive endpoints",0.0012426238441485679,0.0,True,True,preserve measured local shape; no sorting of metric values or smoothing,lower_is_better,none,ulong,0834e99f-94bc-4568-a7c2-f7022dade8e1,1
v62,mixed_50_50,FloLPIPS,natural log(kbps),"PCHIP, extrapolate=False",146.37000000000003,850.8037500000003,valid,,100,"uniform natural log(kbps), inclusive endpoints",0.004320247123962095,0.0,True,True,preserve measured local shape; no sorting of metric values or smoothing,lower_is_better,none,ulong,0834e99f-94bc-4568-a7c2-f7022dade8e1,1
v62,mixed_50_50,PSNR,natural log(kbps),"PCHIP, extrapolate=False",146.37000000000003,850.8037500000003,valid,,100,"uniform natural log(kbps), inclusive endpoints",-0.079826013039579,0.29,True,True,preserve measured local shape; no sorting of metric values or smoothing,higher_is_better,negative metric passed to unchanged lower-distortion comparator; reported equal-rate delta restored to original units,ulong,0834e99f-94bc-4568-a7c2-f7022dade8e1,1
v62,mixed_50_50,SSIM,natural log(kbps),"PCHIP, extrapolate=False",146.37000000000003,850.8037500000003,valid,,100,"uniform natural log(kbps), inclusive endpoints",-0.0002446730881377068,0.23,True,True,preserve measured local shape; no sorting of metric values or smoothing,higher_is_better,negative metric passed to unchanged lower-distortion comparator; reported equal-rate delta restored to original units,ulong,0834e99f-94bc-4568-a7c2-f7022dade8e1,1
v62,mixed_50_50,MS_SSIM,natural log(kbps),"PCHIP, extrapolate=False",146.37000000000003,850.8037500000003,valid,,100,"uniform natural log(kbps), inclusive endpoints",-0.00433498619035388,0.0,True,True,preserve measured local shape; no sorting of metric values or smoothing,higher_is_better,negative metric passed to unchanged lower-distortion comparator; reported equal-rate delta restored to original units,ulong,0834e99f-94bc-4568-a7c2-f7022dade8e1,1
original,ulong_only,LPIPS,natural log(kbps),"PCHIP, extrapolate=False",103.61250000000001,712.1437500000001,valid,,100,"uniform natural log(kbps), inclusive endpoints",-0.00021025787987718195,0.49,True,True,preserve measured local shape; no sorting of metric values or smoothing,lower_is_better,none,ulong,98881c99-ebda-4469-bbe4-0ee789ff217d,2
original,ulong_only,DISTS,natural log(kbps),"PCHIP, extrapolate=False",103.61250000000001,712.1437500000001,valid,,100,"uniform natural log(kbps), inclusive endpoints",0.006273329214978343,0.0,True,True,preserve measured local shape; no sorting of metric values or smoothing,lower_is_better,none,ulong,98881c99-ebda-4469-bbe4-0ee789ff217d,2
original,ulong_only,FloLPIPS,natural log(kbps),"PCHIP, extrapolate=False",103.61250000000001,712.1437500000001,valid,,100,"uniform natural log(kbps), inclusive endpoints",1.946493704673334e-05,0.44,True,True,preserve measured local shape; no sorting of metric values or smoothing,lower_is_better,none,ulong,98881c99-ebda-4469-bbe4-0ee789ff217d,2
original,ulong_only,PSNR,natural log(kbps),"PCHIP, extrapolate=False",103.61250000000001,712.1437500000001,valid,,100,"uniform natural log(kbps), inclusive endpoints",-1.4376238782149104,0.0,True,True,preserve measured local shape; no sorting of metric values or smoothing,higher_is_better,negative metric passed to unchanged lower-distortion comparator; reported equal-rate delta restored to original units,ulong,98881c99-ebda-4469-bbe4-0ee789ff217d,2
original,ulong_only,SSIM,natural log(kbps),"PCHIP, extrapolate=False",103.61250000000001,712.1437500000001,valid,,100,"uniform natural log(kbps), inclusive endpoints",-0.0055236439311138604,0.0,True,True,preserve measured local shape; no sorting of metric values or smoothing,higher_is_better,negative metric passed to unchanged lower-distortion comparator; reported equal-rate delta restored to original units,ulong,98881c99-ebda-4469-bbe4-0ee789ff217d,2
original,ulong_only,MS_SSIM,natural log(kbps),"PCHIP, extrapolate=False",103.61250000000001,712.1437500000001,valid,,100,"uniform natural log(kbps), inclusive endpoints",-0.004673650798701062,0.0,True,True,preserve measured local shape; no sorting of metric values or smoothing,higher_is_better,negative metric passed to unchanged lower-distortion comparator; reported equal-rate delta restored to original units,ulong,98881c99-ebda-4469-bbe4-0ee789ff217d,2
v62,ulong_only,LPIPS,natural log(kbps),"PCHIP, extrapolate=False",92.22374999999998,712.1437500000001,valid,,100,"uniform natural log(kbps), inclusive endpoints",-0.0002321361517461399,1.0,True,True,preserve measured local shape; no sorting of metric values or smoothing,lower_is_better,none,ulong,98881c99-ebda-4469-bbe4-0ee789ff217d,2
v62,ulong_only,DISTS,natural log(kbps),"PCHIP, extrapolate=False",92.22374999999998,712.1437500000001,valid,,100,"uniform natural log(kbps), inclusive endpoints",0.0008594006853777948,0.04,True,True,preserve measured local shape; no sorting of metric values or smoothing,lower_is_better,none,ulong,98881c99-ebda-4469-bbe4-0ee789ff217d,2
v62,ulong_only,FloLPIPS,natural log(kbps),"PCHIP, extrapolate=False",92.22374999999998,712.1437500000001,valid,,100,"uniform natural log(kbps), inclusive endpoints",-0.001062785427380133,0.86,True,True,preserve measured local shape; no sorting of metric values or smoothing,lower_is_better,none,ulong,98881c99-ebda-4469-bbe4-0ee789ff217d,2
v62,ulong_only,PSNR,natural log(kbps),"PCHIP, extrapolate=False",92.22374999999998,712.1437500000001,valid,,100,"uniform natural log(kbps), inclusive endpoints",-0.23185441585254765,0.0,True,True,preserve measured local shape; no sorting of metric values or smoothing,higher_is_better,negative metric passed to unchanged lower-distortion comparator; reported equal-rate delta restored to original units,ulong,98881c99-ebda-4469-bbe4-0ee789ff217d,2
v62,ulong_only,SSIM,natural log(kbps),"PCHIP, extrapolate=False",92.22374999999998,712.1437500000001,valid,,100,"uniform natural log(kbps), inclusive endpoints",-0.001047839711180517,0.0,True,True,preserve measured local shape; no sorting of metric values or smoothing,higher_is_better,negative metric passed to unchanged lower-distortion comparator; reported equal-rate delta restored to original units,ulong,98881c99-ebda-4469-bbe4-0ee789ff217d,2
v62,ulong_only,MS_SSIM,natural log(kbps),"PCHIP, extrapolate=False",92.22374999999998,712.1437500000001,valid,,100,"uniform natural log(kbps), inclusive endpoints",-0.0005829752441481595,0.0,True,True,preserve measured local shape; no sorting of metric values or smoothing,higher_is_better,negative metric passed to unchanged lower-distortion comparator; reported equal-rate delta restored to original units,ulong,98881c99-ebda-4469-bbe4-0ee789ff217d,2
original,vimeo_only,LPIPS,natural log(kbps),"PCHIP, extrapolate=False",103.61250000000001,728.355,valid,,100,"uniform natural log(kbps), inclusive endpoints",0.0038864186999057414,0.0,True,True,preserve measured local shape; no sorting of metric values or smoothing,lower_is_better,none,ulong,98881c99-ebda-4469-bbe4-0ee789ff217d,2
original,vimeo_only,DISTS,natural log(kbps),"PCHIP, extrapolate=False",103.61250000000001,728.355,valid,,100,"uniform natural log(kbps), inclusive endpoints",0.010376607856582126,0.0,True,True,preserve measured local shape; no sorting of metric values or smoothing,lower_is_better,none,ulong,98881c99-ebda-4469-bbe4-0ee789ff217d,2
original,vimeo_only,FloLPIPS,natural log(kbps),"PCHIP, extrapolate=False",103.61250000000001,728.355,valid,,100,"uniform natural log(kbps), inclusive endpoints",0.005458367382467883,0.0,True,True,preserve measured local shape; no sorting of metric values or smoothing,lower_is_better,none,ulong,98881c99-ebda-4469-bbe4-0ee789ff217d,2
original,vimeo_only,PSNR,natural log(kbps),"PCHIP, extrapolate=False",103.61250000000001,728.355,valid,,100,"uniform natural log(kbps), inclusive endpoints",-1.2632465752004884,0.0,True,True,preserve measured local shape; no sorting of metric values or smoothing,higher_is_better,negative metric passed to unchanged lower-distortion comparator; reported equal-rate delta restored to original units,ulong,98881c99-ebda-4469-bbe4-0ee789ff217d,2
original,vimeo_only,SSIM,natural log(kbps),"PCHIP, extrapolate=False",103.61250000000001,728.355,valid,,100,"uniform natural log(kbps), inclusive endpoints",-0.004635310238362065,0.0,True,True,preserve measured local shape; no sorting of metric values or smoothing,higher_is_better,negative metric passed to unchanged lower-distortion comparator; reported equal-rate delta restored to original units,ulong,98881c99-ebda-4469-bbe4-0ee789ff217d,2
original,vimeo_only,MS_SSIM,natural log(kbps),"PCHIP, extrapolate=False",103.61250000000001,728.355,valid,,100,"uniform natural log(kbps), inclusive endpoints",-0.004485806045512389,0.0,True,True,preserve measured local shape; no sorting of metric values or smoothing,higher_is_better,negative metric passed to unchanged lower-distortion comparator; reported equal-rate delta restored to original units,ulong,98881c99-ebda-4469-bbe4-0ee789ff217d,2
v62,vimeo_only,LPIPS,natural log(kbps),"PCHIP, extrapolate=False",94.27125,718.155,valid,,100,"uniform natural log(kbps), inclusive endpoints",0.003884725237724431,0.0,True,True,preserve measured local shape; no sorting of metric values or smoothing,lower_is_better,none,ulong,98881c99-ebda-4469-bbe4-0ee789ff217d,2
v62,vimeo_only,DISTS,natural log(kbps),"PCHIP, extrapolate=False",94.27125,718.155,valid,,100,"uniform natural log(kbps), inclusive endpoints",0.0049679461350780885,0.0,True,True,preserve measured local shape; no sorting of metric values or smoothing,lower_is_better,none,ulong,98881c99-ebda-4469-bbe4-0ee789ff217d,2
v62,vimeo_only,FloLPIPS,natural log(kbps),"PCHIP, extrapolate=False",94.27125,718.155,valid,,100,"uniform natural log(kbps), inclusive endpoints",0.00439390871660829,0.0,True,True,preserve measured local shape; no sorting of metric values or smoothing,lower_is_better,none,ulong,98881c99-ebda-4469-bbe4-0ee789ff217d,2
v62,vimeo_only,PSNR,natural log(kbps),"PCHIP, extrapolate=False",94.27125,718.155,valid,,100,"uniform natural log(kbps), inclusive endpoints",-0.05944054682770918,0.0,True,True,preserve measured local shape; no sorting of metric values or smoothing,higher_is_better,negative metric passed to unchanged lower-distortion comparator; reported equal-rate delta restored to original units,ulong,98881c99-ebda-4469-bbe4-0ee789ff217d,2
v62,vimeo_only,SSIM,natural log(kbps),"PCHIP, extrapolate=False",94.27125,718.155,valid,,100,"uniform natural log(kbps), inclusive endpoints",-0.00016808612930169665,0.0,True,True,preserve measured local shape; no sorting of metric values or smoothing,higher_is_better,negative metric passed to unchanged lower-distortion comparator; reported equal-rate delta restored to original units,ulong,98881c99-ebda-4469-bbe4-0ee789ff217d,2
v62,vimeo_only,MS_SSIM,natural log(kbps),"PCHIP, extrapolate=False",94.27125,718.155,valid,,100,"uniform natural log(kbps), inclusive endpoints",-0.000426145910821033,0.0,True,True,preserve measured local shape; no sorting of metric values or smoothing,higher_is_better,negative metric passed to unchanged lower-distortion comparator; reported equal-rate delta restored to original units,ulong,98881c99-ebda-4469-bbe4-0ee789ff217d,2
original,mixed_50_50,LPIPS,natural log(kbps),"PCHIP, extrapolate=False",103.61250000000001,723.2212500000003,valid,,100,"uniform natural log(kbps), inclusive endpoints",0.0006236190227617449,0.4,True,True,preserve measured local shape; no sorting of metric values or smoothing,lower_is_better,none,ulong,98881c99-ebda-4469-bbe4-0ee789ff217d,2
original,mixed_50_50,DISTS,natural log(kbps),"PCHIP, extrapolate=False",103.61250000000001,723.2212500000003,valid,,100,"uniform natural log(kbps), inclusive endpoints",0.0061357171637664125,0.0,True,True,preserve measured local shape; no sorting of metric values or smoothing,lower_is_better,none,ulong,98881c99-ebda-4469-bbe4-0ee789ff217d,2
original,mixed_50_50,FloLPIPS,natural log(kbps),"PCHIP, extrapolate=False",103.61250000000001,723.2212500000003,valid,,100,"uniform natural log(kbps), inclusive endpoints",0.0015093147679043429,0.11,True,True,preserve measured local shape; no sorting of metric values or smoothing,lower_is_better,none,ulong,98881c99-ebda-4469-bbe4-0ee789ff217d,2
original,mixed_50_50,PSNR,natural log(kbps),"PCHIP, extrapolate=False",103.61250000000001,723.2212500000003,valid,,100,"uniform natural log(kbps), inclusive endpoints",-1.1342336773409523,0.0,True,True,preserve measured local shape; no sorting of metric values or smoothing,higher_is_better,negative metric passed to unchanged lower-distortion comparator; reported equal-rate delta restored to original units,ulong,98881c99-ebda-4469-bbe4-0ee789ff217d,2
original,mixed_50_50,SSIM,natural log(kbps),"PCHIP, extrapolate=False",103.61250000000001,723.2212500000003,valid,,100,"uniform natural log(kbps), inclusive endpoints",-0.003892717258610129,0.0,True,True,preserve measured local shape; no sorting of metric values or smoothing,higher_is_better,negative metric passed to unchanged lower-distortion comparator; reported equal-rate delta restored to original units,ulong,98881c99-ebda-4469-bbe4-0ee789ff217d,2
original,mixed_50_50,MS_SSIM,natural log(kbps),"PCHIP, extrapolate=False",103.61250000000001,723.2212500000003,valid,,100,"uniform natural log(kbps), inclusive endpoints",-0.0039006603123925565,0.0,True,True,preserve measured local shape; no sorting of metric values or smoothing,higher_is_better,negative metric passed to unchanged lower-distortion comparator; reported equal-rate delta restored to original units,ulong,98881c99-ebda-4469-bbe4-0ee789ff217d,2
v62,mixed_50_50,LPIPS,natural log(kbps),"PCHIP, extrapolate=False",93.17625000000002,718.155,valid,,100,"uniform natural log(kbps), inclusive endpoints",0.0006445514856574494,0.12,True,True,preserve measured local shape; no sorting of metric values or smoothing,lower_is_better,none,ulong,98881c99-ebda-4469-bbe4-0ee789ff217d,2
v62,mixed_50_50,DISTS,natural log(kbps),"PCHIP, extrapolate=False",93.17625000000002,718.155,valid,,100,"uniform natural log(kbps), inclusive endpoints",0.0007236806080801417,0.18,True,True,preserve measured local shape; no sorting of metric values or smoothing,lower_is_better,none,ulong,98881c99-ebda-4469-bbe4-0ee789ff217d,2
v62,mixed_50_50,FloLPIPS,natural log(kbps),"PCHIP, extrapolate=False",93.17625000000002,718.155,valid,,100,"uniform natural log(kbps), inclusive endpoints",0.0003112239405619721,0.28,True,True,preserve measured local shape; no sorting of metric values or smoothing,lower_is_better,none,ulong,98881c99-ebda-4469-bbe4-0ee789ff217d,2
v62,mixed_50_50,PSNR,natural log(kbps),"PCHIP, extrapolate=False",93.17625000000002,718.155,valid,,100,"uniform natural log(kbps), inclusive endpoints",0.06847698837650207,1.0,True,True,preserve measured local shape; no sorting of metric values or smoothing,higher_is_better,negative metric passed to unchanged lower-distortion comparator; reported equal-rate delta restored to original units,ulong,98881c99-ebda-4469-bbe4-0ee789ff217d,2
v62,mixed_50_50,SSIM,natural log(kbps),"PCHIP, extrapolate=False",93.17625000000002,718.155,valid,,100,"uniform natural log(kbps), inclusive endpoints",0.0005835315837336597,1.0,True,True,preserve measured local shape; no sorting of metric values or smoothing,higher_is_better,negative metric passed to unchanged lower-distortion comparator; reported equal-rate delta restored to original units,ulong,98881c99-ebda-4469-bbe4-0ee789ff217d,2
v62,mixed_50_50,MS_SSIM,natural log(kbps),"PCHIP, extrapolate=False",93.17625000000002,718.155,valid,,100,"uniform natural log(kbps), inclusive endpoints",0.00017298712475695587,0.87,True,True,preserve measured local shape; no sorting of metric values or smoothing,higher_is_better,negative metric passed to unchanged lower-distortion comparator; reported equal-rate delta restored to original units,ulong,98881c99-ebda-4469-bbe4-0ee789ff217d,2
original,ulong_only,LPIPS,natural log(kbps),"PCHIP, extrapolate=False",79.34249999999999,663.9900000000002,valid,,100,"uniform natural log(kbps), inclusive endpoints",-0.052969803408400296,1.0,True,True,preserve measured local shape; no sorting of metric values or smoothing,lower_is_better,none,ulong,3ed03b37-46cd-442c-a790-29fd5ed72122,3
original,ulong_only,DISTS,natural log(kbps),"PCHIP, extrapolate=False",79.34249999999999,663.9900000000002,valid,,100,"uniform natural log(kbps), inclusive endpoints",0.00905640406394157,0.02,False,True,preserve measured local shape; no sorting of metric values or smoothing,lower_is_better,none,ulong,3ed03b37-46cd-442c-a790-29fd5ed72122,3
original,ulong_only,FloLPIPS,natural log(kbps),"PCHIP, extrapolate=False",79.34249999999999,663.9900000000002,valid,,100,"uniform natural log(kbps), inclusive endpoints",-0.04564945679279051,1.0,False,True,preserve measured local shape; no sorting of metric values or smoothing,lower_is_better,none,ulong,3ed03b37-46cd-442c-a790-29fd5ed72122,3
original,ulong_only,PSNR,natural log(kbps),"PCHIP, extrapolate=False",79.34249999999999,663.9900000000002,valid,,100,"uniform natural log(kbps), inclusive endpoints",-0.47188118816065583,0.0,True,True,preserve measured local shape; no sorting of metric values or smoothing,higher_is_better,negative metric passed to unchanged lower-distortion comparator; reported equal-rate delta restored to original units,ulong,3ed03b37-46cd-442c-a790-29fd5ed72122,3
original,ulong_only,SSIM,natural log(kbps),"PCHIP, extrapolate=False",79.34249999999999,663.9900000000002,valid,,100,"uniform natural log(kbps), inclusive endpoints",-0.004018363136833507,0.0,True,True,preserve measured local shape; no sorting of metric values or smoothing,higher_is_better,negative metric passed to unchanged lower-distortion comparator; reported equal-rate delta restored to original units,ulong,3ed03b37-46cd-442c-a790-29fd5ed72122,3
original,ulong_only,MS_SSIM,natural log(kbps),"PCHIP, extrapolate=False",79.34249999999999,663.9900000000002,valid,,100,"uniform natural log(kbps), inclusive endpoints",-0.010577253693748654,0.0,True,True,preserve measured local shape; no sorting of metric values or smoothing,higher_is_better,negative metric passed to unchanged lower-distortion comparator; reported equal-rate delta restored to original units,ulong,3ed03b37-46cd-442c-a790-29fd5ed72122,3
v62,ulong_only,LPIPS,natural log(kbps),"PCHIP, extrapolate=False",74.95499999999998,663.9900000000002,valid,,100,"uniform natural log(kbps), inclusive endpoints",0.0023028678927587572,0.0,True,True,preserve measured local shape; no sorting of metric values or smoothing,lower_is_better,none,ulong,3ed03b37-46cd-442c-a790-29fd5ed72122,3
v62,ulong_only,DISTS,natural log(kbps),"PCHIP, extrapolate=False",74.95499999999998,663.9900000000002,valid,,100,"uniform natural log(kbps), inclusive endpoints",0.0058709705307852635,0.0,True,True,preserve measured local shape; no sorting of metric values or smoothing,lower_is_better,none,ulong,3ed03b37-46cd-442c-a790-29fd5ed72122,3
v62,ulong_only,FloLPIPS,natural log(kbps),"PCHIP, extrapolate=False",74.95499999999998,663.9900000000002,valid,,100,"uniform natural log(kbps), inclusive endpoints",-0.002572845621687771,0.9,True,True,preserve measured local shape; no sorting of metric values or smoothing,lower_is_better,none,ulong,3ed03b37-46cd-442c-a790-29fd5ed72122,3
v62,ulong_only,PSNR,natural log(kbps),"PCHIP, extrapolate=False",74.95499999999998,663.9900000000002,valid,,100,"uniform natural log(kbps), inclusive endpoints",-0.20896392467390001,0.0,True,True,preserve measured local shape; no sorting of metric values or smoothing,higher_is_better,negative metric passed to unchanged lower-distortion comparator; reported equal-rate delta restored to original units,ulong,3ed03b37-46cd-442c-a790-29fd5ed72122,3
v62,ulong_only,SSIM,natural log(kbps),"PCHIP, extrapolate=False",74.95499999999998,663.9900000000002,valid,,100,"uniform natural log(kbps), inclusive endpoints",-0.0015185899825989125,0.0,True,True,preserve measured local shape; no sorting of metric values or smoothing,higher_is_better,negative metric passed to unchanged lower-distortion comparator; reported equal-rate delta restored to original units,ulong,3ed03b37-46cd-442c-a790-29fd5ed72122,3
v62,ulong_only,MS_SSIM,natural log(kbps),"PCHIP, extrapolate=False",74.95499999999998,663.9900000000002,valid,,100,"uniform natural log(kbps), inclusive endpoints",-0.0011674856139552703,0.0,True,True,preserve measured local shape; no sorting of metric values or smoothing,higher_is_better,negative metric passed to unchanged lower-distortion comparator; reported equal-rate delta restored to original units,ulong,3ed03b37-46cd-442c-a790-29fd5ed72122,3
original,vimeo_only,LPIPS,natural log(kbps),"PCHIP, extrapolate=False",79.34249999999999,669.21,valid,,100,"uniform natural log(kbps), inclusive endpoints",-0.029402779174944653,1.0,True,True,preserve measured local shape; no sorting of metric values or smoothing,lower_is_better,none,ulong,3ed03b37-46cd-442c-a790-29fd5ed72122,3
original,vimeo_only,DISTS,natural log(kbps),"PCHIP, extrapolate=False",79.34249999999999,669.21,valid,,100,"uniform natural log(kbps), inclusive endpoints",0.021992585477775765,0.03,False,False,preserve measured local shape; no sorting of metric values or smoothing,lower_is_better,none,ulong,3ed03b37-46cd-442c-a790-29fd5ed72122,3
original,vimeo_only,FloLPIPS,natural log(kbps),"PCHIP, extrapolate=False",79.34249999999999,669.21,valid,,100,"uniform natural log(kbps), inclusive endpoints",-0.006436157508844773,0.97,False,True,preserve measured local shape; no sorting of metric values or smoothing,lower_is_better,none,ulong,3ed03b37-46cd-442c-a790-29fd5ed72122,3
original,vimeo_only,PSNR,natural log(kbps),"PCHIP, extrapolate=False",79.34249999999999,669.21,valid,,100,"uniform natural log(kbps), inclusive endpoints",-0.18026557883821684,0.0,True,True,preserve measured local shape; no sorting of metric values or smoothing,higher_is_better,negative metric passed to unchanged lower-distortion comparator; reported equal-rate delta restored to original units,ulong,3ed03b37-46cd-442c-a790-29fd5ed72122,3
original,vimeo_only,SSIM,natural log(kbps),"PCHIP, extrapolate=False",79.34249999999999,669.21,valid,,100,"uniform natural log(kbps), inclusive endpoints",-0.0010028698355435972,0.02,True,True,preserve measured local shape; no sorting of metric values or smoothing,higher_is_better,negative metric passed to unchanged lower-distortion comparator; reported equal-rate delta restored to original units,ulong,3ed03b37-46cd-442c-a790-29fd5ed72122,3
original,vimeo_only,MS_SSIM,natural log(kbps),"PCHIP, extrapolate=False",79.34249999999999,669.21,valid,,100,"uniform natural log(kbps), inclusive endpoints",-0.016303817811958003,0.0,True,True,preserve measured local shape; no sorting of metric values or smoothing,higher_is_better,negative metric passed to unchanged lower-distortion comparator; reported equal-rate delta restored to original units,ulong,3ed03b37-46cd-442c-a790-29fd5ed72122,3
v62,vimeo_only,LPIPS,natural log(kbps),"PCHIP, extrapolate=False",75.97875,665.2874999999998,valid,,100,"uniform natural log(kbps), inclusive endpoints",0.0257551806981864,0.0,True,True,preserve measured local shape; no sorting of metric values or smoothing,lower_is_better,none,ulong,3ed03b37-46cd-442c-a790-29fd5ed72122,3
v62,vimeo_only,DISTS,natural log(kbps),"PCHIP, extrapolate=False",75.97875,665.2874999999998,valid,,100,"uniform natural log(kbps), inclusive endpoints",0.018534285292830507,0.01,True,False,preserve measured local shape; no sorting of metric values or smoothing,lower_is_better,none,ulong,3ed03b37-46cd-442c-a790-29fd5ed72122,3
v62,vimeo_only,FloLPIPS,natural log(kbps),"PCHIP, extrapolate=False",75.97875,665.2874999999998,valid,,100,"uniform natural log(kbps), inclusive endpoints",0.036568911586327336,0.0,True,True,preserve measured local shape; no sorting of metric values or smoothing,lower_is_better,none,ulong,3ed03b37-46cd-442c-a790-29fd5ed72122,3
v62,vimeo_only,PSNR,natural log(kbps),"PCHIP, extrapolate=False",75.97875,665.2874999999998,valid,,100,"uniform natural log(kbps), inclusive endpoints",0.08177854503889162,1.0,True,True,preserve measured local shape; no sorting of metric values or smoothing,higher_is_better,negative metric passed to unchanged lower-distortion comparator; reported equal-rate delta restored to original units,ulong,3ed03b37-46cd-442c-a790-29fd5ed72122,3
v62,vimeo_only,SSIM,natural log(kbps),"PCHIP, extrapolate=False",75.97875,665.2874999999998,valid,,100,"uniform natural log(kbps), inclusive endpoints",0.001515146222634235,1.0,True,True,preserve measured local shape; no sorting of metric values or smoothing,higher_is_better,negative metric passed to unchanged lower-distortion comparator; reported equal-rate delta restored to original units,ulong,3ed03b37-46cd-442c-a790-29fd5ed72122,3
v62,vimeo_only,MS_SSIM,natural log(kbps),"PCHIP, extrapolate=False",75.97875,665.2874999999998,valid,,100,"uniform natural log(kbps), inclusive endpoints",-0.006923758984557977,0.0,True,True,preserve measured local shape; no sorting of metric values or smoothing,higher_is_better,negative metric passed to unchanged lower-distortion comparator; reported equal-rate delta restored to original units,ulong,3ed03b37-46cd-442c-a790-29fd5ed72122,3
original,mixed_50_50,LPIPS,natural log(kbps),"PCHIP, extrapolate=False",79.34249999999999,668.0212500000001,valid,,100,"uniform natural log(kbps), inclusive endpoints",-0.04931088185334688,1.0,True,True,preserve measured local shape; no sorting of metric values or smoothing,lower_is_better,none,ulong,3ed03b37-46cd-442c-a790-29fd5ed72122,3
original,mixed_50_50,DISTS,natural log(kbps),"PCHIP, extrapolate=False",79.34249999999999,668.0212500000001,valid,,100,"uniform natural log(kbps), inclusive endpoints",0.009592738109726422,0.01,False,True,preserve measured local shape; no sorting of metric values or smoothing,lower_is_better,none,ulong,3ed03b37-46cd-442c-a790-29fd5ed72122,3
original,mixed_50_50,FloLPIPS,natural log(kbps),"PCHIP, extrapolate=False",79.34249999999999,668.0212500000001,valid,,100,"uniform natural log(kbps), inclusive endpoints",-0.034947612195640264,1.0,False,True,preserve measured local shape; no sorting of metric values or smoothing,lower_is_better,none,ulong,3ed03b37-46cd-442c-a790-29fd5ed72122,3
original,mixed_50_50,PSNR,natural log(kbps),"PCHIP, extrapolate=False",79.34249999999999,668.0212500000001,valid,,100,"uniform natural log(kbps), inclusive endpoints",-0.39508419313666904,0.0,True,True,preserve measured local shape; no sorting of metric values or smoothing,higher_is_better,negative metric passed to unchanged lower-distortion comparator; reported equal-rate delta restored to original units,ulong,3ed03b37-46cd-442c-a790-29fd5ed72122,3
original,mixed_50_50,SSIM,natural log(kbps),"PCHIP, extrapolate=False",79.34249999999999,668.0212500000001,valid,,100,"uniform natural log(kbps), inclusive endpoints",-0.0030983821321119744,0.0,True,True,preserve measured local shape; no sorting of metric values or smoothing,higher_is_better,negative metric passed to unchanged lower-distortion comparator; reported equal-rate delta restored to original units,ulong,3ed03b37-46cd-442c-a790-29fd5ed72122,3
original,mixed_50_50,MS_SSIM,natural log(kbps),"PCHIP, extrapolate=False",79.34249999999999,668.0212500000001,valid,,100,"uniform natural log(kbps), inclusive endpoints",-0.012934707726288202,0.0,True,True,preserve measured local shape; no sorting of metric values or smoothing,higher_is_better,negative metric passed to unchanged lower-distortion comparator; reported equal-rate delta restored to original units,ulong,3ed03b37-46cd-442c-a790-29fd5ed72122,3
v62,mixed_50_50,LPIPS,natural log(kbps),"PCHIP, extrapolate=False",75.57749999999999,665.2874999999998,valid,,100,"uniform natural log(kbps), inclusive endpoints",0.005951175909961363,0.0,True,True,preserve measured local shape; no sorting of metric values or smoothing,lower_is_better,none,ulong,3ed03b37-46cd-442c-a790-29fd5ed72122,3
v62,mixed_50_50,DISTS,natural log(kbps),"PCHIP, extrapolate=False",75.57749999999999,665.2874999999998,valid,,100,"uniform natural log(kbps), inclusive endpoints",0.006456981155292507,0.0,True,True,preserve measured local shape; no sorting of metric values or smoothing,lower_is_better,none,ulong,3ed03b37-46cd-442c-a790-29fd5ed72122,3
v62,mixed_50_50,FloLPIPS,natural log(kbps),"PCHIP, extrapolate=False",75.57749999999999,665.2874999999998,valid,,100,"uniform natural log(kbps), inclusive endpoints",0.008216799913848325,0.0,True,True,preserve measured local shape; no sorting of metric values or smoothing,lower_is_better,none,ulong,3ed03b37-46cd-442c-a790-29fd5ed72122,3
v62,mixed_50_50,PSNR,natural log(kbps),"PCHIP, extrapolate=False",75.57749999999999,665.2874999999998,valid,,100,"uniform natural log(kbps), inclusive endpoints",-0.13208232629999334,0.0,True,True,preserve measured local shape; no sorting of metric values or smoothing,higher_is_better,negative metric passed to unchanged lower-distortion comparator; reported equal-rate delta restored to original units,ulong,3ed03b37-46cd-442c-a790-29fd5ed72122,3
v62,mixed_50_50,SSIM,natural log(kbps),"PCHIP, extrapolate=False",75.57749999999999,665.2874999999998,valid,,100,"uniform natural log(kbps), inclusive endpoints",-0.0005967413840804236,0.0,True,True,preserve measured local shape; no sorting of metric values or smoothing,higher_is_better,negative metric passed to unchanged lower-distortion comparator; reported equal-rate delta restored to original units,ulong,3ed03b37-46cd-442c-a790-29fd5ed72122,3
v62,mixed_50_50,MS_SSIM,natural log(kbps),"PCHIP, extrapolate=False",75.57749999999999,665.2874999999998,valid,,100,"uniform natural log(kbps), inclusive endpoints",-0.003602442103049894,0.0,True,True,preserve measured local shape; no sorting of metric values or smoothing,higher_is_better,negative metric passed to unchanged lower-distortion comparator; reported equal-rate delta restored to original units,ulong,3ed03b37-46cd-442c-a790-29fd5ed72122,3
original,ulong_only,LPIPS,natural log(kbps),"PCHIP, extrapolate=False",130.61625,1128.4200000000003,valid,,100,"uniform natural log(kbps), inclusive endpoints",-0.01606130170650487,1.0,True,True,preserve measured local shape; no sorting of metric values or smoothing,lower_is_better,none,ulong,ce6f8354-ba57-487f-9f25-1b1271db4511,4
original,ulong_only,DISTS,natural log(kbps),"PCHIP, extrapolate=False",130.61625,1128.4200000000003,valid,,100,"uniform natural log(kbps), inclusive endpoints",-0.013949057194278351,1.0,True,True,preserve measured local shape; no sorting of metric values or smoothing,lower_is_better,none,ulong,ce6f8354-ba57-487f-9f25-1b1271db4511,4
original,ulong_only,FloLPIPS,natural log(kbps),"PCHIP, extrapolate=False",130.61625,1128.4200000000003,valid,,100,"uniform natural log(kbps), inclusive endpoints",-0.013117383584938653,1.0,True,True,preserve measured local shape; no sorting of metric values or smoothing,lower_is_better,none,ulong,ce6f8354-ba57-487f-9f25-1b1271db4511,4
original,ulong_only,PSNR,natural log(kbps),"PCHIP, extrapolate=False",130.61625,1128.4200000000003,valid,,100,"uniform natural log(kbps), inclusive endpoints",-1.7973812780547904,0.0,True,True,preserve measured local shape; no sorting of metric values or smoothing,higher_is_better,negative metric passed to unchanged lower-distortion comparator; reported equal-rate delta restored to original units,ulong,ce6f8354-ba57-487f-9f25-1b1271db4511,4
original,ulong_only,SSIM,natural log(kbps),"PCHIP, extrapolate=False",130.61625,1128.4200000000003,valid,,100,"uniform natural log(kbps), inclusive endpoints",-0.015518261966265452,0.0,True,True,preserve measured local shape; no sorting of metric values or smoothing,higher_is_better,negative metric passed to unchanged lower-distortion comparator; reported equal-rate delta restored to original units,ulong,ce6f8354-ba57-487f-9f25-1b1271db4511,4
original,ulong_only,MS_SSIM,natural log(kbps),"PCHIP, extrapolate=False",130.61625,1128.4200000000003,valid,,100,"uniform natural log(kbps), inclusive endpoints",-0.0023209562096377246,0.0,True,True,preserve measured local shape; no sorting of metric values or smoothing,higher_is_better,negative metric passed to unchanged lower-distortion comparator; reported equal-rate delta restored to original units,ulong,ce6f8354-ba57-487f-9f25-1b1271db4511,4
v62,ulong_only,LPIPS,natural log(kbps),"PCHIP, extrapolate=False",93.08249999999997,1128.4200000000003,valid,,100,"uniform natural log(kbps), inclusive endpoints",-0.0010616405534519216,0.99,True,True,preserve measured local shape; no sorting of metric values or smoothing,lower_is_better,none,ulong,ce6f8354-ba57-487f-9f25-1b1271db4511,4
v62,ulong_only,DISTS,natural log(kbps),"PCHIP, extrapolate=False",93.08249999999997,1128.4200000000003,valid,,100,"uniform natural log(kbps), inclusive endpoints",0.002002459241215998,0.17,True,True,preserve measured local shape; no sorting of metric values or smoothing,lower_is_better,none,ulong,ce6f8354-ba57-487f-9f25-1b1271db4511,4
v62,ulong_only,FloLPIPS,natural log(kbps),"PCHIP, extrapolate=False",93.08249999999997,1128.4200000000003,valid,,100,"uniform natural log(kbps), inclusive endpoints",-0.0017543640818443512,1.0,True,True,preserve measured local shape; no sorting of metric values or smoothing,lower_is_better,none,ulong,ce6f8354-ba57-487f-9f25-1b1271db4511,4
v62,ulong_only,PSNR,natural log(kbps),"PCHIP, extrapolate=False",93.08249999999997,1128.4200000000003,valid,,100,"uniform natural log(kbps), inclusive endpoints",-0.36588487271253056,0.0,True,True,preserve measured local shape; no sorting of metric values or smoothing,higher_is_better,negative metric passed to unchanged lower-distortion comparator; reported equal-rate delta restored to original units,ulong,ce6f8354-ba57-487f-9f25-1b1271db4511,4
v62,ulong_only,SSIM,natural log(kbps),"PCHIP, extrapolate=False",93.08249999999997,1128.4200000000003,valid,,100,"uniform natural log(kbps), inclusive endpoints",-0.0041761911264154095,0.0,True,True,preserve measured local shape; no sorting of metric values or smoothing,higher_is_better,negative metric passed to unchanged lower-distortion comparator; reported equal-rate delta restored to original units,ulong,ce6f8354-ba57-487f-9f25-1b1271db4511,4
v62,ulong_only,MS_SSIM,natural log(kbps),"PCHIP, extrapolate=False",93.08249999999997,1128.4200000000003,valid,,100,"uniform natural log(kbps), inclusive endpoints",-6.144461255766398e-05,0.29,True,True,preserve measured local shape; no sorting of metric values or smoothing,higher_is_better,negative metric passed to unchanged lower-distortion comparator; reported equal-rate delta restored to original units,ulong,ce6f8354-ba57-487f-9f25-1b1271db4511,4
original,vimeo_only,LPIPS,natural log(kbps),"PCHIP, extrapolate=False",130.61625,1178.8312500000002,valid,,100,"uniform natural log(kbps), inclusive endpoints",-0.00963974028990375,1.0,True,True,preserve measured local shape; no sorting of metric values or smoothing,lower_is_better,none,ulong,ce6f8354-ba57-487f-9f25-1b1271db4511,4
original,vimeo_only,DISTS,natural log(kbps),"PCHIP, extrapolate=False",130.61625,1178.8312500000002,valid,,100,"uniform natural log(kbps), inclusive endpoints",-0.011023309229516465,1.0,True,True,preserve measured local shape; no sorting of metric values or smoothing,lower_is_better,none,ulong,ce6f8354-ba57-487f-9f25-1b1271db4511,4
original,vimeo_only,FloLPIPS,natural log(kbps),"PCHIP, extrapolate=False",130.61625,1178.8312500000002,valid,,100,"uniform natural log(kbps), inclusive endpoints",-0.008620070452746282,1.0,True,True,preserve measured local shape; no sorting of metric values or smoothing,lower_is_better,none,ulong,ce6f8354-ba57-487f-9f25-1b1271db4511,4
original,vimeo_only,PSNR,natural log(kbps),"PCHIP, extrapolate=False",130.61625,1178.8312500000002,valid,,100,"uniform natural log(kbps), inclusive endpoints",-1.0688104121088242,0.0,True,True,preserve measured local shape; no sorting of metric values or smoothing,higher_is_better,negative metric passed to unchanged lower-distortion comparator; reported equal-rate delta restored to original units,ulong,ce6f8354-ba57-487f-9f25-1b1271db4511,4
original,vimeo_only,SSIM,natural log(kbps),"PCHIP, extrapolate=False",130.61625,1178.8312500000002,valid,,100,"uniform natural log(kbps), inclusive endpoints",-0.008051300205507931,0.0,True,True,preserve measured local shape; no sorting of metric values or smoothing,higher_is_better,negative metric passed to unchanged lower-distortion comparator; reported equal-rate delta restored to original units,ulong,ce6f8354-ba57-487f-9f25-1b1271db4511,4
original,vimeo_only,MS_SSIM,natural log(kbps),"PCHIP, extrapolate=False",130.61625,1178.8312500000002,valid,,100,"uniform natural log(kbps), inclusive endpoints",-0.0007765783224565926,0.14,True,True,preserve measured local shape; no sorting of metric values or smoothing,higher_is_better,negative metric passed to unchanged lower-distortion comparator; reported equal-rate delta restored to original units,ulong,ce6f8354-ba57-487f-9f25-1b1271db4511,4
v62,vimeo_only,LPIPS,natural log(kbps),"PCHIP, extrapolate=False",96.33750000000003,1141.95,valid,,100,"uniform natural log(kbps), inclusive endpoints",0.005242903594684401,0.0,True,True,preserve measured local shape; no sorting of metric values or smoothing,lower_is_better,none,ulong,ce6f8354-ba57-487f-9f25-1b1271db4511,4
v62,vimeo_only,DISTS,natural log(kbps),"PCHIP, extrapolate=False",96.33750000000003,1141.95,valid,,100,"uniform natural log(kbps), inclusive endpoints",0.0043666543307104635,0.0,True,True,preserve measured local shape; no sorting of metric values or smoothing,lower_is_better,none,ulong,ce6f8354-ba57-487f-9f25-1b1271db4511,4
v62,vimeo_only,FloLPIPS,natural log(kbps),"PCHIP, extrapolate=False",96.33750000000003,1141.95,valid,,100,"uniform natural log(kbps), inclusive endpoints",0.002842711559404396,0.0,True,True,preserve measured local shape; no sorting of metric values or smoothing,lower_is_better,none,ulong,ce6f8354-ba57-487f-9f25-1b1271db4511,4
v62,vimeo_only,PSNR,natural log(kbps),"PCHIP, extrapolate=False",96.33750000000003,1141.95,valid,,100,"uniform natural log(kbps), inclusive endpoints",0.3643301205386573,1.0,True,True,preserve measured local shape; no sorting of metric values or smoothing,higher_is_better,negative metric passed to unchanged lower-distortion comparator; reported equal-rate delta restored to original units,ulong,ce6f8354-ba57-487f-9f25-1b1271db4511,4
v62,vimeo_only,SSIM,natural log(kbps),"PCHIP, extrapolate=False",96.33750000000003,1141.95,valid,,100,"uniform natural log(kbps), inclusive endpoints",0.003519271133651789,1.0,True,True,preserve measured local shape; no sorting of metric values or smoothing,higher_is_better,negative metric passed to unchanged lower-distortion comparator; reported equal-rate delta restored to original units,ulong,ce6f8354-ba57-487f-9f25-1b1271db4511,4
v62,vimeo_only,MS_SSIM,natural log(kbps),"PCHIP, extrapolate=False",96.33750000000003,1141.95,valid,,100,"uniform natural log(kbps), inclusive endpoints",0.0015434456204911251,1.0,True,True,preserve measured local shape; no sorting of metric values or smoothing,higher_is_better,negative metric passed to unchanged lower-distortion comparator; reported equal-rate delta restored to original units,ulong,ce6f8354-ba57-487f-9f25-1b1271db4511,4
original,mixed_50_50,LPIPS,natural log(kbps),"PCHIP, extrapolate=False",130.61625,1151.6362499999998,valid,,100,"uniform natural log(kbps), inclusive endpoints",-0.015345456267143176,1.0,True,True,preserve measured local shape; no sorting of metric values or smoothing,lower_is_better,none,ulong,ce6f8354-ba57-487f-9f25-1b1271db4511,4
original,mixed_50_50,DISTS,natural log(kbps),"PCHIP, extrapolate=False",130.61625,1151.6362499999998,valid,,100,"uniform natural log(kbps), inclusive endpoints",-0.016234068195878665,1.0,True,True,preserve measured local shape; no sorting of metric values or smoothing,lower_is_better,none,ulong,ce6f8354-ba57-487f-9f25-1b1271db4511,4
original,mixed_50_50,FloLPIPS,natural log(kbps),"PCHIP, extrapolate=False",130.61625,1151.6362499999998,valid,,100,"uniform natural log(kbps), inclusive endpoints",-0.0117880899178801,1.0,True,True,preserve measured local shape; no sorting of metric values or smoothing,lower_is_better,none,ulong,ce6f8354-ba57-487f-9f25-1b1271db4511,4
original,mixed_50_50,PSNR,natural log(kbps),"PCHIP, extrapolate=False",130.61625,1151.6362499999998,valid,,100,"uniform natural log(kbps), inclusive endpoints",-1.088555522315961,0.0,True,True,preserve measured local shape; no sorting of metric values or smoothing,higher_is_better,negative metric passed to unchanged lower-distortion comparator; reported equal-rate delta restored to original units,ulong,ce6f8354-ba57-487f-9f25-1b1271db4511,4
original,mixed_50_50,SSIM,natural log(kbps),"PCHIP, extrapolate=False",130.61625,1151.6362499999998,valid,,100,"uniform natural log(kbps), inclusive endpoints",-0.008110765056319249,0.0,True,True,preserve measured local shape; no sorting of metric values or smoothing,higher_is_better,negative metric passed to unchanged lower-distortion comparator; reported equal-rate delta restored to original units,ulong,ce6f8354-ba57-487f-9f25-1b1271db4511,4
original,mixed_50_50,MS_SSIM,natural log(kbps),"PCHIP, extrapolate=False",130.61625,1151.6362499999998,valid,,100,"uniform natural log(kbps), inclusive endpoints",-0.001536488071500648,0.0,True,True,preserve measured local shape; no sorting of metric values or smoothing,higher_is_better,negative metric passed to unchanged lower-distortion comparator; reported equal-rate delta restored to original units,ulong,ce6f8354-ba57-487f-9f25-1b1271db4511,4
v62,mixed_50_50,LPIPS,natural log(kbps),"PCHIP, extrapolate=False",96.33374999999998,1141.95,valid,,100,"uniform natural log(kbps), inclusive endpoints",-0.00030627638893335315,0.86,True,True,preserve measured local shape; no sorting of metric values or smoothing,lower_is_better,none,ulong,ce6f8354-ba57-487f-9f25-1b1271db4511,4
v62,mixed_50_50,DISTS,natural log(kbps),"PCHIP, extrapolate=False",96.33374999999998,1141.95,valid,,100,"uniform natural log(kbps), inclusive endpoints",-0.0005994253137713277,0.55,True,True,preserve measured local shape; no sorting of metric values or smoothing,lower_is_better,none,ulong,ce6f8354-ba57-487f-9f25-1b1271db4511,4
v62,mixed_50_50,FloLPIPS,natural log(kbps),"PCHIP, extrapolate=False",96.33374999999998,1141.95,valid,,100,"uniform natural log(kbps), inclusive endpoints",-0.00022671081346198663,0.8,True,True,preserve measured local shape; no sorting of metric values or smoothing,lower_is_better,none,ulong,ce6f8354-ba57-487f-9f25-1b1271db4511,4
v62,mixed_50_50,PSNR,natural log(kbps),"PCHIP, extrapolate=False",96.33374999999998,1141.95,valid,,100,"uniform natural log(kbps), inclusive endpoints",0.35287554972978236,1.0,True,True,preserve measured local shape; no sorting of metric values or smoothing,higher_is_better,negative metric passed to unchanged lower-distortion comparator; reported equal-rate delta restored to original units,ulong,ce6f8354-ba57-487f-9f25-1b1271db4511,4
v62,mixed_50_50,SSIM,natural log(kbps),"PCHIP, extrapolate=False",96.33374999999998,1141.95,valid,,100,"uniform natural log(kbps), inclusive endpoints",0.003554071327302277,1.0,True,True,preserve measured local shape; no sorting of metric values or smoothing,higher_is_better,negative metric passed to unchanged lower-distortion comparator; reported equal-rate delta restored to original units,ulong,ce6f8354-ba57-487f-9f25-1b1271db4511,4
v62,mixed_50_50,MS_SSIM,natural log(kbps),"PCHIP, extrapolate=False",96.33374999999998,1141.95,valid,,100,"uniform natural log(kbps), inclusive endpoints",0.0007733260259635966,1.0,True,True,preserve measured local shape; no sorting of metric values or smoothing,higher_is_better,negative metric passed to unchanged lower-distortion comparator; reported equal-rate delta restored to original units,ulong,ce6f8354-ba57-487f-9f25-1b1271db4511,4
original,ulong_only,LPIPS,natural log(kbps),"PCHIP, extrapolate=False",71.71874999999999,515.0249999999997,valid,,100,"uniform natural log(kbps), inclusive endpoints",-0.04306532772007779,1.0,True,True,preserve measured local shape; no sorting of metric values or smoothing,lower_is_better,none,ulong,259bf3b4-4af4-4e1a-af3e-4b7df23dc061,5
original,ulong_only,DISTS,natural log(kbps),"PCHIP, extrapolate=False",71.71874999999999,515.0249999999997,valid,,100,"uniform natural log(kbps), inclusive endpoints",-0.004689927271250129,0.99,False,False,preserve measured local shape; no sorting of metric values or smoothing,lower_is_better,none,ulong,259bf3b4-4af4-4e1a-af3e-4b7df23dc061,5
original,ulong_only,FloLPIPS,natural log(kbps),"PCHIP, extrapolate=False",71.71874999999999,515.0249999999997,valid,,100,"uniform natural log(kbps), inclusive endpoints",-0.03750664379838323,1.0,True,True,preserve measured local shape; no sorting of metric values or smoothing,lower_is_better,none,ulong,259bf3b4-4af4-4e1a-af3e-4b7df23dc061,5
original,ulong_only,PSNR,natural log(kbps),"PCHIP, extrapolate=False",71.71874999999999,515.0249999999997,valid,,100,"uniform natural log(kbps), inclusive endpoints",-0.7871942037754859,0.0,True,True,preserve measured local shape; no sorting of metric values or smoothing,higher_is_better,negative metric passed to unchanged lower-distortion comparator; reported equal-rate delta restored to original units,ulong,259bf3b4-4af4-4e1a-af3e-4b7df23dc061,5
original,ulong_only,SSIM,natural log(kbps),"PCHIP, extrapolate=False",71.71874999999999,515.0249999999997,valid,,100,"uniform natural log(kbps), inclusive endpoints",-0.006679654448129517,0.0,True,True,preserve measured local shape; no sorting of metric values or smoothing,higher_is_better,negative metric passed to unchanged lower-distortion comparator; reported equal-rate delta restored to original units,ulong,259bf3b4-4af4-4e1a-af3e-4b7df23dc061,5
original,ulong_only,MS_SSIM,natural log(kbps),"PCHIP, extrapolate=False",71.71874999999999,515.0249999999997,valid,,100,"uniform natural log(kbps), inclusive endpoints",-0.008964692575749724,0.0,True,True,preserve measured local shape; no sorting of metric values or smoothing,higher_is_better,negative metric passed to unchanged lower-distortion comparator; reported equal-rate delta restored to original units,ulong,259bf3b4-4af4-4e1a-af3e-4b7df23dc061,5
v62,ulong_only,LPIPS,natural log(kbps),"PCHIP, extrapolate=False",66.96375000000002,515.0249999999997,valid,,100,"uniform natural log(kbps), inclusive endpoints",0.0014651316793631694,0.01,True,True,preserve measured local shape; no sorting of metric values or smoothing,lower_is_better,none,ulong,259bf3b4-4af4-4e1a-af3e-4b7df23dc061,5
v62,ulong_only,DISTS,natural log(kbps),"PCHIP, extrapolate=False",66.96375000000002,515.0249999999997,valid,,100,"uniform natural log(kbps), inclusive endpoints",0.00419477275020148,0.09,False,False,preserve measured local shape; no sorting of metric values or smoothing,lower_is_better,none,ulong,259bf3b4-4af4-4e1a-af3e-4b7df23dc061,5
v62,ulong_only,FloLPIPS,natural log(kbps),"PCHIP, extrapolate=False",66.96375000000002,515.0249999999997,valid,,100,"uniform natural log(kbps), inclusive endpoints",0.0009858161160638309,0.02,True,True,preserve measured local shape; no sorting of metric values or smoothing,lower_is_better,none,ulong,259bf3b4-4af4-4e1a-af3e-4b7df23dc061,5
v62,ulong_only,PSNR,natural log(kbps),"PCHIP, extrapolate=False",66.96375000000002,515.0249999999997,valid,,100,"uniform natural log(kbps), inclusive endpoints",-0.11347664167046463,0.0,True,True,preserve measured local shape; no sorting of metric values or smoothing,higher_is_better,negative metric passed to unchanged lower-distortion comparator; reported equal-rate delta restored to original units,ulong,259bf3b4-4af4-4e1a-af3e-4b7df23dc061,5
v62,ulong_only,SSIM,natural log(kbps),"PCHIP, extrapolate=False",66.96375000000002,515.0249999999997,valid,,100,"uniform natural log(kbps), inclusive endpoints",-0.000591046309729143,0.0,True,True,preserve measured local shape; no sorting of metric values or smoothing,higher_is_better,negative metric passed to unchanged lower-distortion comparator; reported equal-rate delta restored to original units,ulong,259bf3b4-4af4-4e1a-af3e-4b7df23dc061,5
v62,ulong_only,MS_SSIM,natural log(kbps),"PCHIP, extrapolate=False",66.96375000000002,515.0249999999997,valid,,100,"uniform natural log(kbps), inclusive endpoints",-0.00022621059357098128,0.29,True,True,preserve measured local shape; no sorting of metric values or smoothing,higher_is_better,negative metric passed to unchanged lower-distortion comparator; reported equal-rate delta restored to original units,ulong,259bf3b4-4af4-4e1a-af3e-4b7df23dc061,5
original,vimeo_only,LPIPS,natural log(kbps),"PCHIP, extrapolate=False",71.71874999999999,519.5100000000002,valid,,100,"uniform natural log(kbps), inclusive endpoints",-0.03280002630734525,1.0,True,True,preserve measured local shape; no sorting of metric values or smoothing,lower_is_better,none,ulong,259bf3b4-4af4-4e1a-af3e-4b7df23dc061,5
original,vimeo_only,DISTS,natural log(kbps),"PCHIP, extrapolate=False",71.71874999999999,519.5100000000002,valid,,100,"uniform natural log(kbps), inclusive endpoints",0.0010440064950453496,0.2,False,False,preserve measured local shape; no sorting of metric values or smoothing,lower_is_better,none,ulong,259bf3b4-4af4-4e1a-af3e-4b7df23dc061,5
original,vimeo_only,FloLPIPS,natural log(kbps),"PCHIP, extrapolate=False",71.71874999999999,519.5100000000002,valid,,100,"uniform natural log(kbps), inclusive endpoints",-0.02700210157116734,1.0,True,True,preserve measured local shape; no sorting of metric values or smoothing,lower_is_better,none,ulong,259bf3b4-4af4-4e1a-af3e-4b7df23dc061,5
original,vimeo_only,PSNR,natural log(kbps),"PCHIP, extrapolate=False",71.71874999999999,519.5100000000002,valid,,100,"uniform natural log(kbps), inclusive endpoints",-0.43223033393680926,0.0,True,True,preserve measured local shape; no sorting of metric values or smoothing,higher_is_better,negative metric passed to unchanged lower-distortion comparator; reported equal-rate delta restored to original units,ulong,259bf3b4-4af4-4e1a-af3e-4b7df23dc061,5
original,vimeo_only,SSIM,natural log(kbps),"PCHIP, extrapolate=False",71.71874999999999,519.5100000000002,valid,,100,"uniform natural log(kbps), inclusive endpoints",-0.0039033986102409825,0.0,True,True,preserve measured local shape; no sorting of metric values or smoothing,higher_is_better,negative metric passed to unchanged lower-distortion comparator; reported equal-rate delta restored to original units,ulong,259bf3b4-4af4-4e1a-af3e-4b7df23dc061,5
original,vimeo_only,MS_SSIM,natural log(kbps),"PCHIP, extrapolate=False",71.71874999999999,519.5100000000002,valid,,100,"uniform natural log(kbps), inclusive endpoints",-0.012028091929076924,0.0,True,True,preserve measured local shape; no sorting of metric values or smoothing,higher_is_better,negative metric passed to unchanged lower-distortion comparator; reported equal-rate delta restored to original units,ulong,259bf3b4-4af4-4e1a-af3e-4b7df23dc061,5
v62,vimeo_only,LPIPS,natural log(kbps),"PCHIP, extrapolate=False",68.07000000000002,515.1900000000002,valid,,100,"uniform natural log(kbps), inclusive endpoints",0.011733270311963135,0.0,True,True,preserve measured local shape; no sorting of metric values or smoothing,lower_is_better,none,ulong,259bf3b4-4af4-4e1a-af3e-4b7df23dc061,5
v62,vimeo_only,DISTS,natural log(kbps),"PCHIP, extrapolate=False",68.07000000000002,515.1900000000002,valid,,100,"uniform natural log(kbps), inclusive endpoints",0.00970466502722045,0.0,False,False,preserve measured local shape; no sorting of metric values or smoothing,lower_is_better,none,ulong,259bf3b4-4af4-4e1a-af3e-4b7df23dc061,5
v62,vimeo_only,FloLPIPS,natural log(kbps),"PCHIP, extrapolate=False",68.07000000000002,515.1900000000002,valid,,100,"uniform natural log(kbps), inclusive endpoints",0.01148370740226856,0.0,True,True,preserve measured local shape; no sorting of metric values or smoothing,lower_is_better,none,ulong,259bf3b4-4af4-4e1a-af3e-4b7df23dc061,5
v62,vimeo_only,PSNR,natural log(kbps),"PCHIP, extrapolate=False",68.07000000000002,515.1900000000002,valid,,100,"uniform natural log(kbps), inclusive endpoints",0.24266645113752783,1.0,True,True,preserve measured local shape; no sorting of metric values or smoothing,higher_is_better,negative metric passed to unchanged lower-distortion comparator; reported equal-rate delta restored to original units,ulong,259bf3b4-4af4-4e1a-af3e-4b7df23dc061,5
v62,vimeo_only,SSIM,natural log(kbps),"PCHIP, extrapolate=False",68.07000000000002,515.1900000000002,valid,,100,"uniform natural log(kbps), inclusive endpoints",0.002225065914964095,1.0,True,True,preserve measured local shape; no sorting of metric values or smoothing,higher_is_better,negative metric passed to unchanged lower-distortion comparator; reported equal-rate delta restored to original units,ulong,259bf3b4-4af4-4e1a-af3e-4b7df23dc061,5
v62,vimeo_only,MS_SSIM,natural log(kbps),"PCHIP, extrapolate=False",68.07000000000002,515.1900000000002,valid,,100,"uniform natural log(kbps), inclusive endpoints",-0.0032497390888548794,0.0,True,True,preserve measured local shape; no sorting of metric values or smoothing,higher_is_better,negative metric passed to unchanged lower-distortion comparator; reported equal-rate delta restored to original units,ulong,259bf3b4-4af4-4e1a-af3e-4b7df23dc061,5
original,mixed_50_50,LPIPS,natural log(kbps),"PCHIP, extrapolate=False",71.71874999999999,516.9262499999998,valid,,100,"uniform natural log(kbps), inclusive endpoints",-0.03908477452350833,1.0,True,True,preserve measured local shape; no sorting of metric values or smoothing,lower_is_better,none,ulong,259bf3b4-4af4-4e1a-af3e-4b7df23dc061,5
original,mixed_50_50,DISTS,natural log(kbps),"PCHIP, extrapolate=False",71.71874999999999,516.9262499999998,valid,,100,"uniform natural log(kbps), inclusive endpoints",-0.0041298218218448965,1.0,False,False,preserve measured local shape; no sorting of metric values or smoothing,lower_is_better,none,ulong,259bf3b4-4af4-4e1a-af3e-4b7df23dc061,5
original,mixed_50_50,FloLPIPS,natural log(kbps),"PCHIP, extrapolate=False",71.71874999999999,516.9262499999998,valid,,100,"uniform natural log(kbps), inclusive endpoints",-0.03333048728979579,1.0,True,True,preserve measured local shape; no sorting of metric values or smoothing,lower_is_better,none,ulong,259bf3b4-4af4-4e1a-af3e-4b7df23dc061,5
original,mixed_50_50,PSNR,natural log(kbps),"PCHIP, extrapolate=False",71.71874999999999,516.9262499999998,valid,,100,"uniform natural log(kbps), inclusive endpoints",-0.6882098267280484,0.0,True,True,preserve measured local shape; no sorting of metric values or smoothing,higher_is_better,negative metric passed to unchanged lower-distortion comparator; reported equal-rate delta restored to original units,ulong,259bf3b4-4af4-4e1a-af3e-4b7df23dc061,5
original,mixed_50_50,SSIM,natural log(kbps),"PCHIP, extrapolate=False",71.71874999999999,516.9262499999998,valid,,100,"uniform natural log(kbps), inclusive endpoints",-0.006085940905407214,0.0,True,True,preserve measured local shape; no sorting of metric values or smoothing,higher_is_better,negative metric passed to unchanged lower-distortion comparator; reported equal-rate delta restored to original units,ulong,259bf3b4-4af4-4e1a-af3e-4b7df23dc061,5
original,mixed_50_50,MS_SSIM,natural log(kbps),"PCHIP, extrapolate=False",71.71874999999999,516.9262499999998,valid,,100,"uniform natural log(kbps), inclusive endpoints",-0.012209044199810917,0.0,True,True,preserve measured local shape; no sorting of metric values or smoothing,higher_is_better,negative metric passed to unchanged lower-distortion comparator; reported equal-rate delta restored to original units,ulong,259bf3b4-4af4-4e1a-af3e-4b7df23dc061,5
v62,mixed_50_50,LPIPS,natural log(kbps),"PCHIP, extrapolate=False",67.42874999999997,515.1900000000002,valid,,100,"uniform natural log(kbps), inclusive endpoints",0.005424302548948502,0.0,True,True,preserve measured local shape; no sorting of metric values or smoothing,lower_is_better,none,ulong,259bf3b4-4af4-4e1a-af3e-4b7df23dc061,5
v62,mixed_50_50,DISTS,natural log(kbps),"PCHIP, extrapolate=False",67.42874999999997,515.1900000000002,valid,,100,"uniform natural log(kbps), inclusive endpoints",0.0045398418948856285,0.0,False,False,preserve measured local shape; no sorting of metric values or smoothing,lower_is_better,none,ulong,259bf3b4-4af4-4e1a-af3e-4b7df23dc061,5
v62,mixed_50_50,FloLPIPS,natural log(kbps),"PCHIP, extrapolate=False",67.42874999999997,515.1900000000002,valid,,100,"uniform natural log(kbps), inclusive endpoints",0.005126986481958829,0.0,True,True,preserve measured local shape; no sorting of metric values or smoothing,lower_is_better,none,ulong,259bf3b4-4af4-4e1a-af3e-4b7df23dc061,5
v62,mixed_50_50,PSNR,natural log(kbps),"PCHIP, extrapolate=False",67.42874999999997,515.1900000000002,valid,,100,"uniform natural log(kbps), inclusive endpoints",-0.011993803431201685,0.24,True,True,preserve measured local shape; no sorting of metric values or smoothing,higher_is_better,negative metric passed to unchanged lower-distortion comparator; reported equal-rate delta restored to original units,ulong,259bf3b4-4af4-4e1a-af3e-4b7df23dc061,5
v62,mixed_50_50,SSIM,natural log(kbps),"PCHIP, extrapolate=False",67.42874999999997,515.1900000000002,valid,,100,"uniform natural log(kbps), inclusive endpoints",4.015375106215524e-05,0.46,True,True,preserve measured local shape; no sorting of metric values or smoothing,higher_is_better,negative metric passed to unchanged lower-distortion comparator; reported equal-rate delta restored to original units,ulong,259bf3b4-4af4-4e1a-af3e-4b7df23dc061,5
v62,mixed_50_50,MS_SSIM,natural log(kbps),"PCHIP, extrapolate=False",67.42874999999997,515.1900000000002,valid,,100,"uniform natural log(kbps), inclusive endpoints",-0.0034456068285581665,0.0,True,True,preserve measured local shape; no sorting of metric values or smoothing,higher_is_better,negative metric passed to unchanged lower-distortion comparator; reported equal-rate delta restored to original units,ulong,259bf3b4-4af4-4e1a-af3e-4b7df23dc061,5
original,ulong_only,LPIPS,natural log(kbps),"PCHIP, extrapolate=False",167.85375000000002,910.7175000000001,valid,,100,"uniform natural log(kbps), inclusive endpoints",-0.008919700935553047,1.0,True,True,preserve measured local shape; no sorting of metric values or smoothing,lower_is_better,none,ulong,c46605a6-f6f6-4053-849d-455de2e6edb9,6
original,ulong_only,DISTS,natural log(kbps),"PCHIP, extrapolate=False",167.85375000000002,910.7175000000001,valid,,100,"uniform natural log(kbps), inclusive endpoints",-0.0016727678958345826,0.95,True,True,preserve measured local shape; no sorting of metric values or smoothing,lower_is_better,none,ulong,c46605a6-f6f6-4053-849d-455de2e6edb9,6
original,ulong_only,FloLPIPS,natural log(kbps),"PCHIP, extrapolate=False",167.85375000000002,910.7175000000001,valid,,100,"uniform natural log(kbps), inclusive endpoints",-0.016946940786701444,1.0,True,True,preserve measured local shape; no sorting of metric values or smoothing,lower_is_better,none,ulong,c46605a6-f6f6-4053-849d-455de2e6edb9,6
original,ulong_only,PSNR,natural log(kbps),"PCHIP, extrapolate=False",167.85375000000002,910.7175000000001,valid,,100,"uniform natural log(kbps), inclusive endpoints",-1.4476505775499777,0.0,True,True,preserve measured local shape; no sorting of metric values or smoothing,higher_is_better,negative metric passed to unchanged lower-distortion comparator; reported equal-rate delta restored to original units,ulong,c46605a6-f6f6-4053-849d-455de2e6edb9,6
original,ulong_only,SSIM,natural log(kbps),"PCHIP, extrapolate=False",167.85375000000002,910.7175000000001,valid,,100,"uniform natural log(kbps), inclusive endpoints",-0.004232502833945442,0.0,True,True,preserve measured local shape; no sorting of metric values or smoothing,higher_is_better,negative metric passed to unchanged lower-distortion comparator; reported equal-rate delta restored to original units,ulong,c46605a6-f6f6-4053-849d-455de2e6edb9,6
original,ulong_only,MS_SSIM,natural log(kbps),"PCHIP, extrapolate=False",167.85375000000002,910.7175000000001,valid,,100,"uniform natural log(kbps), inclusive endpoints",-0.001403273847160198,0.0,True,True,preserve measured local shape; no sorting of metric values or smoothing,higher_is_better,negative metric passed to unchanged lower-distortion comparator; reported equal-rate delta restored to original units,ulong,c46605a6-f6f6-4053-849d-455de2e6edb9,6
v62,ulong_only,LPIPS,natural log(kbps),"PCHIP, extrapolate=False",151.9275,910.7175000000001,valid,,100,"uniform natural log(kbps), inclusive endpoints",0.0008721544267864878,0.0,True,True,preserve measured local shape; no sorting of metric values or smoothing,lower_is_better,none,ulong,c46605a6-f6f6-4053-849d-455de2e6edb9,6
v62,ulong_only,DISTS,natural log(kbps),"PCHIP, extrapolate=False",151.9275,910.7175000000001,valid,,100,"uniform natural log(kbps), inclusive endpoints",0.0005722257150084648,0.37,True,True,preserve measured local shape; no sorting of metric values or smoothing,lower_is_better,none,ulong,c46605a6-f6f6-4053-849d-455de2e6edb9,6
v62,ulong_only,FloLPIPS,natural log(kbps),"PCHIP, extrapolate=False",151.9275,910.7175000000001,valid,,100,"uniform natural log(kbps), inclusive endpoints",0.00024519999218490296,0.48,True,True,preserve measured local shape; no sorting of metric values or smoothing,lower_is_better,none,ulong,c46605a6-f6f6-4053-849d-455de2e6edb9,6
v62,ulong_only,PSNR,natural log(kbps),"PCHIP, extrapolate=False",151.9275,910.7175000000001,valid,,100,"uniform natural log(kbps), inclusive endpoints",-0.4967710618035042,0.0,False,True,preserve measured local shape; no sorting of metric values or smoothing,higher_is_better,negative metric passed to unchanged lower-distortion comparator; reported equal-rate delta restored to original units,ulong,c46605a6-f6f6-4053-849d-455de2e6edb9,6
v62,ulong_only,SSIM,natural log(kbps),"PCHIP, extrapolate=False",151.9275,910.7175000000001,valid,,100,"uniform natural log(kbps), inclusive endpoints",-0.0017625063969619237,0.0,False,True,preserve measured local shape; no sorting of metric values or smoothing,higher_is_better,negative metric passed to unchanged lower-distortion comparator; reported equal-rate delta restored to original units,ulong,c46605a6-f6f6-4053-849d-455de2e6edb9,6
v62,ulong_only,MS_SSIM,natural log(kbps),"PCHIP, extrapolate=False",151.9275,910.7175000000001,valid,,100,"uniform natural log(kbps), inclusive endpoints",-0.0001992870723812379,0.0,True,True,preserve measured local shape; no sorting of metric values or smoothing,higher_is_better,negative metric passed to unchanged lower-distortion comparator; reported equal-rate delta restored to original units,ulong,c46605a6-f6f6-4053-849d-455de2e6edb9,6
original,vimeo_only,LPIPS,natural log(kbps),"PCHIP, extrapolate=False",167.85375000000002,932.7449999999995,valid,,100,"uniform natural log(kbps), inclusive endpoints",-0.006933978261531775,1.0,True,True,preserve measured local shape; no sorting of metric values or smoothing,lower_is_better,none,ulong,c46605a6-f6f6-4053-849d-455de2e6edb9,6
original,vimeo_only,DISTS,natural log(kbps),"PCHIP, extrapolate=False",167.85375000000002,932.7449999999995,valid,,100,"uniform natural log(kbps), inclusive endpoints",0.0023531905654494128,0.0,True,True,preserve measured local shape; no sorting of metric values or smoothing,lower_is_better,none,ulong,c46605a6-f6f6-4053-849d-455de2e6edb9,6
original,vimeo_only,FloLPIPS,natural log(kbps),"PCHIP, extrapolate=False",167.85375000000002,932.7449999999995,valid,,100,"uniform natural log(kbps), inclusive endpoints",-0.01360833648018046,1.0,True,True,preserve measured local shape; no sorting of metric values or smoothing,lower_is_better,none,ulong,c46605a6-f6f6-4053-849d-455de2e6edb9,6
original,vimeo_only,PSNR,natural log(kbps),"PCHIP, extrapolate=False",167.85375000000002,932.7449999999995,valid,,100,"uniform natural log(kbps), inclusive endpoints",-0.8541940804383132,0.0,True,False,preserve measured local shape; no sorting of metric values or smoothing,higher_is_better,negative metric passed to unchanged lower-distortion comparator; reported equal-rate delta restored to original units,ulong,c46605a6-f6f6-4053-849d-455de2e6edb9,6
original,vimeo_only,SSIM,natural log(kbps),"PCHIP, extrapolate=False",167.85375000000002,932.7449999999995,valid,,100,"uniform natural log(kbps), inclusive endpoints",-0.0022432252543341247,0.0,True,False,preserve measured local shape; no sorting of metric values or smoothing,higher_is_better,negative metric passed to unchanged lower-distortion comparator; reported equal-rate delta restored to original units,ulong,c46605a6-f6f6-4053-849d-455de2e6edb9,6
original,vimeo_only,MS_SSIM,natural log(kbps),"PCHIP, extrapolate=False",167.85375000000002,932.7449999999995,valid,,100,"uniform natural log(kbps), inclusive endpoints",-0.0004185267539377435,0.46,True,True,preserve measured local shape; no sorting of metric values or smoothing,higher_is_better,negative metric passed to unchanged lower-distortion comparator; reported equal-rate delta restored to original units,ulong,c46605a6-f6f6-4053-849d-455de2e6edb9,6
v62,vimeo_only,LPIPS,natural log(kbps),"PCHIP, extrapolate=False",154.21500000000003,915.0262499999998,valid,,100,"uniform natural log(kbps), inclusive endpoints",0.0029011273097548857,0.0,True,True,preserve measured local shape; no sorting of metric values or smoothing,lower_is_better,none,ulong,c46605a6-f6f6-4053-849d-455de2e6edb9,6
v62,vimeo_only,DISTS,natural log(kbps),"PCHIP, extrapolate=False",154.21500000000003,915.0262499999998,valid,,100,"uniform natural log(kbps), inclusive endpoints",0.00479594152095783,0.0,True,True,preserve measured local shape; no sorting of metric values or smoothing,lower_is_better,none,ulong,c46605a6-f6f6-4053-849d-455de2e6edb9,6
v62,vimeo_only,FloLPIPS,natural log(kbps),"PCHIP, extrapolate=False",154.21500000000003,915.0262499999998,valid,,100,"uniform natural log(kbps), inclusive endpoints",0.0036179693546252363,0.0,True,True,preserve measured local shape; no sorting of metric values or smoothing,lower_is_better,none,ulong,c46605a6-f6f6-4053-849d-455de2e6edb9,6
v62,vimeo_only,PSNR,natural log(kbps),"PCHIP, extrapolate=False",154.21500000000003,915.0262499999998,valid,,100,"uniform natural log(kbps), inclusive endpoints",0.0977730414786662,1.0,False,False,preserve measured local shape; no sorting of metric values or smoothing,higher_is_better,negative metric passed to unchanged lower-distortion comparator; reported equal-rate delta restored to original units,ulong,c46605a6-f6f6-4053-849d-455de2e6edb9,6
v62,vimeo_only,SSIM,natural log(kbps),"PCHIP, extrapolate=False",154.21500000000003,915.0262499999998,valid,,100,"uniform natural log(kbps), inclusive endpoints",0.0002550184887490725,1.0,False,False,preserve measured local shape; no sorting of metric values or smoothing,higher_is_better,negative metric passed to unchanged lower-distortion comparator; reported equal-rate delta restored to original units,ulong,c46605a6-f6f6-4053-849d-455de2e6edb9,6
v62,vimeo_only,MS_SSIM,natural log(kbps),"PCHIP, extrapolate=False",154.21500000000003,915.0262499999998,valid,,100,"uniform natural log(kbps), inclusive endpoints",0.0007544845846053627,1.0,True,True,preserve measured local shape; no sorting of metric values or smoothing,higher_is_better,negative metric passed to unchanged lower-distortion comparator; reported equal-rate delta restored to original units,ulong,c46605a6-f6f6-4053-849d-455de2e6edb9,6
original,mixed_50_50,LPIPS,natural log(kbps),"PCHIP, extrapolate=False",167.85375000000002,924.21,valid,,100,"uniform natural log(kbps), inclusive endpoints",-0.00840433392837989,1.0,True,True,preserve measured local shape; no sorting of metric values or smoothing,lower_is_better,none,ulong,c46605a6-f6f6-4053-849d-455de2e6edb9,6
original,mixed_50_50,DISTS,natural log(kbps),"PCHIP, extrapolate=False",167.85375000000002,924.21,valid,,100,"uniform natural log(kbps), inclusive endpoints",0.0011989833281214222,0.0,True,True,preserve measured local shape; no sorting of metric values or smoothing,lower_is_better,none,ulong,c46605a6-f6f6-4053-849d-455de2e6edb9,6
original,mixed_50_50,FloLPIPS,natural log(kbps),"PCHIP, extrapolate=False",167.85375000000002,924.21,valid,,100,"uniform natural log(kbps), inclusive endpoints",-0.015614928784744958,1.0,True,True,preserve measured local shape; no sorting of metric values or smoothing,lower_is_better,none,ulong,c46605a6-f6f6-4053-849d-455de2e6edb9,6
original,mixed_50_50,PSNR,natural log(kbps),"PCHIP, extrapolate=False",167.85375000000002,924.21,valid,,100,"uniform natural log(kbps), inclusive endpoints",-1.0160696814736168,0.0,True,False,preserve measured local shape; no sorting of metric values or smoothing,higher_is_better,negative metric passed to unchanged lower-distortion comparator; reported equal-rate delta restored to original units,ulong,c46605a6-f6f6-4053-849d-455de2e6edb9,6
original,mixed_50_50,SSIM,natural log(kbps),"PCHIP, extrapolate=False",167.85375000000002,924.21,valid,,100,"uniform natural log(kbps), inclusive endpoints",-0.002720920920740707,0.0,True,False,preserve measured local shape; no sorting of metric values or smoothing,higher_is_better,negative metric passed to unchanged lower-distortion comparator; reported equal-rate delta restored to original units,ulong,c46605a6-f6f6-4053-849d-455de2e6edb9,6
original,mixed_50_50,MS_SSIM,natural log(kbps),"PCHIP, extrapolate=False",167.85375000000002,924.21,valid,,100,"uniform natural log(kbps), inclusive endpoints",-0.0015314795501008482,0.0,True,True,preserve measured local shape; no sorting of metric values or smoothing,higher_is_better,negative metric passed to unchanged lower-distortion comparator; reported equal-rate delta restored to original units,ulong,c46605a6-f6f6-4053-849d-455de2e6edb9,6
v62,mixed_50_50,LPIPS,natural log(kbps),"PCHIP, extrapolate=False",152.62499999999994,915.0262499999998,valid,,100,"uniform natural log(kbps), inclusive endpoints",0.0013965452150656724,0.0,True,True,preserve measured local shape; no sorting of metric values or smoothing,lower_is_better,none,ulong,c46605a6-f6f6-4053-849d-455de2e6edb9,6
v62,mixed_50_50,DISTS,natural log(kbps),"PCHIP, extrapolate=False",152.62499999999994,915.0262499999998,valid,,100,"uniform natural log(kbps), inclusive endpoints",0.003608260089811832,0.0,True,True,preserve measured local shape; no sorting of metric values or smoothing,lower_is_better,none,ulong,c46605a6-f6f6-4053-849d-455de2e6edb9,6
v62,mixed_50_50,FloLPIPS,natural log(kbps),"PCHIP, extrapolate=False",152.62499999999994,915.0262499999998,valid,,100,"uniform natural log(kbps), inclusive endpoints",0.0015788668197938118,0.07,True,True,preserve measured local shape; no sorting of metric values or smoothing,lower_is_better,none,ulong,c46605a6-f6f6-4053-849d-455de2e6edb9,6
v62,mixed_50_50,PSNR,natural log(kbps),"PCHIP, extrapolate=False",152.62499999999994,915.0262499999998,valid,,100,"uniform natural log(kbps), inclusive endpoints",-0.06418049097803653,0.0,False,False,preserve measured local shape; no sorting of metric values or smoothing,higher_is_better,negative metric passed to unchanged lower-distortion comparator; reported equal-rate delta restored to original units,ulong,c46605a6-f6f6-4053-849d-455de2e6edb9,6
v62,mixed_50_50,SSIM,natural log(kbps),"PCHIP, extrapolate=False",152.62499999999994,915.0262499999998,valid,,100,"uniform natural log(kbps), inclusive endpoints",-0.00022803570577057064,0.0,False,False,preserve measured local shape; no sorting of metric values or smoothing,higher_is_better,negative metric passed to unchanged lower-distortion comparator; reported equal-rate delta restored to original units,ulong,c46605a6-f6f6-4053-849d-455de2e6edb9,6
v62,mixed_50_50,MS_SSIM,natural log(kbps),"PCHIP, extrapolate=False",152.62499999999994,915.0262499999998,valid,,100,"uniform natural log(kbps), inclusive endpoints",-0.00034985863773792094,0.0,True,True,preserve measured local shape; no sorting of metric values or smoothing,higher_is_better,negative metric passed to unchanged lower-distortion comparator; reported equal-rate delta restored to original units,ulong,c46605a6-f6f6-4053-849d-455de2e6edb9,6
original,ulong_only,LPIPS,natural log(kbps),"PCHIP, extrapolate=False",106.44750000000005,820.5675000000002,valid,,100,"uniform natural log(kbps), inclusive endpoints",-0.007195572602128566,1.0,True,True,preserve measured local shape; no sorting of metric values or smoothing,lower_is_better,none,ulong,f0f6a0ec-d531-4a1b-9d18-d7541bd0132d,7
original,ulong_only,DISTS,natural log(kbps),"PCHIP, extrapolate=False",106.44750000000005,820.5675000000002,valid,,100,"uniform natural log(kbps), inclusive endpoints",0.005009421589056559,0.0,True,True,preserve measured local shape; no sorting of metric values or smoothing,lower_is_better,none,ulong,f0f6a0ec-d531-4a1b-9d18-d7541bd0132d,7
original,ulong_only,FloLPIPS,natural log(kbps),"PCHIP, extrapolate=False",106.44750000000005,820.5675000000002,valid,,100,"uniform natural log(kbps), inclusive endpoints",-0.006682991879350266,1.0,True,True,preserve measured local shape; no sorting of metric values or smoothing,lower_is_better,none,ulong,f0f6a0ec-d531-4a1b-9d18-d7541bd0132d,7
original,ulong_only,PSNR,natural log(kbps),"PCHIP, extrapolate=False",106.44750000000005,820.5675000000002,valid,,100,"uniform natural log(kbps), inclusive endpoints",-1.3612944113697554,0.0,True,True,preserve measured local shape; no sorting of metric values or smoothing,higher_is_better,negative metric passed to unchanged lower-distortion comparator; reported equal-rate delta restored to original units,ulong,f0f6a0ec-d531-4a1b-9d18-d7541bd0132d,7
original,ulong_only,SSIM,natural log(kbps),"PCHIP, extrapolate=False",106.44750000000005,820.5675000000002,valid,,100,"uniform natural log(kbps), inclusive endpoints",-0.004588985592919311,0.0,True,True,preserve measured local shape; no sorting of metric values or smoothing,higher_is_better,negative metric passed to unchanged lower-distortion comparator; reported equal-rate delta restored to original units,ulong,f0f6a0ec-d531-4a1b-9d18-d7541bd0132d,7
original,ulong_only,MS_SSIM,natural log(kbps),"PCHIP, extrapolate=False",106.44750000000005,820.5675000000002,valid,,100,"uniform natural log(kbps), inclusive endpoints",-0.005882453798077946,0.0,True,True,preserve measured local shape; no sorting of metric values or smoothing,higher_is_better,negative metric passed to unchanged lower-distortion comparator; reported equal-rate delta restored to original units,ulong,f0f6a0ec-d531-4a1b-9d18-d7541bd0132d,7
v62,ulong_only,LPIPS,natural log(kbps),"PCHIP, extrapolate=False",94.9125,812.9212499999996,valid,,100,"uniform natural log(kbps), inclusive endpoints",0.0025945301744996463,0.0,True,True,preserve measured local shape; no sorting of metric values or smoothing,lower_is_better,none,ulong,f0f6a0ec-d531-4a1b-9d18-d7541bd0132d,7
v62,ulong_only,DISTS,natural log(kbps),"PCHIP, extrapolate=False",94.9125,812.9212499999996,valid,,100,"uniform natural log(kbps), inclusive endpoints",0.003519105834265893,0.0,True,True,preserve measured local shape; no sorting of metric values or smoothing,lower_is_better,none,ulong,f0f6a0ec-d531-4a1b-9d18-d7541bd0132d,7
v62,ulong_only,FloLPIPS,natural log(kbps),"PCHIP, extrapolate=False",94.9125,812.9212499999996,valid,,100,"uniform natural log(kbps), inclusive endpoints",0.002757793863292646,0.0,True,True,preserve measured local shape; no sorting of metric values or smoothing,lower_is_better,none,ulong,f0f6a0ec-d531-4a1b-9d18-d7541bd0132d,7
v62,ulong_only,PSNR,natural log(kbps),"PCHIP, extrapolate=False",94.9125,812.9212499999996,valid,,100,"uniform natural log(kbps), inclusive endpoints",-0.19601817515584677,0.0,True,True,preserve measured local shape; no sorting of metric values or smoothing,higher_is_better,negative metric passed to unchanged lower-distortion comparator; reported equal-rate delta restored to original units,ulong,f0f6a0ec-d531-4a1b-9d18-d7541bd0132d,7
v62,ulong_only,SSIM,natural log(kbps),"PCHIP, extrapolate=False",94.9125,812.9212499999996,valid,,100,"uniform natural log(kbps), inclusive endpoints",-0.0006413654954645831,0.0,True,True,preserve measured local shape; no sorting of metric values or smoothing,higher_is_better,negative metric passed to unchanged lower-distortion comparator; reported equal-rate delta restored to original units,ulong,f0f6a0ec-d531-4a1b-9d18-d7541bd0132d,7
v62,ulong_only,MS_SSIM,natural log(kbps),"PCHIP, extrapolate=False",94.9125,812.9212499999996,valid,,100,"uniform natural log(kbps), inclusive endpoints",-0.0005276239757855372,0.05,True,True,preserve measured local shape; no sorting of metric values or smoothing,higher_is_better,negative metric passed to unchanged lower-distortion comparator; reported equal-rate delta restored to original units,ulong,f0f6a0ec-d531-4a1b-9d18-d7541bd0132d,7
original,vimeo_only,LPIPS,natural log(kbps),"PCHIP, extrapolate=False",106.44750000000005,850.5862500000003,valid,,100,"uniform natural log(kbps), inclusive endpoints",-0.005023561414939239,1.0,True,True,preserve measured local shape; no sorting of metric values or smoothing,lower_is_better,none,ulong,f0f6a0ec-d531-4a1b-9d18-d7541bd0132d,7
original,vimeo_only,DISTS,natural log(kbps),"PCHIP, extrapolate=False",106.44750000000005,850.5862500000003,valid,,100,"uniform natural log(kbps), inclusive endpoints",0.0034242475936709735,0.17,True,True,preserve measured local shape; no sorting of metric values or smoothing,lower_is_better,none,ulong,f0f6a0ec-d531-4a1b-9d18-d7541bd0132d,7
original,vimeo_only,FloLPIPS,natural log(kbps),"PCHIP, extrapolate=False",106.44750000000005,850.5862500000003,valid,,100,"uniform natural log(kbps), inclusive endpoints",-0.005474658848488401,1.0,True,True,preserve measured local shape; no sorting of metric values or smoothing,lower_is_better,none,ulong,f0f6a0ec-d531-4a1b-9d18-d7541bd0132d,7
original,vimeo_only,PSNR,natural log(kbps),"PCHIP, extrapolate=False",106.44750000000005,850.5862500000003,valid,,100,"uniform natural log(kbps), inclusive endpoints",-0.844180017104271,0.0,True,True,preserve measured local shape; no sorting of metric values or smoothing,higher_is_better,negative metric passed to unchanged lower-distortion comparator; reported equal-rate delta restored to original units,ulong,f0f6a0ec-d531-4a1b-9d18-d7541bd0132d,7
original,vimeo_only,SSIM,natural log(kbps),"PCHIP, extrapolate=False",106.44750000000005,850.5862500000003,valid,,100,"uniform natural log(kbps), inclusive endpoints",-0.002729198070035985,0.0,True,True,preserve measured local shape; no sorting of metric values or smoothing,higher_is_better,negative metric passed to unchanged lower-distortion comparator; reported equal-rate delta restored to original units,ulong,f0f6a0ec-d531-4a1b-9d18-d7541bd0132d,7
original,vimeo_only,MS_SSIM,natural log(kbps),"PCHIP, extrapolate=False",106.44750000000005,850.5862500000003,valid,,100,"uniform natural log(kbps), inclusive endpoints",-0.004946538078195051,0.0,True,True,preserve measured local shape; no sorting of metric values or smoothing,higher_is_better,negative metric passed to unchanged lower-distortion comparator; reported equal-rate delta restored to original units,ulong,f0f6a0ec-d531-4a1b-9d18-d7541bd0132d,7
v62,vimeo_only,LPIPS,natural log(kbps),"PCHIP, extrapolate=False",95.89500000000001,812.9212499999996,valid,,100,"uniform natural log(kbps), inclusive endpoints",0.004925682116140546,0.0,True,True,preserve measured local shape; no sorting of metric values or smoothing,lower_is_better,none,ulong,f0f6a0ec-d531-4a1b-9d18-d7541bd0132d,7
v62,vimeo_only,DISTS,natural log(kbps),"PCHIP, extrapolate=False",95.89500000000001,812.9212499999996,valid,,100,"uniform natural log(kbps), inclusive endpoints",0.0017485027672011167,0.14,True,True,preserve measured local shape; no sorting of metric values or smoothing,lower_is_better,none,ulong,f0f6a0ec-d531-4a1b-9d18-d7541bd0132d,7
v62,vimeo_only,FloLPIPS,natural log(kbps),"PCHIP, extrapolate=False",95.89500000000001,812.9212499999996,valid,,100,"uniform natural log(kbps), inclusive endpoints",0.004106826067199126,0.0,True,True,preserve measured local shape; no sorting of metric values or smoothing,lower_is_better,none,ulong,f0f6a0ec-d531-4a1b-9d18-d7541bd0132d,7
v62,vimeo_only,PSNR,natural log(kbps),"PCHIP, extrapolate=False",95.89500000000001,812.9212499999996,valid,,100,"uniform natural log(kbps), inclusive endpoints",0.3163036698030574,1.0,True,True,preserve measured local shape; no sorting of metric values or smoothing,higher_is_better,negative metric passed to unchanged lower-distortion comparator; reported equal-rate delta restored to original units,ulong,f0f6a0ec-d531-4a1b-9d18-d7541bd0132d,7
v62,vimeo_only,SSIM,natural log(kbps),"PCHIP, extrapolate=False",95.89500000000001,812.9212499999996,valid,,100,"uniform natural log(kbps), inclusive endpoints",0.0012205256878728566,1.0,True,True,preserve measured local shape; no sorting of metric values or smoothing,higher_is_better,negative metric passed to unchanged lower-distortion comparator; reported equal-rate delta restored to original units,ulong,f0f6a0ec-d531-4a1b-9d18-d7541bd0132d,7
v62,vimeo_only,MS_SSIM,natural log(kbps),"PCHIP, extrapolate=False",95.89500000000001,812.9212499999996,valid,,100,"uniform natural log(kbps), inclusive endpoints",0.0003909488647630166,1.0,True,True,preserve measured local shape; no sorting of metric values or smoothing,higher_is_better,negative metric passed to unchanged lower-distortion comparator; reported equal-rate delta restored to original units,ulong,f0f6a0ec-d531-4a1b-9d18-d7541bd0132d,7
original,mixed_50_50,LPIPS,natural log(kbps),"PCHIP, extrapolate=False",106.44750000000005,840.06375,valid,,100,"uniform natural log(kbps), inclusive endpoints",-0.008209921665990595,1.0,True,True,preserve measured local shape; no sorting of metric values or smoothing,lower_is_better,none,ulong,f0f6a0ec-d531-4a1b-9d18-d7541bd0132d,7
original,mixed_50_50,DISTS,natural log(kbps),"PCHIP, extrapolate=False",106.44750000000005,840.06375,valid,,100,"uniform natural log(kbps), inclusive endpoints",0.00275336947376962,0.18,True,True,preserve measured local shape; no sorting of metric values or smoothing,lower_is_better,none,ulong,f0f6a0ec-d531-4a1b-9d18-d7541bd0132d,7
original,mixed_50_50,FloLPIPS,natural log(kbps),"PCHIP, extrapolate=False",106.44750000000005,840.06375,valid,,100,"uniform natural log(kbps), inclusive endpoints",-0.007948093501535327,1.0,True,True,preserve measured local shape; no sorting of metric values or smoothing,lower_is_better,none,ulong,f0f6a0ec-d531-4a1b-9d18-d7541bd0132d,7
original,mixed_50_50,PSNR,natural log(kbps),"PCHIP, extrapolate=False",106.44750000000005,840.06375,valid,,100,"uniform natural log(kbps), inclusive endpoints",-1.0386693312111281,0.0,True,True,preserve measured local shape; no sorting of metric values or smoothing,higher_is_better,negative metric passed to unchanged lower-distortion comparator; reported equal-rate delta restored to original units,ulong,f0f6a0ec-d531-4a1b-9d18-d7541bd0132d,7
original,mixed_50_50,SSIM,natural log(kbps),"PCHIP, extrapolate=False",106.44750000000005,840.06375,valid,,100,"uniform natural log(kbps), inclusive endpoints",-0.003197158907806181,0.0,True,True,preserve measured local shape; no sorting of metric values or smoothing,higher_is_better,negative metric passed to unchanged lower-distortion comparator; reported equal-rate delta restored to original units,ulong,f0f6a0ec-d531-4a1b-9d18-d7541bd0132d,7
original,mixed_50_50,MS_SSIM,natural log(kbps),"PCHIP, extrapolate=False",106.44750000000005,840.06375,valid,,100,"uniform natural log(kbps), inclusive endpoints",-0.006538780518216059,0.0,True,True,preserve measured local shape; no sorting of metric values or smoothing,higher_is_better,negative metric passed to unchanged lower-distortion comparator; reported equal-rate delta restored to original units,ulong,f0f6a0ec-d531-4a1b-9d18-d7541bd0132d,7
v62,mixed_50_50,LPIPS,natural log(kbps),"PCHIP, extrapolate=False",95.76000000000003,812.9212499999996,valid,,100,"uniform natural log(kbps), inclusive endpoints",0.0016895682846730425,0.0,True,True,preserve measured local shape; no sorting of metric values or smoothing,lower_is_better,none,ulong,f0f6a0ec-d531-4a1b-9d18-d7541bd0132d,7
v62,mixed_50_50,DISTS,natural log(kbps),"PCHIP, extrapolate=False",95.76000000000003,812.9212499999996,valid,,100,"uniform natural log(kbps), inclusive endpoints",0.0011855127905439195,0.08,True,True,preserve measured local shape; no sorting of metric values or smoothing,lower_is_better,none,ulong,f0f6a0ec-d531-4a1b-9d18-d7541bd0132d,7
v62,mixed_50_50,FloLPIPS,natural log(kbps),"PCHIP, extrapolate=False",95.76000000000003,812.9212499999996,valid,,100,"uniform natural log(kbps), inclusive endpoints",0.0015584089775605731,0.0,True,True,preserve measured local shape; no sorting of metric values or smoothing,lower_is_better,none,ulong,f0f6a0ec-d531-4a1b-9d18-d7541bd0132d,7
v62,mixed_50_50,PSNR,natural log(kbps),"PCHIP, extrapolate=False",95.76000000000003,812.9212499999996,valid,,100,"uniform natural log(kbps), inclusive endpoints",0.12640865247921526,1.0,True,True,preserve measured local shape; no sorting of metric values or smoothing,higher_is_better,negative metric passed to unchanged lower-distortion comparator; reported equal-rate delta restored to original units,ulong,f0f6a0ec-d531-4a1b-9d18-d7541bd0132d,7
v62,mixed_50_50,SSIM,natural log(kbps),"PCHIP, extrapolate=False",95.76000000000003,812.9212499999996,valid,,100,"uniform natural log(kbps), inclusive endpoints",0.0007627940708984748,1.0,True,True,preserve measured local shape; no sorting of metric values or smoothing,higher_is_better,negative metric passed to unchanged lower-distortion comparator; reported equal-rate delta restored to original units,ulong,f0f6a0ec-d531-4a1b-9d18-d7541bd0132d,7
v62,mixed_50_50,MS_SSIM,natural log(kbps),"PCHIP, extrapolate=False",95.76000000000003,812.9212499999996,valid,,100,"uniform natural log(kbps), inclusive endpoints",-0.001216147008148647,0.0,True,True,preserve measured local shape; no sorting of metric values or smoothing,higher_is_better,negative metric passed to unchanged lower-distortion comparator; reported equal-rate delta restored to original units,ulong,f0f6a0ec-d531-4a1b-9d18-d7541bd0132d,7
original,ulong_only,LPIPS,natural log(kbps),"PCHIP, extrapolate=False",123.36749999999998,1204.6987499999998,valid,,100,"uniform natural log(kbps), inclusive endpoints",0.0742619213012941,0.0,True,True,preserve measured local shape; no sorting of metric values or smoothing,lower_is_better,none,uvg,Beauty,0
original,ulong_only,DISTS,natural log(kbps),"PCHIP, extrapolate=False",123.36749999999998,1204.6987499999998,valid,,100,"uniform natural log(kbps), inclusive endpoints",0.0406860856120463,0.0,True,True,preserve measured local shape; no sorting of metric values or smoothing,lower_is_better,none,uvg,Beauty,0
original,ulong_only,FloLPIPS,natural log(kbps),"PCHIP, extrapolate=False",123.36749999999998,1204.6987499999998,valid,,100,"uniform natural log(kbps), inclusive endpoints",0.09276171652337871,0.0,True,False,preserve measured local shape; no sorting of metric values or smoothing,lower_is_better,none,uvg,Beauty,0
original,ulong_only,PSNR,natural log(kbps),"PCHIP, extrapolate=False",123.36749999999998,1204.6987499999998,valid,,100,"uniform natural log(kbps), inclusive endpoints",-2.077232103711147,0.0,True,True,preserve measured local shape; no sorting of metric values or smoothing,higher_is_better,negative metric passed to unchanged lower-distortion comparator; reported equal-rate delta restored to original units,uvg,Beauty,0
original,ulong_only,SSIM,natural log(kbps),"PCHIP, extrapolate=False",123.36749999999998,1204.6987499999998,valid,,100,"uniform natural log(kbps), inclusive endpoints",-0.008510784181385326,0.0,True,True,preserve measured local shape; no sorting of metric values or smoothing,higher_is_better,negative metric passed to unchanged lower-distortion comparator; reported equal-rate delta restored to original units,uvg,Beauty,0
original,ulong_only,MS_SSIM,natural log(kbps),"PCHIP, extrapolate=False",123.36749999999998,1204.6987499999998,valid,,100,"uniform natural log(kbps), inclusive endpoints",-0.017016784075922723,0.0,True,True,preserve measured local shape; no sorting of metric values or smoothing,higher_is_better,negative metric passed to unchanged lower-distortion comparator; reported equal-rate delta restored to original units,uvg,Beauty,0
v62,ulong_only,LPIPS,natural log(kbps),"PCHIP, extrapolate=False",109.38375000000005,1204.6987499999998,valid,,100,"uniform natural log(kbps), inclusive endpoints",-0.008208011107242981,1.0,False,True,preserve measured local shape; no sorting of metric values or smoothing,lower_is_better,none,uvg,Beauty,0
v62,ulong_only,DISTS,natural log(kbps),"PCHIP, extrapolate=False",109.38375000000005,1204.6987499999998,valid,,100,"uniform natural log(kbps), inclusive endpoints",6.489195966699363e-05,0.3,True,True,preserve measured local shape; no sorting of metric values or smoothing,lower_is_better,none,uvg,Beauty,0
v62,ulong_only,FloLPIPS,natural log(kbps),"PCHIP, extrapolate=False",109.38375000000005,1204.6987499999998,valid,,100,"uniform natural log(kbps), inclusive endpoints",-0.010195557457532343,0.94,False,False,preserve measured local shape; no sorting of metric values or smoothing,lower_is_better,none,uvg,Beauty,0
v62,ulong_only,PSNR,natural log(kbps),"PCHIP, extrapolate=False",109.38375000000005,1204.6987499999998,valid,,100,"uniform natural log(kbps), inclusive endpoints",0.09887318556569973,1.0,True,True,preserve measured local shape; no sorting of metric values or smoothing,higher_is_better,negative metric passed to unchanged lower-distortion comparator; reported equal-rate delta restored to original units,uvg,Beauty,0
v62,ulong_only,SSIM,natural log(kbps),"PCHIP, extrapolate=False",109.38375000000005,1204.6987499999998,valid,,100,"uniform natural log(kbps), inclusive endpoints",0.00048572622284824286,1.0,True,True,preserve measured local shape; no sorting of metric values or smoothing,higher_is_better,negative metric passed to unchanged lower-distortion comparator; reported equal-rate delta restored to original units,uvg,Beauty,0
v62,ulong_only,MS_SSIM,natural log(kbps),"PCHIP, extrapolate=False",109.38375000000005,1204.6987499999998,valid,,100,"uniform natural log(kbps), inclusive endpoints",-0.0020973046489159352,0.0,True,True,preserve measured local shape; no sorting of metric values or smoothing,higher_is_better,negative metric passed to unchanged lower-distortion comparator; reported equal-rate delta restored to original units,uvg,Beauty,0
original,vimeo_only,LPIPS,natural log(kbps),"PCHIP, extrapolate=False",123.36749999999998,1226.1037499999995,valid,,100,"uniform natural log(kbps), inclusive endpoints",0.03738558988033332,0.0,True,True,preserve measured local shape; no sorting of metric values or smoothing,lower_is_better,none,uvg,Beauty,0
original,vimeo_only,DISTS,natural log(kbps),"PCHIP, extrapolate=False",123.36749999999998,1226.1037499999995,valid,,100,"uniform natural log(kbps), inclusive endpoints",0.030966424861559406,0.0,True,True,preserve measured local shape; no sorting of metric values or smoothing,lower_is_better,none,uvg,Beauty,0
original,vimeo_only,FloLPIPS,natural log(kbps),"PCHIP, extrapolate=False",123.36749999999998,1226.1037499999995,valid,,100,"uniform natural log(kbps), inclusive endpoints",0.048029402238031135,0.0,True,False,preserve measured local shape; no sorting of metric values or smoothing,lower_is_better,none,uvg,Beauty,0
original,vimeo_only,PSNR,natural log(kbps),"PCHIP, extrapolate=False",123.36749999999998,1226.1037499999995,valid,,100,"uniform natural log(kbps), inclusive endpoints",-1.0793748315894167,0.0,True,True,preserve measured local shape; no sorting of metric values or smoothing,higher_is_better,negative metric passed to unchanged lower-distortion comparator; reported equal-rate delta restored to original units,uvg,Beauty,0
original,vimeo_only,SSIM,natural log(kbps),"PCHIP, extrapolate=False",123.36749999999998,1226.1037499999995,valid,,100,"uniform natural log(kbps), inclusive endpoints",-0.003947850582768095,0.0,True,True,preserve measured local shape; no sorting of metric values or smoothing,higher_is_better,negative metric passed to unchanged lower-distortion comparator; reported equal-rate delta restored to original units,uvg,Beauty,0
original,vimeo_only,MS_SSIM,natural log(kbps),"PCHIP, extrapolate=False",123.36749999999998,1226.1037499999995,valid,,100,"uniform natural log(kbps), inclusive endpoints",-0.008751830559793412,0.0,True,True,preserve measured local shape; no sorting of metric values or smoothing,higher_is_better,negative metric passed to unchanged lower-distortion comparator; reported equal-rate delta restored to original units,uvg,Beauty,0
v62,vimeo_only,LPIPS,natural log(kbps),"PCHIP, extrapolate=False",111.79125,1226.1037499999995,valid,,100,"uniform natural log(kbps), inclusive endpoints",-0.04454355258295464,1.0,False,True,preserve measured local shape; no sorting of metric values or smoothing,lower_is_better,none,uvg,Beauty,0
v62,vimeo_only,DISTS,natural log(kbps),"PCHIP, extrapolate=False",111.79125,1226.1037499999995,valid,,100,"uniform natural log(kbps), inclusive endpoints",-0.009431224538909367,1.0,True,True,preserve measured local shape; no sorting of metric values or smoothing,lower_is_better,none,uvg,Beauty,0
v62,vimeo_only,FloLPIPS,natural log(kbps),"PCHIP, extrapolate=False",111.79125,1226.1037499999995,valid,,100,"uniform natural log(kbps), inclusive endpoints",-0.053796335048339625,1.0,False,False,preserve measured local shape; no sorting of metric values or smoothing,lower_is_better,none,uvg,Beauty,0
v62,vimeo_only,PSNR,natural log(kbps),"PCHIP, extrapolate=False",111.79125,1226.1037499999995,valid,,100,"uniform natural log(kbps), inclusive endpoints",1.1010290306824693,1.0,True,True,preserve measured local shape; no sorting of metric values or smoothing,higher_is_better,negative metric passed to unchanged lower-distortion comparator; reported equal-rate delta restored to original units,uvg,Beauty,0
v62,vimeo_only,SSIM,natural log(kbps),"PCHIP, extrapolate=False",111.79125,1226.1037499999995,valid,,100,"uniform natural log(kbps), inclusive endpoints",0.005100980671354424,1.0,True,True,preserve measured local shape; no sorting of metric values or smoothing,higher_is_better,negative metric passed to unchanged lower-distortion comparator; reported equal-rate delta restored to original units,uvg,Beauty,0
v62,vimeo_only,MS_SSIM,natural log(kbps),"PCHIP, extrapolate=False",111.79125,1226.1037499999995,valid,,100,"uniform natural log(kbps), inclusive endpoints",0.006212008060305137,1.0,True,True,preserve measured local shape; no sorting of metric values or smoothing,higher_is_better,negative metric passed to unchanged lower-distortion comparator; reported equal-rate delta restored to original units,uvg,Beauty,0
original,mixed_50_50,LPIPS,natural log(kbps),"PCHIP, extrapolate=False",123.36749999999998,1225.5224999999998,valid,,100,"uniform natural log(kbps), inclusive endpoints",0.05928960653082123,0.0,True,True,preserve measured local shape; no sorting of metric values or smoothing,lower_is_better,none,uvg,Beauty,0
original,mixed_50_50,DISTS,natural log(kbps),"PCHIP, extrapolate=False",123.36749999999998,1225.5224999999998,valid,,100,"uniform natural log(kbps), inclusive endpoints",0.036027226089349586,0.0,True,True,preserve measured local shape; no sorting of metric values or smoothing,lower_is_better,none,uvg,Beauty,0
original,mixed_50_50,FloLPIPS,natural log(kbps),"PCHIP, extrapolate=False",123.36749999999998,1225.5224999999998,valid,,100,"uniform natural log(kbps), inclusive endpoints",0.07523904452638591,0.0,True,False,preserve measured local shape; no sorting of metric values or smoothing,lower_is_better,none,uvg,Beauty,0
original,mixed_50_50,PSNR,natural log(kbps),"PCHIP, extrapolate=False",123.36749999999998,1225.5224999999998,valid,,100,"uniform natural log(kbps), inclusive endpoints",-1.692350514734435,0.0,True,True,preserve measured local shape; no sorting of metric values or smoothing,higher_is_better,negative metric passed to unchanged lower-distortion comparator; reported equal-rate delta restored to original units,uvg,Beauty,0
original,mixed_50_50,SSIM,natural log(kbps),"PCHIP, extrapolate=False",123.36749999999998,1225.5224999999998,valid,,100,"uniform natural log(kbps), inclusive endpoints",-0.006735825090907058,0.0,True,True,preserve measured local shape; no sorting of metric values or smoothing,higher_is_better,negative metric passed to unchanged lower-distortion comparator; reported equal-rate delta restored to original units,uvg,Beauty,0
original,mixed_50_50,MS_SSIM,natural log(kbps),"PCHIP, extrapolate=False",123.36749999999998,1225.5224999999998,valid,,100,"uniform natural log(kbps), inclusive endpoints",-0.01936202166544394,0.0,True,True,preserve measured local shape; no sorting of metric values or smoothing,higher_is_better,negative metric passed to unchanged lower-distortion comparator; reported equal-rate delta restored to original units,uvg,Beauty,0
v62,mixed_50_50,LPIPS,natural log(kbps),"PCHIP, extrapolate=False",109.7175,1225.5224999999998,valid,,100,"uniform natural log(kbps), inclusive endpoints",-0.023042992010717377,1.0,False,True,preserve measured local shape; no sorting of metric values or smoothing,lower_is_better,none,uvg,Beauty,0
v62,mixed_50_50,DISTS,natural log(kbps),"PCHIP, extrapolate=False",109.7175,1225.5224999999998,valid,,100,"uniform natural log(kbps), inclusive endpoints",-0.004393244021819984,1.0,True,True,preserve measured local shape; no sorting of metric values or smoothing,lower_is_better,none,uvg,Beauty,0
v62,mixed_50_50,FloLPIPS,natural log(kbps),"PCHIP, extrapolate=False",109.7175,1225.5224999999998,valid,,100,"uniform natural log(kbps), inclusive endpoints",-0.027971148207638522,1.0,False,False,preserve measured local shape; no sorting of metric values or smoothing,lower_is_better,none,uvg,Beauty,0
v62,mixed_50_50,PSNR,natural log(kbps),"PCHIP, extrapolate=False",109.7175,1225.5224999999998,valid,,100,"uniform natural log(kbps), inclusive endpoints",0.4861299165524761,1.0,True,True,preserve measured local shape; no sorting of metric values or smoothing,higher_is_better,negative metric passed to unchanged lower-distortion comparator; reported equal-rate delta restored to original units,uvg,Beauty,0
v62,mixed_50_50,SSIM,natural log(kbps),"PCHIP, extrapolate=False",109.7175,1225.5224999999998,valid,,100,"uniform natural log(kbps), inclusive endpoints",0.002283954398713026,1.0,True,True,preserve measured local shape; no sorting of metric values or smoothing,higher_is_better,negative metric passed to unchanged lower-distortion comparator; reported equal-rate delta restored to original units,uvg,Beauty,0
v62,mixed_50_50,MS_SSIM,natural log(kbps),"PCHIP, extrapolate=False",109.7175,1225.5224999999998,valid,,100,"uniform natural log(kbps), inclusive endpoints",-0.004423835762885126,0.0,True,True,preserve measured local shape; no sorting of metric values or smoothing,higher_is_better,negative metric passed to unchanged lower-distortion comparator; reported equal-rate delta restored to original units,uvg,Beauty,0
original,ulong_only,LPIPS,natural log(kbps),"PCHIP, extrapolate=False",148.27124999999998,1288.8974999999996,valid,,100,"uniform natural log(kbps), inclusive endpoints",0.010975876611861888,0.0,True,True,preserve measured local shape; no sorting of metric values or smoothing,lower_is_better,none,uvg,Bosphorus,1
original,ulong_only,DISTS,natural log(kbps),"PCHIP, extrapolate=False",148.27124999999998,1288.8974999999996,valid,,100,"uniform natural log(kbps), inclusive endpoints",0.012890297433070883,0.0,True,True,preserve measured local shape; no sorting of metric values or smoothing,lower_is_better,none,uvg,Bosphorus,1
original,ulong_only,FloLPIPS,natural log(kbps),"PCHIP, extrapolate=False",148.27124999999998,1288.8974999999996,valid,,100,"uniform natural log(kbps), inclusive endpoints",0.006292747938989032,0.0,True,True,preserve measured local shape; no sorting of metric values or smoothing,lower_is_better,none,uvg,Bosphorus,1
original,ulong_only,PSNR,natural log(kbps),"PCHIP, extrapolate=False",148.27124999999998,1288.8974999999996,valid,,100,"uniform natural log(kbps), inclusive endpoints",-1.1994912010812842,0.0,True,True,preserve measured local shape; no sorting of metric values or smoothing,higher_is_better,negative metric passed to unchanged lower-distortion comparator; reported equal-rate delta restored to original units,uvg,Bosphorus,1
original,ulong_only,SSIM,natural log(kbps),"PCHIP, extrapolate=False",148.27124999999998,1288.8974999999996,valid,,100,"uniform natural log(kbps), inclusive endpoints",-0.007255892989700353,0.0,True,True,preserve measured local shape; no sorting of metric values or smoothing,higher_is_better,negative metric passed to unchanged lower-distortion comparator; reported equal-rate delta restored to original units,uvg,Bosphorus,1
original,ulong_only,MS_SSIM,natural log(kbps),"PCHIP, extrapolate=False",148.27124999999998,1288.8974999999996,valid,,100,"uniform natural log(kbps), inclusive endpoints",-0.008955099427592941,0.0,True,True,preserve measured local shape; no sorting of metric values or smoothing,higher_is_better,negative metric passed to unchanged lower-distortion comparator; reported equal-rate delta restored to original units,uvg,Bosphorus,1
v62,ulong_only,LPIPS,natural log(kbps),"PCHIP, extrapolate=False",143.54624999999996,1287.60375,valid,,100,"uniform natural log(kbps), inclusive endpoints",0.003134512822478195,0.0,True,True,preserve measured local shape; no sorting of metric values or smoothing,lower_is_better,none,uvg,Bosphorus,1
v62,ulong_only,DISTS,natural log(kbps),"PCHIP, extrapolate=False",143.54624999999996,1287.60375,valid,,100,"uniform natural log(kbps), inclusive endpoints",0.0019848516467445023,0.0,True,True,preserve measured local shape; no sorting of metric values or smoothing,lower_is_better,none,uvg,Bosphorus,1
v62,ulong_only,FloLPIPS,natural log(kbps),"PCHIP, extrapolate=False",143.54624999999996,1287.60375,valid,,100,"uniform natural log(kbps), inclusive endpoints",0.0043019041023436635,0.0,True,True,preserve measured local shape; no sorting of metric values or smoothing,lower_is_better,none,uvg,Bosphorus,1
v62,ulong_only,PSNR,natural log(kbps),"PCHIP, extrapolate=False",143.54624999999996,1287.60375,valid,,100,"uniform natural log(kbps), inclusive endpoints",-0.2669281869600487,0.0,True,True,preserve measured local shape; no sorting of metric values or smoothing,higher_is_better,negative metric passed to unchanged lower-distortion comparator; reported equal-rate delta restored to original units,uvg,Bosphorus,1
v62,ulong_only,SSIM,natural log(kbps),"PCHIP, extrapolate=False",143.54624999999996,1287.60375,valid,,100,"uniform natural log(kbps), inclusive endpoints",-0.0017776305414838333,0.0,True,True,preserve measured local shape; no sorting of metric values or smoothing,higher_is_better,negative metric passed to unchanged lower-distortion comparator; reported equal-rate delta restored to original units,uvg,Bosphorus,1
v62,ulong_only,MS_SSIM,natural log(kbps),"PCHIP, extrapolate=False",143.54624999999996,1287.60375,valid,,100,"uniform natural log(kbps), inclusive endpoints",-0.0015600535694804496,0.0,True,True,preserve measured local shape; no sorting of metric values or smoothing,higher_is_better,negative metric passed to unchanged lower-distortion comparator; reported equal-rate delta restored to original units,uvg,Bosphorus,1
original,vimeo_only,LPIPS,natural log(kbps),"PCHIP, extrapolate=False",148.27124999999998,1282.2075000000004,valid,,100,"uniform natural log(kbps), inclusive endpoints",-0.002111001718617161,0.94,True,True,preserve measured local shape; no sorting of metric values or smoothing,lower_is_better,none,uvg,Bosphorus,1
original,vimeo_only,DISTS,natural log(kbps),"PCHIP, extrapolate=False",148.27124999999998,1282.2075000000004,valid,,100,"uniform natural log(kbps), inclusive endpoints",-0.0014467135985245356,1.0,True,True,preserve measured local shape; no sorting of metric values or smoothing,lower_is_better,none,uvg,Bosphorus,1
original,vimeo_only,FloLPIPS,natural log(kbps),"PCHIP, extrapolate=False",148.27124999999998,1282.2075000000004,valid,,100,"uniform natural log(kbps), inclusive endpoints",-0.004053717861169982,1.0,True,True,preserve measured local shape; no sorting of metric values or smoothing,lower_is_better,none,uvg,Bosphorus,1
original,vimeo_only,PSNR,natural log(kbps),"PCHIP, extrapolate=False",148.27124999999998,1282.2075000000004,valid,,100,"uniform natural log(kbps), inclusive endpoints",-0.7172740853921045,0.0,True,True,preserve measured local shape; no sorting of metric values or smoothing,higher_is_better,negative metric passed to unchanged lower-distortion comparator; reported equal-rate delta restored to original units,uvg,Bosphorus,1
original,vimeo_only,SSIM,natural log(kbps),"PCHIP, extrapolate=False",148.27124999999998,1282.2075000000004,valid,,100,"uniform natural log(kbps), inclusive endpoints",-0.0037528798487102798,0.0,True,True,preserve measured local shape; no sorting of metric values or smoothing,higher_is_better,negative metric passed to unchanged lower-distortion comparator; reported equal-rate delta restored to original units,uvg,Bosphorus,1
original,vimeo_only,MS_SSIM,natural log(kbps),"PCHIP, extrapolate=False",148.27124999999998,1282.2075000000004,valid,,100,"uniform natural log(kbps), inclusive endpoints",-0.004444138764350337,0.0,True,True,preserve measured local shape; no sorting of metric values or smoothing,higher_is_better,negative metric passed to unchanged lower-distortion comparator; reported equal-rate delta restored to original units,uvg,Bosphorus,1
v62,vimeo_only,LPIPS,natural log(kbps),"PCHIP, extrapolate=False",143.35125000000002,1282.2075000000004,valid,,100,"uniform natural log(kbps), inclusive endpoints",-0.010025331934329345,1.0,True,True,preserve measured local shape; no sorting of metric values or smoothing,lower_is_better,none,uvg,Bosphorus,1
v62,vimeo_only,DISTS,natural log(kbps),"PCHIP, extrapolate=False",143.35125000000002,1282.2075000000004,valid,,100,"uniform natural log(kbps), inclusive endpoints",-0.012337247786798757,1.0,True,True,preserve measured local shape; no sorting of metric values or smoothing,lower_is_better,none,uvg,Bosphorus,1
v62,vimeo_only,FloLPIPS,natural log(kbps),"PCHIP, extrapolate=False",143.35125000000002,1282.2075000000004,valid,,100,"uniform natural log(kbps), inclusive endpoints",-0.006144117863645791,1.0,True,True,preserve measured local shape; no sorting of metric values or smoothing,lower_is_better,none,uvg,Bosphorus,1
v62,vimeo_only,PSNR,natural log(kbps),"PCHIP, extrapolate=False",143.35125000000002,1282.2075000000004,valid,,100,"uniform natural log(kbps), inclusive endpoints",0.21404975435841433,1.0,True,True,preserve measured local shape; no sorting of metric values or smoothing,higher_is_better,negative metric passed to unchanged lower-distortion comparator; reported equal-rate delta restored to original units,uvg,Bosphorus,1
v62,vimeo_only,SSIM,natural log(kbps),"PCHIP, extrapolate=False",143.35125000000002,1282.2075000000004,valid,,100,"uniform natural log(kbps), inclusive endpoints",0.0017453170198978175,1.0,True,True,preserve measured local shape; no sorting of metric values or smoothing,higher_is_better,negative metric passed to unchanged lower-distortion comparator; reported equal-rate delta restored to original units,uvg,Bosphorus,1
v62,vimeo_only,MS_SSIM,natural log(kbps),"PCHIP, extrapolate=False",143.35125000000002,1282.2075000000004,valid,,100,"uniform natural log(kbps), inclusive endpoints",0.0029917668477200975,1.0,True,True,preserve measured local shape; no sorting of metric values or smoothing,higher_is_better,negative metric passed to unchanged lower-distortion comparator; reported equal-rate delta restored to original units,uvg,Bosphorus,1
original,mixed_50_50,LPIPS,natural log(kbps),"PCHIP, extrapolate=False",148.27124999999998,1293.9787499999995,valid,,100,"uniform natural log(kbps), inclusive endpoints",0.000982911458409669,0.29,True,True,preserve measured local shape; no sorting of metric values or smoothing,lower_is_better,none,uvg,Bosphorus,1
original,mixed_50_50,DISTS,natural log(kbps),"PCHIP, extrapolate=False",148.27124999999998,1293.9787499999995,valid,,100,"uniform natural log(kbps), inclusive endpoints",0.006448645820367201,0.0,True,True,preserve measured local shape; no sorting of metric values or smoothing,lower_is_better,none,uvg,Bosphorus,1
original,mixed_50_50,FloLPIPS,natural log(kbps),"PCHIP, extrapolate=False",148.27124999999998,1293.9787499999995,valid,,100,"uniform natural log(kbps), inclusive endpoints",-0.002659597631118399,0.53,True,True,preserve measured local shape; no sorting of metric values or smoothing,lower_is_better,none,uvg,Bosphorus,1
original,mixed_50_50,PSNR,natural log(kbps),"PCHIP, extrapolate=False",148.27124999999998,1293.9787499999995,valid,,100,"uniform natural log(kbps), inclusive endpoints",-0.9038734605756423,0.0,True,True,preserve measured local shape; no sorting of metric values or smoothing,higher_is_better,negative metric passed to unchanged lower-distortion comparator; reported equal-rate delta restored to original units,uvg,Bosphorus,1
original,mixed_50_50,SSIM,natural log(kbps),"PCHIP, extrapolate=False",148.27124999999998,1293.9787499999995,valid,,100,"uniform natural log(kbps), inclusive endpoints",-0.005179412460381853,0.0,True,True,preserve measured local shape; no sorting of metric values or smoothing,higher_is_better,negative metric passed to unchanged lower-distortion comparator; reported equal-rate delta restored to original units,uvg,Bosphorus,1
original,mixed_50_50,MS_SSIM,natural log(kbps),"PCHIP, extrapolate=False",148.27124999999998,1293.9787499999995,valid,,100,"uniform natural log(kbps), inclusive endpoints",-0.00821066641109705,0.0,True,True,preserve measured local shape; no sorting of metric values or smoothing,higher_is_better,negative metric passed to unchanged lower-distortion comparator; reported equal-rate delta restored to original units,uvg,Bosphorus,1
v62,mixed_50_50,LPIPS,natural log(kbps),"PCHIP, extrapolate=False",144.84375000000006,1287.60375,valid,,100,"uniform natural log(kbps), inclusive endpoints",-0.006905283403221025,1.0,True,True,preserve measured local shape; no sorting of metric values or smoothing,lower_is_better,none,uvg,Bosphorus,1
v62,mixed_50_50,DISTS,natural log(kbps),"PCHIP, extrapolate=False",144.84375000000006,1287.60375,valid,,100,"uniform natural log(kbps), inclusive endpoints",-0.004456995719926725,1.0,True,True,preserve measured local shape; no sorting of metric values or smoothing,lower_is_better,none,uvg,Bosphorus,1
v62,mixed_50_50,FloLPIPS,natural log(kbps),"PCHIP, extrapolate=False",144.84375000000006,1287.60375,valid,,100,"uniform natural log(kbps), inclusive endpoints",-0.0047065140245848265,1.0,True,True,preserve measured local shape; no sorting of metric values or smoothing,lower_is_better,none,uvg,Bosphorus,1
v62,mixed_50_50,PSNR,natural log(kbps),"PCHIP, extrapolate=False",144.84375000000006,1287.60375,valid,,100,"uniform natural log(kbps), inclusive endpoints",0.02915342134416651,1.0,True,True,preserve measured local shape; no sorting of metric values or smoothing,higher_is_better,negative metric passed to unchanged lower-distortion comparator; reported equal-rate delta restored to original units,uvg,Bosphorus,1
v62,mixed_50_50,SSIM,natural log(kbps),"PCHIP, extrapolate=False",144.84375000000006,1287.60375,valid,,100,"uniform natural log(kbps), inclusive endpoints",0.0003125194780039697,1.0,True,True,preserve measured local shape; no sorting of metric values or smoothing,higher_is_better,negative metric passed to unchanged lower-distortion comparator; reported equal-rate delta restored to original units,uvg,Bosphorus,1
v62,mixed_50_50,MS_SSIM,natural log(kbps),"PCHIP, extrapolate=False",144.84375000000006,1287.60375,valid,,100,"uniform natural log(kbps), inclusive endpoints",-0.0008007810771171165,0.0,True,True,preserve measured local shape; no sorting of metric values or smoothing,higher_is_better,negative metric passed to unchanged lower-distortion comparator; reported equal-rate delta restored to original units,uvg,Bosphorus,1
original,ulong_only,LPIPS,natural log(kbps),"PCHIP, extrapolate=False",104.55000000000003,574.1925,valid,,100,"uniform natural log(kbps), inclusive endpoints",0.012761675751846445,0.0,True,True,preserve measured local shape; no sorting of metric values or smoothing,lower_is_better,none,uvg,HoneyBee,2
original,ulong_only,DISTS,natural log(kbps),"PCHIP, extrapolate=False",104.55000000000003,574.1925,valid,,100,"uniform natural log(kbps), inclusive endpoints",0.01539204767606811,0.0,True,True,preserve measured local shape; no sorting of metric values or smoothing,lower_is_better,none,uvg,HoneyBee,2
original,ulong_only,FloLPIPS,natural log(kbps),"PCHIP, extrapolate=False",104.55000000000003,574.1925,valid,,100,"uniform natural log(kbps), inclusive endpoints",0.011576026764504166,0.0,True,True,preserve measured local shape; no sorting of metric values or smoothing,lower_is_better,none,uvg,HoneyBee,2
original,ulong_only,PSNR,natural log(kbps),"PCHIP, extrapolate=False",104.55000000000003,574.1925,valid,,100,"uniform natural log(kbps), inclusive endpoints",-0.8106425788934638,0.0,True,True,preserve measured local shape; no sorting of metric values or smoothing,higher_is_better,negative metric passed to unchanged lower-distortion comparator; reported equal-rate delta restored to original units,uvg,HoneyBee,2
original,ulong_only,SSIM,natural log(kbps),"PCHIP, extrapolate=False",104.55000000000003,574.1925,valid,,100,"uniform natural log(kbps), inclusive endpoints",-0.005531104824255955,0.0,True,True,preserve measured local shape; no sorting of metric values or smoothing,higher_is_better,negative metric passed to unchanged lower-distortion comparator; reported equal-rate delta restored to original units,uvg,HoneyBee,2
original,ulong_only,MS_SSIM,natural log(kbps),"PCHIP, extrapolate=False",104.55000000000003,574.1925,valid,,100,"uniform natural log(kbps), inclusive endpoints",-0.0030870423185708463,0.0,True,True,preserve measured local shape; no sorting of metric values or smoothing,higher_is_better,negative metric passed to unchanged lower-distortion comparator; reported equal-rate delta restored to original units,uvg,HoneyBee,2
v62,ulong_only,LPIPS,natural log(kbps),"PCHIP, extrapolate=False",102.36374999999998,568.7962499999998,valid,,100,"uniform natural log(kbps), inclusive endpoints",0.0006733584714714684,0.02,True,True,preserve measured local shape; no sorting of metric values or smoothing,lower_is_better,none,uvg,HoneyBee,2
v62,ulong_only,DISTS,natural log(kbps),"PCHIP, extrapolate=False",102.36374999999998,568.7962499999998,valid,,100,"uniform natural log(kbps), inclusive endpoints",-0.0009708648963052996,0.73,True,True,preserve measured local shape; no sorting of metric values or smoothing,lower_is_better,none,uvg,HoneyBee,2
v62,ulong_only,FloLPIPS,natural log(kbps),"PCHIP, extrapolate=False",102.36374999999998,568.7962499999998,valid,,100,"uniform natural log(kbps), inclusive endpoints",0.0013852166441115582,0.13,True,True,preserve measured local shape; no sorting of metric values or smoothing,lower_is_better,none,uvg,HoneyBee,2
v62,ulong_only,PSNR,natural log(kbps),"PCHIP, extrapolate=False",102.36374999999998,568.7962499999998,valid,,100,"uniform natural log(kbps), inclusive endpoints",-0.6166930065174582,0.0,True,True,preserve measured local shape; no sorting of metric values or smoothing,higher_is_better,negative metric passed to unchanged lower-distortion comparator; reported equal-rate delta restored to original units,uvg,HoneyBee,2
v62,ulong_only,SSIM,natural log(kbps),"PCHIP, extrapolate=False",102.36374999999998,568.7962499999998,valid,,100,"uniform natural log(kbps), inclusive endpoints",-0.0037953256526836497,0.0,True,True,preserve measured local shape; no sorting of metric values or smoothing,higher_is_better,negative metric passed to unchanged lower-distortion comparator; reported equal-rate delta restored to original units,uvg,HoneyBee,2
v62,ulong_only,MS_SSIM,natural log(kbps),"PCHIP, extrapolate=False",102.36374999999998,568.7962499999998,valid,,100,"uniform natural log(kbps), inclusive endpoints",-0.0029499864859943215,0.0,True,True,preserve measured local shape; no sorting of metric values or smoothing,higher_is_better,negative metric passed to unchanged lower-distortion comparator; reported equal-rate delta restored to original units,uvg,HoneyBee,2
original,vimeo_only,LPIPS,natural log(kbps),"PCHIP, extrapolate=False",104.55000000000003,577.2037499999999,valid,,100,"uniform natural log(kbps), inclusive endpoints",0.0012993230505129886,0.4,True,True,preserve measured local shape; no sorting of metric values or smoothing,lower_is_better,none,uvg,HoneyBee,2
original,vimeo_only,DISTS,natural log(kbps),"PCHIP, extrapolate=False",104.55000000000003,577.2037499999999,valid,,100,"uniform natural log(kbps), inclusive endpoints",0.001939746176178011,0.4,True,True,preserve measured local shape; no sorting of metric values or smoothing,lower_is_better,none,uvg,HoneyBee,2
original,vimeo_only,FloLPIPS,natural log(kbps),"PCHIP, extrapolate=False",104.55000000000003,577.2037499999999,valid,,100,"uniform natural log(kbps), inclusive endpoints",0.0009129013980558004,0.36,True,True,preserve measured local shape; no sorting of metric values or smoothing,lower_is_better,none,uvg,HoneyBee,2
original,vimeo_only,PSNR,natural log(kbps),"PCHIP, extrapolate=False",104.55000000000003,577.2037499999999,valid,,100,"uniform natural log(kbps), inclusive endpoints",-0.16286812803554937,0.0,True,True,preserve measured local shape; no sorting of metric values or smoothing,higher_is_better,negative metric passed to unchanged lower-distortion comparator; reported equal-rate delta restored to original units,uvg,HoneyBee,2
original,vimeo_only,SSIM,natural log(kbps),"PCHIP, extrapolate=False",104.55000000000003,577.2037499999999,valid,,100,"uniform natural log(kbps), inclusive endpoints",-0.0013312762979455028,0.0,True,True,preserve measured local shape; no sorting of metric values or smoothing,higher_is_better,negative metric passed to unchanged lower-distortion comparator; reported equal-rate delta restored to original units,uvg,HoneyBee,2
original,vimeo_only,MS_SSIM,natural log(kbps),"PCHIP, extrapolate=False",104.55000000000003,577.2037499999999,valid,,100,"uniform natural log(kbps), inclusive endpoints",-0.001035992915957482,0.0,True,True,preserve measured local shape; no sorting of metric values or smoothing,higher_is_better,negative metric passed to unchanged lower-distortion comparator; reported equal-rate delta restored to original units,uvg,HoneyBee,2
v62,vimeo_only,LPIPS,natural log(kbps),"PCHIP, extrapolate=False",103.54875000000001,568.7962499999998,valid,,100,"uniform natural log(kbps), inclusive endpoints",-0.010801772622617617,1.0,True,True,preserve measured local shape; no sorting of metric values or smoothing,lower_is_better,none,uvg,HoneyBee,2
v62,vimeo_only,DISTS,natural log(kbps),"PCHIP, extrapolate=False",103.54875000000001,568.7962499999998,valid,,100,"uniform natural log(kbps), inclusive endpoints",-0.014360983714920466,1.0,True,True,preserve measured local shape; no sorting of metric values or smoothing,lower_is_better,none,uvg,HoneyBee,2
v62,vimeo_only,FloLPIPS,natural log(kbps),"PCHIP, extrapolate=False",103.54875000000001,568.7962499999998,valid,,100,"uniform natural log(kbps), inclusive endpoints",-0.009286405832970374,1.0,True,True,preserve measured local shape; no sorting of metric values or smoothing,lower_is_better,none,uvg,HoneyBee,2
v62,vimeo_only,PSNR,natural log(kbps),"PCHIP, extrapolate=False",103.54875000000001,568.7962499999998,valid,,100,"uniform natural log(kbps), inclusive endpoints",0.027554741329686366,0.72,True,True,preserve measured local shape; no sorting of metric values or smoothing,higher_is_better,negative metric passed to unchanged lower-distortion comparator; reported equal-rate delta restored to original units,uvg,HoneyBee,2
v62,vimeo_only,SSIM,natural log(kbps),"PCHIP, extrapolate=False",103.54875000000001,568.7962499999998,valid,,100,"uniform natural log(kbps), inclusive endpoints",0.00040908363662350177,0.77,True,True,preserve measured local shape; no sorting of metric values or smoothing,higher_is_better,negative metric passed to unchanged lower-distortion comparator; reported equal-rate delta restored to original units,uvg,HoneyBee,2
v62,vimeo_only,MS_SSIM,natural log(kbps),"PCHIP, extrapolate=False",103.54875000000001,568.7962499999998,valid,,100,"uniform natural log(kbps), inclusive endpoints",-0.0008988557472510228,0.15,True,True,preserve measured local shape; no sorting of metric values or smoothing,higher_is_better,negative metric passed to unchanged lower-distortion comparator; reported equal-rate delta restored to original units,uvg,HoneyBee,2
original,mixed_50_50,LPIPS,natural log(kbps),"PCHIP, extrapolate=False",104.55000000000003,577.6237500000001,valid,,100,"uniform natural log(kbps), inclusive endpoints",0.008655724336135711,0.0,True,True,preserve measured local shape; no sorting of metric values or smoothing,lower_is_better,none,uvg,HoneyBee,2
original,mixed_50_50,DISTS,natural log(kbps),"PCHIP, extrapolate=False",104.55000000000003,577.6237500000001,valid,,100,"uniform natural log(kbps), inclusive endpoints",0.009917506257233083,0.0,True,True,preserve measured local shape; no sorting of metric values or smoothing,lower_is_better,none,uvg,HoneyBee,2
original,mixed_50_50,FloLPIPS,natural log(kbps),"PCHIP, extrapolate=False",104.55000000000003,577.6237500000001,valid,,100,"uniform natural log(kbps), inclusive endpoints",0.007766842734564477,0.0,True,True,preserve measured local shape; no sorting of metric values or smoothing,lower_is_better,none,uvg,HoneyBee,2
original,mixed_50_50,PSNR,natural log(kbps),"PCHIP, extrapolate=False",104.55000000000003,577.6237500000001,valid,,100,"uniform natural log(kbps), inclusive endpoints",-0.8451710380812429,0.0,True,True,preserve measured local shape; no sorting of metric values or smoothing,higher_is_better,negative metric passed to unchanged lower-distortion comparator; reported equal-rate delta restored to original units,uvg,HoneyBee,2
original,mixed_50_50,SSIM,natural log(kbps),"PCHIP, extrapolate=False",104.55000000000003,577.6237500000001,valid,,100,"uniform natural log(kbps), inclusive endpoints",-0.005728963529846496,0.0,True,True,preserve measured local shape; no sorting of metric values or smoothing,higher_is_better,negative metric passed to unchanged lower-distortion comparator; reported equal-rate delta restored to original units,uvg,HoneyBee,2
original,mixed_50_50,MS_SSIM,natural log(kbps),"PCHIP, extrapolate=False",104.55000000000003,577.6237500000001,valid,,100,"uniform natural log(kbps), inclusive endpoints",-0.003219664172195773,0.0,True,True,preserve measured local shape; no sorting of metric values or smoothing,higher_is_better,negative metric passed to unchanged lower-distortion comparator; reported equal-rate delta restored to original units,uvg,HoneyBee,2
v62,mixed_50_50,LPIPS,natural log(kbps),"PCHIP, extrapolate=False",102.40875000000001,568.7962499999998,valid,,100,"uniform natural log(kbps), inclusive endpoints",-0.003440045358425715,1.0,True,True,preserve measured local shape; no sorting of metric values or smoothing,lower_is_better,none,uvg,HoneyBee,2
v62,mixed_50_50,DISTS,natural log(kbps),"PCHIP, extrapolate=False",102.40875000000001,568.7962499999998,valid,,100,"uniform natural log(kbps), inclusive endpoints",-0.006424733956511739,1.0,True,True,preserve measured local shape; no sorting of metric values or smoothing,lower_is_better,none,uvg,HoneyBee,2
v62,mixed_50_50,FloLPIPS,natural log(kbps),"PCHIP, extrapolate=False",102.40875000000001,568.7962499999998,valid,,100,"uniform natural log(kbps), inclusive endpoints",-0.0024315880835015353,1.0,True,True,preserve measured local shape; no sorting of metric values or smoothing,lower_is_better,none,uvg,HoneyBee,2
v62,mixed_50_50,PSNR,natural log(kbps),"PCHIP, extrapolate=False",102.40875000000001,568.7962499999998,valid,,100,"uniform natural log(kbps), inclusive endpoints",-0.6504817865668632,0.0,True,True,preserve measured local shape; no sorting of metric values or smoothing,higher_is_better,negative metric passed to unchanged lower-distortion comparator; reported equal-rate delta restored to original units,uvg,HoneyBee,2
v62,mixed_50_50,SSIM,natural log(kbps),"PCHIP, extrapolate=False",102.40875000000001,568.7962499999998,valid,,100,"uniform natural log(kbps), inclusive endpoints",-0.003992625687283286,0.0,True,True,preserve measured local shape; no sorting of metric values or smoothing,higher_is_better,negative metric passed to unchanged lower-distortion comparator; reported equal-rate delta restored to original units,uvg,HoneyBee,2
v62,mixed_50_50,MS_SSIM,natural log(kbps),"PCHIP, extrapolate=False",102.40875000000001,568.7962499999998,valid,,100,"uniform natural log(kbps), inclusive endpoints",-0.003076686222691969,0.0,True,True,preserve measured local shape; no sorting of metric values or smoothing,higher_is_better,negative metric passed to unchanged lower-distortion comparator; reported equal-rate delta restored to original units,uvg,HoneyBee,2
original,ulong_only,LPIPS,natural log(kbps),"PCHIP, extrapolate=False",420.7799999999999,2522.3249999999994,valid,,100,"uniform natural log(kbps), inclusive endpoints",0.034613901104161744,0.0,True,True,preserve measured local shape; no sorting of metric values or smoothing,lower_is_better,none,uvg,Jockey,3
original,ulong_only,DISTS,natural log(kbps),"PCHIP, extrapolate=False",420.7799999999999,2522.3249999999994,valid,,100,"uniform natural log(kbps), inclusive endpoints",0.020335615825017375,0.0,True,True,preserve measured local shape; no sorting of metric values or smoothing,lower_is_better,none,uvg,Jockey,3
original,ulong_only,FloLPIPS,natural log(kbps),"PCHIP, extrapolate=False",420.7799999999999,2522.3249999999994,valid,,100,"uniform natural log(kbps), inclusive endpoints",0.03229701402497248,0.0,True,True,preserve measured local shape; no sorting of metric values or smoothing,lower_is_better,none,uvg,Jockey,3
original,ulong_only,PSNR,natural log(kbps),"PCHIP, extrapolate=False",420.7799999999999,2522.3249999999994,valid,,100,"uniform natural log(kbps), inclusive endpoints",-1.2623310324343613,0.0,True,True,preserve measured local shape; no sorting of metric values or smoothing,higher_is_better,negative metric passed to unchanged lower-distortion comparator; reported equal-rate delta restored to original units,uvg,Jockey,3
original,ulong_only,SSIM,natural log(kbps),"PCHIP, extrapolate=False",420.7799999999999,2522.3249999999994,valid,,100,"uniform natural log(kbps), inclusive endpoints",-0.005901747707496149,0.0,True,True,preserve measured local shape; no sorting of metric values or smoothing,higher_is_better,negative metric passed to unchanged lower-distortion comparator; reported equal-rate delta restored to original units,uvg,Jockey,3
original,ulong_only,MS_SSIM,natural log(kbps),"PCHIP, extrapolate=False",420.7799999999999,2522.3249999999994,valid,,100,"uniform natural log(kbps), inclusive endpoints",-0.008099105443761806,0.0,True,True,preserve measured local shape; no sorting of metric values or smoothing,higher_is_better,negative metric passed to unchanged lower-distortion comparator; reported equal-rate delta restored to original units,uvg,Jockey,3
v62,ulong_only,LPIPS,natural log(kbps),"PCHIP, extrapolate=False",373.11374999999987,2522.3249999999994,valid,,100,"uniform natural log(kbps), inclusive endpoints",0.0007158376417236065,0.41,True,True,preserve measured local shape; no sorting of metric values or smoothing,lower_is_better,none,uvg,Jockey,3
v62,ulong_only,DISTS,natural log(kbps),"PCHIP, extrapolate=False",373.11374999999987,2522.3249999999994,valid,,100,"uniform natural log(kbps), inclusive endpoints",-0.0014159386345553831,1.0,True,True,preserve measured local shape; no sorting of metric values or smoothing,lower_is_better,none,uvg,Jockey,3
v62,ulong_only,FloLPIPS,natural log(kbps),"PCHIP, extrapolate=False",373.11374999999987,2522.3249999999994,valid,,100,"uniform natural log(kbps), inclusive endpoints",0.0020039794321745834,0.26,True,True,preserve measured local shape; no sorting of metric values or smoothing,lower_is_better,none,uvg,Jockey,3
v62,ulong_only,PSNR,natural log(kbps),"PCHIP, extrapolate=False",373.11374999999987,2522.3249999999994,valid,,100,"uniform natural log(kbps), inclusive endpoints",-0.3290860748402191,0.0,True,True,preserve measured local shape; no sorting of metric values or smoothing,higher_is_better,negative metric passed to unchanged lower-distortion comparator; reported equal-rate delta restored to original units,uvg,Jockey,3
v62,ulong_only,SSIM,natural log(kbps),"PCHIP, extrapolate=False",373.11374999999987,2522.3249999999994,valid,,100,"uniform natural log(kbps), inclusive endpoints",-0.0015355625763437163,0.0,True,True,preserve measured local shape; no sorting of metric values or smoothing,higher_is_better,negative metric passed to unchanged lower-distortion comparator; reported equal-rate delta restored to original units,uvg,Jockey,3
v62,ulong_only,MS_SSIM,natural log(kbps),"PCHIP, extrapolate=False",373.11374999999987,2522.3249999999994,valid,,100,"uniform natural log(kbps), inclusive endpoints",0.0007411858586675035,1.0,True,True,preserve measured local shape; no sorting of metric values or smoothing,higher_is_better,negative metric passed to unchanged lower-distortion comparator; reported equal-rate delta restored to original units,uvg,Jockey,3
original,vimeo_only,LPIPS,natural log(kbps),"PCHIP, extrapolate=False",420.7799999999999,2576.3062499999996,valid,,100,"uniform natural log(kbps), inclusive endpoints",0.018179475280584553,0.0,True,True,preserve measured local shape; no sorting of metric values or smoothing,lower_is_better,none,uvg,Jockey,3
original,vimeo_only,DISTS,natural log(kbps),"PCHIP, extrapolate=False",420.7799999999999,2576.3062499999996,valid,,100,"uniform natural log(kbps), inclusive endpoints",0.011844677018145107,0.0,True,True,preserve measured local shape; no sorting of metric values or smoothing,lower_is_better,none,uvg,Jockey,3
original,vimeo_only,FloLPIPS,natural log(kbps),"PCHIP, extrapolate=False",420.7799999999999,2576.3062499999996,valid,,100,"uniform natural log(kbps), inclusive endpoints",0.020291518654772907,0.0,True,True,preserve measured local shape; no sorting of metric values or smoothing,lower_is_better,none,uvg,Jockey,3
original,vimeo_only,PSNR,natural log(kbps),"PCHIP, extrapolate=False",420.7799999999999,2576.3062499999996,valid,,100,"uniform natural log(kbps), inclusive endpoints",-0.7943825241579843,0.0,True,True,preserve measured local shape; no sorting of metric values or smoothing,higher_is_better,negative metric passed to unchanged lower-distortion comparator; reported equal-rate delta restored to original units,uvg,Jockey,3
original,vimeo_only,SSIM,natural log(kbps),"PCHIP, extrapolate=False",420.7799999999999,2576.3062499999996,valid,,100,"uniform natural log(kbps), inclusive endpoints",-0.0035650949420628197,0.0,True,True,preserve measured local shape; no sorting of metric values or smoothing,higher_is_better,negative metric passed to unchanged lower-distortion comparator; reported equal-rate delta restored to original units,uvg,Jockey,3
original,vimeo_only,MS_SSIM,natural log(kbps),"PCHIP, extrapolate=False",420.7799999999999,2576.3062499999996,valid,,100,"uniform natural log(kbps), inclusive endpoints",-0.0073093237108022655,0.0,True,True,preserve measured local shape; no sorting of metric values or smoothing,higher_is_better,negative metric passed to unchanged lower-distortion comparator; reported equal-rate delta restored to original units,uvg,Jockey,3
v62,vimeo_only,LPIPS,natural log(kbps),"PCHIP, extrapolate=False",380.9399999999999,2525.9774999999995,valid,,100,"uniform natural log(kbps), inclusive endpoints",-0.01576090984571028,1.0,True,True,preserve measured local shape; no sorting of metric values or smoothing,lower_is_better,none,uvg,Jockey,3
v62,vimeo_only,DISTS,natural log(kbps),"PCHIP, extrapolate=False",380.9399999999999,2525.9774999999995,valid,,100,"uniform natural log(kbps), inclusive endpoints",-0.010011746043899074,1.0,True,True,preserve measured local shape; no sorting of metric values or smoothing,lower_is_better,none,uvg,Jockey,3
v62,vimeo_only,FloLPIPS,natural log(kbps),"PCHIP, extrapolate=False",380.9399999999999,2525.9774999999995,valid,,100,"uniform natural log(kbps), inclusive endpoints",-0.010243875638122872,1.0,True,True,preserve measured local shape; no sorting of metric values or smoothing,lower_is_better,none,uvg,Jockey,3
v62,vimeo_only,PSNR,natural log(kbps),"PCHIP, extrapolate=False",380.9399999999999,2525.9774999999995,valid,,100,"uniform natural log(kbps), inclusive endpoints",0.13543415763235625,1.0,True,True,preserve measured local shape; no sorting of metric values or smoothing,higher_is_better,negative metric passed to unchanged lower-distortion comparator; reported equal-rate delta restored to original units,uvg,Jockey,3
v62,vimeo_only,SSIM,natural log(kbps),"PCHIP, extrapolate=False",380.9399999999999,2525.9774999999995,valid,,100,"uniform natural log(kbps), inclusive endpoints",0.0008415584887530748,1.0,True,True,preserve measured local shape; no sorting of metric values or smoothing,higher_is_better,negative metric passed to unchanged lower-distortion comparator; reported equal-rate delta restored to original units,uvg,Jockey,3
v62,vimeo_only,MS_SSIM,natural log(kbps),"PCHIP, extrapolate=False",380.9399999999999,2525.9774999999995,valid,,100,"uniform natural log(kbps), inclusive endpoints",0.0014977028498135382,1.0,True,True,preserve measured local shape; no sorting of metric values or smoothing,higher_is_better,negative metric passed to unchanged lower-distortion comparator; reported equal-rate delta restored to original units,uvg,Jockey,3
original,mixed_50_50,LPIPS,natural log(kbps),"PCHIP, extrapolate=False",420.7799999999999,2559.11625,valid,,100,"uniform natural log(kbps), inclusive endpoints",0.02809039658329744,0.0,True,True,preserve measured local shape; no sorting of metric values or smoothing,lower_is_better,none,uvg,Jockey,3
original,mixed_50_50,DISTS,natural log(kbps),"PCHIP, extrapolate=False",420.7799999999999,2559.11625,valid,,100,"uniform natural log(kbps), inclusive endpoints",0.01678355182465145,0.0,True,True,preserve measured local shape; no sorting of metric values or smoothing,lower_is_better,none,uvg,Jockey,3
original,mixed_50_50,FloLPIPS,natural log(kbps),"PCHIP, extrapolate=False",420.7799999999999,2559.11625,valid,,100,"uniform natural log(kbps), inclusive endpoints",0.0290408597439767,0.0,True,True,preserve measured local shape; no sorting of metric values or smoothing,lower_is_better,none,uvg,Jockey,3
original,mixed_50_50,PSNR,natural log(kbps),"PCHIP, extrapolate=False",420.7799999999999,2559.11625,valid,,100,"uniform natural log(kbps), inclusive endpoints",-0.968656840503476,0.0,True,True,preserve measured local shape; no sorting of metric values or smoothing,higher_is_better,negative metric passed to unchanged lower-distortion comparator; reported equal-rate delta restored to original units,uvg,Jockey,3
original,mixed_50_50,SSIM,natural log(kbps),"PCHIP, extrapolate=False",420.7799999999999,2559.11625,valid,,100,"uniform natural log(kbps), inclusive endpoints",-0.004243394416780376,0.0,True,True,preserve measured local shape; no sorting of metric values or smoothing,higher_is_better,negative metric passed to unchanged lower-distortion comparator; reported equal-rate delta restored to original units,uvg,Jockey,3
original,mixed_50_50,MS_SSIM,natural log(kbps),"PCHIP, extrapolate=False",420.7799999999999,2559.11625,valid,,100,"uniform natural log(kbps), inclusive endpoints",-0.007918275552110754,0.0,True,True,preserve measured local shape; no sorting of metric values or smoothing,higher_is_better,negative metric passed to unchanged lower-distortion comparator; reported equal-rate delta restored to original units,uvg,Jockey,3
v62,mixed_50_50,LPIPS,natural log(kbps),"PCHIP, extrapolate=False",376.54500000000013,2525.9774999999995,valid,,100,"uniform natural log(kbps), inclusive endpoints",-0.005844949320893712,1.0,True,True,preserve measured local shape; no sorting of metric values or smoothing,lower_is_better,none,uvg,Jockey,3
v62,mixed_50_50,DISTS,natural log(kbps),"PCHIP, extrapolate=False",376.54500000000013,2525.9774999999995,valid,,100,"uniform natural log(kbps), inclusive endpoints",-0.00494368632090113,1.0,True,True,preserve measured local shape; no sorting of metric values or smoothing,lower_is_better,none,uvg,Jockey,3
v62,mixed_50_50,FloLPIPS,natural log(kbps),"PCHIP, extrapolate=False",376.54500000000013,2525.9774999999995,valid,,100,"uniform natural log(kbps), inclusive endpoints",-0.0013465744295509793,0.87,True,True,preserve measured local shape; no sorting of metric values or smoothing,lower_is_better,none,uvg,Jockey,3
v62,mixed_50_50,PSNR,natural log(kbps),"PCHIP, extrapolate=False",376.54500000000013,2525.9774999999995,valid,,100,"uniform natural log(kbps), inclusive endpoints",-0.033291247753545326,0.29,True,True,preserve measured local shape; no sorting of metric values or smoothing,higher_is_better,negative metric passed to unchanged lower-distortion comparator; reported equal-rate delta restored to original units,uvg,Jockey,3
v62,mixed_50_50,SSIM,natural log(kbps),"PCHIP, extrapolate=False",376.54500000000013,2525.9774999999995,valid,,100,"uniform natural log(kbps), inclusive endpoints",0.00017390829367198602,0.71,True,True,preserve measured local shape; no sorting of metric values or smoothing,higher_is_better,negative metric passed to unchanged lower-distortion comparator; reported equal-rate delta restored to original units,uvg,Jockey,3
v62,mixed_50_50,MS_SSIM,natural log(kbps),"PCHIP, extrapolate=False",376.54500000000013,2525.9774999999995,valid,,100,"uniform natural log(kbps), inclusive endpoints",0.0009215765506392881,1.0,True,True,preserve measured local shape; no sorting of metric values or smoothing,higher_is_better,negative metric passed to unchanged lower-distortion comparator; reported equal-rate delta restored to original units,uvg,Jockey,3
original,ulong_only,LPIPS,natural log(kbps),"PCHIP, extrapolate=False",366.94124999999997,2308.05375,valid,,100,"uniform natural log(kbps), inclusive endpoints",0.0010319143933830146,0.35,True,True,preserve measured local shape; no sorting of metric values or smoothing,lower_is_better,none,uvg,ReadySteadyGo,4
original,ulong_only,DISTS,natural log(kbps),"PCHIP, extrapolate=False",366.94124999999997,2308.05375,valid,,100,"uniform natural log(kbps), inclusive endpoints",0.016192329537236302,0.0,True,True,preserve measured local shape; no sorting of metric values or smoothing,lower_is_better,none,uvg,ReadySteadyGo,4
original,ulong_only,FloLPIPS,natural log(kbps),"PCHIP, extrapolate=False",366.94124999999997,2308.05375,valid,,100,"uniform natural log(kbps), inclusive endpoints",-0.010473895732942454,1.0,True,True,preserve measured local shape; no sorting of metric values or smoothing,lower_is_better,none,uvg,ReadySteadyGo,4
original,ulong_only,PSNR,natural log(kbps),"PCHIP, extrapolate=False",366.94124999999997,2308.05375,valid,,100,"uniform natural log(kbps), inclusive endpoints",-0.957252838189294,0.0,True,True,preserve measured local shape; no sorting of metric values or smoothing,higher_is_better,negative metric passed to unchanged lower-distortion comparator; reported equal-rate delta restored to original units,uvg,ReadySteadyGo,4
original,ulong_only,SSIM,natural log(kbps),"PCHIP, extrapolate=False",366.94124999999997,2308.05375,valid,,100,"uniform natural log(kbps), inclusive endpoints",-0.005176016975422057,0.0,True,True,preserve measured local shape; no sorting of metric values or smoothing,higher_is_better,negative metric passed to unchanged lower-distortion comparator; reported equal-rate delta restored to original units,uvg,ReadySteadyGo,4
original,ulong_only,MS_SSIM,natural log(kbps),"PCHIP, extrapolate=False",366.94124999999997,2308.05375,valid,,100,"uniform natural log(kbps), inclusive endpoints",-0.007931657371665547,0.0,True,True,preserve measured local shape; no sorting of metric values or smoothing,higher_is_better,negative metric passed to unchanged lower-distortion comparator; reported equal-rate delta restored to original units,uvg,ReadySteadyGo,4
v62,ulong_only,LPIPS,natural log(kbps),"PCHIP, extrapolate=False",350.0550000000002,2308.05375,valid,,100,"uniform natural log(kbps), inclusive endpoints",0.00014787760472742662,0.38,True,True,preserve measured local shape; no sorting of metric values or smoothing,lower_is_better,none,uvg,ReadySteadyGo,4
v62,ulong_only,DISTS,natural log(kbps),"PCHIP, extrapolate=False",350.0550000000002,2308.05375,valid,,100,"uniform natural log(kbps), inclusive endpoints",-0.0019695141303183892,1.0,True,True,preserve measured local shape; no sorting of metric values or smoothing,lower_is_better,none,uvg,ReadySteadyGo,4
v62,ulong_only,FloLPIPS,natural log(kbps),"PCHIP, extrapolate=False",350.0550000000002,2308.05375,valid,,100,"uniform natural log(kbps), inclusive endpoints",0.0007124813316005461,0.17,True,True,preserve measured local shape; no sorting of metric values or smoothing,lower_is_better,none,uvg,ReadySteadyGo,4
v62,ulong_only,PSNR,natural log(kbps),"PCHIP, extrapolate=False",350.0550000000002,2308.05375,valid,,100,"uniform natural log(kbps), inclusive endpoints",-0.21654139523905014,0.0,True,True,preserve measured local shape; no sorting of metric values or smoothing,higher_is_better,negative metric passed to unchanged lower-distortion comparator; reported equal-rate delta restored to original units,uvg,ReadySteadyGo,4
v62,ulong_only,SSIM,natural log(kbps),"PCHIP, extrapolate=False",350.0550000000002,2308.05375,valid,,100,"uniform natural log(kbps), inclusive endpoints",-0.0010251051995245075,0.0,True,True,preserve measured local shape; no sorting of metric values or smoothing,higher_is_better,negative metric passed to unchanged lower-distortion comparator; reported equal-rate delta restored to original units,uvg,ReadySteadyGo,4
v62,ulong_only,MS_SSIM,natural log(kbps),"PCHIP, extrapolate=False",350.0550000000002,2308.05375,valid,,100,"uniform natural log(kbps), inclusive endpoints",0.00011934179217152341,0.84,True,True,preserve measured local shape; no sorting of metric values or smoothing,higher_is_better,negative metric passed to unchanged lower-distortion comparator; reported equal-rate delta restored to original units,uvg,ReadySteadyGo,4
original,vimeo_only,LPIPS,natural log(kbps),"PCHIP, extrapolate=False",366.94124999999997,2324.415,valid,,100,"uniform natural log(kbps), inclusive endpoints",-0.011555067500629661,1.0,True,True,preserve measured local shape; no sorting of metric values or smoothing,lower_is_better,none,uvg,ReadySteadyGo,4
original,vimeo_only,DISTS,natural log(kbps),"PCHIP, extrapolate=False",366.94124999999997,2324.415,valid,,100,"uniform natural log(kbps), inclusive endpoints",0.009181707814646894,0.0,True,True,preserve measured local shape; no sorting of metric values or smoothing,lower_is_better,none,uvg,ReadySteadyGo,4
original,vimeo_only,FloLPIPS,natural log(kbps),"PCHIP, extrapolate=False",366.94124999999997,2324.415,valid,,100,"uniform natural log(kbps), inclusive endpoints",-0.023271452441422348,1.0,True,True,preserve measured local shape; no sorting of metric values or smoothing,lower_is_better,none,uvg,ReadySteadyGo,4
original,vimeo_only,PSNR,natural log(kbps),"PCHIP, extrapolate=False",366.94124999999997,2324.415,valid,,100,"uniform natural log(kbps), inclusive endpoints",-0.5060751485528188,0.0,True,True,preserve measured local shape; no sorting of metric values or smoothing,higher_is_better,negative metric passed to unchanged lower-distortion comparator; reported equal-rate delta restored to original units,uvg,ReadySteadyGo,4
original,vimeo_only,SSIM,natural log(kbps),"PCHIP, extrapolate=False",366.94124999999997,2324.415,valid,,100,"uniform natural log(kbps), inclusive endpoints",-0.002710794725005483,0.0,True,True,preserve measured local shape; no sorting of metric values or smoothing,higher_is_better,negative metric passed to unchanged lower-distortion comparator; reported equal-rate delta restored to original units,uvg,ReadySteadyGo,4
original,vimeo_only,MS_SSIM,natural log(kbps),"PCHIP, extrapolate=False",366.94124999999997,2324.415,valid,,100,"uniform natural log(kbps), inclusive endpoints",-0.00614772583481615,0.0,True,True,preserve measured local shape; no sorting of metric values or smoothing,higher_is_better,negative metric passed to unchanged lower-distortion comparator; reported equal-rate delta restored to original units,uvg,ReadySteadyGo,4
v62,vimeo_only,LPIPS,natural log(kbps),"PCHIP, extrapolate=False",354.35625000000005,2317.5412499999998,valid,,100,"uniform natural log(kbps), inclusive endpoints",-0.012445251092690034,1.0,True,True,preserve measured local shape; no sorting of metric values or smoothing,lower_is_better,none,uvg,ReadySteadyGo,4
v62,vimeo_only,DISTS,natural log(kbps),"PCHIP, extrapolate=False",354.35625000000005,2317.5412499999998,valid,,100,"uniform natural log(kbps), inclusive endpoints",-0.008995207660284698,1.0,True,True,preserve measured local shape; no sorting of metric values or smoothing,lower_is_better,none,uvg,ReadySteadyGo,4
v62,vimeo_only,FloLPIPS,natural log(kbps),"PCHIP, extrapolate=False",354.35625000000005,2317.5412499999998,valid,,100,"uniform natural log(kbps), inclusive endpoints",-0.012136383282605554,1.0,True,True,preserve measured local shape; no sorting of metric values or smoothing,lower_is_better,none,uvg,ReadySteadyGo,4
v62,vimeo_only,PSNR,natural log(kbps),"PCHIP, extrapolate=False",354.35625000000005,2317.5412499999998,valid,,100,"uniform natural log(kbps), inclusive endpoints",0.2323436882053115,1.0,True,True,preserve measured local shape; no sorting of metric values or smoothing,higher_is_better,negative metric passed to unchanged lower-distortion comparator; reported equal-rate delta restored to original units,uvg,ReadySteadyGo,4
v62,vimeo_only,SSIM,natural log(kbps),"PCHIP, extrapolate=False",354.35625000000005,2317.5412499999998,valid,,100,"uniform natural log(kbps), inclusive endpoints",0.0014458620013286271,1.0,True,True,preserve measured local shape; no sorting of metric values or smoothing,higher_is_better,negative metric passed to unchanged lower-distortion comparator; reported equal-rate delta restored to original units,uvg,ReadySteadyGo,4
v62,vimeo_only,MS_SSIM,natural log(kbps),"PCHIP, extrapolate=False",354.35625000000005,2317.5412499999998,valid,,100,"uniform natural log(kbps), inclusive endpoints",0.0018925275162582544,1.0,True,True,preserve measured local shape; no sorting of metric values or smoothing,higher_is_better,negative metric passed to unchanged lower-distortion comparator; reported equal-rate delta restored to original units,uvg,ReadySteadyGo,4
original,mixed_50_50,LPIPS,natural log(kbps),"PCHIP, extrapolate=False",366.94124999999997,2318.5312500000005,valid,,100,"uniform natural log(kbps), inclusive endpoints",-0.00710971456680788,1.0,True,True,preserve measured local shape; no sorting of metric values or smoothing,lower_is_better,none,uvg,ReadySteadyGo,4
original,mixed_50_50,DISTS,natural log(kbps),"PCHIP, extrapolate=False",366.94124999999997,2318.5312500000005,valid,,100,"uniform natural log(kbps), inclusive endpoints",0.011201614530011186,0.0,True,True,preserve measured local shape; no sorting of metric values or smoothing,lower_is_better,none,uvg,ReadySteadyGo,4
original,mixed_50_50,FloLPIPS,natural log(kbps),"PCHIP, extrapolate=False",366.94124999999997,2318.5312500000005,valid,,100,"uniform natural log(kbps), inclusive endpoints",-0.01968506613053701,1.0,True,True,preserve measured local shape; no sorting of metric values or smoothing,lower_is_better,none,uvg,ReadySteadyGo,4
original,mixed_50_50,PSNR,natural log(kbps),"PCHIP, extrapolate=False",366.94124999999997,2318.5312500000005,valid,,100,"uniform natural log(kbps), inclusive endpoints",-0.7454492781962475,0.0,True,True,preserve measured local shape; no sorting of metric values or smoothing,higher_is_better,negative metric passed to unchanged lower-distortion comparator; reported equal-rate delta restored to original units,uvg,ReadySteadyGo,4
original,mixed_50_50,SSIM,natural log(kbps),"PCHIP, extrapolate=False",366.94124999999997,2318.5312500000005,valid,,100,"uniform natural log(kbps), inclusive endpoints",-0.0038347998376370117,0.0,True,True,preserve measured local shape; no sorting of metric values or smoothing,higher_is_better,negative metric passed to unchanged lower-distortion comparator; reported equal-rate delta restored to original units,uvg,ReadySteadyGo,4
original,mixed_50_50,MS_SSIM,natural log(kbps),"PCHIP, extrapolate=False",366.94124999999997,2318.5312500000005,valid,,100,"uniform natural log(kbps), inclusive endpoints",-0.007160511199968217,0.0,True,True,preserve measured local shape; no sorting of metric values or smoothing,higher_is_better,negative metric passed to unchanged lower-distortion comparator; reported equal-rate delta restored to original units,uvg,ReadySteadyGo,4
v62,mixed_50_50,LPIPS,natural log(kbps),"PCHIP, extrapolate=False",351.2849999999999,2317.5412499999998,valid,,100,"uniform natural log(kbps), inclusive endpoints",-0.007997462888201561,1.0,True,True,preserve measured local shape; no sorting of metric values or smoothing,lower_is_better,none,uvg,ReadySteadyGo,4
v62,mixed_50_50,DISTS,natural log(kbps),"PCHIP, extrapolate=False",351.2849999999999,2317.5412499999998,valid,,100,"uniform natural log(kbps), inclusive endpoints",-0.0069764055301999636,1.0,True,True,preserve measured local shape; no sorting of metric values or smoothing,lower_is_better,none,uvg,ReadySteadyGo,4
v62,mixed_50_50,FloLPIPS,natural log(kbps),"PCHIP, extrapolate=False",351.2849999999999,2317.5412499999998,valid,,100,"uniform natural log(kbps), inclusive endpoints",-0.0085247270892513,1.0,True,True,preserve measured local shape; no sorting of metric values or smoothing,lower_is_better,none,uvg,ReadySteadyGo,4
v62,mixed_50_50,PSNR,natural log(kbps),"PCHIP, extrapolate=False",351.2849999999999,2317.5412499999998,valid,,100,"uniform natural log(kbps), inclusive endpoints",-0.005416913291171355,0.54,True,True,preserve measured local shape; no sorting of metric values or smoothing,higher_is_better,negative metric passed to unchanged lower-distortion comparator; reported equal-rate delta restored to original units,uvg,ReadySteadyGo,4
v62,mixed_50_50,SSIM,natural log(kbps),"PCHIP, extrapolate=False",351.2849999999999,2317.5412499999998,valid,,100,"uniform natural log(kbps), inclusive endpoints",0.00032278608059813416,1.0,True,True,preserve measured local shape; no sorting of metric values or smoothing,higher_is_better,negative metric passed to unchanged lower-distortion comparator; reported equal-rate delta restored to original units,uvg,ReadySteadyGo,4
v62,mixed_50_50,MS_SSIM,natural log(kbps),"PCHIP, extrapolate=False",351.2849999999999,2317.5412499999998,valid,,100,"uniform natural log(kbps), inclusive endpoints",0.0008727114657298829,1.0,True,True,preserve measured local shape; no sorting of metric values or smoothing,higher_is_better,negative metric passed to unchanged lower-distortion comparator; reported equal-rate delta restored to original units,uvg,ReadySteadyGo,4
original,ulong_only,LPIPS,natural log(kbps),"PCHIP, extrapolate=False",123.95250000000001,1412.1037499999995,valid,,100,"uniform natural log(kbps), inclusive endpoints",0.004009207445113578,0.0,True,True,preserve measured local shape; no sorting of metric values or smoothing,lower_is_better,none,uvg,ShakeNDry,5
original,ulong_only,DISTS,natural log(kbps),"PCHIP, extrapolate=False",123.95250000000001,1412.1037499999995,valid,,100,"uniform natural log(kbps), inclusive endpoints",0.03544917612917736,0.0,True,True,preserve measured local shape; no sorting of metric values or smoothing,lower_is_better,none,uvg,ShakeNDry,5
original,ulong_only,FloLPIPS,natural log(kbps),"PCHIP, extrapolate=False",123.95250000000001,1412.1037499999995,valid,,100,"uniform natural log(kbps), inclusive endpoints",-0.010548169668743676,0.86,True,True,preserve measured local shape; no sorting of metric values or smoothing,lower_is_better,none,uvg,ShakeNDry,5
original,ulong_only,PSNR,natural log(kbps),"PCHIP, extrapolate=False",123.95250000000001,1412.1037499999995,valid,,100,"uniform natural log(kbps), inclusive endpoints",-1.2196515089054172,0.0,True,True,preserve measured local shape; no sorting of metric values or smoothing,higher_is_better,negative metric passed to unchanged lower-distortion comparator; reported equal-rate delta restored to original units,uvg,ShakeNDry,5
original,ulong_only,SSIM,natural log(kbps),"PCHIP, extrapolate=False",123.95250000000001,1412.1037499999995,valid,,100,"uniform natural log(kbps), inclusive endpoints",-0.007748454163941058,0.0,True,True,preserve measured local shape; no sorting of metric values or smoothing,higher_is_better,negative metric passed to unchanged lower-distortion comparator; reported equal-rate delta restored to original units,uvg,ShakeNDry,5
original,ulong_only,MS_SSIM,natural log(kbps),"PCHIP, extrapolate=False",123.95250000000001,1412.1037499999995,valid,,100,"uniform natural log(kbps), inclusive endpoints",-0.014475337304927494,0.0,True,True,preserve measured local shape; no sorting of metric values or smoothing,higher_is_better,negative metric passed to unchanged lower-distortion comparator; reported equal-rate delta restored to original units,uvg,ShakeNDry,5
v62,ulong_only,LPIPS,natural log(kbps),"PCHIP, extrapolate=False",117.49125000000005,1412.1037499999995,valid,,100,"uniform natural log(kbps), inclusive endpoints",0.0004573706367662536,0.49,True,True,preserve measured local shape; no sorting of metric values or smoothing,lower_is_better,none,uvg,ShakeNDry,5
v62,ulong_only,DISTS,natural log(kbps),"PCHIP, extrapolate=False",117.49125000000005,1412.1037499999995,valid,,100,"uniform natural log(kbps), inclusive endpoints",0.00015096386061059342,0.56,True,True,preserve measured local shape; no sorting of metric values or smoothing,lower_is_better,none,uvg,ShakeNDry,5
v62,ulong_only,FloLPIPS,natural log(kbps),"PCHIP, extrapolate=False",117.49125000000005,1412.1037499999995,valid,,100,"uniform natural log(kbps), inclusive endpoints",0.0005451631354187131,0.45,True,True,preserve measured local shape; no sorting of metric values or smoothing,lower_is_better,none,uvg,ShakeNDry,5
v62,ulong_only,PSNR,natural log(kbps),"PCHIP, extrapolate=False",117.49125000000005,1412.1037499999995,valid,,100,"uniform natural log(kbps), inclusive endpoints",-0.1836202790128093,0.0,True,True,preserve measured local shape; no sorting of metric values or smoothing,higher_is_better,negative metric passed to unchanged lower-distortion comparator; reported equal-rate delta restored to original units,uvg,ShakeNDry,5
v62,ulong_only,SSIM,natural log(kbps),"PCHIP, extrapolate=False",117.49125000000005,1412.1037499999995,valid,,100,"uniform natural log(kbps), inclusive endpoints",-0.00040043602453676,0.13,True,True,preserve measured local shape; no sorting of metric values or smoothing,higher_is_better,negative metric passed to unchanged lower-distortion comparator; reported equal-rate delta restored to original units,uvg,ShakeNDry,5
v62,ulong_only,MS_SSIM,natural log(kbps),"PCHIP, extrapolate=False",117.49125000000005,1412.1037499999995,valid,,100,"uniform natural log(kbps), inclusive endpoints",0.0006675015106037374,0.93,True,True,preserve measured local shape; no sorting of metric values or smoothing,higher_is_better,negative metric passed to unchanged lower-distortion comparator; reported equal-rate delta restored to original units,uvg,ShakeNDry,5
original,vimeo_only,LPIPS,natural log(kbps),"PCHIP, extrapolate=False",123.95250000000001,1425.7537500000003,valid,,100,"uniform natural log(kbps), inclusive endpoints",-0.013679094639904023,1.0,True,True,preserve measured local shape; no sorting of metric values or smoothing,lower_is_better,none,uvg,ShakeNDry,5
original,vimeo_only,DISTS,natural log(kbps),"PCHIP, extrapolate=False",123.95250000000001,1425.7537500000003,valid,,100,"uniform natural log(kbps), inclusive endpoints",0.02243305986117932,0.0,True,True,preserve measured local shape; no sorting of metric values or smoothing,lower_is_better,none,uvg,ShakeNDry,5
original,vimeo_only,FloLPIPS,natural log(kbps),"PCHIP, extrapolate=False",123.95250000000001,1425.7537500000003,valid,,100,"uniform natural log(kbps), inclusive endpoints",-0.025360813730240496,1.0,True,True,preserve measured local shape; no sorting of metric values or smoothing,lower_is_better,none,uvg,ShakeNDry,5
original,vimeo_only,PSNR,natural log(kbps),"PCHIP, extrapolate=False",123.95250000000001,1425.7537500000003,valid,,100,"uniform natural log(kbps), inclusive endpoints",-0.7285124709782963,0.0,True,True,preserve measured local shape; no sorting of metric values or smoothing,higher_is_better,negative metric passed to unchanged lower-distortion comparator; reported equal-rate delta restored to original units,uvg,ShakeNDry,5
original,vimeo_only,SSIM,natural log(kbps),"PCHIP, extrapolate=False",123.95250000000001,1425.7537500000003,valid,,100,"uniform natural log(kbps), inclusive endpoints",-0.0047233519174979125,0.0,True,True,preserve measured local shape; no sorting of metric values or smoothing,higher_is_better,negative metric passed to unchanged lower-distortion comparator; reported equal-rate delta restored to original units,uvg,ShakeNDry,5
original,vimeo_only,MS_SSIM,natural log(kbps),"PCHIP, extrapolate=False",123.95250000000001,1425.7537500000003,valid,,100,"uniform natural log(kbps), inclusive endpoints",-0.013503463087697115,0.0,True,True,preserve measured local shape; no sorting of metric values or smoothing,higher_is_better,negative metric passed to unchanged lower-distortion comparator; reported equal-rate delta restored to original units,uvg,ShakeNDry,5
v62,vimeo_only,LPIPS,natural log(kbps),"PCHIP, extrapolate=False",118.03499999999997,1416.0112500000005,valid,,100,"uniform natural log(kbps), inclusive endpoints",-0.01738541083471009,1.0,True,True,preserve measured local shape; no sorting of metric values or smoothing,lower_is_better,none,uvg,ShakeNDry,5
v62,vimeo_only,DISTS,natural log(kbps),"PCHIP, extrapolate=False",118.03499999999997,1416.0112500000005,valid,,100,"uniform natural log(kbps), inclusive endpoints",-0.01286776098148516,1.0,True,True,preserve measured local shape; no sorting of metric values or smoothing,lower_is_better,none,uvg,ShakeNDry,5
v62,vimeo_only,FloLPIPS,natural log(kbps),"PCHIP, extrapolate=False",118.03499999999997,1416.0112500000005,valid,,100,"uniform natural log(kbps), inclusive endpoints",-0.014294566345936906,1.0,True,True,preserve measured local shape; no sorting of metric values or smoothing,lower_is_better,none,uvg,ShakeNDry,5
v62,vimeo_only,PSNR,natural log(kbps),"PCHIP, extrapolate=False",118.03499999999997,1416.0112500000005,valid,,100,"uniform natural log(kbps), inclusive endpoints",0.30712949683453883,1.0,True,True,preserve measured local shape; no sorting of metric values or smoothing,higher_is_better,negative metric passed to unchanged lower-distortion comparator; reported equal-rate delta restored to original units,uvg,ShakeNDry,5
v62,vimeo_only,SSIM,natural log(kbps),"PCHIP, extrapolate=False",118.03499999999997,1416.0112500000005,valid,,100,"uniform natural log(kbps), inclusive endpoints",0.002639669982607523,1.0,True,True,preserve measured local shape; no sorting of metric values or smoothing,higher_is_better,negative metric passed to unchanged lower-distortion comparator; reported equal-rate delta restored to original units,uvg,ShakeNDry,5
v62,vimeo_only,MS_SSIM,natural log(kbps),"PCHIP, extrapolate=False",118.03499999999997,1416.0112500000005,valid,,100,"uniform natural log(kbps), inclusive endpoints",0.0016542642293217746,1.0,True,True,preserve measured local shape; no sorting of metric values or smoothing,higher_is_better,negative metric passed to unchanged lower-distortion comparator; reported equal-rate delta restored to original units,uvg,ShakeNDry,5
original,mixed_50_50,LPIPS,natural log(kbps),"PCHIP, extrapolate=False",123.95250000000001,1414.3424999999995,valid,,100,"uniform natural log(kbps), inclusive endpoints",-0.004587432551157254,1.0,True,True,preserve measured local shape; no sorting of metric values or smoothing,lower_is_better,none,uvg,ShakeNDry,5
original,mixed_50_50,DISTS,natural log(kbps),"PCHIP, extrapolate=False",123.95250000000001,1414.3424999999995,valid,,100,"uniform natural log(kbps), inclusive endpoints",0.02781016988388945,0.0,True,True,preserve measured local shape; no sorting of metric values or smoothing,lower_is_better,none,uvg,ShakeNDry,5
original,mixed_50_50,FloLPIPS,natural log(kbps),"PCHIP, extrapolate=False",123.95250000000001,1414.3424999999995,valid,,100,"uniform natural log(kbps), inclusive endpoints",-0.0194974935729943,1.0,True,True,preserve measured local shape; no sorting of metric values or smoothing,lower_is_better,none,uvg,ShakeNDry,5
original,mixed_50_50,PSNR,natural log(kbps),"PCHIP, extrapolate=False",123.95250000000001,1414.3424999999995,valid,,100,"uniform natural log(kbps), inclusive endpoints",-1.120023571343362,0.0,True,True,preserve measured local shape; no sorting of metric values or smoothing,higher_is_better,negative metric passed to unchanged lower-distortion comparator; reported equal-rate delta restored to original units,uvg,ShakeNDry,5
original,mixed_50_50,SSIM,natural log(kbps),"PCHIP, extrapolate=False",123.95250000000001,1414.3424999999995,valid,,100,"uniform natural log(kbps), inclusive endpoints",-0.006356491491610239,0.0,True,True,preserve measured local shape; no sorting of metric values or smoothing,higher_is_better,negative metric passed to unchanged lower-distortion comparator; reported equal-rate delta restored to original units,uvg,ShakeNDry,5
original,mixed_50_50,MS_SSIM,natural log(kbps),"PCHIP, extrapolate=False",123.95250000000001,1414.3424999999995,valid,,100,"uniform natural log(kbps), inclusive endpoints",-0.013862931408429318,0.0,True,True,preserve measured local shape; no sorting of metric values or smoothing,higher_is_better,negative metric passed to unchanged lower-distortion comparator; reported equal-rate delta restored to original units,uvg,ShakeNDry,5
v62,mixed_50_50,LPIPS,natural log(kbps),"PCHIP, extrapolate=False",117.49125000000005,1414.3424999999995,valid,,100,"uniform natural log(kbps), inclusive endpoints",-0.008230423664634145,1.0,True,True,preserve measured local shape; no sorting of metric values or smoothing,lower_is_better,none,uvg,ShakeNDry,5
v62,mixed_50_50,DISTS,natural log(kbps),"PCHIP, extrapolate=False",117.49125000000005,1414.3424999999995,valid,,100,"uniform natural log(kbps), inclusive endpoints",-0.007449689185167874,1.0,True,True,preserve measured local shape; no sorting of metric values or smoothing,lower_is_better,none,uvg,ShakeNDry,5
v62,mixed_50_50,FloLPIPS,natural log(kbps),"PCHIP, extrapolate=False",117.49125000000005,1414.3424999999995,valid,,100,"uniform natural log(kbps), inclusive endpoints",-0.008423412995003036,1.0,True,True,preserve measured local shape; no sorting of metric values or smoothing,lower_is_better,none,uvg,ShakeNDry,5
v62,mixed_50_50,PSNR,natural log(kbps),"PCHIP, extrapolate=False",117.49125000000005,1414.3424999999995,valid,,100,"uniform natural log(kbps), inclusive endpoints",-0.08291351429113959,0.22,True,True,preserve measured local shape; no sorting of metric values or smoothing,higher_is_better,negative metric passed to unchanged lower-distortion comparator; reported equal-rate delta restored to original units,uvg,ShakeNDry,5
v62,mixed_50_50,SSIM,natural log(kbps),"PCHIP, extrapolate=False",117.49125000000005,1414.3424999999995,valid,,100,"uniform natural log(kbps), inclusive endpoints",0.001001637762296832,1.0,True,True,preserve measured local shape; no sorting of metric values or smoothing,higher_is_better,negative metric passed to unchanged lower-distortion comparator; reported equal-rate delta restored to original units,uvg,ShakeNDry,5
v62,mixed_50_50,MS_SSIM,natural log(kbps),"PCHIP, extrapolate=False",117.49125000000005,1414.3424999999995,valid,,100,"uniform natural log(kbps), inclusive endpoints",0.0012762670759526606,1.0,True,True,preserve measured local shape; no sorting of metric values or smoothing,higher_is_better,negative metric passed to unchanged lower-distortion comparator; reported equal-rate delta restored to original units,uvg,ShakeNDry,5
original,ulong_only,LPIPS,natural log(kbps),"PCHIP, extrapolate=False",229.9087499999999,2244.3375,valid,,100,"uniform natural log(kbps), inclusive endpoints",-0.0027854122415864766,0.57,True,True,preserve measured local shape; no sorting of metric values or smoothing,lower_is_better,none,uvg,YachtRide,6
original,ulong_only,DISTS,natural log(kbps),"PCHIP, extrapolate=False",229.9087499999999,2244.3375,valid,,100,"uniform natural log(kbps), inclusive endpoints",0.01104436190272117,0.0,True,True,preserve measured local shape; no sorting of metric values or smoothing,lower_is_better,none,uvg,YachtRide,6
original,ulong_only,FloLPIPS,natural log(kbps),"PCHIP, extrapolate=False",229.9087499999999,2244.3375,valid,,100,"uniform natural log(kbps), inclusive endpoints",-0.0073216694841555414,0.71,True,True,preserve measured local shape; no sorting of metric values or smoothing,lower_is_better,none,uvg,YachtRide,6
original,ulong_only,PSNR,natural log(kbps),"PCHIP, extrapolate=False",229.9087499999999,2244.3375,valid,,100,"uniform natural log(kbps), inclusive endpoints",-0.9949104732586745,0.0,True,True,preserve measured local shape; no sorting of metric values or smoothing,higher_is_better,negative metric passed to unchanged lower-distortion comparator; reported equal-rate delta restored to original units,uvg,YachtRide,6
original,ulong_only,SSIM,natural log(kbps),"PCHIP, extrapolate=False",229.9087499999999,2244.3375,valid,,100,"uniform natural log(kbps), inclusive endpoints",-0.005671283068072857,0.0,True,True,preserve measured local shape; no sorting of metric values or smoothing,higher_is_better,negative metric passed to unchanged lower-distortion comparator; reported equal-rate delta restored to original units,uvg,YachtRide,6
original,ulong_only,MS_SSIM,natural log(kbps),"PCHIP, extrapolate=False",229.9087499999999,2244.3375,valid,,100,"uniform natural log(kbps), inclusive endpoints",-0.007019276132629746,0.0,True,True,preserve measured local shape; no sorting of metric values or smoothing,higher_is_better,negative metric passed to unchanged lower-distortion comparator; reported equal-rate delta restored to original units,uvg,YachtRide,6
v62,ulong_only,LPIPS,natural log(kbps),"PCHIP, extrapolate=False",205.72125,2237.6925,valid,,100,"uniform natural log(kbps), inclusive endpoints",0.004873393942034848,0.0,True,True,preserve measured local shape; no sorting of metric values or smoothing,lower_is_better,none,uvg,YachtRide,6
v62,ulong_only,DISTS,natural log(kbps),"PCHIP, extrapolate=False",205.72125,2237.6925,valid,,100,"uniform natural log(kbps), inclusive endpoints",0.000322036282525901,0.29,True,True,preserve measured local shape; no sorting of metric values or smoothing,lower_is_better,none,uvg,YachtRide,6
v62,ulong_only,FloLPIPS,natural log(kbps),"PCHIP, extrapolate=False",205.72125,2237.6925,valid,,100,"uniform natural log(kbps), inclusive endpoints",0.006229203477282548,0.0,True,True,preserve measured local shape; no sorting of metric values or smoothing,lower_is_better,none,uvg,YachtRide,6
v62,ulong_only,PSNR,natural log(kbps),"PCHIP, extrapolate=False",205.72125,2237.6925,valid,,100,"uniform natural log(kbps), inclusive endpoints",-0.3243735778840406,0.0,True,True,preserve measured local shape; no sorting of metric values or smoothing,higher_is_better,negative metric passed to unchanged lower-distortion comparator; reported equal-rate delta restored to original units,uvg,YachtRide,6
v62,ulong_only,SSIM,natural log(kbps),"PCHIP, extrapolate=False",205.72125,2237.6925,valid,,100,"uniform natural log(kbps), inclusive endpoints",-0.0019511777072712044,0.0,True,True,preserve measured local shape; no sorting of metric values or smoothing,higher_is_better,negative metric passed to unchanged lower-distortion comparator; reported equal-rate delta restored to original units,uvg,YachtRide,6
v62,ulong_only,MS_SSIM,natural log(kbps),"PCHIP, extrapolate=False",205.72125,2237.6925,valid,,100,"uniform natural log(kbps), inclusive endpoints",-0.00020485924564686675,0.48,True,True,preserve measured local shape; no sorting of metric values or smoothing,higher_is_better,negative metric passed to unchanged lower-distortion comparator; reported equal-rate delta restored to original units,uvg,YachtRide,6
original,vimeo_only,LPIPS,natural log(kbps),"PCHIP, extrapolate=False",229.9087499999999,2263.5975,valid,,100,"uniform natural log(kbps), inclusive endpoints",-0.017341681192241273,1.0,True,True,preserve measured local shape; no sorting of metric values or smoothing,lower_is_better,none,uvg,YachtRide,6
original,vimeo_only,DISTS,natural log(kbps),"PCHIP, extrapolate=False",229.9087499999999,2263.5975,valid,,100,"uniform natural log(kbps), inclusive endpoints",0.0014413425879669726,0.3,True,True,preserve measured local shape; no sorting of metric values or smoothing,lower_is_better,none,uvg,YachtRide,6
original,vimeo_only,FloLPIPS,natural log(kbps),"PCHIP, extrapolate=False",229.9087499999999,2263.5975,valid,,100,"uniform natural log(kbps), inclusive endpoints",-0.02184487095063803,1.0,True,True,preserve measured local shape; no sorting of metric values or smoothing,lower_is_better,none,uvg,YachtRide,6
original,vimeo_only,PSNR,natural log(kbps),"PCHIP, extrapolate=False",229.9087499999999,2263.5975,valid,,100,"uniform natural log(kbps), inclusive endpoints",-0.4905707186171488,0.0,True,True,preserve measured local shape; no sorting of metric values or smoothing,higher_is_better,negative metric passed to unchanged lower-distortion comparator; reported equal-rate delta restored to original units,uvg,YachtRide,6
original,vimeo_only,SSIM,natural log(kbps),"PCHIP, extrapolate=False",229.9087499999999,2263.5975,valid,,100,"uniform natural log(kbps), inclusive endpoints",-0.0026207882627641886,0.0,True,True,preserve measured local shape; no sorting of metric values or smoothing,higher_is_better,negative metric passed to unchanged lower-distortion comparator; reported equal-rate delta restored to original units,uvg,YachtRide,6
original,vimeo_only,MS_SSIM,natural log(kbps),"PCHIP, extrapolate=False",229.9087499999999,2263.5975,valid,,100,"uniform natural log(kbps), inclusive endpoints",-0.003641870892995235,0.0,True,True,preserve measured local shape; no sorting of metric values or smoothing,higher_is_better,negative metric passed to unchanged lower-distortion comparator; reported equal-rate delta restored to original units,uvg,YachtRide,6
v62,vimeo_only,LPIPS,natural log(kbps),"PCHIP, extrapolate=False",209.24249999999995,2237.6925,valid,,100,"uniform natural log(kbps), inclusive endpoints",-0.009635411605060285,1.0,True,True,preserve measured local shape; no sorting of metric values or smoothing,lower_is_better,none,uvg,YachtRide,6
v62,vimeo_only,DISTS,natural log(kbps),"PCHIP, extrapolate=False",209.24249999999995,2237.6925,valid,,100,"uniform natural log(kbps), inclusive endpoints",-0.00929453060160449,1.0,True,True,preserve measured local shape; no sorting of metric values or smoothing,lower_is_better,none,uvg,YachtRide,6
v62,vimeo_only,FloLPIPS,natural log(kbps),"PCHIP, extrapolate=False",209.24249999999995,2237.6925,valid,,100,"uniform natural log(kbps), inclusive endpoints",-0.008251306607533654,1.0,True,True,preserve measured local shape; no sorting of metric values or smoothing,lower_is_better,none,uvg,YachtRide,6
v62,vimeo_only,PSNR,natural log(kbps),"PCHIP, extrapolate=False",209.24249999999995,2237.6925,valid,,100,"uniform natural log(kbps), inclusive endpoints",0.17725483411663387,1.0,True,True,preserve measured local shape; no sorting of metric values or smoothing,higher_is_better,negative metric passed to unchanged lower-distortion comparator; reported equal-rate delta restored to original units,uvg,YachtRide,6
v62,vimeo_only,SSIM,natural log(kbps),"PCHIP, extrapolate=False",209.24249999999995,2237.6925,valid,,100,"uniform natural log(kbps), inclusive endpoints",0.0011378496570648476,1.0,True,True,preserve measured local shape; no sorting of metric values or smoothing,higher_is_better,negative metric passed to unchanged lower-distortion comparator; reported equal-rate delta restored to original units,uvg,YachtRide,6
v62,vimeo_only,MS_SSIM,natural log(kbps),"PCHIP, extrapolate=False",209.24249999999995,2237.6925,valid,,100,"uniform natural log(kbps), inclusive endpoints",0.003196374571031079,1.0,True,True,preserve measured local shape; no sorting of metric values or smoothing,higher_is_better,negative metric passed to unchanged lower-distortion comparator; reported equal-rate delta restored to original units,uvg,YachtRide,6
original,mixed_50_50,LPIPS,natural log(kbps),"PCHIP, extrapolate=False",229.9087499999999,2259.4237500000004,valid,,100,"uniform natural log(kbps), inclusive endpoints",-0.014530523781694539,1.0,True,True,preserve measured local shape; no sorting of metric values or smoothing,lower_is_better,none,uvg,YachtRide,6
original,mixed_50_50,DISTS,natural log(kbps),"PCHIP, extrapolate=False",229.9087499999999,2259.4237500000004,valid,,100,"uniform natural log(kbps), inclusive endpoints",0.005460860748006297,0.0,True,True,preserve measured local shape; no sorting of metric values or smoothing,lower_is_better,none,uvg,YachtRide,6
original,mixed_50_50,FloLPIPS,natural log(kbps),"PCHIP, extrapolate=False",229.9087499999999,2259.4237500000004,valid,,100,"uniform natural log(kbps), inclusive endpoints",-0.02114048473417192,1.0,True,True,preserve measured local shape; no sorting of metric values or smoothing,lower_is_better,none,uvg,YachtRide,6
original,mixed_50_50,PSNR,natural log(kbps),"PCHIP, extrapolate=False",229.9087499999999,2259.4237500000004,valid,,100,"uniform natural log(kbps), inclusive endpoints",-0.6644955574747484,0.0,True,True,preserve measured local shape; no sorting of metric values or smoothing,higher_is_better,negative metric passed to unchanged lower-distortion comparator; reported equal-rate delta restored to original units,uvg,YachtRide,6
original,mixed_50_50,SSIM,natural log(kbps),"PCHIP, extrapolate=False",229.9087499999999,2259.4237500000004,valid,,100,"uniform natural log(kbps), inclusive endpoints",-0.003612183940562831,0.0,True,True,preserve measured local shape; no sorting of metric values or smoothing,higher_is_better,negative metric passed to unchanged lower-distortion comparator; reported equal-rate delta restored to original units,uvg,YachtRide,6
original,mixed_50_50,MS_SSIM,natural log(kbps),"PCHIP, extrapolate=False",229.9087499999999,2259.4237500000004,valid,,100,"uniform natural log(kbps), inclusive endpoints",-0.0064722967317017545,0.0,True,True,preserve measured local shape; no sorting of metric values or smoothing,higher_is_better,negative metric passed to unchanged lower-distortion comparator; reported equal-rate delta restored to original units,uvg,YachtRide,6
v62,mixed_50_50,LPIPS,natural log(kbps),"PCHIP, extrapolate=False",208.10625000000007,2237.6925,valid,,100,"uniform natural log(kbps), inclusive endpoints",-0.006834895676924021,1.0,True,True,preserve measured local shape; no sorting of metric values or smoothing,lower_is_better,none,uvg,YachtRide,6
v62,mixed_50_50,DISTS,natural log(kbps),"PCHIP, extrapolate=False",208.10625000000007,2237.6925,valid,,100,"uniform natural log(kbps), inclusive endpoints",-0.005200246772821918,1.0,True,True,preserve measured local shape; no sorting of metric values or smoothing,lower_is_better,none,uvg,YachtRide,6
v62,mixed_50_50,FloLPIPS,natural log(kbps),"PCHIP, extrapolate=False",208.10625000000007,2237.6925,valid,,100,"uniform natural log(kbps), inclusive endpoints",-0.007601753331139017,1.0,True,True,preserve measured local shape; no sorting of metric values or smoothing,lower_is_better,none,uvg,YachtRide,6
v62,mixed_50_50,PSNR,natural log(kbps),"PCHIP, extrapolate=False",208.10625000000007,2237.6925,valid,,100,"uniform natural log(kbps), inclusive endpoints",0.005855634474415119,0.63,True,True,preserve measured local shape; no sorting of metric values or smoothing,higher_is_better,negative metric passed to unchanged lower-distortion comparator; reported equal-rate delta restored to original units,uvg,YachtRide,6
v62,mixed_50_50,SSIM,natural log(kbps),"PCHIP, extrapolate=False",208.10625000000007,2237.6925,valid,,100,"uniform natural log(kbps), inclusive endpoints",0.00014232321598927844,1.0,True,True,preserve measured local shape; no sorting of metric values or smoothing,higher_is_better,negative metric passed to unchanged lower-distortion comparator; reported equal-rate delta restored to original units,uvg,YachtRide,6
v62,mixed_50_50,MS_SSIM,natural log(kbps),"PCHIP, extrapolate=False",208.10625000000007,2237.6925,valid,,100,"uniform natural log(kbps), inclusive endpoints",0.00033285107151320714,0.9,True,True,preserve measured local shape; no sorting of metric values or smoothing,higher_is_better,negative metric passed to unchanged lower-distortion comparator; reported equal-rate delta restored to original units,uvg,YachtRide,6
original,ulong_only,LPIPS,natural log(kbps),"PCHIP, extrapolate=False",23.150000000000002,143.76333333333332,valid,,100,"uniform natural log(kbps), inclusive endpoints",-0.021123165281516455,1.0,True,True,preserve measured local shape; no sorting of metric values or smoothing,lower_is_better,none,virat720,random__VIRAT_S_010108_01_000570_000718__720p,0
original,ulong_only,DISTS,natural log(kbps),"PCHIP, extrapolate=False",23.150000000000002,143.76333333333332,valid,,100,"uniform natural log(kbps), inclusive endpoints",0.0026643611473807227,0.41,False,False,preserve measured local shape; no sorting of metric values or smoothing,lower_is_better,none,virat720,random__VIRAT_S_010108_01_000570_000718__720p,0
original,ulong_only,FloLPIPS,natural log(kbps),"PCHIP, extrapolate=False",23.150000000000002,143.76333333333332,valid,,100,"uniform natural log(kbps), inclusive endpoints",-0.02107603202880914,1.0,True,True,preserve measured local shape; no sorting of metric values or smoothing,lower_is_better,none,virat720,random__VIRAT_S_010108_01_000570_000718__720p,0
original,ulong_only,PSNR,natural log(kbps),"PCHIP, extrapolate=False",23.150000000000002,143.76333333333332,valid,,100,"uniform natural log(kbps), inclusive endpoints",-0.3927076015543345,0.0,True,True,preserve measured local shape; no sorting of metric values or smoothing,higher_is_better,negative metric passed to unchanged lower-distortion comparator; reported equal-rate delta restored to original units,virat720,random__VIRAT_S_010108_01_000570_000718__720p,0
original,ulong_only,SSIM,natural log(kbps),"PCHIP, extrapolate=False",23.150000000000002,143.76333333333332,valid,,100,"uniform natural log(kbps), inclusive endpoints",-0.002220875920339491,0.0,True,True,preserve measured local shape; no sorting of metric values or smoothing,higher_is_better,negative metric passed to unchanged lower-distortion comparator; reported equal-rate delta restored to original units,virat720,random__VIRAT_S_010108_01_000570_000718__720p,0
original,ulong_only,MS_SSIM,natural log(kbps),"PCHIP, extrapolate=False",23.150000000000002,143.76333333333332,valid,,100,"uniform natural log(kbps), inclusive endpoints",-0.0071868308356066325,0.0,True,True,preserve measured local shape; no sorting of metric values or smoothing,higher_is_better,negative metric passed to unchanged lower-distortion comparator; reported equal-rate delta restored to original units,virat720,random__VIRAT_S_010108_01_000570_000718__720p,0
v62,ulong_only,LPIPS,natural log(kbps),"PCHIP, extrapolate=False",21.601666666666667,143.2133333333334,valid,,100,"uniform natural log(kbps), inclusive endpoints",0.0023623431470844287,0.0,True,True,preserve measured local shape; no sorting of metric values or smoothing,lower_is_better,none,virat720,random__VIRAT_S_010108_01_000570_000718__720p,0
v62,ulong_only,DISTS,natural log(kbps),"PCHIP, extrapolate=False",21.601666666666667,143.2133333333334,valid,,100,"uniform natural log(kbps), inclusive endpoints",0.0008278722856427782,0.43,False,False,preserve measured local shape; no sorting of metric values or smoothing,lower_is_better,none,virat720,random__VIRAT_S_010108_01_000570_000718__720p,0
v62,ulong_only,FloLPIPS,natural log(kbps),"PCHIP, extrapolate=False",21.601666666666667,143.2133333333334,valid,,100,"uniform natural log(kbps), inclusive endpoints",0.002388636464517513,0.0,True,True,preserve measured local shape; no sorting of metric values or smoothing,lower_is_better,none,virat720,random__VIRAT_S_010108_01_000570_000718__720p,0
v62,ulong_only,PSNR,natural log(kbps),"PCHIP, extrapolate=False",21.601666666666667,143.2133333333334,valid,,100,"uniform natural log(kbps), inclusive endpoints",-0.14980654067344287,0.0,True,True,preserve measured local shape; no sorting of metric values or smoothing,higher_is_better,negative metric passed to unchanged lower-distortion comparator; reported equal-rate delta restored to original units,virat720,random__VIRAT_S_010108_01_000570_000718__720p,0
v62,ulong_only,SSIM,natural log(kbps),"PCHIP, extrapolate=False",21.601666666666667,143.2133333333334,valid,,100,"uniform natural log(kbps), inclusive endpoints",-0.0009435324953422874,0.0,True,True,preserve measured local shape; no sorting of metric values or smoothing,higher_is_better,negative metric passed to unchanged lower-distortion comparator; reported equal-rate delta restored to original units,virat720,random__VIRAT_S_010108_01_000570_000718__720p,0
v62,ulong_only,MS_SSIM,natural log(kbps),"PCHIP, extrapolate=False",21.601666666666667,143.2133333333334,valid,,100,"uniform natural log(kbps), inclusive endpoints",-0.0005068057915941182,0.15,True,True,preserve measured local shape; no sorting of metric values or smoothing,higher_is_better,negative metric passed to unchanged lower-distortion comparator; reported equal-rate delta restored to original units,virat720,random__VIRAT_S_010108_01_000570_000718__720p,0
original,vimeo_only,LPIPS,natural log(kbps),"PCHIP, extrapolate=False",23.150000000000002,144.76500000000001,valid,,100,"uniform natural log(kbps), inclusive endpoints",-0.016124716168573795,1.0,True,True,preserve measured local shape; no sorting of metric values or smoothing,lower_is_better,none,virat720,random__VIRAT_S_010108_01_000570_000718__720p,0
original,vimeo_only,DISTS,natural log(kbps),"PCHIP, extrapolate=False",23.150000000000002,144.76500000000001,valid,,100,"uniform natural log(kbps), inclusive endpoints",0.011291748338849716,0.13,False,False,preserve measured local shape; no sorting of metric values or smoothing,lower_is_better,none,virat720,random__VIRAT_S_010108_01_000570_000718__720p,0
original,vimeo_only,FloLPIPS,natural log(kbps),"PCHIP, extrapolate=False",23.150000000000002,144.76500000000001,valid,,100,"uniform natural log(kbps), inclusive endpoints",-0.016066389471979213,1.0,True,True,preserve measured local shape; no sorting of metric values or smoothing,lower_is_better,none,virat720,random__VIRAT_S_010108_01_000570_000718__720p,0
original,vimeo_only,PSNR,natural log(kbps),"PCHIP, extrapolate=False",23.150000000000002,144.76500000000001,valid,,100,"uniform natural log(kbps), inclusive endpoints",-0.07930618192107282,0.02,True,True,preserve measured local shape; no sorting of metric values or smoothing,higher_is_better,negative metric passed to unchanged lower-distortion comparator; reported equal-rate delta restored to original units,virat720,random__VIRAT_S_010108_01_000570_000718__720p,0
original,vimeo_only,SSIM,natural log(kbps),"PCHIP, extrapolate=False",23.150000000000002,144.76500000000001,valid,,100,"uniform natural log(kbps), inclusive endpoints",-0.0003830198892273973,0.08,True,True,preserve measured local shape; no sorting of metric values or smoothing,higher_is_better,negative metric passed to unchanged lower-distortion comparator; reported equal-rate delta restored to original units,virat720,random__VIRAT_S_010108_01_000570_000718__720p,0
original,vimeo_only,MS_SSIM,natural log(kbps),"PCHIP, extrapolate=False",23.150000000000002,144.76500000000001,valid,,100,"uniform natural log(kbps), inclusive endpoints",-0.006252159505267594,0.0,True,True,preserve measured local shape; no sorting of metric values or smoothing,higher_is_better,negative metric passed to unchanged lower-distortion comparator; reported equal-rate delta restored to original units,virat720,random__VIRAT_S_010108_01_000570_000718__720p,0
v62,vimeo_only,LPIPS,natural log(kbps),"PCHIP, extrapolate=False",22.058333333333337,143.2133333333334,valid,,100,"uniform natural log(kbps), inclusive endpoints",0.007287607058408304,0.0,True,True,preserve measured local shape; no sorting of metric values or smoothing,lower_is_better,none,virat720,random__VIRAT_S_010108_01_000570_000718__720p,0
v62,vimeo_only,DISTS,natural log(kbps),"PCHIP, extrapolate=False",22.058333333333337,143.2133333333334,valid,,100,"uniform natural log(kbps), inclusive endpoints",0.009258135606682363,0.0,False,False,preserve measured local shape; no sorting of metric values or smoothing,lower_is_better,none,virat720,random__VIRAT_S_010108_01_000570_000718__720p,0
v62,vimeo_only,FloLPIPS,natural log(kbps),"PCHIP, extrapolate=False",22.058333333333337,143.2133333333334,valid,,100,"uniform natural log(kbps), inclusive endpoints",0.00728684087987225,0.0,True,True,preserve measured local shape; no sorting of metric values or smoothing,lower_is_better,none,virat720,random__VIRAT_S_010108_01_000570_000718__720p,0
v62,vimeo_only,PSNR,natural log(kbps),"PCHIP, extrapolate=False",22.058333333333337,143.2133333333334,valid,,100,"uniform natural log(kbps), inclusive endpoints",0.1606602791572222,1.0,True,True,preserve measured local shape; no sorting of metric values or smoothing,higher_is_better,negative metric passed to unchanged lower-distortion comparator; reported equal-rate delta restored to original units,virat720,random__VIRAT_S_010108_01_000570_000718__720p,0
v62,vimeo_only,SSIM,natural log(kbps),"PCHIP, extrapolate=False",22.058333333333337,143.2133333333334,valid,,100,"uniform natural log(kbps), inclusive endpoints",0.000889052428598247,1.0,True,True,preserve measured local shape; no sorting of metric values or smoothing,higher_is_better,negative metric passed to unchanged lower-distortion comparator; reported equal-rate delta restored to original units,virat720,random__VIRAT_S_010108_01_000570_000718__720p,0
v62,vimeo_only,MS_SSIM,natural log(kbps),"PCHIP, extrapolate=False",22.058333333333337,143.2133333333334,valid,,100,"uniform natural log(kbps), inclusive endpoints",0.00038902986519379843,0.69,True,True,preserve measured local shape; no sorting of metric values or smoothing,higher_is_better,negative metric passed to unchanged lower-distortion comparator; reported equal-rate delta restored to original units,virat720,random__VIRAT_S_010108_01_000570_000718__720p,0
original,mixed_50_50,LPIPS,natural log(kbps),"PCHIP, extrapolate=False",23.150000000000002,144.13833333333335,valid,,100,"uniform natural log(kbps), inclusive endpoints",-0.021269078522947602,1.0,True,True,preserve measured local shape; no sorting of metric values or smoothing,lower_is_better,none,virat720,random__VIRAT_S_010108_01_000570_000718__720p,0
original,mixed_50_50,DISTS,natural log(kbps),"PCHIP, extrapolate=False",23.150000000000002,144.13833333333335,valid,,100,"uniform natural log(kbps), inclusive endpoints",0.005194888971449038,0.19,False,False,preserve measured local shape; no sorting of metric values or smoothing,lower_is_better,none,virat720,random__VIRAT_S_010108_01_000570_000718__720p,0
original,mixed_50_50,FloLPIPS,natural log(kbps),"PCHIP, extrapolate=False",23.150000000000002,144.13833333333335,valid,,100,"uniform natural log(kbps), inclusive endpoints",-0.021441110417238996,1.0,True,True,preserve measured local shape; no sorting of metric values or smoothing,lower_is_better,none,virat720,random__VIRAT_S_010108_01_000570_000718__720p,0
original,mixed_50_50,PSNR,natural log(kbps),"PCHIP, extrapolate=False",23.150000000000002,144.13833333333335,valid,,100,"uniform natural log(kbps), inclusive endpoints",-0.22381796981398772,0.0,True,True,preserve measured local shape; no sorting of metric values or smoothing,higher_is_better,negative metric passed to unchanged lower-distortion comparator; reported equal-rate delta restored to original units,virat720,random__VIRAT_S_010108_01_000570_000718__720p,0
original,mixed_50_50,SSIM,natural log(kbps),"PCHIP, extrapolate=False",23.150000000000002,144.13833333333335,valid,,100,"uniform natural log(kbps), inclusive endpoints",-0.0011020262444824147,0.03,True,True,preserve measured local shape; no sorting of metric values or smoothing,higher_is_better,negative metric passed to unchanged lower-distortion comparator; reported equal-rate delta restored to original units,virat720,random__VIRAT_S_010108_01_000570_000718__720p,0
original,mixed_50_50,MS_SSIM,natural log(kbps),"PCHIP, extrapolate=False",23.150000000000002,144.13833333333335,valid,,100,"uniform natural log(kbps), inclusive endpoints",-0.007232952551025779,0.0,True,True,preserve measured local shape; no sorting of metric values or smoothing,higher_is_better,negative metric passed to unchanged lower-distortion comparator; reported equal-rate delta restored to original units,virat720,random__VIRAT_S_010108_01_000570_000718__720p,0
v62,mixed_50_50,LPIPS,natural log(kbps),"PCHIP, extrapolate=False",21.63166666666666,143.2133333333334,valid,,100,"uniform natural log(kbps), inclusive endpoints",0.00223967983185558,0.0,True,True,preserve measured local shape; no sorting of metric values or smoothing,lower_is_better,none,virat720,random__VIRAT_S_010108_01_000570_000718__720p,0
v62,mixed_50_50,DISTS,natural log(kbps),"PCHIP, extrapolate=False",21.63166666666666,143.2133333333334,valid,,100,"uniform natural log(kbps), inclusive endpoints",0.003196736749493512,0.0,False,False,preserve measured local shape; no sorting of metric values or smoothing,lower_is_better,none,virat720,random__VIRAT_S_010108_01_000570_000718__720p,0
v62,mixed_50_50,FloLPIPS,natural log(kbps),"PCHIP, extrapolate=False",21.63166666666666,143.2133333333334,valid,,100,"uniform natural log(kbps), inclusive endpoints",0.0019953793809707136,0.0,True,True,preserve measured local shape; no sorting of metric values or smoothing,lower_is_better,none,virat720,random__VIRAT_S_010108_01_000570_000718__720p,0
v62,mixed_50_50,PSNR,natural log(kbps),"PCHIP, extrapolate=False",21.63166666666666,143.2133333333334,valid,,100,"uniform natural log(kbps), inclusive endpoints",0.017796403133815985,0.82,True,True,preserve measured local shape; no sorting of metric values or smoothing,higher_is_better,negative metric passed to unchanged lower-distortion comparator; reported equal-rate delta restored to original units,virat720,random__VIRAT_S_010108_01_000570_000718__720p,0
v62,mixed_50_50,SSIM,natural log(kbps),"PCHIP, extrapolate=False",21.63166666666666,143.2133333333334,valid,,100,"uniform natural log(kbps), inclusive endpoints",0.00017787610266958298,0.83,True,True,preserve measured local shape; no sorting of metric values or smoothing,higher_is_better,negative metric passed to unchanged lower-distortion comparator; reported equal-rate delta restored to original units,virat720,random__VIRAT_S_010108_01_000570_000718__720p,0
v62,mixed_50_50,MS_SSIM,natural log(kbps),"PCHIP, extrapolate=False",21.63166666666666,143.2133333333334,valid,,100,"uniform natural log(kbps), inclusive endpoints",-0.0006031764376072924,0.19,True,True,preserve measured local shape; no sorting of metric values or smoothing,higher_is_better,negative metric passed to unchanged lower-distortion comparator; reported equal-rate delta restored to original units,virat720,random__VIRAT_S_010108_01_000570_000718__720p,0
original,ulong_only,LPIPS,natural log(kbps),"PCHIP, extrapolate=False",21.200000000000003,133.795,valid,,100,"uniform natural log(kbps), inclusive endpoints",-0.01660842374422122,1.0,True,True,preserve measured local shape; no sorting of metric values or smoothing,lower_is_better,none,virat720,random__VIRAT_S_010205_01_000207_000288__720p,1
original,ulong_only,DISTS,natural log(kbps),"PCHIP, extrapolate=False",21.200000000000003,133.795,valid,,100,"uniform natural log(kbps), inclusive endpoints",-0.00046403312433353813,0.55,True,False,preserve measured local shape; no sorting of metric values or smoothing,lower_is_better,none,virat720,random__VIRAT_S_010205_01_000207_000288__720p,1
original,ulong_only,FloLPIPS,natural log(kbps),"PCHIP, extrapolate=False",21.200000000000003,133.795,valid,,100,"uniform natural log(kbps), inclusive endpoints",-0.01751682841212805,1.0,True,True,preserve measured local shape; no sorting of metric values or smoothing,lower_is_better,none,virat720,random__VIRAT_S_010205_01_000207_000288__720p,1
original,ulong_only,PSNR,natural log(kbps),"PCHIP, extrapolate=False",21.200000000000003,133.795,valid,,100,"uniform natural log(kbps), inclusive endpoints",-0.5447968060575598,0.0,True,True,preserve measured local shape; no sorting of metric values or smoothing,higher_is_better,negative metric passed to unchanged lower-distortion comparator; reported equal-rate delta restored to original units,virat720,random__VIRAT_S_010205_01_000207_000288__720p,1
original,ulong_only,SSIM,natural log(kbps),"PCHIP, extrapolate=False",21.200000000000003,133.795,valid,,100,"uniform natural log(kbps), inclusive endpoints",-0.003020107730012568,0.0,True,True,preserve measured local shape; no sorting of metric values or smoothing,higher_is_better,negative metric passed to unchanged lower-distortion comparator; reported equal-rate delta restored to original units,virat720,random__VIRAT_S_010205_01_000207_000288__720p,1
original,ulong_only,MS_SSIM,natural log(kbps),"PCHIP, extrapolate=False",21.200000000000003,133.795,valid,,100,"uniform natural log(kbps), inclusive endpoints",-0.006283451279520815,0.0,True,True,preserve measured local shape; no sorting of metric values or smoothing,higher_is_better,negative metric passed to unchanged lower-distortion comparator; reported equal-rate delta restored to original units,virat720,random__VIRAT_S_010205_01_000207_000288__720p,1
v62,ulong_only,LPIPS,natural log(kbps),"PCHIP, extrapolate=False",19.101666666666667,133.64833333333328,valid,,100,"uniform natural log(kbps), inclusive endpoints",0.003123754737950269,0.0,True,True,preserve measured local shape; no sorting of metric values or smoothing,lower_is_better,none,virat720,random__VIRAT_S_010205_01_000207_000288__720p,1
v62,ulong_only,DISTS,natural log(kbps),"PCHIP, extrapolate=False",19.101666666666667,133.64833333333328,valid,,100,"uniform natural log(kbps), inclusive endpoints",0.0016268350997993108,0.13,True,False,preserve measured local shape; no sorting of metric values or smoothing,lower_is_better,none,virat720,random__VIRAT_S_010205_01_000207_000288__720p,1
v62,ulong_only,FloLPIPS,natural log(kbps),"PCHIP, extrapolate=False",19.101666666666667,133.64833333333328,valid,,100,"uniform natural log(kbps), inclusive endpoints",0.0031861732649710478,0.0,True,True,preserve measured local shape; no sorting of metric values or smoothing,lower_is_better,none,virat720,random__VIRAT_S_010205_01_000207_000288__720p,1
v62,ulong_only,PSNR,natural log(kbps),"PCHIP, extrapolate=False",19.101666666666667,133.64833333333328,valid,,100,"uniform natural log(kbps), inclusive endpoints",-0.27031263400727906,0.0,True,True,preserve measured local shape; no sorting of metric values or smoothing,higher_is_better,negative metric passed to unchanged lower-distortion comparator; reported equal-rate delta restored to original units,virat720,random__VIRAT_S_010205_01_000207_000288__720p,1
v62,ulong_only,SSIM,natural log(kbps),"PCHIP, extrapolate=False",19.101666666666667,133.64833333333328,valid,,100,"uniform natural log(kbps), inclusive endpoints",-0.0014286184596975938,0.0,True,True,preserve measured local shape; no sorting of metric values or smoothing,higher_is_better,negative metric passed to unchanged lower-distortion comparator; reported equal-rate delta restored to original units,virat720,random__VIRAT_S_010205_01_000207_000288__720p,1
v62,ulong_only,MS_SSIM,natural log(kbps),"PCHIP, extrapolate=False",19.101666666666667,133.64833333333328,valid,,100,"uniform natural log(kbps), inclusive endpoints",-0.0010713435043011765,0.0,True,True,preserve measured local shape; no sorting of metric values or smoothing,higher_is_better,negative metric passed to unchanged lower-distortion comparator; reported equal-rate delta restored to original units,virat720,random__VIRAT_S_010205_01_000207_000288__720p,1
original,vimeo_only,LPIPS,natural log(kbps),"PCHIP, extrapolate=False",21.200000000000003,135.91499999999994,valid,,100,"uniform natural log(kbps), inclusive endpoints",-0.015353969020684635,1.0,True,True,preserve measured local shape; no sorting of metric values or smoothing,lower_is_better,none,virat720,random__VIRAT_S_010205_01_000207_000288__720p,1
original,vimeo_only,DISTS,natural log(kbps),"PCHIP, extrapolate=False",21.200000000000003,135.91499999999994,valid,,100,"uniform natural log(kbps), inclusive endpoints",0.0035764423411113705,0.09,True,False,preserve measured local shape; no sorting of metric values or smoothing,lower_is_better,none,virat720,random__VIRAT_S_010205_01_000207_000288__720p,1
original,vimeo_only,FloLPIPS,natural log(kbps),"PCHIP, extrapolate=False",21.200000000000003,135.91499999999994,valid,,100,"uniform natural log(kbps), inclusive endpoints",-0.016649837145164742,1.0,True,True,preserve measured local shape; no sorting of metric values or smoothing,lower_is_better,none,virat720,random__VIRAT_S_010205_01_000207_000288__720p,1
original,vimeo_only,PSNR,natural log(kbps),"PCHIP, extrapolate=False",21.200000000000003,135.91499999999994,valid,,100,"uniform natural log(kbps), inclusive endpoints",-0.11834045189583371,0.0,True,True,preserve measured local shape; no sorting of metric values or smoothing,higher_is_better,negative metric passed to unchanged lower-distortion comparator; reported equal-rate delta restored to original units,virat720,random__VIRAT_S_010205_01_000207_000288__720p,1
original,vimeo_only,SSIM,natural log(kbps),"PCHIP, extrapolate=False",21.200000000000003,135.91499999999994,valid,,100,"uniform natural log(kbps), inclusive endpoints",-0.0003094896828763682,0.0,True,True,preserve measured local shape; no sorting of metric values or smoothing,higher_is_better,negative metric passed to unchanged lower-distortion comparator; reported equal-rate delta restored to original units,virat720,random__VIRAT_S_010205_01_000207_000288__720p,1
original,vimeo_only,MS_SSIM,natural log(kbps),"PCHIP, extrapolate=False",21.200000000000003,135.91499999999994,valid,,100,"uniform natural log(kbps), inclusive endpoints",-0.004836495099575987,0.0,True,True,preserve measured local shape; no sorting of metric values or smoothing,higher_is_better,negative metric passed to unchanged lower-distortion comparator; reported equal-rate delta restored to original units,virat720,random__VIRAT_S_010205_01_000207_000288__720p,1
v62,vimeo_only,LPIPS,natural log(kbps),"PCHIP, extrapolate=False",19.524999999999995,133.64833333333328,valid,,100,"uniform natural log(kbps), inclusive endpoints",0.004503254008543119,0.0,True,True,preserve measured local shape; no sorting of metric values or smoothing,lower_is_better,none,virat720,random__VIRAT_S_010205_01_000207_000288__720p,1
v62,vimeo_only,DISTS,natural log(kbps),"PCHIP, extrapolate=False",19.524999999999995,133.64833333333328,valid,,100,"uniform natural log(kbps), inclusive endpoints",0.005712499134756117,0.0,True,False,preserve measured local shape; no sorting of metric values or smoothing,lower_is_better,none,virat720,random__VIRAT_S_010205_01_000207_000288__720p,1
v62,vimeo_only,FloLPIPS,natural log(kbps),"PCHIP, extrapolate=False",19.524999999999995,133.64833333333328,valid,,100,"uniform natural log(kbps), inclusive endpoints",0.0042049717961698445,0.0,True,True,preserve measured local shape; no sorting of metric values or smoothing,lower_is_better,none,virat720,random__VIRAT_S_010205_01_000207_000288__720p,1
v62,vimeo_only,PSNR,natural log(kbps),"PCHIP, extrapolate=False",19.524999999999995,133.64833333333328,valid,,100,"uniform natural log(kbps), inclusive endpoints",0.15008174341977187,1.0,True,True,preserve measured local shape; no sorting of metric values or smoothing,higher_is_better,negative metric passed to unchanged lower-distortion comparator; reported equal-rate delta restored to original units,virat720,random__VIRAT_S_010205_01_000207_000288__720p,1
v62,vimeo_only,SSIM,natural log(kbps),"PCHIP, extrapolate=False",19.524999999999995,133.64833333333328,valid,,100,"uniform natural log(kbps), inclusive endpoints",0.0012902601340719167,1.0,True,True,preserve measured local shape; no sorting of metric values or smoothing,higher_is_better,negative metric passed to unchanged lower-distortion comparator; reported equal-rate delta restored to original units,virat720,random__VIRAT_S_010205_01_000207_000288__720p,1
v62,vimeo_only,MS_SSIM,natural log(kbps),"PCHIP, extrapolate=False",19.524999999999995,133.64833333333328,valid,,100,"uniform natural log(kbps), inclusive endpoints",0.0002753006375729361,0.9,True,True,preserve measured local shape; no sorting of metric values or smoothing,higher_is_better,negative metric passed to unchanged lower-distortion comparator; reported equal-rate delta restored to original units,virat720,random__VIRAT_S_010205_01_000207_000288__720p,1
original,mixed_50_50,LPIPS,natural log(kbps),"PCHIP, extrapolate=False",21.200000000000003,134.56166666666664,valid,,100,"uniform natural log(kbps), inclusive endpoints",-0.01740704039792975,1.0,True,True,preserve measured local shape; no sorting of metric values or smoothing,lower_is_better,none,virat720,random__VIRAT_S_010205_01_000207_000288__720p,1
original,mixed_50_50,DISTS,natural log(kbps),"PCHIP, extrapolate=False",21.200000000000003,134.56166666666664,valid,,100,"uniform natural log(kbps), inclusive endpoints",0.0005551968935710535,0.27,True,True,preserve measured local shape; no sorting of metric values or smoothing,lower_is_better,none,virat720,random__VIRAT_S_010205_01_000207_000288__720p,1
original,mixed_50_50,FloLPIPS,natural log(kbps),"PCHIP, extrapolate=False",21.200000000000003,134.56166666666664,valid,,100,"uniform natural log(kbps), inclusive endpoints",-0.018425186897194305,1.0,True,True,preserve measured local shape; no sorting of metric values or smoothing,lower_is_better,none,virat720,random__VIRAT_S_010205_01_000207_000288__720p,1
original,mixed_50_50,PSNR,natural log(kbps),"PCHIP, extrapolate=False",21.200000000000003,134.56166666666664,valid,,100,"uniform natural log(kbps), inclusive endpoints",-0.37292913766850505,0.0,True,True,preserve measured local shape; no sorting of metric values or smoothing,higher_is_better,negative metric passed to unchanged lower-distortion comparator; reported equal-rate delta restored to original units,virat720,random__VIRAT_S_010205_01_000207_000288__720p,1
original,mixed_50_50,SSIM,natural log(kbps),"PCHIP, extrapolate=False",21.200000000000003,134.56166666666664,valid,,100,"uniform natural log(kbps), inclusive endpoints",-0.0017483459235551723,0.0,True,True,preserve measured local shape; no sorting of metric values or smoothing,higher_is_better,negative metric passed to unchanged lower-distortion comparator; reported equal-rate delta restored to original units,virat720,random__VIRAT_S_010205_01_000207_000288__720p,1
original,mixed_50_50,MS_SSIM,natural log(kbps),"PCHIP, extrapolate=False",21.200000000000003,134.56166666666664,valid,,100,"uniform natural log(kbps), inclusive endpoints",-0.0059599641761172205,0.0,True,True,preserve measured local shape; no sorting of metric values or smoothing,higher_is_better,negative metric passed to unchanged lower-distortion comparator; reported equal-rate delta restored to original units,virat720,random__VIRAT_S_010205_01_000207_000288__720p,1
v62,mixed_50_50,LPIPS,natural log(kbps),"PCHIP, extrapolate=False",19.61,133.64833333333328,valid,,100,"uniform natural log(kbps), inclusive endpoints",0.002501255018566363,0.0,True,True,preserve measured local shape; no sorting of metric values or smoothing,lower_is_better,none,virat720,random__VIRAT_S_010205_01_000207_000288__720p,1
v62,mixed_50_50,DISTS,natural log(kbps),"PCHIP, extrapolate=False",19.61,133.64833333333328,valid,,100,"uniform natural log(kbps), inclusive endpoints",0.0026768146293239957,0.04,True,True,preserve measured local shape; no sorting of metric values or smoothing,lower_is_better,none,virat720,random__VIRAT_S_010205_01_000207_000288__720p,1
v62,mixed_50_50,FloLPIPS,natural log(kbps),"PCHIP, extrapolate=False",19.61,133.64833333333328,valid,,100,"uniform natural log(kbps), inclusive endpoints",0.002431275633976612,0.02,True,True,preserve measured local shape; no sorting of metric values or smoothing,lower_is_better,none,virat720,random__VIRAT_S_010205_01_000207_000288__720p,1
v62,mixed_50_50,PSNR,natural log(kbps),"PCHIP, extrapolate=False",19.61,133.64833333333328,valid,,100,"uniform natural log(kbps), inclusive endpoints",-0.10183688560072174,0.0,True,True,preserve measured local shape; no sorting of metric values or smoothing,higher_is_better,negative metric passed to unchanged lower-distortion comparator; reported equal-rate delta restored to original units,virat720,random__VIRAT_S_010205_01_000207_000288__720p,1
v62,mixed_50_50,SSIM,natural log(kbps),"PCHIP, extrapolate=False",19.61,133.64833333333328,valid,,100,"uniform natural log(kbps), inclusive endpoints",-0.00016215463478343572,0.19,True,True,preserve measured local shape; no sorting of metric values or smoothing,higher_is_better,negative metric passed to unchanged lower-distortion comparator; reported equal-rate delta restored to original units,virat720,random__VIRAT_S_010205_01_000207_000288__720p,1
v62,mixed_50_50,MS_SSIM,natural log(kbps),"PCHIP, extrapolate=False",19.61,133.64833333333328,valid,,100,"uniform natural log(kbps), inclusive endpoints",-0.0008376704626103604,0.0,True,True,preserve measured local shape; no sorting of metric values or smoothing,higher_is_better,negative metric passed to unchanged lower-distortion comparator; reported equal-rate delta restored to original units,virat720,random__VIRAT_S_010205_01_000207_000288__720p,1
original,ulong_only,LPIPS,natural log(kbps),"PCHIP, extrapolate=False",23.89166666666667,149.32166666666672,valid,,100,"uniform natural log(kbps), inclusive endpoints",-0.024110400413602028,1.0,True,True,preserve measured local shape; no sorting of metric values or smoothing,lower_is_better,none,virat720,random__VIRAT_S_010111_02_000198_000310__720p,2
original,ulong_only,DISTS,natural log(kbps),"PCHIP, extrapolate=False",23.89166666666667,149.32166666666672,valid,,100,"uniform natural log(kbps), inclusive endpoints",0.0034206122665506188,0.15,False,False,preserve measured local shape; no sorting of metric values or smoothing,lower_is_better,none,virat720,random__VIRAT_S_010111_02_000198_000310__720p,2
original,ulong_only,FloLPIPS,natural log(kbps),"PCHIP, extrapolate=False",23.89166666666667,149.32166666666672,valid,,100,"uniform natural log(kbps), inclusive endpoints",-0.023675137575302107,1.0,True,True,preserve measured local shape; no sorting of metric values or smoothing,lower_is_better,none,virat720,random__VIRAT_S_010111_02_000198_000310__720p,2
original,ulong_only,PSNR,natural log(kbps),"PCHIP, extrapolate=False",23.89166666666667,149.32166666666672,valid,,100,"uniform natural log(kbps), inclusive endpoints",-0.2955839276719179,0.0,True,True,preserve measured local shape; no sorting of metric values or smoothing,higher_is_better,negative metric passed to unchanged lower-distortion comparator; reported equal-rate delta restored to original units,virat720,random__VIRAT_S_010111_02_000198_000310__720p,2
original,ulong_only,SSIM,natural log(kbps),"PCHIP, extrapolate=False",23.89166666666667,149.32166666666672,valid,,100,"uniform natural log(kbps), inclusive endpoints",-0.002020813920099751,0.0,True,True,preserve measured local shape; no sorting of metric values or smoothing,higher_is_better,negative metric passed to unchanged lower-distortion comparator; reported equal-rate delta restored to original units,virat720,random__VIRAT_S_010111_02_000198_000310__720p,2
original,ulong_only,MS_SSIM,natural log(kbps),"PCHIP, extrapolate=False",23.89166666666667,149.32166666666672,valid,,100,"uniform natural log(kbps), inclusive endpoints",-0.007228710465693643,0.0,True,True,preserve measured local shape; no sorting of metric values or smoothing,higher_is_better,negative metric passed to unchanged lower-distortion comparator; reported equal-rate delta restored to original units,virat720,random__VIRAT_S_010111_02_000198_000310__720p,2
v62,ulong_only,LPIPS,natural log(kbps),"PCHIP, extrapolate=False",22.805,147.84166666666667,valid,,100,"uniform natural log(kbps), inclusive endpoints",0.0030570161551886073,0.0,True,True,preserve measured local shape; no sorting of metric values or smoothing,lower_is_better,none,virat720,random__VIRAT_S_010111_02_000198_000310__720p,2
v62,ulong_only,DISTS,natural log(kbps),"PCHIP, extrapolate=False",22.805,147.84166666666667,valid,,100,"uniform natural log(kbps), inclusive endpoints",-0.00087492431984117,0.71,False,False,preserve measured local shape; no sorting of metric values or smoothing,lower_is_better,none,virat720,random__VIRAT_S_010111_02_000198_000310__720p,2
v62,ulong_only,FloLPIPS,natural log(kbps),"PCHIP, extrapolate=False",22.805,147.84166666666667,valid,,100,"uniform natural log(kbps), inclusive endpoints",0.0028402433210057616,0.0,True,True,preserve measured local shape; no sorting of metric values or smoothing,lower_is_better,none,virat720,random__VIRAT_S_010111_02_000198_000310__720p,2
v62,ulong_only,PSNR,natural log(kbps),"PCHIP, extrapolate=False",22.805,147.84166666666667,valid,,100,"uniform natural log(kbps), inclusive endpoints",-0.14327856110063686,0.0,True,True,preserve measured local shape; no sorting of metric values or smoothing,higher_is_better,negative metric passed to unchanged lower-distortion comparator; reported equal-rate delta restored to original units,virat720,random__VIRAT_S_010111_02_000198_000310__720p,2
v62,ulong_only,SSIM,natural log(kbps),"PCHIP, extrapolate=False",22.805,147.84166666666667,valid,,100,"uniform natural log(kbps), inclusive endpoints",-0.001125506832502381,0.0,True,True,preserve measured local shape; no sorting of metric values or smoothing,higher_is_better,negative metric passed to unchanged lower-distortion comparator; reported equal-rate delta restored to original units,virat720,random__VIRAT_S_010111_02_000198_000310__720p,2
v62,ulong_only,MS_SSIM,natural log(kbps),"PCHIP, extrapolate=False",22.805,147.84166666666667,valid,,100,"uniform natural log(kbps), inclusive endpoints",-0.0006625450898072627,0.13,True,True,preserve measured local shape; no sorting of metric values or smoothing,higher_is_better,negative metric passed to unchanged lower-distortion comparator; reported equal-rate delta restored to original units,virat720,random__VIRAT_S_010111_02_000198_000310__720p,2
original,vimeo_only,LPIPS,natural log(kbps),"PCHIP, extrapolate=False",23.89166666666667,149.0416666666666,valid,,100,"uniform natural log(kbps), inclusive endpoints",-0.017489125301364247,1.0,True,True,preserve measured local shape; no sorting of metric values or smoothing,lower_is_better,none,virat720,random__VIRAT_S_010111_02_000198_000310__720p,2
original,vimeo_only,DISTS,natural log(kbps),"PCHIP, extrapolate=False",23.89166666666667,149.0416666666666,valid,,100,"uniform natural log(kbps), inclusive endpoints",0.014002101769502118,0.0,False,False,preserve measured local shape; no sorting of metric values or smoothing,lower_is_better,none,virat720,random__VIRAT_S_010111_02_000198_000310__720p,2
original,vimeo_only,FloLPIPS,natural log(kbps),"PCHIP, extrapolate=False",23.89166666666667,149.0416666666666,valid,,100,"uniform natural log(kbps), inclusive endpoints",-0.017416303076020448,1.0,True,True,preserve measured local shape; no sorting of metric values or smoothing,lower_is_better,none,virat720,random__VIRAT_S_010111_02_000198_000310__720p,2
original,vimeo_only,PSNR,natural log(kbps),"PCHIP, extrapolate=False",23.89166666666667,149.0416666666666,valid,,100,"uniform natural log(kbps), inclusive endpoints",-0.03101632801838356,0.11,True,True,preserve measured local shape; no sorting of metric values or smoothing,higher_is_better,negative metric passed to unchanged lower-distortion comparator; reported equal-rate delta restored to original units,virat720,random__VIRAT_S_010111_02_000198_000310__720p,2
original,vimeo_only,SSIM,natural log(kbps),"PCHIP, extrapolate=False",23.89166666666667,149.0416666666666,valid,,100,"uniform natural log(kbps), inclusive endpoints",-7.734805161218273e-05,0.54,True,True,preserve measured local shape; no sorting of metric values or smoothing,higher_is_better,negative metric passed to unchanged lower-distortion comparator; reported equal-rate delta restored to original units,virat720,random__VIRAT_S_010111_02_000198_000310__720p,2
original,vimeo_only,MS_SSIM,natural log(kbps),"PCHIP, extrapolate=False",23.89166666666667,149.0416666666666,valid,,100,"uniform natural log(kbps), inclusive endpoints",-0.006946604757325245,0.0,True,True,preserve measured local shape; no sorting of metric values or smoothing,higher_is_better,negative metric passed to unchanged lower-distortion comparator; reported equal-rate delta restored to original units,virat720,random__VIRAT_S_010111_02_000198_000310__720p,2
v62,vimeo_only,LPIPS,natural log(kbps),"PCHIP, extrapolate=False",23.06333333333334,147.84166666666667,valid,,100,"uniform natural log(kbps), inclusive endpoints",0.00964748591118524,0.0,True,True,preserve measured local shape; no sorting of metric values or smoothing,lower_is_better,none,virat720,random__VIRAT_S_010111_02_000198_000310__720p,2
v62,vimeo_only,DISTS,natural log(kbps),"PCHIP, extrapolate=False",23.06333333333334,147.84166666666667,valid,,100,"uniform natural log(kbps), inclusive endpoints",0.009680863396311133,0.0,False,False,preserve measured local shape; no sorting of metric values or smoothing,lower_is_better,none,virat720,random__VIRAT_S_010111_02_000198_000310__720p,2
v62,vimeo_only,FloLPIPS,natural log(kbps),"PCHIP, extrapolate=False",23.06333333333334,147.84166666666667,valid,,100,"uniform natural log(kbps), inclusive endpoints",0.009090508285182632,0.0,True,True,preserve measured local shape; no sorting of metric values or smoothing,lower_is_better,none,virat720,random__VIRAT_S_010111_02_000198_000310__720p,2
v62,vimeo_only,PSNR,natural log(kbps),"PCHIP, extrapolate=False",23.06333333333334,147.84166666666667,valid,,100,"uniform natural log(kbps), inclusive endpoints",0.12004414720595757,1.0,True,True,preserve measured local shape; no sorting of metric values or smoothing,higher_is_better,negative metric passed to unchanged lower-distortion comparator; reported equal-rate delta restored to original units,virat720,random__VIRAT_S_010111_02_000198_000310__720p,2
v62,vimeo_only,SSIM,natural log(kbps),"PCHIP, extrapolate=False",23.06333333333334,147.84166666666667,valid,,100,"uniform natural log(kbps), inclusive endpoints",0.0008238687027739755,1.0,True,True,preserve measured local shape; no sorting of metric values or smoothing,higher_is_better,negative metric passed to unchanged lower-distortion comparator; reported equal-rate delta restored to original units,virat720,random__VIRAT_S_010111_02_000198_000310__720p,2
v62,vimeo_only,MS_SSIM,natural log(kbps),"PCHIP, extrapolate=False",23.06333333333334,147.84166666666667,valid,,100,"uniform natural log(kbps), inclusive endpoints",-0.00038876650132100844,0.23,True,True,preserve measured local shape; no sorting of metric values or smoothing,higher_is_better,negative metric passed to unchanged lower-distortion comparator; reported equal-rate delta restored to original units,virat720,random__VIRAT_S_010111_02_000198_000310__720p,2
original,mixed_50_50,LPIPS,natural log(kbps),"PCHIP, extrapolate=False",23.89166666666667,148.38499999999996,valid,,100,"uniform natural log(kbps), inclusive endpoints",-0.023761233116772806,1.0,True,True,preserve measured local shape; no sorting of metric values or smoothing,lower_is_better,none,virat720,random__VIRAT_S_010111_02_000198_000310__720p,2
original,mixed_50_50,DISTS,natural log(kbps),"PCHIP, extrapolate=False",23.89166666666667,148.38499999999996,valid,,100,"uniform natural log(kbps), inclusive endpoints",0.0074566967012581154,0.01,False,False,preserve measured local shape; no sorting of metric values or smoothing,lower_is_better,none,virat720,random__VIRAT_S_010111_02_000198_000310__720p,2
original,mixed_50_50,FloLPIPS,natural log(kbps),"PCHIP, extrapolate=False",23.89166666666667,148.38499999999996,valid,,100,"uniform natural log(kbps), inclusive endpoints",-0.02318306485303493,1.0,True,True,preserve measured local shape; no sorting of metric values or smoothing,lower_is_better,none,virat720,random__VIRAT_S_010111_02_000198_000310__720p,2
original,mixed_50_50,PSNR,natural log(kbps),"PCHIP, extrapolate=False",23.89166666666667,148.38499999999996,valid,,100,"uniform natural log(kbps), inclusive endpoints",-0.13840050449282518,0.0,True,True,preserve measured local shape; no sorting of metric values or smoothing,higher_is_better,negative metric passed to unchanged lower-distortion comparator; reported equal-rate delta restored to original units,virat720,random__VIRAT_S_010111_02_000198_000310__720p,2
original,mixed_50_50,SSIM,natural log(kbps),"PCHIP, extrapolate=False",23.89166666666667,148.38499999999996,valid,,100,"uniform natural log(kbps), inclusive endpoints",-0.0005849222417378641,0.1,True,True,preserve measured local shape; no sorting of metric values or smoothing,higher_is_better,negative metric passed to unchanged lower-distortion comparator; reported equal-rate delta restored to original units,virat720,random__VIRAT_S_010111_02_000198_000310__720p,2
original,mixed_50_50,MS_SSIM,natural log(kbps),"PCHIP, extrapolate=False",23.89166666666667,148.38499999999996,valid,,100,"uniform natural log(kbps), inclusive endpoints",-0.0068432843461520895,0.0,True,True,preserve measured local shape; no sorting of metric values or smoothing,higher_is_better,negative metric passed to unchanged lower-distortion comparator; reported equal-rate delta restored to original units,virat720,random__VIRAT_S_010111_02_000198_000310__720p,2
v62,mixed_50_50,LPIPS,natural log(kbps),"PCHIP, extrapolate=False",22.94333333333334,147.84166666666667,valid,,100,"uniform natural log(kbps), inclusive endpoints",0.0034148106931904047,0.0,True,True,preserve measured local shape; no sorting of metric values or smoothing,lower_is_better,none,virat720,random__VIRAT_S_010111_02_000198_000310__720p,2
v62,mixed_50_50,DISTS,natural log(kbps),"PCHIP, extrapolate=False",22.94333333333334,147.84166666666667,valid,,100,"uniform natural log(kbps), inclusive endpoints",0.0031652087810700013,0.05,False,False,preserve measured local shape; no sorting of metric values or smoothing,lower_is_better,none,virat720,random__VIRAT_S_010111_02_000198_000310__720p,2
v62,mixed_50_50,FloLPIPS,natural log(kbps),"PCHIP, extrapolate=False",22.94333333333334,147.84166666666667,valid,,100,"uniform natural log(kbps), inclusive endpoints",0.003389088890328133,0.0,True,True,preserve measured local shape; no sorting of metric values or smoothing,lower_is_better,none,virat720,random__VIRAT_S_010111_02_000198_000310__720p,2
v62,mixed_50_50,PSNR,natural log(kbps),"PCHIP, extrapolate=False",22.94333333333334,147.84166666666667,valid,,100,"uniform natural log(kbps), inclusive endpoints",0.012552073890367232,0.7,True,True,preserve measured local shape; no sorting of metric values or smoothing,higher_is_better,negative metric passed to unchanged lower-distortion comparator; reported equal-rate delta restored to original units,virat720,random__VIRAT_S_010111_02_000198_000310__720p,2
v62,mixed_50_50,SSIM,natural log(kbps),"PCHIP, extrapolate=False",22.94333333333334,147.84166666666667,valid,,100,"uniform natural log(kbps), inclusive endpoints",0.0003075738553652707,0.96,True,True,preserve measured local shape; no sorting of metric values or smoothing,higher_is_better,negative metric passed to unchanged lower-distortion comparator; reported equal-rate delta restored to original units,virat720,random__VIRAT_S_010111_02_000198_000310__720p,2
v62,mixed_50_50,MS_SSIM,natural log(kbps),"PCHIP, extrapolate=False",22.94333333333334,147.84166666666667,valid,,100,"uniform natural log(kbps), inclusive endpoints",-0.0002878508852847017,0.21,True,True,preserve measured local shape; no sorting of metric values or smoothing,higher_is_better,negative metric passed to unchanged lower-distortion comparator; reported equal-rate delta restored to original units,virat720,random__VIRAT_S_010111_02_000198_000310__720p,2
original,ulong_only,LPIPS,natural log(kbps),"PCHIP, extrapolate=False",25.918333333333337,156.66666666666663,valid,,100,"uniform natural log(kbps), inclusive endpoints",-0.0187031982022046,1.0,True,True,preserve measured local shape; no sorting of metric values or smoothing,lower_is_better,none,virat720,random__VIRAT_S_010003_01_000111_000137__720p,3
original,ulong_only,DISTS,natural log(kbps),"PCHIP, extrapolate=False",25.918333333333337,156.66666666666663,valid,,100,"uniform natural log(kbps), inclusive endpoints",0.000713929755061346,0.27,True,False,preserve measured local shape; no sorting of metric values or smoothing,lower_is_better,none,virat720,random__VIRAT_S_010003_01_000111_000137__720p,3
original,ulong_only,FloLPIPS,natural log(kbps),"PCHIP, extrapolate=False",25.918333333333337,156.66666666666663,valid,,100,"uniform natural log(kbps), inclusive endpoints",-0.0175185653971283,1.0,True,True,preserve measured local shape; no sorting of metric values or smoothing,lower_is_better,none,virat720,random__VIRAT_S_010003_01_000111_000137__720p,3
original,ulong_only,PSNR,natural log(kbps),"PCHIP, extrapolate=False",25.918333333333337,156.66666666666663,valid,,100,"uniform natural log(kbps), inclusive endpoints",-0.41392039483023674,0.0,True,True,preserve measured local shape; no sorting of metric values or smoothing,higher_is_better,negative metric passed to unchanged lower-distortion comparator; reported equal-rate delta restored to original units,virat720,random__VIRAT_S_010003_01_000111_000137__720p,3
original,ulong_only,SSIM,natural log(kbps),"PCHIP, extrapolate=False",25.918333333333337,156.66666666666663,valid,,100,"uniform natural log(kbps), inclusive endpoints",-0.0025257870321897125,0.0,True,True,preserve measured local shape; no sorting of metric values or smoothing,higher_is_better,negative metric passed to unchanged lower-distortion comparator; reported equal-rate delta restored to original units,virat720,random__VIRAT_S_010003_01_000111_000137__720p,3
original,ulong_only,MS_SSIM,natural log(kbps),"PCHIP, extrapolate=False",25.918333333333337,156.66666666666663,valid,,100,"uniform natural log(kbps), inclusive endpoints",-0.007386978076097121,0.0,True,True,preserve measured local shape; no sorting of metric values or smoothing,higher_is_better,negative metric passed to unchanged lower-distortion comparator; reported equal-rate delta restored to original units,virat720,random__VIRAT_S_010003_01_000111_000137__720p,3
v62,ulong_only,LPIPS,natural log(kbps),"PCHIP, extrapolate=False",25.43833333333334,155.97500000000002,valid,,100,"uniform natural log(kbps), inclusive endpoints",0.0036933202911197615,0.0,True,True,preserve measured local shape; no sorting of metric values or smoothing,lower_is_better,none,virat720,random__VIRAT_S_010003_01_000111_000137__720p,3
v62,ulong_only,DISTS,natural log(kbps),"PCHIP, extrapolate=False",25.43833333333334,155.97500000000002,valid,,100,"uniform natural log(kbps), inclusive endpoints",0.0015496473727740635,0.19,True,False,preserve measured local shape; no sorting of metric values or smoothing,lower_is_better,none,virat720,random__VIRAT_S_010003_01_000111_000137__720p,3
v62,ulong_only,FloLPIPS,natural log(kbps),"PCHIP, extrapolate=False",25.43833333333334,155.97500000000002,valid,,100,"uniform natural log(kbps), inclusive endpoints",0.003580179869778669,0.0,True,True,preserve measured local shape; no sorting of metric values or smoothing,lower_is_better,none,virat720,random__VIRAT_S_010003_01_000111_000137__720p,3
v62,ulong_only,PSNR,natural log(kbps),"PCHIP, extrapolate=False",25.43833333333334,155.97500000000002,valid,,100,"uniform natural log(kbps), inclusive endpoints",-0.23775995770669867,0.0,True,True,preserve measured local shape; no sorting of metric values or smoothing,higher_is_better,negative metric passed to unchanged lower-distortion comparator; reported equal-rate delta restored to original units,virat720,random__VIRAT_S_010003_01_000111_000137__720p,3
v62,ulong_only,SSIM,natural log(kbps),"PCHIP, extrapolate=False",25.43833333333334,155.97500000000002,valid,,100,"uniform natural log(kbps), inclusive endpoints",-0.0014467726296250572,0.0,True,True,preserve measured local shape; no sorting of metric values or smoothing,higher_is_better,negative metric passed to unchanged lower-distortion comparator; reported equal-rate delta restored to original units,virat720,random__VIRAT_S_010003_01_000111_000137__720p,3
v62,ulong_only,MS_SSIM,natural log(kbps),"PCHIP, extrapolate=False",25.43833333333334,155.97500000000002,valid,,100,"uniform natural log(kbps), inclusive endpoints",-0.0017818228249254252,0.0,True,True,preserve measured local shape; no sorting of metric values or smoothing,higher_is_better,negative metric passed to unchanged lower-distortion comparator; reported equal-rate delta restored to original units,virat720,random__VIRAT_S_010003_01_000111_000137__720p,3
original,vimeo_only,LPIPS,natural log(kbps),"PCHIP, extrapolate=False",25.918333333333337,158.26999999999995,valid,,100,"uniform natural log(kbps), inclusive endpoints",-0.013780636510701187,1.0,True,True,preserve measured local shape; no sorting of metric values or smoothing,lower_is_better,none,virat720,random__VIRAT_S_010003_01_000111_000137__720p,3
original,vimeo_only,DISTS,natural log(kbps),"PCHIP, extrapolate=False",25.918333333333337,158.26999999999995,valid,,100,"uniform natural log(kbps), inclusive endpoints",0.004383787470649703,0.0,True,False,preserve measured local shape; no sorting of metric values or smoothing,lower_is_better,none,virat720,random__VIRAT_S_010003_01_000111_000137__720p,3
original,vimeo_only,FloLPIPS,natural log(kbps),"PCHIP, extrapolate=False",25.918333333333337,158.26999999999995,valid,,100,"uniform natural log(kbps), inclusive endpoints",-0.013995904050492532,1.0,True,True,preserve measured local shape; no sorting of metric values or smoothing,lower_is_better,none,virat720,random__VIRAT_S_010003_01_000111_000137__720p,3
original,vimeo_only,PSNR,natural log(kbps),"PCHIP, extrapolate=False",25.918333333333337,158.26999999999995,valid,,100,"uniform natural log(kbps), inclusive endpoints",-0.054516791219727204,0.19,True,True,preserve measured local shape; no sorting of metric values or smoothing,higher_is_better,negative metric passed to unchanged lower-distortion comparator; reported equal-rate delta restored to original units,virat720,random__VIRAT_S_010003_01_000111_000137__720p,3
original,vimeo_only,SSIM,natural log(kbps),"PCHIP, extrapolate=False",25.918333333333337,158.26999999999995,valid,,100,"uniform natural log(kbps), inclusive endpoints",-0.0003481230254931766,0.24,True,True,preserve measured local shape; no sorting of metric values or smoothing,higher_is_better,negative metric passed to unchanged lower-distortion comparator; reported equal-rate delta restored to original units,virat720,random__VIRAT_S_010003_01_000111_000137__720p,3
original,vimeo_only,MS_SSIM,natural log(kbps),"PCHIP, extrapolate=False",25.918333333333337,158.26999999999995,valid,,100,"uniform natural log(kbps), inclusive endpoints",-0.0065794630902109305,0.0,True,True,preserve measured local shape; no sorting of metric values or smoothing,higher_is_better,negative metric passed to unchanged lower-distortion comparator; reported equal-rate delta restored to original units,virat720,random__VIRAT_S_010003_01_000111_000137__720p,3
v62,vimeo_only,LPIPS,natural log(kbps),"PCHIP, extrapolate=False",25.763333333333335,155.97500000000002,valid,,100,"uniform natural log(kbps), inclusive endpoints",0.008572463664763847,0.0,True,True,preserve measured local shape; no sorting of metric values or smoothing,lower_is_better,none,virat720,random__VIRAT_S_010003_01_000111_000137__720p,3
v62,vimeo_only,DISTS,natural log(kbps),"PCHIP, extrapolate=False",25.763333333333335,155.97500000000002,valid,,100,"uniform natural log(kbps), inclusive endpoints",0.005129797765302114,0.0,True,False,preserve measured local shape; no sorting of metric values or smoothing,lower_is_better,none,virat720,random__VIRAT_S_010003_01_000111_000137__720p,3
v62,vimeo_only,FloLPIPS,natural log(kbps),"PCHIP, extrapolate=False",25.763333333333335,155.97500000000002,valid,,100,"uniform natural log(kbps), inclusive endpoints",0.0070551425317464025,0.0,True,True,preserve measured local shape; no sorting of metric values or smoothing,lower_is_better,none,virat720,random__VIRAT_S_010003_01_000111_000137__720p,3
v62,vimeo_only,PSNR,natural log(kbps),"PCHIP, extrapolate=False",25.763333333333335,155.97500000000002,valid,,100,"uniform natural log(kbps), inclusive endpoints",0.12218803780027876,1.0,True,True,preserve measured local shape; no sorting of metric values or smoothing,higher_is_better,negative metric passed to unchanged lower-distortion comparator; reported equal-rate delta restored to original units,virat720,random__VIRAT_S_010003_01_000111_000137__720p,3
v62,vimeo_only,SSIM,natural log(kbps),"PCHIP, extrapolate=False",25.763333333333335,155.97500000000002,valid,,100,"uniform natural log(kbps), inclusive endpoints",0.000747883594648654,1.0,True,True,preserve measured local shape; no sorting of metric values or smoothing,higher_is_better,negative metric passed to unchanged lower-distortion comparator; reported equal-rate delta restored to original units,virat720,random__VIRAT_S_010003_01_000111_000137__720p,3
v62,vimeo_only,MS_SSIM,natural log(kbps),"PCHIP, extrapolate=False",25.763333333333335,155.97500000000002,valid,,100,"uniform natural log(kbps), inclusive endpoints",-0.0009429804602127134,0.0,True,True,preserve measured local shape; no sorting of metric values or smoothing,higher_is_better,negative metric passed to unchanged lower-distortion comparator; reported equal-rate delta restored to original units,virat720,random__VIRAT_S_010003_01_000111_000137__720p,3
original,mixed_50_50,LPIPS,natural log(kbps),"PCHIP, extrapolate=False",25.918333333333337,156.08166666666668,valid,,100,"uniform natural log(kbps), inclusive endpoints",-0.017655479549267515,1.0,True,True,preserve measured local shape; no sorting of metric values or smoothing,lower_is_better,none,virat720,random__VIRAT_S_010003_01_000111_000137__720p,3
original,mixed_50_50,DISTS,natural log(kbps),"PCHIP, extrapolate=False",25.918333333333337,156.08166666666668,valid,,100,"uniform natural log(kbps), inclusive endpoints",0.001481524475694308,0.16,True,True,preserve measured local shape; no sorting of metric values or smoothing,lower_is_better,none,virat720,random__VIRAT_S_010003_01_000111_000137__720p,3
original,mixed_50_50,FloLPIPS,natural log(kbps),"PCHIP, extrapolate=False",25.918333333333337,156.08166666666668,valid,,100,"uniform natural log(kbps), inclusive endpoints",-0.016978901595478105,1.0,True,True,preserve measured local shape; no sorting of metric values or smoothing,lower_is_better,none,virat720,random__VIRAT_S_010003_01_000111_000137__720p,3
original,mixed_50_50,PSNR,natural log(kbps),"PCHIP, extrapolate=False",25.918333333333337,156.08166666666668,valid,,100,"uniform natural log(kbps), inclusive endpoints",-0.22948235303875247,0.0,True,True,preserve measured local shape; no sorting of metric values or smoothing,higher_is_better,negative metric passed to unchanged lower-distortion comparator; reported equal-rate delta restored to original units,virat720,random__VIRAT_S_010003_01_000111_000137__720p,3
original,mixed_50_50,SSIM,natural log(kbps),"PCHIP, extrapolate=False",25.918333333333337,156.08166666666668,valid,,100,"uniform natural log(kbps), inclusive endpoints",-0.0011296926075132685,0.0,True,True,preserve measured local shape; no sorting of metric values or smoothing,higher_is_better,negative metric passed to unchanged lower-distortion comparator; reported equal-rate delta restored to original units,virat720,random__VIRAT_S_010003_01_000111_000137__720p,3
original,mixed_50_50,MS_SSIM,natural log(kbps),"PCHIP, extrapolate=False",25.918333333333337,156.08166666666668,valid,,100,"uniform natural log(kbps), inclusive endpoints",-0.006369109724094063,0.0,True,True,preserve measured local shape; no sorting of metric values or smoothing,higher_is_better,negative metric passed to unchanged lower-distortion comparator; reported equal-rate delta restored to original units,virat720,random__VIRAT_S_010003_01_000111_000137__720p,3
v62,mixed_50_50,LPIPS,natural log(kbps),"PCHIP, extrapolate=False",25.39666666666667,155.97500000000002,valid,,100,"uniform natural log(kbps), inclusive endpoints",0.004721677406449834,0.0,True,True,preserve measured local shape; no sorting of metric values or smoothing,lower_is_better,none,virat720,random__VIRAT_S_010003_01_000111_000137__720p,3
v62,mixed_50_50,DISTS,natural log(kbps),"PCHIP, extrapolate=False",25.39666666666667,155.97500000000002,valid,,100,"uniform natural log(kbps), inclusive endpoints",0.002269388290081974,0.0,True,True,preserve measured local shape; no sorting of metric values or smoothing,lower_is_better,none,virat720,random__VIRAT_S_010003_01_000111_000137__720p,3
v62,mixed_50_50,FloLPIPS,natural log(kbps),"PCHIP, extrapolate=False",25.39666666666667,155.97500000000002,valid,,100,"uniform natural log(kbps), inclusive endpoints",0.004073811963828108,0.02,True,True,preserve measured local shape; no sorting of metric values or smoothing,lower_is_better,none,virat720,random__VIRAT_S_010003_01_000111_000137__720p,3
v62,mixed_50_50,PSNR,natural log(kbps),"PCHIP, extrapolate=False",25.39666666666667,155.97500000000002,valid,,100,"uniform natural log(kbps), inclusive endpoints",-0.05294593753949862,0.12,True,True,preserve measured local shape; no sorting of metric values or smoothing,higher_is_better,negative metric passed to unchanged lower-distortion comparator; reported equal-rate delta restored to original units,virat720,random__VIRAT_S_010003_01_000111_000137__720p,3
v62,mixed_50_50,SSIM,natural log(kbps),"PCHIP, extrapolate=False",25.39666666666667,155.97500000000002,valid,,100,"uniform natural log(kbps), inclusive endpoints",-3.730628282881288e-05,0.28,True,True,preserve measured local shape; no sorting of metric values or smoothing,higher_is_better,negative metric passed to unchanged lower-distortion comparator; reported equal-rate delta restored to original units,virat720,random__VIRAT_S_010003_01_000111_000137__720p,3
v62,mixed_50_50,MS_SSIM,natural log(kbps),"PCHIP, extrapolate=False",25.39666666666667,155.97500000000002,valid,,100,"uniform natural log(kbps), inclusive endpoints",-0.0007391429569935814,0.13,True,True,preserve measured local shape; no sorting of metric values or smoothing,higher_is_better,negative metric passed to unchanged lower-distortion comparator; reported equal-rate delta restored to original units,virat720,random__VIRAT_S_010003_01_000111_000137__720p,3
original,ulong_only,LPIPS,natural log(kbps),"PCHIP, extrapolate=False",22.341666666666665,139.08499999999998,valid,,100,"uniform natural log(kbps), inclusive endpoints",-0.015324547026665317,1.0,True,True,preserve measured local shape; no sorting of metric values or smoothing,lower_is_better,none,virat720,random__VIRAT_S_010200_02_000349_000398__720p,4
original,ulong_only,DISTS,natural log(kbps),"PCHIP, extrapolate=False",22.341666666666665,139.08499999999998,valid,,100,"uniform natural log(kbps), inclusive endpoints",0.0008352538941549472,0.32,True,False,preserve measured local shape; no sorting of metric values or smoothing,lower_is_better,none,virat720,random__VIRAT_S_010200_02_000349_000398__720p,4
original,ulong_only,FloLPIPS,natural log(kbps),"PCHIP, extrapolate=False",22.341666666666665,139.08499999999998,valid,,100,"uniform natural log(kbps), inclusive endpoints",-0.015155746548019284,1.0,True,True,preserve measured local shape; no sorting of metric values or smoothing,lower_is_better,none,virat720,random__VIRAT_S_010200_02_000349_000398__720p,4
original,ulong_only,PSNR,natural log(kbps),"PCHIP, extrapolate=False",22.341666666666665,139.08499999999998,valid,,100,"uniform natural log(kbps), inclusive endpoints",-0.6570161360437237,0.0,True,True,preserve measured local shape; no sorting of metric values or smoothing,higher_is_better,negative metric passed to unchanged lower-distortion comparator; reported equal-rate delta restored to original units,virat720,random__VIRAT_S_010200_02_000349_000398__720p,4
original,ulong_only,SSIM,natural log(kbps),"PCHIP, extrapolate=False",22.341666666666665,139.08499999999998,valid,,100,"uniform natural log(kbps), inclusive endpoints",-0.0032215354250292906,0.0,True,True,preserve measured local shape; no sorting of metric values or smoothing,higher_is_better,negative metric passed to unchanged lower-distortion comparator; reported equal-rate delta restored to original units,virat720,random__VIRAT_S_010200_02_000349_000398__720p,4
original,ulong_only,MS_SSIM,natural log(kbps),"PCHIP, extrapolate=False",22.341666666666665,139.08499999999998,valid,,100,"uniform natural log(kbps), inclusive endpoints",-0.006114113886047526,0.0,True,True,preserve measured local shape; no sorting of metric values or smoothing,higher_is_better,negative metric passed to unchanged lower-distortion comparator; reported equal-rate delta restored to original units,virat720,random__VIRAT_S_010200_02_000349_000398__720p,4
v62,ulong_only,LPIPS,natural log(kbps),"PCHIP, extrapolate=False",20.596666666666664,138.66666666666663,valid,,100,"uniform natural log(kbps), inclusive endpoints",0.002821828520086546,0.0,True,True,preserve measured local shape; no sorting of metric values or smoothing,lower_is_better,none,virat720,random__VIRAT_S_010200_02_000349_000398__720p,4
v62,ulong_only,DISTS,natural log(kbps),"PCHIP, extrapolate=False",20.596666666666664,138.66666666666663,valid,,100,"uniform natural log(kbps), inclusive endpoints",0.00015852840310639035,0.34,True,False,preserve measured local shape; no sorting of metric values or smoothing,lower_is_better,none,virat720,random__VIRAT_S_010200_02_000349_000398__720p,4
v62,ulong_only,FloLPIPS,natural log(kbps),"PCHIP, extrapolate=False",20.596666666666664,138.66666666666663,valid,,100,"uniform natural log(kbps), inclusive endpoints",0.0024530854508989976,0.07,True,True,preserve measured local shape; no sorting of metric values or smoothing,lower_is_better,none,virat720,random__VIRAT_S_010200_02_000349_000398__720p,4
v62,ulong_only,PSNR,natural log(kbps),"PCHIP, extrapolate=False",20.596666666666664,138.66666666666663,valid,,100,"uniform natural log(kbps), inclusive endpoints",-0.26788212592779287,0.0,True,True,preserve measured local shape; no sorting of metric values or smoothing,higher_is_better,negative metric passed to unchanged lower-distortion comparator; reported equal-rate delta restored to original units,virat720,random__VIRAT_S_010200_02_000349_000398__720p,4
v62,ulong_only,SSIM,natural log(kbps),"PCHIP, extrapolate=False",20.596666666666664,138.66666666666663,valid,,100,"uniform natural log(kbps), inclusive endpoints",-0.0013476644724719755,0.0,True,True,preserve measured local shape; no sorting of metric values or smoothing,higher_is_better,negative metric passed to unchanged lower-distortion comparator; reported equal-rate delta restored to original units,virat720,random__VIRAT_S_010200_02_000349_000398__720p,4
v62,ulong_only,MS_SSIM,natural log(kbps),"PCHIP, extrapolate=False",20.596666666666664,138.66666666666663,valid,,100,"uniform natural log(kbps), inclusive endpoints",-0.0017457386615046255,0.0,True,True,preserve measured local shape; no sorting of metric values or smoothing,higher_is_better,negative metric passed to unchanged lower-distortion comparator; reported equal-rate delta restored to original units,virat720,random__VIRAT_S_010200_02_000349_000398__720p,4
original,vimeo_only,LPIPS,natural log(kbps),"PCHIP, extrapolate=False",22.341666666666665,141.14666666666668,valid,,100,"uniform natural log(kbps), inclusive endpoints",-0.015004875452688622,1.0,True,True,preserve measured local shape; no sorting of metric values or smoothing,lower_is_better,none,virat720,random__VIRAT_S_010200_02_000349_000398__720p,4
original,vimeo_only,DISTS,natural log(kbps),"PCHIP, extrapolate=False",22.341666666666665,141.14666666666668,valid,,100,"uniform natural log(kbps), inclusive endpoints",0.008181704336897178,0.12,True,True,preserve measured local shape; no sorting of metric values or smoothing,lower_is_better,none,virat720,random__VIRAT_S_010200_02_000349_000398__720p,4
original,vimeo_only,FloLPIPS,natural log(kbps),"PCHIP, extrapolate=False",22.341666666666665,141.14666666666668,valid,,100,"uniform natural log(kbps), inclusive endpoints",-0.01610936575348279,1.0,True,True,preserve measured local shape; no sorting of metric values or smoothing,lower_is_better,none,virat720,random__VIRAT_S_010200_02_000349_000398__720p,4
original,vimeo_only,PSNR,natural log(kbps),"PCHIP, extrapolate=False",22.341666666666665,141.14666666666668,valid,,100,"uniform natural log(kbps), inclusive endpoints",-0.15757190634098545,0.0,True,True,preserve measured local shape; no sorting of metric values or smoothing,higher_is_better,negative metric passed to unchanged lower-distortion comparator; reported equal-rate delta restored to original units,virat720,random__VIRAT_S_010200_02_000349_000398__720p,4
original,vimeo_only,SSIM,natural log(kbps),"PCHIP, extrapolate=False",22.341666666666665,141.14666666666668,valid,,100,"uniform natural log(kbps), inclusive endpoints",-0.00046337349184474077,0.13,True,True,preserve measured local shape; no sorting of metric values or smoothing,higher_is_better,negative metric passed to unchanged lower-distortion comparator; reported equal-rate delta restored to original units,virat720,random__VIRAT_S_010200_02_000349_000398__720p,4
original,vimeo_only,MS_SSIM,natural log(kbps),"PCHIP, extrapolate=False",22.341666666666665,141.14666666666668,valid,,100,"uniform natural log(kbps), inclusive endpoints",-0.004948409988546285,0.0,True,True,preserve measured local shape; no sorting of metric values or smoothing,higher_is_better,negative metric passed to unchanged lower-distortion comparator; reported equal-rate delta restored to original units,virat720,random__VIRAT_S_010200_02_000349_000398__720p,4
v62,vimeo_only,LPIPS,natural log(kbps),"PCHIP, extrapolate=False",20.615,138.66666666666663,valid,,100,"uniform natural log(kbps), inclusive endpoints",0.003130131989440779,0.0,True,True,preserve measured local shape; no sorting of metric values or smoothing,lower_is_better,none,virat720,random__VIRAT_S_010200_02_000349_000398__720p,4
v62,vimeo_only,DISTS,natural log(kbps),"PCHIP, extrapolate=False",20.615,138.66666666666663,valid,,100,"uniform natural log(kbps), inclusive endpoints",0.0074455139318221385,0.0,True,True,preserve measured local shape; no sorting of metric values or smoothing,lower_is_better,none,virat720,random__VIRAT_S_010200_02_000349_000398__720p,4
v62,vimeo_only,FloLPIPS,natural log(kbps),"PCHIP, extrapolate=False",20.615,138.66666666666663,valid,,100,"uniform natural log(kbps), inclusive endpoints",0.0015707113398882254,0.19,True,True,preserve measured local shape; no sorting of metric values or smoothing,lower_is_better,none,virat720,random__VIRAT_S_010200_02_000349_000398__720p,4
v62,vimeo_only,PSNR,natural log(kbps),"PCHIP, extrapolate=False",20.615,138.66666666666663,valid,,100,"uniform natural log(kbps), inclusive endpoints",0.2269686045496863,1.0,True,True,preserve measured local shape; no sorting of metric values or smoothing,higher_is_better,negative metric passed to unchanged lower-distortion comparator; reported equal-rate delta restored to original units,virat720,random__VIRAT_S_010200_02_000349_000398__720p,4
v62,vimeo_only,SSIM,natural log(kbps),"PCHIP, extrapolate=False",20.615,138.66666666666663,valid,,100,"uniform natural log(kbps), inclusive endpoints",0.0014273956029902202,1.0,True,True,preserve measured local shape; no sorting of metric values or smoothing,higher_is_better,negative metric passed to unchanged lower-distortion comparator; reported equal-rate delta restored to original units,virat720,random__VIRAT_S_010200_02_000349_000398__720p,4
v62,vimeo_only,MS_SSIM,natural log(kbps),"PCHIP, extrapolate=False",20.615,138.66666666666663,valid,,100,"uniform natural log(kbps), inclusive endpoints",-0.0005741805130246658,0.3,True,True,preserve measured local shape; no sorting of metric values or smoothing,higher_is_better,negative metric passed to unchanged lower-distortion comparator; reported equal-rate delta restored to original units,virat720,random__VIRAT_S_010200_02_000349_000398__720p,4
original,mixed_50_50,LPIPS,natural log(kbps),"PCHIP, extrapolate=False",22.341666666666665,139.96166666666664,valid,,100,"uniform natural log(kbps), inclusive endpoints",-0.016141490394069133,1.0,True,True,preserve measured local shape; no sorting of metric values or smoothing,lower_is_better,none,virat720,random__VIRAT_S_010200_02_000349_000398__720p,4
original,mixed_50_50,DISTS,natural log(kbps),"PCHIP, extrapolate=False",22.341666666666665,139.96166666666664,valid,,100,"uniform natural log(kbps), inclusive endpoints",0.003723421556222529,0.29,True,True,preserve measured local shape; no sorting of metric values or smoothing,lower_is_better,none,virat720,random__VIRAT_S_010200_02_000349_000398__720p,4
original,mixed_50_50,FloLPIPS,natural log(kbps),"PCHIP, extrapolate=False",22.341666666666665,139.96166666666664,valid,,100,"uniform natural log(kbps), inclusive endpoints",-0.01630006697386377,1.0,True,True,preserve measured local shape; no sorting of metric values or smoothing,lower_is_better,none,virat720,random__VIRAT_S_010200_02_000349_000398__720p,4
original,mixed_50_50,PSNR,natural log(kbps),"PCHIP, extrapolate=False",22.341666666666665,139.96166666666664,valid,,100,"uniform natural log(kbps), inclusive endpoints",-0.44912289523828436,0.0,True,True,preserve measured local shape; no sorting of metric values or smoothing,higher_is_better,negative metric passed to unchanged lower-distortion comparator; reported equal-rate delta restored to original units,virat720,random__VIRAT_S_010200_02_000349_000398__720p,4
original,mixed_50_50,SSIM,natural log(kbps),"PCHIP, extrapolate=False",22.341666666666665,139.96166666666664,valid,,100,"uniform natural log(kbps), inclusive endpoints",-0.001883964107814302,0.0,True,True,preserve measured local shape; no sorting of metric values or smoothing,higher_is_better,negative metric passed to unchanged lower-distortion comparator; reported equal-rate delta restored to original units,virat720,random__VIRAT_S_010200_02_000349_000398__720p,4
original,mixed_50_50,MS_SSIM,natural log(kbps),"PCHIP, extrapolate=False",22.341666666666665,139.96166666666664,valid,,100,"uniform natural log(kbps), inclusive endpoints",-0.006103878832450084,0.0,True,True,preserve measured local shape; no sorting of metric values or smoothing,higher_is_better,negative metric passed to unchanged lower-distortion comparator; reported equal-rate delta restored to original units,virat720,random__VIRAT_S_010200_02_000349_000398__720p,4
v62,mixed_50_50,LPIPS,natural log(kbps),"PCHIP, extrapolate=False",20.563333333333333,138.66666666666663,valid,,100,"uniform natural log(kbps), inclusive endpoints",0.0020379065144438113,0.14,True,True,preserve measured local shape; no sorting of metric values or smoothing,lower_is_better,none,virat720,random__VIRAT_S_010200_02_000349_000398__720p,4
v62,mixed_50_50,DISTS,natural log(kbps),"PCHIP, extrapolate=False",20.563333333333333,138.66666666666663,valid,,100,"uniform natural log(kbps), inclusive endpoints",0.0031205274180655627,0.0,True,True,preserve measured local shape; no sorting of metric values or smoothing,lower_is_better,none,virat720,random__VIRAT_S_010200_02_000349_000398__720p,4
v62,mixed_50_50,FloLPIPS,natural log(kbps),"PCHIP, extrapolate=False",20.563333333333333,138.66666666666663,valid,,100,"uniform natural log(kbps), inclusive endpoints",0.001343263822775463,0.18,True,True,preserve measured local shape; no sorting of metric values or smoothing,lower_is_better,none,virat720,random__VIRAT_S_010200_02_000349_000398__720p,4
v62,mixed_50_50,PSNR,natural log(kbps),"PCHIP, extrapolate=False",20.563333333333333,138.66666666666663,valid,,100,"uniform natural log(kbps), inclusive endpoints",-0.06045817035607133,0.11,True,True,preserve measured local shape; no sorting of metric values or smoothing,higher_is_better,negative metric passed to unchanged lower-distortion comparator; reported equal-rate delta restored to original units,virat720,random__VIRAT_S_010200_02_000349_000398__720p,4
v62,mixed_50_50,SSIM,natural log(kbps),"PCHIP, extrapolate=False",20.563333333333333,138.66666666666663,valid,,100,"uniform natural log(kbps), inclusive endpoints",6.820775101394894e-06,0.41,True,True,preserve measured local shape; no sorting of metric values or smoothing,higher_is_better,negative metric passed to unchanged lower-distortion comparator; reported equal-rate delta restored to original units,virat720,random__VIRAT_S_010200_02_000349_000398__720p,4
v62,mixed_50_50,MS_SSIM,natural log(kbps),"PCHIP, extrapolate=False",20.563333333333333,138.66666666666663,valid,,100,"uniform natural log(kbps), inclusive endpoints",-0.0017521169147971872,0.0,True,True,preserve measured local shape; no sorting of metric values or smoothing,higher_is_better,negative metric passed to unchanged lower-distortion comparator; reported equal-rate delta restored to original units,virat720,random__VIRAT_S_010200_02_000349_000398__720p,4
original,ulong_only,LPIPS,natural log(kbps),"PCHIP, extrapolate=False",38.43393939393939,203.1272727272726,valid,,100,"uniform natural log(kbps), inclusive endpoints",-0.009704370192422677,1.0,True,True,preserve measured local shape; no sorting of metric values or smoothing,lower_is_better,none,virat720,specified__VIRAT_S_010200_03_000470_000567_17fps_gop_000000__720p,5
original,ulong_only,DISTS,natural log(kbps),"PCHIP, extrapolate=False",38.43393939393939,203.1272727272726,valid,,100,"uniform natural log(kbps), inclusive endpoints",0.0007616003079710984,0.38,True,True,preserve measured local shape; no sorting of metric values or smoothing,lower_is_better,none,virat720,specified__VIRAT_S_010200_03_000470_000567_17fps_gop_000000__720p,5
original,ulong_only,FloLPIPS,natural log(kbps),"PCHIP, extrapolate=False",38.43393939393939,203.1272727272726,valid,,100,"uniform natural log(kbps), inclusive endpoints",-0.014089216746407956,1.0,True,True,preserve measured local shape; no sorting of metric values or smoothing,lower_is_better,none,virat720,specified__VIRAT_S_010200_03_000470_000567_17fps_gop_000000__720p,5
original,ulong_only,PSNR,natural log(kbps),"PCHIP, extrapolate=False",38.43393939393939,203.1272727272726,valid,,100,"uniform natural log(kbps), inclusive endpoints",-0.8642990873716252,0.0,True,True,preserve measured local shape; no sorting of metric values or smoothing,higher_is_better,negative metric passed to unchanged lower-distortion comparator; reported equal-rate delta restored to original units,virat720,specified__VIRAT_S_010200_03_000470_000567_17fps_gop_000000__720p,5
original,ulong_only,SSIM,natural log(kbps),"PCHIP, extrapolate=False",38.43393939393939,203.1272727272726,valid,,100,"uniform natural log(kbps), inclusive endpoints",-0.004698295920146455,0.0,True,True,preserve measured local shape; no sorting of metric values or smoothing,higher_is_better,negative metric passed to unchanged lower-distortion comparator; reported equal-rate delta restored to original units,virat720,specified__VIRAT_S_010200_03_000470_000567_17fps_gop_000000__720p,5
original,ulong_only,MS_SSIM,natural log(kbps),"PCHIP, extrapolate=False",38.43393939393939,203.1272727272726,valid,,100,"uniform natural log(kbps), inclusive endpoints",-0.008424249045497552,0.0,True,True,preserve measured local shape; no sorting of metric values or smoothing,higher_is_better,negative metric passed to unchanged lower-distortion comparator; reported equal-rate delta restored to original units,virat720,specified__VIRAT_S_010200_03_000470_000567_17fps_gop_000000__720p,5
v62,ulong_only,LPIPS,natural log(kbps),"PCHIP, extrapolate=False",36.533333333333346,201.14909090909086,valid,,100,"uniform natural log(kbps), inclusive endpoints",0.0029498317670086536,0.0,True,True,preserve measured local shape; no sorting of metric values or smoothing,lower_is_better,none,virat720,specified__VIRAT_S_010200_03_000470_000567_17fps_gop_000000__720p,5
v62,ulong_only,DISTS,natural log(kbps),"PCHIP, extrapolate=False",36.533333333333346,201.14909090909086,valid,,100,"uniform natural log(kbps), inclusive endpoints",0.00027994474751592114,0.42,True,True,preserve measured local shape; no sorting of metric values or smoothing,lower_is_better,none,virat720,specified__VIRAT_S_010200_03_000470_000567_17fps_gop_000000__720p,5
v62,ulong_only,FloLPIPS,natural log(kbps),"PCHIP, extrapolate=False",36.533333333333346,201.14909090909086,valid,,100,"uniform natural log(kbps), inclusive endpoints",0.0028050748548976976,0.0,True,True,preserve measured local shape; no sorting of metric values or smoothing,lower_is_better,none,virat720,specified__VIRAT_S_010200_03_000470_000567_17fps_gop_000000__720p,5
v62,ulong_only,PSNR,natural log(kbps),"PCHIP, extrapolate=False",36.533333333333346,201.14909090909086,valid,,100,"uniform natural log(kbps), inclusive endpoints",-0.2546043720721414,0.0,True,True,preserve measured local shape; no sorting of metric values or smoothing,higher_is_better,negative metric passed to unchanged lower-distortion comparator; reported equal-rate delta restored to original units,virat720,specified__VIRAT_S_010200_03_000470_000567_17fps_gop_000000__720p,5
v62,ulong_only,SSIM,natural log(kbps),"PCHIP, extrapolate=False",36.533333333333346,201.14909090909086,valid,,100,"uniform natural log(kbps), inclusive endpoints",-0.0012590692131594506,0.0,True,True,preserve measured local shape; no sorting of metric values or smoothing,higher_is_better,negative metric passed to unchanged lower-distortion comparator; reported equal-rate delta restored to original units,virat720,specified__VIRAT_S_010200_03_000470_000567_17fps_gop_000000__720p,5
v62,ulong_only,MS_SSIM,natural log(kbps),"PCHIP, extrapolate=False",36.533333333333346,201.14909090909086,valid,,100,"uniform natural log(kbps), inclusive endpoints",-0.001799619674111035,0.0,True,True,preserve measured local shape; no sorting of metric values or smoothing,higher_is_better,negative metric passed to unchanged lower-distortion comparator; reported equal-rate delta restored to original units,virat720,specified__VIRAT_S_010200_03_000470_000567_17fps_gop_000000__720p,5
original,vimeo_only,LPIPS,natural log(kbps),"PCHIP, extrapolate=False",38.43393939393939,205.2751515151515,valid,,100,"uniform natural log(kbps), inclusive endpoints",-0.00944369114240089,1.0,True,True,preserve measured local shape; no sorting of metric values or smoothing,lower_is_better,none,virat720,specified__VIRAT_S_010200_03_000470_000567_17fps_gop_000000__720p,5
original,vimeo_only,DISTS,natural log(kbps),"PCHIP, extrapolate=False",38.43393939393939,205.2751515151515,valid,,100,"uniform natural log(kbps), inclusive endpoints",0.007456996900356574,0.0,True,True,preserve measured local shape; no sorting of metric values or smoothing,lower_is_better,none,virat720,specified__VIRAT_S_010200_03_000470_000567_17fps_gop_000000__720p,5
original,vimeo_only,FloLPIPS,natural log(kbps),"PCHIP, extrapolate=False",38.43393939393939,205.2751515151515,valid,,100,"uniform natural log(kbps), inclusive endpoints",-0.014952647844878635,1.0,True,True,preserve measured local shape; no sorting of metric values or smoothing,lower_is_better,none,virat720,specified__VIRAT_S_010200_03_000470_000567_17fps_gop_000000__720p,5
original,vimeo_only,PSNR,natural log(kbps),"PCHIP, extrapolate=False",38.43393939393939,205.2751515151515,valid,,100,"uniform natural log(kbps), inclusive endpoints",-0.317280685223608,0.0,True,True,preserve measured local shape; no sorting of metric values or smoothing,higher_is_better,negative metric passed to unchanged lower-distortion comparator; reported equal-rate delta restored to original units,virat720,specified__VIRAT_S_010200_03_000470_000567_17fps_gop_000000__720p,5
original,vimeo_only,SSIM,natural log(kbps),"PCHIP, extrapolate=False",38.43393939393939,205.2751515151515,valid,,100,"uniform natural log(kbps), inclusive endpoints",-0.0016872568705643964,0.0,True,True,preserve measured local shape; no sorting of metric values or smoothing,higher_is_better,negative metric passed to unchanged lower-distortion comparator; reported equal-rate delta restored to original units,virat720,specified__VIRAT_S_010200_03_000470_000567_17fps_gop_000000__720p,5
original,vimeo_only,MS_SSIM,natural log(kbps),"PCHIP, extrapolate=False",38.43393939393939,205.2751515151515,valid,,100,"uniform natural log(kbps), inclusive endpoints",-0.0069785691132097025,0.0,True,True,preserve measured local shape; no sorting of metric values or smoothing,higher_is_better,negative metric passed to unchanged lower-distortion comparator; reported equal-rate delta restored to original units,virat720,specified__VIRAT_S_010200_03_000470_000567_17fps_gop_000000__720p,5
v62,vimeo_only,LPIPS,natural log(kbps),"PCHIP, extrapolate=False",36.635151515151506,201.14909090909086,valid,,100,"uniform natural log(kbps), inclusive endpoints",0.0032407688317975286,0.0,True,True,preserve measured local shape; no sorting of metric values or smoothing,lower_is_better,none,virat720,specified__VIRAT_S_010200_03_000470_000567_17fps_gop_000000__720p,5
v62,vimeo_only,DISTS,natural log(kbps),"PCHIP, extrapolate=False",36.635151515151506,201.14909090909086,valid,,100,"uniform natural log(kbps), inclusive endpoints",0.006828637071383462,0.0,True,True,preserve measured local shape; no sorting of metric values or smoothing,lower_is_better,none,virat720,specified__VIRAT_S_010200_03_000470_000567_17fps_gop_000000__720p,5
v62,vimeo_only,FloLPIPS,natural log(kbps),"PCHIP, extrapolate=False",36.635151515151506,201.14909090909086,valid,,100,"uniform natural log(kbps), inclusive endpoints",0.002118035868649836,0.14,True,True,preserve measured local shape; no sorting of metric values or smoothing,lower_is_better,none,virat720,specified__VIRAT_S_010200_03_000470_000567_17fps_gop_000000__720p,5
v62,vimeo_only,PSNR,natural log(kbps),"PCHIP, extrapolate=False",36.635151515151506,201.14909090909086,valid,,100,"uniform natural log(kbps), inclusive endpoints",0.2873843172183103,1.0,True,True,preserve measured local shape; no sorting of metric values or smoothing,higher_is_better,negative metric passed to unchanged lower-distortion comparator; reported equal-rate delta restored to original units,virat720,specified__VIRAT_S_010200_03_000470_000567_17fps_gop_000000__720p,5
v62,vimeo_only,SSIM,natural log(kbps),"PCHIP, extrapolate=False",36.635151515151506,201.14909090909086,valid,,100,"uniform natural log(kbps), inclusive endpoints",0.0017551228395235063,1.0,True,True,preserve measured local shape; no sorting of metric values or smoothing,higher_is_better,negative metric passed to unchanged lower-distortion comparator; reported equal-rate delta restored to original units,virat720,specified__VIRAT_S_010200_03_000470_000567_17fps_gop_000000__720p,5
v62,vimeo_only,MS_SSIM,natural log(kbps),"PCHIP, extrapolate=False",36.635151515151506,201.14909090909086,valid,,100,"uniform natural log(kbps), inclusive endpoints",-0.0003573556805225586,0.38,True,True,preserve measured local shape; no sorting of metric values or smoothing,higher_is_better,negative metric passed to unchanged lower-distortion comparator; reported equal-rate delta restored to original units,virat720,specified__VIRAT_S_010200_03_000470_000567_17fps_gop_000000__720p,5
original,mixed_50_50,LPIPS,natural log(kbps),"PCHIP, extrapolate=False",38.43393939393939,203.30181818181822,valid,,100,"uniform natural log(kbps), inclusive endpoints",-0.010695001488033151,1.0,True,True,preserve measured local shape; no sorting of metric values or smoothing,lower_is_better,none,virat720,specified__VIRAT_S_010200_03_000470_000567_17fps_gop_000000__720p,5
original,mixed_50_50,DISTS,natural log(kbps),"PCHIP, extrapolate=False",38.43393939393939,203.30181818181822,valid,,100,"uniform natural log(kbps), inclusive endpoints",0.0031931730472153485,0.19,True,True,preserve measured local shape; no sorting of metric values or smoothing,lower_is_better,none,virat720,specified__VIRAT_S_010200_03_000470_000567_17fps_gop_000000__720p,5
original,mixed_50_50,FloLPIPS,natural log(kbps),"PCHIP, extrapolate=False",38.43393939393939,203.30181818181822,valid,,100,"uniform natural log(kbps), inclusive endpoints",-0.015639696069195935,1.0,True,True,preserve measured local shape; no sorting of metric values or smoothing,lower_is_better,none,virat720,specified__VIRAT_S_010200_03_000470_000567_17fps_gop_000000__720p,5
original,mixed_50_50,PSNR,natural log(kbps),"PCHIP, extrapolate=False",38.43393939393939,203.30181818181822,valid,,100,"uniform natural log(kbps), inclusive endpoints",-0.6119238549256939,0.0,True,True,preserve measured local shape; no sorting of metric values or smoothing,higher_is_better,negative metric passed to unchanged lower-distortion comparator; reported equal-rate delta restored to original units,virat720,specified__VIRAT_S_010200_03_000470_000567_17fps_gop_000000__720p,5
original,mixed_50_50,SSIM,natural log(kbps),"PCHIP, extrapolate=False",38.43393939393939,203.30181818181822,valid,,100,"uniform natural log(kbps), inclusive endpoints",-0.0030788330919703424,0.0,True,True,preserve measured local shape; no sorting of metric values or smoothing,higher_is_better,negative metric passed to unchanged lower-distortion comparator; reported equal-rate delta restored to original units,virat720,specified__VIRAT_S_010200_03_000470_000567_17fps_gop_000000__720p,5
original,mixed_50_50,MS_SSIM,natural log(kbps),"PCHIP, extrapolate=False",38.43393939393939,203.30181818181822,valid,,100,"uniform natural log(kbps), inclusive endpoints",-0.007927690308443392,0.0,True,True,preserve measured local shape; no sorting of metric values or smoothing,higher_is_better,negative metric passed to unchanged lower-distortion comparator; reported equal-rate delta restored to original units,virat720,specified__VIRAT_S_010200_03_000470_000567_17fps_gop_000000__720p,5
v62,mixed_50_50,LPIPS,natural log(kbps),"PCHIP, extrapolate=False",36.15030303030303,201.14909090909086,valid,,100,"uniform natural log(kbps), inclusive endpoints",0.0019946030656866395,0.0,True,True,preserve measured local shape; no sorting of metric values or smoothing,lower_is_better,none,virat720,specified__VIRAT_S_010200_03_000470_000567_17fps_gop_000000__720p,5
v62,mixed_50_50,DISTS,natural log(kbps),"PCHIP, extrapolate=False",36.15030303030303,201.14909090909086,valid,,100,"uniform natural log(kbps), inclusive endpoints",0.0026484502773766816,0.0,True,True,preserve measured local shape; no sorting of metric values or smoothing,lower_is_better,none,virat720,specified__VIRAT_S_010200_03_000470_000567_17fps_gop_000000__720p,5
v62,mixed_50_50,FloLPIPS,natural log(kbps),"PCHIP, extrapolate=False",36.15030303030303,201.14909090909086,valid,,100,"uniform natural log(kbps), inclusive endpoints",0.0014811660246138913,0.19,True,True,preserve measured local shape; no sorting of metric values or smoothing,lower_is_better,none,virat720,specified__VIRAT_S_010200_03_000470_000567_17fps_gop_000000__720p,5
v62,mixed_50_50,PSNR,natural log(kbps),"PCHIP, extrapolate=False",36.15030303030303,201.14909090909086,valid,,100,"uniform natural log(kbps), inclusive endpoints",-0.002643004067025352,0.34,True,True,preserve measured local shape; no sorting of metric values or smoothing,higher_is_better,negative metric passed to unchanged lower-distortion comparator; reported equal-rate delta restored to original units,virat720,specified__VIRAT_S_010200_03_000470_000567_17fps_gop_000000__720p,5
v62,mixed_50_50,SSIM,natural log(kbps),"PCHIP, extrapolate=False",36.15030303030303,201.14909090909086,valid,,100,"uniform natural log(kbps), inclusive endpoints",0.0003758200373165399,1.0,True,True,preserve measured local shape; no sorting of metric values or smoothing,higher_is_better,negative metric passed to unchanged lower-distortion comparator; reported equal-rate delta restored to original units,virat720,specified__VIRAT_S_010200_03_000470_000567_17fps_gop_000000__720p,5
v62,mixed_50_50,MS_SSIM,natural log(kbps),"PCHIP, extrapolate=False",36.15030303030303,201.14909090909086,valid,,100,"uniform natural log(kbps), inclusive endpoints",-0.0013214213592085589,0.0,True,True,preserve measured local shape; no sorting of metric values or smoothing,higher_is_better,negative metric passed to unchanged lower-distortion comparator; reported equal-rate delta restored to original units,virat720,specified__VIRAT_S_010200_03_000470_000567_17fps_gop_000000__720p,5
original,ulong_only,LPIPS,natural log(kbps),"PCHIP, extrapolate=False",37.585454545454546,216.74666666666667,valid,,100,"uniform natural log(kbps), inclusive endpoints",-0.020376082913650107,1.0,True,True,preserve measured local shape; no sorting of metric values or smoothing,lower_is_better,none,virat720,specified__VIRAT_S_000201_03_000640_000672_17fps_gop_000000__720p,6
original,ulong_only,DISTS,natural log(kbps),"PCHIP, extrapolate=False",37.585454545454546,216.74666666666667,valid,,100,"uniform natural log(kbps), inclusive endpoints",-0.004873355920069906,1.0,True,False,preserve measured local shape; no sorting of metric values or smoothing,lower_is_better,none,virat720,specified__VIRAT_S_000201_03_000640_000672_17fps_gop_000000__720p,6
original,ulong_only,FloLPIPS,natural log(kbps),"PCHIP, extrapolate=False",37.585454545454546,216.74666666666667,valid,,100,"uniform natural log(kbps), inclusive endpoints",-0.019881217370135554,1.0,True,True,preserve measured local shape; no sorting of metric values or smoothing,lower_is_better,none,virat720,specified__VIRAT_S_000201_03_000640_000672_17fps_gop_000000__720p,6
original,ulong_only,PSNR,natural log(kbps),"PCHIP, extrapolate=False",37.585454545454546,216.74666666666667,valid,,100,"uniform natural log(kbps), inclusive endpoints",-0.6498888141375859,0.0,True,True,preserve measured local shape; no sorting of metric values or smoothing,higher_is_better,negative metric passed to unchanged lower-distortion comparator; reported equal-rate delta restored to original units,virat720,specified__VIRAT_S_000201_03_000640_000672_17fps_gop_000000__720p,6
original,ulong_only,SSIM,natural log(kbps),"PCHIP, extrapolate=False",37.585454545454546,216.74666666666667,valid,,100,"uniform natural log(kbps), inclusive endpoints",-0.00467352809757437,0.0,True,True,preserve measured local shape; no sorting of metric values or smoothing,higher_is_better,negative metric passed to unchanged lower-distortion comparator; reported equal-rate delta restored to original units,virat720,specified__VIRAT_S_000201_03_000640_000672_17fps_gop_000000__720p,6
original,ulong_only,MS_SSIM,natural log(kbps),"PCHIP, extrapolate=False",37.585454545454546,216.74666666666667,valid,,100,"uniform natural log(kbps), inclusive endpoints",-0.006610006661944966,0.0,True,True,preserve measured local shape; no sorting of metric values or smoothing,higher_is_better,negative metric passed to unchanged lower-distortion comparator; reported equal-rate delta restored to original units,virat720,specified__VIRAT_S_000201_03_000640_000672_17fps_gop_000000__720p,6
v62,ulong_only,LPIPS,natural log(kbps),"PCHIP, extrapolate=False",36.23272727272728,215.48121212121217,valid,,100,"uniform natural log(kbps), inclusive endpoints",0.0038809385069186932,0.0,True,True,preserve measured local shape; no sorting of metric values or smoothing,lower_is_better,none,virat720,specified__VIRAT_S_000201_03_000640_000672_17fps_gop_000000__720p,6
v62,ulong_only,DISTS,natural log(kbps),"PCHIP, extrapolate=False",36.23272727272728,215.48121212121217,valid,,100,"uniform natural log(kbps), inclusive endpoints",0.0012947758603169912,0.19,True,False,preserve measured local shape; no sorting of metric values or smoothing,lower_is_better,none,virat720,specified__VIRAT_S_000201_03_000640_000672_17fps_gop_000000__720p,6
v62,ulong_only,FloLPIPS,natural log(kbps),"PCHIP, extrapolate=False",36.23272727272728,215.48121212121217,valid,,100,"uniform natural log(kbps), inclusive endpoints",0.003689533434729436,0.0,True,True,preserve measured local shape; no sorting of metric values or smoothing,lower_is_better,none,virat720,specified__VIRAT_S_000201_03_000640_000672_17fps_gop_000000__720p,6
v62,ulong_only,PSNR,natural log(kbps),"PCHIP, extrapolate=False",36.23272727272728,215.48121212121217,valid,,100,"uniform natural log(kbps), inclusive endpoints",-0.32049824156356793,0.0,True,True,preserve measured local shape; no sorting of metric values or smoothing,higher_is_better,negative metric passed to unchanged lower-distortion comparator; reported equal-rate delta restored to original units,virat720,specified__VIRAT_S_000201_03_000640_000672_17fps_gop_000000__720p,6
v62,ulong_only,SSIM,natural log(kbps),"PCHIP, extrapolate=False",36.23272727272728,215.48121212121217,valid,,100,"uniform natural log(kbps), inclusive endpoints",-0.0018984706151524888,0.0,True,True,preserve measured local shape; no sorting of metric values or smoothing,higher_is_better,negative metric passed to unchanged lower-distortion comparator; reported equal-rate delta restored to original units,virat720,specified__VIRAT_S_000201_03_000640_000672_17fps_gop_000000__720p,6
v62,ulong_only,MS_SSIM,natural log(kbps),"PCHIP, extrapolate=False",36.23272727272728,215.48121212121217,valid,,100,"uniform natural log(kbps), inclusive endpoints",-0.0007037171803097386,0.18,True,True,preserve measured local shape; no sorting of metric values or smoothing,higher_is_better,negative metric passed to unchanged lower-distortion comparator; reported equal-rate delta restored to original units,virat720,specified__VIRAT_S_000201_03_000640_000672_17fps_gop_000000__720p,6
original,vimeo_only,LPIPS,natural log(kbps),"PCHIP, extrapolate=False",37.585454545454546,219.84484848484857,valid,,100,"uniform natural log(kbps), inclusive endpoints",-0.011568553543536286,1.0,True,True,preserve measured local shape; no sorting of metric values or smoothing,lower_is_better,none,virat720,specified__VIRAT_S_000201_03_000640_000672_17fps_gop_000000__720p,6
original,vimeo_only,DISTS,natural log(kbps),"PCHIP, extrapolate=False",37.585454545454546,219.84484848484857,valid,,100,"uniform natural log(kbps), inclusive endpoints",0.003496751163721139,0.3,True,False,preserve measured local shape; no sorting of metric values or smoothing,lower_is_better,none,virat720,specified__VIRAT_S_000201_03_000640_000672_17fps_gop_000000__720p,6
original,vimeo_only,FloLPIPS,natural log(kbps),"PCHIP, extrapolate=False",37.585454545454546,219.84484848484857,valid,,100,"uniform natural log(kbps), inclusive endpoints",-0.015063511297989472,1.0,True,True,preserve measured local shape; no sorting of metric values or smoothing,lower_is_better,none,virat720,specified__VIRAT_S_000201_03_000640_000672_17fps_gop_000000__720p,6
original,vimeo_only,PSNR,natural log(kbps),"PCHIP, extrapolate=False",37.585454545454546,219.84484848484857,valid,,100,"uniform natural log(kbps), inclusive endpoints",-0.14638443111478044,0.0,True,True,preserve measured local shape; no sorting of metric values or smoothing,higher_is_better,negative metric passed to unchanged lower-distortion comparator; reported equal-rate delta restored to original units,virat720,specified__VIRAT_S_000201_03_000640_000672_17fps_gop_000000__720p,6
original,vimeo_only,SSIM,natural log(kbps),"PCHIP, extrapolate=False",37.585454545454546,219.84484848484857,valid,,100,"uniform natural log(kbps), inclusive endpoints",-0.0009753830603790891,0.0,True,True,preserve measured local shape; no sorting of metric values or smoothing,higher_is_better,negative metric passed to unchanged lower-distortion comparator; reported equal-rate delta restored to original units,virat720,specified__VIRAT_S_000201_03_000640_000672_17fps_gop_000000__720p,6
original,vimeo_only,MS_SSIM,natural log(kbps),"PCHIP, extrapolate=False",37.585454545454546,219.84484848484857,valid,,100,"uniform natural log(kbps), inclusive endpoints",-0.00508162414623473,0.0,True,True,preserve measured local shape; no sorting of metric values or smoothing,higher_is_better,negative metric passed to unchanged lower-distortion comparator; reported equal-rate delta restored to original units,virat720,specified__VIRAT_S_000201_03_000640_000672_17fps_gop_000000__720p,6
v62,vimeo_only,LPIPS,natural log(kbps),"PCHIP, extrapolate=False",36.2569696969697,215.48121212121217,valid,,100,"uniform natural log(kbps), inclusive endpoints",0.012560807933693885,0.0,True,True,preserve measured local shape; no sorting of metric values or smoothing,lower_is_better,none,virat720,specified__VIRAT_S_000201_03_000640_000672_17fps_gop_000000__720p,6
v62,vimeo_only,DISTS,natural log(kbps),"PCHIP, extrapolate=False",36.2569696969697,215.48121212121217,valid,,100,"uniform natural log(kbps), inclusive endpoints",0.009530870386006904,0.0,True,False,preserve measured local shape; no sorting of metric values or smoothing,lower_is_better,none,virat720,specified__VIRAT_S_000201_03_000640_000672_17fps_gop_000000__720p,6
v62,vimeo_only,FloLPIPS,natural log(kbps),"PCHIP, extrapolate=False",36.2569696969697,215.48121212121217,valid,,100,"uniform natural log(kbps), inclusive endpoints",0.008407989875512355,0.0,True,True,preserve measured local shape; no sorting of metric values or smoothing,lower_is_better,none,virat720,specified__VIRAT_S_000201_03_000640_000672_17fps_gop_000000__720p,6
v62,vimeo_only,PSNR,natural log(kbps),"PCHIP, extrapolate=False",36.2569696969697,215.48121212121217,valid,,100,"uniform natural log(kbps), inclusive endpoints",0.18200093246656737,1.0,True,True,preserve measured local shape; no sorting of metric values or smoothing,higher_is_better,negative metric passed to unchanged lower-distortion comparator; reported equal-rate delta restored to original units,virat720,specified__VIRAT_S_000201_03_000640_000672_17fps_gop_000000__720p,6
v62,vimeo_only,SSIM,natural log(kbps),"PCHIP, extrapolate=False",36.2569696969697,215.48121212121217,valid,,100,"uniform natural log(kbps), inclusive endpoints",0.0018264695754628079,1.0,True,True,preserve measured local shape; no sorting of metric values or smoothing,higher_is_better,negative metric passed to unchanged lower-distortion comparator; reported equal-rate delta restored to original units,virat720,specified__VIRAT_S_000201_03_000640_000672_17fps_gop_000000__720p,6
v62,vimeo_only,MS_SSIM,natural log(kbps),"PCHIP, extrapolate=False",36.2569696969697,215.48121212121217,valid,,100,"uniform natural log(kbps), inclusive endpoints",0.0008785894979454345,0.87,True,True,preserve measured local shape; no sorting of metric values or smoothing,higher_is_better,negative metric passed to unchanged lower-distortion comparator; reported equal-rate delta restored to original units,virat720,specified__VIRAT_S_000201_03_000640_000672_17fps_gop_000000__720p,6
original,mixed_50_50,LPIPS,natural log(kbps),"PCHIP, extrapolate=False",37.585454545454546,218.41939393939387,valid,,100,"uniform natural log(kbps), inclusive endpoints",-0.01884581069988515,1.0,True,True,preserve measured local shape; no sorting of metric values or smoothing,lower_is_better,none,virat720,specified__VIRAT_S_000201_03_000640_000672_17fps_gop_000000__720p,6
original,mixed_50_50,DISTS,natural log(kbps),"PCHIP, extrapolate=False",37.585454545454546,218.41939393939387,valid,,100,"uniform natural log(kbps), inclusive endpoints",-0.0012560815630904667,0.72,True,False,preserve measured local shape; no sorting of metric values or smoothing,lower_is_better,none,virat720,specified__VIRAT_S_000201_03_000640_000672_17fps_gop_000000__720p,6
original,mixed_50_50,FloLPIPS,natural log(kbps),"PCHIP, extrapolate=False",37.585454545454546,218.41939393939387,valid,,100,"uniform natural log(kbps), inclusive endpoints",-0.019800820424006316,1.0,True,True,preserve measured local shape; no sorting of metric values or smoothing,lower_is_better,none,virat720,specified__VIRAT_S_000201_03_000640_000672_17fps_gop_000000__720p,6
original,mixed_50_50,PSNR,natural log(kbps),"PCHIP, extrapolate=False",37.585454545454546,218.41939393939387,valid,,100,"uniform natural log(kbps), inclusive endpoints",-0.3828439580670111,0.0,True,True,preserve measured local shape; no sorting of metric values or smoothing,higher_is_better,negative metric passed to unchanged lower-distortion comparator; reported equal-rate delta restored to original units,virat720,specified__VIRAT_S_000201_03_000640_000672_17fps_gop_000000__720p,6
original,mixed_50_50,SSIM,natural log(kbps),"PCHIP, extrapolate=False",37.585454545454546,218.41939393939387,valid,,100,"uniform natural log(kbps), inclusive endpoints",-0.002506537911475204,0.0,True,True,preserve measured local shape; no sorting of metric values or smoothing,higher_is_better,negative metric passed to unchanged lower-distortion comparator; reported equal-rate delta restored to original units,virat720,specified__VIRAT_S_000201_03_000640_000672_17fps_gop_000000__720p,6
original,mixed_50_50,MS_SSIM,natural log(kbps),"PCHIP, extrapolate=False",37.585454545454546,218.41939393939387,valid,,100,"uniform natural log(kbps), inclusive endpoints",-0.005880837205561965,0.0,True,True,preserve measured local shape; no sorting of metric values or smoothing,higher_is_better,negative metric passed to unchanged lower-distortion comparator; reported equal-rate delta restored to original units,virat720,specified__VIRAT_S_000201_03_000640_000672_17fps_gop_000000__720p,6
v62,mixed_50_50,LPIPS,natural log(kbps),"PCHIP, extrapolate=False",36.03393939393939,215.48121212121217,valid,,100,"uniform natural log(kbps), inclusive endpoints",0.005360734608890564,0.0,True,True,preserve measured local shape; no sorting of metric values or smoothing,lower_is_better,none,virat720,specified__VIRAT_S_000201_03_000640_000672_17fps_gop_000000__720p,6
v62,mixed_50_50,DISTS,natural log(kbps),"PCHIP, extrapolate=False",36.03393939393939,215.48121212121217,valid,,100,"uniform natural log(kbps), inclusive endpoints",0.004812810500975652,0.0,True,False,preserve measured local shape; no sorting of metric values or smoothing,lower_is_better,none,virat720,specified__VIRAT_S_000201_03_000640_000672_17fps_gop_000000__720p,6
v62,mixed_50_50,FloLPIPS,natural log(kbps),"PCHIP, extrapolate=False",36.03393939393939,215.48121212121217,valid,,100,"uniform natural log(kbps), inclusive endpoints",0.003778659361914925,0.0,True,True,preserve measured local shape; no sorting of metric values or smoothing,lower_is_better,none,virat720,specified__VIRAT_S_000201_03_000640_000672_17fps_gop_000000__720p,6
v62,mixed_50_50,PSNR,natural log(kbps),"PCHIP, extrapolate=False",36.03393939393939,215.48121212121217,valid,,100,"uniform natural log(kbps), inclusive endpoints",-0.05336546077689477,0.08,True,True,preserve measured local shape; no sorting of metric values or smoothing,higher_is_better,negative metric passed to unchanged lower-distortion comparator; reported equal-rate delta restored to original units,virat720,specified__VIRAT_S_000201_03_000640_000672_17fps_gop_000000__720p,6
v62,mixed_50_50,SSIM,natural log(kbps),"PCHIP, extrapolate=False",36.03393939393939,215.48121212121217,valid,,100,"uniform natural log(kbps), inclusive endpoints",0.0002863763025117605,0.92,True,True,preserve measured local shape; no sorting of metric values or smoothing,higher_is_better,negative metric passed to unchanged lower-distortion comparator; reported equal-rate delta restored to original units,virat720,specified__VIRAT_S_000201_03_000640_000672_17fps_gop_000000__720p,6
v62,mixed_50_50,MS_SSIM,natural log(kbps),"PCHIP, extrapolate=False",36.03393939393939,215.48121212121217,valid,,100,"uniform natural log(kbps), inclusive endpoints",4.036067797006049e-05,0.58,True,True,preserve measured local shape; no sorting of metric values or smoothing,higher_is_better,negative metric passed to unchanged lower-distortion comparator; reported equal-rate delta restored to original units,virat720,specified__VIRAT_S_000201_03_000640_000672_17fps_gop_000000__720p,6
original,ulong_only,LPIPS,natural log(kbps),"PCHIP, extrapolate=False",30.230303030303034,163.68000000000006,valid,,100,"uniform natural log(kbps), inclusive endpoints",-0.013134828084440933,1.0,True,True,preserve measured local shape; no sorting of metric values or smoothing,lower_is_better,none,virat720,specified__VIRAT_S_010200_01_000254_000322_17fps_gop_000001__720p,7
original,ulong_only,DISTS,natural log(kbps),"PCHIP, extrapolate=False",30.230303030303034,163.68000000000006,valid,,100,"uniform natural log(kbps), inclusive endpoints",0.00039035921688991104,0.35,True,True,preserve measured local shape; no sorting of metric values or smoothing,lower_is_better,none,virat720,specified__VIRAT_S_010200_01_000254_000322_17fps_gop_000001__720p,7
original,ulong_only,FloLPIPS,natural log(kbps),"PCHIP, extrapolate=False",30.230303030303034,163.68000000000006,valid,,100,"uniform natural log(kbps), inclusive endpoints",-0.012973932932698318,1.0,True,True,preserve measured local shape; no sorting of metric values or smoothing,lower_is_better,none,virat720,specified__VIRAT_S_010200_01_000254_000322_17fps_gop_000001__720p,7
original,ulong_only,PSNR,natural log(kbps),"PCHIP, extrapolate=False",30.230303030303034,163.68000000000006,valid,,100,"uniform natural log(kbps), inclusive endpoints",-0.7881886451738077,0.0,True,True,preserve measured local shape; no sorting of metric values or smoothing,higher_is_better,negative metric passed to unchanged lower-distortion comparator; reported equal-rate delta restored to original units,virat720,specified__VIRAT_S_010200_01_000254_000322_17fps_gop_000001__720p,7
original,ulong_only,SSIM,natural log(kbps),"PCHIP, extrapolate=False",30.230303030303034,163.68000000000006,valid,,100,"uniform natural log(kbps), inclusive endpoints",-0.004292783981662797,0.0,True,True,preserve measured local shape; no sorting of metric values or smoothing,higher_is_better,negative metric passed to unchanged lower-distortion comparator; reported equal-rate delta restored to original units,virat720,specified__VIRAT_S_010200_01_000254_000322_17fps_gop_000001__720p,7
original,ulong_only,MS_SSIM,natural log(kbps),"PCHIP, extrapolate=False",30.230303030303034,163.68000000000006,valid,,100,"uniform natural log(kbps), inclusive endpoints",-0.007129260899360326,0.0,True,True,preserve measured local shape; no sorting of metric values or smoothing,higher_is_better,negative metric passed to unchanged lower-distortion comparator; reported equal-rate delta restored to original units,virat720,specified__VIRAT_S_010200_01_000254_000322_17fps_gop_000001__720p,7
v62,ulong_only,LPIPS,natural log(kbps),"PCHIP, extrapolate=False",28.712727272727278,162.71999999999997,valid,,100,"uniform natural log(kbps), inclusive endpoints",0.0031879855405203493,0.0,True,True,preserve measured local shape; no sorting of metric values or smoothing,lower_is_better,none,virat720,specified__VIRAT_S_010200_01_000254_000322_17fps_gop_000001__720p,7
v62,ulong_only,DISTS,natural log(kbps),"PCHIP, extrapolate=False",28.712727272727278,162.71999999999997,valid,,100,"uniform natural log(kbps), inclusive endpoints",8.609317309091494e-05,0.41,True,True,preserve measured local shape; no sorting of metric values or smoothing,lower_is_better,none,virat720,specified__VIRAT_S_010200_01_000254_000322_17fps_gop_000001__720p,7
v62,ulong_only,FloLPIPS,natural log(kbps),"PCHIP, extrapolate=False",28.712727272727278,162.71999999999997,valid,,100,"uniform natural log(kbps), inclusive endpoints",0.003122309401013963,0.0,True,True,preserve measured local shape; no sorting of metric values or smoothing,lower_is_better,none,virat720,specified__VIRAT_S_010200_01_000254_000322_17fps_gop_000001__720p,7
v62,ulong_only,PSNR,natural log(kbps),"PCHIP, extrapolate=False",28.712727272727278,162.71999999999997,valid,,100,"uniform natural log(kbps), inclusive endpoints",-0.24472692710567034,0.0,True,True,preserve measured local shape; no sorting of metric values or smoothing,higher_is_better,negative metric passed to unchanged lower-distortion comparator; reported equal-rate delta restored to original units,virat720,specified__VIRAT_S_010200_01_000254_000322_17fps_gop_000001__720p,7
v62,ulong_only,SSIM,natural log(kbps),"PCHIP, extrapolate=False",28.712727272727278,162.71999999999997,valid,,100,"uniform natural log(kbps), inclusive endpoints",-0.001166483930210226,0.0,True,True,preserve measured local shape; no sorting of metric values or smoothing,higher_is_better,negative metric passed to unchanged lower-distortion comparator; reported equal-rate delta restored to original units,virat720,specified__VIRAT_S_010200_01_000254_000322_17fps_gop_000001__720p,7
v62,ulong_only,MS_SSIM,natural log(kbps),"PCHIP, extrapolate=False",28.712727272727278,162.71999999999997,valid,,100,"uniform natural log(kbps), inclusive endpoints",-0.0012103727363279094,0.06,True,True,preserve measured local shape; no sorting of metric values or smoothing,higher_is_better,negative metric passed to unchanged lower-distortion comparator; reported equal-rate delta restored to original units,virat720,specified__VIRAT_S_010200_01_000254_000322_17fps_gop_000001__720p,7
original,vimeo_only,LPIPS,natural log(kbps),"PCHIP, extrapolate=False",30.230303030303034,165.80363636363634,valid,,100,"uniform natural log(kbps), inclusive endpoints",-0.013819394234803384,1.0,True,True,preserve measured local shape; no sorting of metric values or smoothing,lower_is_better,none,virat720,specified__VIRAT_S_010200_01_000254_000322_17fps_gop_000001__720p,7
original,vimeo_only,DISTS,natural log(kbps),"PCHIP, extrapolate=False",30.230303030303034,165.80363636363634,valid,,100,"uniform natural log(kbps), inclusive endpoints",0.0074112884114784896,0.0,True,False,preserve measured local shape; no sorting of metric values or smoothing,lower_is_better,none,virat720,specified__VIRAT_S_010200_01_000254_000322_17fps_gop_000001__720p,7
original,vimeo_only,FloLPIPS,natural log(kbps),"PCHIP, extrapolate=False",30.230303030303034,165.80363636363634,valid,,100,"uniform natural log(kbps), inclusive endpoints",-0.01428639724032455,1.0,True,True,preserve measured local shape; no sorting of metric values or smoothing,lower_is_better,none,virat720,specified__VIRAT_S_010200_01_000254_000322_17fps_gop_000001__720p,7
original,vimeo_only,PSNR,natural log(kbps),"PCHIP, extrapolate=False",30.230303030303034,165.80363636363634,valid,,100,"uniform natural log(kbps), inclusive endpoints",-0.24179489904873575,0.0,True,True,preserve measured local shape; no sorting of metric values or smoothing,higher_is_better,negative metric passed to unchanged lower-distortion comparator; reported equal-rate delta restored to original units,virat720,specified__VIRAT_S_010200_01_000254_000322_17fps_gop_000001__720p,7
original,vimeo_only,SSIM,natural log(kbps),"PCHIP, extrapolate=False",30.230303030303034,165.80363636363634,valid,,100,"uniform natural log(kbps), inclusive endpoints",-0.0012064207312247844,0.0,True,True,preserve measured local shape; no sorting of metric values or smoothing,higher_is_better,negative metric passed to unchanged lower-distortion comparator; reported equal-rate delta restored to original units,virat720,specified__VIRAT_S_010200_01_000254_000322_17fps_gop_000001__720p,7
original,vimeo_only,MS_SSIM,natural log(kbps),"PCHIP, extrapolate=False",30.230303030303034,165.80363636363634,valid,,100,"uniform natural log(kbps), inclusive endpoints",-0.00556322786113182,0.0,True,True,preserve measured local shape; no sorting of metric values or smoothing,higher_is_better,negative metric passed to unchanged lower-distortion comparator; reported equal-rate delta restored to original units,virat720,specified__VIRAT_S_010200_01_000254_000322_17fps_gop_000001__720p,7
v62,vimeo_only,LPIPS,natural log(kbps),"PCHIP, extrapolate=False",29.056969696969695,162.71999999999997,valid,,100,"uniform natural log(kbps), inclusive endpoints",0.00243113627067944,0.0,True,True,preserve measured local shape; no sorting of metric values or smoothing,lower_is_better,none,virat720,specified__VIRAT_S_010200_01_000254_000322_17fps_gop_000001__720p,7
v62,vimeo_only,DISTS,natural log(kbps),"PCHIP, extrapolate=False",29.056969696969695,162.71999999999997,valid,,100,"uniform natural log(kbps), inclusive endpoints",0.007080313872300754,0.0,True,False,preserve measured local shape; no sorting of metric values or smoothing,lower_is_better,none,virat720,specified__VIRAT_S_010200_01_000254_000322_17fps_gop_000001__720p,7
v62,vimeo_only,FloLPIPS,natural log(kbps),"PCHIP, extrapolate=False",29.056969696969695,162.71999999999997,valid,,100,"uniform natural log(kbps), inclusive endpoints",0.0017267581803416148,0.07,True,True,preserve measured local shape; no sorting of metric values or smoothing,lower_is_better,none,virat720,specified__VIRAT_S_010200_01_000254_000322_17fps_gop_000001__720p,7
v62,vimeo_only,PSNR,natural log(kbps),"PCHIP, extrapolate=False",29.056969696969695,162.71999999999997,valid,,100,"uniform natural log(kbps), inclusive endpoints",0.3000129321589872,1.0,True,True,preserve measured local shape; no sorting of metric values or smoothing,higher_is_better,negative metric passed to unchanged lower-distortion comparator; reported equal-rate delta restored to original units,virat720,specified__VIRAT_S_010200_01_000254_000322_17fps_gop_000001__720p,7
v62,vimeo_only,SSIM,natural log(kbps),"PCHIP, extrapolate=False",29.056969696969695,162.71999999999997,valid,,100,"uniform natural log(kbps), inclusive endpoints",0.0019433685936205902,1.0,True,True,preserve measured local shape; no sorting of metric values or smoothing,higher_is_better,negative metric passed to unchanged lower-distortion comparator; reported equal-rate delta restored to original units,virat720,specified__VIRAT_S_010200_01_000254_000322_17fps_gop_000001__720p,7
v62,vimeo_only,MS_SSIM,natural log(kbps),"PCHIP, extrapolate=False",29.056969696969695,162.71999999999997,valid,,100,"uniform natural log(kbps), inclusive endpoints",0.0003739032127453923,0.69,True,True,preserve measured local shape; no sorting of metric values or smoothing,higher_is_better,negative metric passed to unchanged lower-distortion comparator; reported equal-rate delta restored to original units,virat720,specified__VIRAT_S_010200_01_000254_000322_17fps_gop_000001__720p,7
original,mixed_50_50,LPIPS,natural log(kbps),"PCHIP, extrapolate=False",30.230303030303034,164.58666666666673,valid,,100,"uniform natural log(kbps), inclusive endpoints",-0.014668868060890725,1.0,True,True,preserve measured local shape; no sorting of metric values or smoothing,lower_is_better,none,virat720,specified__VIRAT_S_010200_01_000254_000322_17fps_gop_000001__720p,7
original,mixed_50_50,DISTS,natural log(kbps),"PCHIP, extrapolate=False",30.230303030303034,164.58666666666673,valid,,100,"uniform natural log(kbps), inclusive endpoints",0.002050300816734676,0.42,True,True,preserve measured local shape; no sorting of metric values or smoothing,lower_is_better,none,virat720,specified__VIRAT_S_010200_01_000254_000322_17fps_gop_000001__720p,7
original,mixed_50_50,FloLPIPS,natural log(kbps),"PCHIP, extrapolate=False",30.230303030303034,164.58666666666673,valid,,100,"uniform natural log(kbps), inclusive endpoints",-0.014896254305180247,1.0,True,True,preserve measured local shape; no sorting of metric values or smoothing,lower_is_better,none,virat720,specified__VIRAT_S_010200_01_000254_000322_17fps_gop_000001__720p,7
original,mixed_50_50,PSNR,natural log(kbps),"PCHIP, extrapolate=False",30.230303030303034,164.58666666666673,valid,,100,"uniform natural log(kbps), inclusive endpoints",-0.5546567853566563,0.0,True,True,preserve measured local shape; no sorting of metric values or smoothing,higher_is_better,negative metric passed to unchanged lower-distortion comparator; reported equal-rate delta restored to original units,virat720,specified__VIRAT_S_010200_01_000254_000322_17fps_gop_000001__720p,7
original,mixed_50_50,SSIM,natural log(kbps),"PCHIP, extrapolate=False",30.230303030303034,164.58666666666673,valid,,100,"uniform natural log(kbps), inclusive endpoints",-0.0027537252008942915,0.0,True,True,preserve measured local shape; no sorting of metric values or smoothing,higher_is_better,negative metric passed to unchanged lower-distortion comparator; reported equal-rate delta restored to original units,virat720,specified__VIRAT_S_010200_01_000254_000322_17fps_gop_000001__720p,7
original,mixed_50_50,MS_SSIM,natural log(kbps),"PCHIP, extrapolate=False",30.230303030303034,164.58666666666673,valid,,100,"uniform natural log(kbps), inclusive endpoints",-0.006805637434191124,0.0,True,True,preserve measured local shape; no sorting of metric values or smoothing,higher_is_better,negative metric passed to unchanged lower-distortion comparator; reported equal-rate delta restored to original units,virat720,specified__VIRAT_S_010200_01_000254_000322_17fps_gop_000001__720p,7
v62,mixed_50_50,LPIPS,natural log(kbps),"PCHIP, extrapolate=False",28.639999999999997,162.71999999999997,valid,,100,"uniform natural log(kbps), inclusive endpoints",0.0016536626420505095,0.04,True,True,preserve measured local shape; no sorting of metric values or smoothing,lower_is_better,none,virat720,specified__VIRAT_S_010200_01_000254_000322_17fps_gop_000001__720p,7
v62,mixed_50_50,DISTS,natural log(kbps),"PCHIP, extrapolate=False",28.639999999999997,162.71999999999997,valid,,100,"uniform natural log(kbps), inclusive endpoints",0.0018163560814902786,0.29,True,True,preserve measured local shape; no sorting of metric values or smoothing,lower_is_better,none,virat720,specified__VIRAT_S_010200_01_000254_000322_17fps_gop_000001__720p,7
v62,mixed_50_50,FloLPIPS,natural log(kbps),"PCHIP, extrapolate=False",28.639999999999997,162.71999999999997,valid,,100,"uniform natural log(kbps), inclusive endpoints",0.0011895597396365393,0.13,True,True,preserve measured local shape; no sorting of metric values or smoothing,lower_is_better,none,virat720,specified__VIRAT_S_010200_01_000254_000322_17fps_gop_000001__720p,7
v62,mixed_50_50,PSNR,natural log(kbps),"PCHIP, extrapolate=False",28.639999999999997,162.71999999999997,valid,,100,"uniform natural log(kbps), inclusive endpoints",-0.011007702414631454,0.39,True,True,preserve measured local shape; no sorting of metric values or smoothing,higher_is_better,negative metric passed to unchanged lower-distortion comparator; reported equal-rate delta restored to original units,virat720,specified__VIRAT_S_010200_01_000254_000322_17fps_gop_000001__720p,7
v62,mixed_50_50,SSIM,natural log(kbps),"PCHIP, extrapolate=False",28.639999999999997,162.71999999999997,valid,,100,"uniform natural log(kbps), inclusive endpoints",0.0003884993282643279,0.92,True,True,preserve measured local shape; no sorting of metric values or smoothing,higher_is_better,negative metric passed to unchanged lower-distortion comparator; reported equal-rate delta restored to original units,virat720,specified__VIRAT_S_010200_01_000254_000322_17fps_gop_000001__720p,7
v62,mixed_50_50,MS_SSIM,natural log(kbps),"PCHIP, extrapolate=False",28.639999999999997,162.71999999999997,valid,,100,"uniform natural log(kbps), inclusive endpoints",-0.0008880956232974724,0.11,True,True,preserve measured local shape; no sorting of metric values or smoothing,higher_is_better,negative metric passed to unchanged lower-distortion comparator; reported equal-rate delta restored to original units,virat720,specified__VIRAT_S_010200_01_000254_000322_17fps_gop_000001__720p,7
original,ulong_only,LPIPS,natural log(kbps),"PCHIP, extrapolate=False",11.62166666666667,69.67666666666668,valid,,100,"uniform natural log(kbps), inclusive endpoints",-0.011147069971628428,1.0,True,True,preserve measured local shape; no sorting of metric values or smoothing,lower_is_better,none,virat480,random__VIRAT_S_010108_01_000570_000718__480p,0
original,ulong_only,DISTS,natural log(kbps),"PCHIP, extrapolate=False",11.62166666666667,69.67666666666668,valid,,100,"uniform natural log(kbps), inclusive endpoints",0.015744984348539607,0.0,False,False,preserve measured local shape; no sorting of metric values or smoothing,lower_is_better,none,virat480,random__VIRAT_S_010108_01_000570_000718__480p,0
original,ulong_only,FloLPIPS,natural log(kbps),"PCHIP, extrapolate=False",11.62166666666667,69.67666666666668,valid,,100,"uniform natural log(kbps), inclusive endpoints",-0.01159344685791159,1.0,True,True,preserve measured local shape; no sorting of metric values or smoothing,lower_is_better,none,virat480,random__VIRAT_S_010108_01_000570_000718__480p,0
original,ulong_only,PSNR,natural log(kbps),"PCHIP, extrapolate=False",11.62166666666667,69.67666666666668,valid,,100,"uniform natural log(kbps), inclusive endpoints",-0.3263993992167303,0.0,True,True,preserve measured local shape; no sorting of metric values or smoothing,higher_is_better,negative metric passed to unchanged lower-distortion comparator; reported equal-rate delta restored to original units,virat480,random__VIRAT_S_010108_01_000570_000718__480p,0
original,ulong_only,SSIM,natural log(kbps),"PCHIP, extrapolate=False",11.62166666666667,69.67666666666668,valid,,100,"uniform natural log(kbps), inclusive endpoints",-0.0028432176338354354,0.0,True,True,preserve measured local shape; no sorting of metric values or smoothing,higher_is_better,negative metric passed to unchanged lower-distortion comparator; reported equal-rate delta restored to original units,virat480,random__VIRAT_S_010108_01_000570_000718__480p,0
original,ulong_only,MS_SSIM,natural log(kbps),"PCHIP, extrapolate=False",11.62166666666667,69.67666666666668,valid,,100,"uniform natural log(kbps), inclusive endpoints",-0.013821244595999413,0.0,True,True,preserve measured local shape; no sorting of metric values or smoothing,higher_is_better,negative metric passed to unchanged lower-distortion comparator; reported equal-rate delta restored to original units,virat480,random__VIRAT_S_010108_01_000570_000718__480p,0
v62,ulong_only,LPIPS,natural log(kbps),"PCHIP, extrapolate=False",11.04666666666667,69.03833333333333,valid,,100,"uniform natural log(kbps), inclusive endpoints",0.0012682008074092616,0.15,True,True,preserve measured local shape; no sorting of metric values or smoothing,lower_is_better,none,virat480,random__VIRAT_S_010108_01_000570_000718__480p,0
v62,ulong_only,DISTS,natural log(kbps),"PCHIP, extrapolate=False",11.04666666666667,69.03833333333333,valid,,100,"uniform natural log(kbps), inclusive endpoints",-0.0011127788006858794,0.8,False,False,preserve measured local shape; no sorting of metric values or smoothing,lower_is_better,none,virat480,random__VIRAT_S_010108_01_000570_000718__480p,0
v62,ulong_only,FloLPIPS,natural log(kbps),"PCHIP, extrapolate=False",11.04666666666667,69.03833333333333,valid,,100,"uniform natural log(kbps), inclusive endpoints",0.0013779310166885733,0.3,True,True,preserve measured local shape; no sorting of metric values or smoothing,lower_is_better,none,virat480,random__VIRAT_S_010108_01_000570_000718__480p,0
v62,ulong_only,PSNR,natural log(kbps),"PCHIP, extrapolate=False",11.04666666666667,69.03833333333333,valid,,100,"uniform natural log(kbps), inclusive endpoints",-0.10017374918030385,0.0,True,True,preserve measured local shape; no sorting of metric values or smoothing,higher_is_better,negative metric passed to unchanged lower-distortion comparator; reported equal-rate delta restored to original units,virat480,random__VIRAT_S_010108_01_000570_000718__480p,0
v62,ulong_only,SSIM,natural log(kbps),"PCHIP, extrapolate=False",11.04666666666667,69.03833333333333,valid,,100,"uniform natural log(kbps), inclusive endpoints",-0.0006752980187505031,0.0,True,True,preserve measured local shape; no sorting of metric values or smoothing,higher_is_better,negative metric passed to unchanged lower-distortion comparator; reported equal-rate delta restored to original units,virat480,random__VIRAT_S_010108_01_000570_000718__480p,0
v62,ulong_only,MS_SSIM,natural log(kbps),"PCHIP, extrapolate=False",11.04666666666667,69.03833333333333,valid,,100,"uniform natural log(kbps), inclusive endpoints",-0.00022472020161981687,0.38,True,True,preserve measured local shape; no sorting of metric values or smoothing,higher_is_better,negative metric passed to unchanged lower-distortion comparator; reported equal-rate delta restored to original units,virat480,random__VIRAT_S_010108_01_000570_000718__480p,0
original,vimeo_only,LPIPS,natural log(kbps),"PCHIP, extrapolate=False",11.62166666666667,70.09999999999998,valid,,100,"uniform natural log(kbps), inclusive endpoints",-0.016454355874124638,1.0,True,True,preserve measured local shape; no sorting of metric values or smoothing,lower_is_better,none,virat480,random__VIRAT_S_010108_01_000570_000718__480p,0
original,vimeo_only,DISTS,natural log(kbps),"PCHIP, extrapolate=False",11.62166666666667,70.09999999999998,valid,,100,"uniform natural log(kbps), inclusive endpoints",0.016905144477768155,0.0,False,False,preserve measured local shape; no sorting of metric values or smoothing,lower_is_better,none,virat480,random__VIRAT_S_010108_01_000570_000718__480p,0
original,vimeo_only,FloLPIPS,natural log(kbps),"PCHIP, extrapolate=False",11.62166666666667,70.09999999999998,valid,,100,"uniform natural log(kbps), inclusive endpoints",-0.01434367445763898,1.0,True,True,preserve measured local shape; no sorting of metric values or smoothing,lower_is_better,none,virat480,random__VIRAT_S_010108_01_000570_000718__480p,0
original,vimeo_only,PSNR,natural log(kbps),"PCHIP, extrapolate=False",11.62166666666667,70.09999999999998,valid,,100,"uniform natural log(kbps), inclusive endpoints",-0.12633166479791774,0.0,True,True,preserve measured local shape; no sorting of metric values or smoothing,higher_is_better,negative metric passed to unchanged lower-distortion comparator; reported equal-rate delta restored to original units,virat480,random__VIRAT_S_010108_01_000570_000718__480p,0
original,vimeo_only,SSIM,natural log(kbps),"PCHIP, extrapolate=False",11.62166666666667,70.09999999999998,valid,,100,"uniform natural log(kbps), inclusive endpoints",-0.0014567897221332492,0.0,True,True,preserve measured local shape; no sorting of metric values or smoothing,higher_is_better,negative metric passed to unchanged lower-distortion comparator; reported equal-rate delta restored to original units,virat480,random__VIRAT_S_010108_01_000570_000718__480p,0
original,vimeo_only,MS_SSIM,natural log(kbps),"PCHIP, extrapolate=False",11.62166666666667,70.09999999999998,valid,,100,"uniform natural log(kbps), inclusive endpoints",-0.013629491978482783,0.0,True,True,preserve measured local shape; no sorting of metric values or smoothing,higher_is_better,negative metric passed to unchanged lower-distortion comparator; reported equal-rate delta restored to original units,virat480,random__VIRAT_S_010108_01_000570_000718__480p,0
v62,vimeo_only,LPIPS,natural log(kbps),"PCHIP, extrapolate=False",11.165,69.03833333333333,valid,,100,"uniform natural log(kbps), inclusive endpoints",-0.004083604219174688,1.0,True,True,preserve measured local shape; no sorting of metric values or smoothing,lower_is_better,none,virat480,random__VIRAT_S_010108_01_000570_000718__480p,0
v62,vimeo_only,DISTS,natural log(kbps),"PCHIP, extrapolate=False",11.165,69.03833333333333,valid,,100,"uniform natural log(kbps), inclusive endpoints",-0.0002954977866944078,0.52,False,False,preserve measured local shape; no sorting of metric values or smoothing,lower_is_better,none,virat480,random__VIRAT_S_010108_01_000570_000718__480p,0
v62,vimeo_only,FloLPIPS,natural log(kbps),"PCHIP, extrapolate=False",11.165,69.03833333333333,valid,,100,"uniform natural log(kbps), inclusive endpoints",-0.0014358248335200198,0.74,True,True,preserve measured local shape; no sorting of metric values or smoothing,lower_is_better,none,virat480,random__VIRAT_S_010108_01_000570_000718__480p,0
v62,vimeo_only,PSNR,natural log(kbps),"PCHIP, extrapolate=False",11.165,69.03833333333333,valid,,100,"uniform natural log(kbps), inclusive endpoints",0.10032811468018625,1.0,True,True,preserve measured local shape; no sorting of metric values or smoothing,higher_is_better,negative metric passed to unchanged lower-distortion comparator; reported equal-rate delta restored to original units,virat480,random__VIRAT_S_010108_01_000570_000718__480p,0
v62,vimeo_only,SSIM,natural log(kbps),"PCHIP, extrapolate=False",11.165,69.03833333333333,valid,,100,"uniform natural log(kbps), inclusive endpoints",0.0007294554177291035,1.0,True,True,preserve measured local shape; no sorting of metric values or smoothing,higher_is_better,negative metric passed to unchanged lower-distortion comparator; reported equal-rate delta restored to original units,virat480,random__VIRAT_S_010108_01_000570_000718__480p,0
v62,vimeo_only,MS_SSIM,natural log(kbps),"PCHIP, extrapolate=False",11.165,69.03833333333333,valid,,100,"uniform natural log(kbps), inclusive endpoints",3.6438717082831752e-06,0.49,True,True,preserve measured local shape; no sorting of metric values or smoothing,higher_is_better,negative metric passed to unchanged lower-distortion comparator; reported equal-rate delta restored to original units,virat480,random__VIRAT_S_010108_01_000570_000718__480p,0
original,mixed_50_50,LPIPS,natural log(kbps),"PCHIP, extrapolate=False",11.62166666666667,69.84666666666666,valid,,100,"uniform natural log(kbps), inclusive endpoints",-0.014500892687305542,1.0,True,True,preserve measured local shape; no sorting of metric values or smoothing,lower_is_better,none,virat480,random__VIRAT_S_010108_01_000570_000718__480p,0
original,mixed_50_50,DISTS,natural log(kbps),"PCHIP, extrapolate=False",11.62166666666667,69.84666666666666,valid,,100,"uniform natural log(kbps), inclusive endpoints",0.015574416488549087,0.0,False,False,preserve measured local shape; no sorting of metric values or smoothing,lower_is_better,none,virat480,random__VIRAT_S_010108_01_000570_000718__480p,0
original,mixed_50_50,FloLPIPS,natural log(kbps),"PCHIP, extrapolate=False",11.62166666666667,69.84666666666666,valid,,100,"uniform natural log(kbps), inclusive endpoints",-0.013766983751799326,1.0,True,True,preserve measured local shape; no sorting of metric values or smoothing,lower_is_better,none,virat480,random__VIRAT_S_010108_01_000570_000718__480p,0
original,mixed_50_50,PSNR,natural log(kbps),"PCHIP, extrapolate=False",11.62166666666667,69.84666666666666,valid,,100,"uniform natural log(kbps), inclusive endpoints",-0.25486139408456854,0.0,True,True,preserve measured local shape; no sorting of metric values or smoothing,higher_is_better,negative metric passed to unchanged lower-distortion comparator; reported equal-rate delta restored to original units,virat480,random__VIRAT_S_010108_01_000570_000718__480p,0
original,mixed_50_50,SSIM,natural log(kbps),"PCHIP, extrapolate=False",11.62166666666667,69.84666666666666,valid,,100,"uniform natural log(kbps), inclusive endpoints",-0.0022898393006146366,0.0,True,True,preserve measured local shape; no sorting of metric values or smoothing,higher_is_better,negative metric passed to unchanged lower-distortion comparator; reported equal-rate delta restored to original units,virat480,random__VIRAT_S_010108_01_000570_000718__480p,0
original,mixed_50_50,MS_SSIM,natural log(kbps),"PCHIP, extrapolate=False",11.62166666666667,69.84666666666666,valid,,100,"uniform natural log(kbps), inclusive endpoints",-0.015157490274553051,0.0,True,True,preserve measured local shape; no sorting of metric values or smoothing,higher_is_better,negative metric passed to unchanged lower-distortion comparator; reported equal-rate delta restored to original units,virat480,random__VIRAT_S_010108_01_000570_000718__480p,0
v62,mixed_50_50,LPIPS,natural log(kbps),"PCHIP, extrapolate=False",11.045,69.03833333333333,valid,,100,"uniform natural log(kbps), inclusive endpoints",-0.002164079742452283,0.9,True,True,preserve measured local shape; no sorting of metric values or smoothing,lower_is_better,none,virat480,random__VIRAT_S_010108_01_000570_000718__480p,0
v62,mixed_50_50,DISTS,natural log(kbps),"PCHIP, extrapolate=False",11.045,69.03833333333333,valid,,100,"uniform natural log(kbps), inclusive endpoints",-0.0016431443198608182,0.77,False,False,preserve measured local shape; no sorting of metric values or smoothing,lower_is_better,none,virat480,random__VIRAT_S_010108_01_000570_000718__480p,0
v62,mixed_50_50,FloLPIPS,natural log(kbps),"PCHIP, extrapolate=False",11.045,69.03833333333333,valid,,100,"uniform natural log(kbps), inclusive endpoints",-0.0008537148292334521,0.59,True,True,preserve measured local shape; no sorting of metric values or smoothing,lower_is_better,none,virat480,random__VIRAT_S_010108_01_000570_000718__480p,0
v62,mixed_50_50,PSNR,natural log(kbps),"PCHIP, extrapolate=False",11.045,69.03833333333333,valid,,100,"uniform natural log(kbps), inclusive endpoints",-0.025986991580013878,0.21,True,True,preserve measured local shape; no sorting of metric values or smoothing,higher_is_better,negative metric passed to unchanged lower-distortion comparator; reported equal-rate delta restored to original units,virat480,random__VIRAT_S_010108_01_000570_000718__480p,0
v62,mixed_50_50,SSIM,natural log(kbps),"PCHIP, extrapolate=False",11.045,69.03833333333333,valid,,100,"uniform natural log(kbps), inclusive endpoints",-7.722132547409944e-05,0.22,True,True,preserve measured local shape; no sorting of metric values or smoothing,higher_is_better,negative metric passed to unchanged lower-distortion comparator; reported equal-rate delta restored to original units,virat480,random__VIRAT_S_010108_01_000570_000718__480p,0
v62,mixed_50_50,MS_SSIM,natural log(kbps),"PCHIP, extrapolate=False",11.045,69.03833333333333,valid,,100,"uniform natural log(kbps), inclusive endpoints",-0.0015346735669680422,0.0,True,True,preserve measured local shape; no sorting of metric values or smoothing,higher_is_better,negative metric passed to unchanged lower-distortion comparator; reported equal-rate delta restored to original units,virat480,random__VIRAT_S_010108_01_000570_000718__480p,0
original,ulong_only,LPIPS,natural log(kbps),"PCHIP, extrapolate=False",10.545,63.11666666666667,valid,,100,"uniform natural log(kbps), inclusive endpoints",-0.016151914500759843,1.0,True,True,preserve measured local shape; no sorting of metric values or smoothing,lower_is_better,none,virat480,random__VIRAT_S_010205_01_000207_000288__480p,1
original,ulong_only,DISTS,natural log(kbps),"PCHIP, extrapolate=False",10.545,63.11666666666667,valid,,100,"uniform natural log(kbps), inclusive endpoints",0.009987076841824337,0.0,True,False,preserve measured local shape; no sorting of metric values or smoothing,lower_is_better,none,virat480,random__VIRAT_S_010205_01_000207_000288__480p,1
original,ulong_only,FloLPIPS,natural log(kbps),"PCHIP, extrapolate=False",10.545,63.11666666666667,valid,,100,"uniform natural log(kbps), inclusive endpoints",-0.01554133587487061,1.0,True,True,preserve measured local shape; no sorting of metric values or smoothing,lower_is_better,none,virat480,random__VIRAT_S_010205_01_000207_000288__480p,1
original,ulong_only,PSNR,natural log(kbps),"PCHIP, extrapolate=False",10.545,63.11666666666667,valid,,100,"uniform natural log(kbps), inclusive endpoints",-0.5109791845325625,0.0,True,True,preserve measured local shape; no sorting of metric values or smoothing,higher_is_better,negative metric passed to unchanged lower-distortion comparator; reported equal-rate delta restored to original units,virat480,random__VIRAT_S_010205_01_000207_000288__480p,1
original,ulong_only,SSIM,natural log(kbps),"PCHIP, extrapolate=False",10.545,63.11666666666667,valid,,100,"uniform natural log(kbps), inclusive endpoints",-0.003817699583974954,0.0,True,True,preserve measured local shape; no sorting of metric values or smoothing,higher_is_better,negative metric passed to unchanged lower-distortion comparator; reported equal-rate delta restored to original units,virat480,random__VIRAT_S_010205_01_000207_000288__480p,1
original,ulong_only,MS_SSIM,natural log(kbps),"PCHIP, extrapolate=False",10.545,63.11666666666667,valid,,100,"uniform natural log(kbps), inclusive endpoints",-0.012994909600875912,0.0,True,True,preserve measured local shape; no sorting of metric values or smoothing,higher_is_better,negative metric passed to unchanged lower-distortion comparator; reported equal-rate delta restored to original units,virat480,random__VIRAT_S_010205_01_000207_000288__480p,1
v62,ulong_only,LPIPS,natural log(kbps),"PCHIP, extrapolate=False",9.866666666666667,62.93500000000001,valid,,100,"uniform natural log(kbps), inclusive endpoints",0.0011617159475401642,0.15,True,True,preserve measured local shape; no sorting of metric values or smoothing,lower_is_better,none,virat480,random__VIRAT_S_010205_01_000207_000288__480p,1
v62,ulong_only,DISTS,natural log(kbps),"PCHIP, extrapolate=False",9.866666666666667,62.93500000000001,valid,,100,"uniform natural log(kbps), inclusive endpoints",0.0005184013581364855,0.52,False,False,preserve measured local shape; no sorting of metric values or smoothing,lower_is_better,none,virat480,random__VIRAT_S_010205_01_000207_000288__480p,1
v62,ulong_only,FloLPIPS,natural log(kbps),"PCHIP, extrapolate=False",9.866666666666667,62.93500000000001,valid,,100,"uniform natural log(kbps), inclusive endpoints",0.00151376572221042,0.0,True,True,preserve measured local shape; no sorting of metric values or smoothing,lower_is_better,none,virat480,random__VIRAT_S_010205_01_000207_000288__480p,1
v62,ulong_only,PSNR,natural log(kbps),"PCHIP, extrapolate=False",9.866666666666667,62.93500000000001,valid,,100,"uniform natural log(kbps), inclusive endpoints",-0.19957113672406712,0.0,True,True,preserve measured local shape; no sorting of metric values or smoothing,higher_is_better,negative metric passed to unchanged lower-distortion comparator; reported equal-rate delta restored to original units,virat480,random__VIRAT_S_010205_01_000207_000288__480p,1
v62,ulong_only,SSIM,natural log(kbps),"PCHIP, extrapolate=False",9.866666666666667,62.93500000000001,valid,,100,"uniform natural log(kbps), inclusive endpoints",-0.001161373814866724,0.0,True,True,preserve measured local shape; no sorting of metric values or smoothing,higher_is_better,negative metric passed to unchanged lower-distortion comparator; reported equal-rate delta restored to original units,virat480,random__VIRAT_S_010205_01_000207_000288__480p,1
v62,ulong_only,MS_SSIM,natural log(kbps),"PCHIP, extrapolate=False",9.866666666666667,62.93500000000001,valid,,100,"uniform natural log(kbps), inclusive endpoints",-0.001289421693457926,0.0,True,True,preserve measured local shape; no sorting of metric values or smoothing,higher_is_better,negative metric passed to unchanged lower-distortion comparator; reported equal-rate delta restored to original units,virat480,random__VIRAT_S_010205_01_000207_000288__480p,1
original,vimeo_only,LPIPS,natural log(kbps),"PCHIP, extrapolate=False",10.545,64.30166666666665,valid,,100,"uniform natural log(kbps), inclusive endpoints",-0.017971715832043232,1.0,True,True,preserve measured local shape; no sorting of metric values or smoothing,lower_is_better,none,virat480,random__VIRAT_S_010205_01_000207_000288__480p,1
original,vimeo_only,DISTS,natural log(kbps),"PCHIP, extrapolate=False",10.545,64.30166666666665,valid,,100,"uniform natural log(kbps), inclusive endpoints",0.01023332718277588,0.06,True,False,preserve measured local shape; no sorting of metric values or smoothing,lower_is_better,none,virat480,random__VIRAT_S_010205_01_000207_000288__480p,1
original,vimeo_only,FloLPIPS,natural log(kbps),"PCHIP, extrapolate=False",10.545,64.30166666666665,valid,,100,"uniform natural log(kbps), inclusive endpoints",-0.018152279553903375,1.0,True,True,preserve measured local shape; no sorting of metric values or smoothing,lower_is_better,none,virat480,random__VIRAT_S_010205_01_000207_000288__480p,1
original,vimeo_only,PSNR,natural log(kbps),"PCHIP, extrapolate=False",10.545,64.30166666666665,valid,,100,"uniform natural log(kbps), inclusive endpoints",-0.2222445027248094,0.0,True,True,preserve measured local shape; no sorting of metric values or smoothing,higher_is_better,negative metric passed to unchanged lower-distortion comparator; reported equal-rate delta restored to original units,virat480,random__VIRAT_S_010205_01_000207_000288__480p,1
original,vimeo_only,SSIM,natural log(kbps),"PCHIP, extrapolate=False",10.545,64.30166666666665,valid,,100,"uniform natural log(kbps), inclusive endpoints",-0.0018807504103568985,0.0,True,True,preserve measured local shape; no sorting of metric values or smoothing,higher_is_better,negative metric passed to unchanged lower-distortion comparator; reported equal-rate delta restored to original units,virat480,random__VIRAT_S_010205_01_000207_000288__480p,1
original,vimeo_only,MS_SSIM,natural log(kbps),"PCHIP, extrapolate=False",10.545,64.30166666666665,valid,,100,"uniform natural log(kbps), inclusive endpoints",-0.011336939982425773,0.0,True,True,preserve measured local shape; no sorting of metric values or smoothing,higher_is_better,negative metric passed to unchanged lower-distortion comparator; reported equal-rate delta restored to original units,virat480,random__VIRAT_S_010205_01_000207_000288__480p,1
v62,vimeo_only,LPIPS,natural log(kbps),"PCHIP, extrapolate=False",9.893333333333336,62.93500000000001,valid,,100,"uniform natural log(kbps), inclusive endpoints",-0.0007336111307852552,0.68,True,True,preserve measured local shape; no sorting of metric values or smoothing,lower_is_better,none,virat480,random__VIRAT_S_010205_01_000207_000288__480p,1
v62,vimeo_only,DISTS,natural log(kbps),"PCHIP, extrapolate=False",9.893333333333336,62.93500000000001,valid,,100,"uniform natural log(kbps), inclusive endpoints",0.0006100077701773783,0.3,False,False,preserve measured local shape; no sorting of metric values or smoothing,lower_is_better,none,virat480,random__VIRAT_S_010205_01_000207_000288__480p,1
v62,vimeo_only,FloLPIPS,natural log(kbps),"PCHIP, extrapolate=False",9.893333333333336,62.93500000000001,valid,,100,"uniform natural log(kbps), inclusive endpoints",-0.0011993691724275514,0.76,True,True,preserve measured local shape; no sorting of metric values or smoothing,lower_is_better,none,virat480,random__VIRAT_S_010205_01_000207_000288__480p,1
v62,vimeo_only,PSNR,natural log(kbps),"PCHIP, extrapolate=False",9.893333333333336,62.93500000000001,valid,,100,"uniform natural log(kbps), inclusive endpoints",0.08702167731141067,1.0,True,True,preserve measured local shape; no sorting of metric values or smoothing,higher_is_better,negative metric passed to unchanged lower-distortion comparator; reported equal-rate delta restored to original units,virat480,random__VIRAT_S_010205_01_000207_000288__480p,1
v62,vimeo_only,SSIM,natural log(kbps),"PCHIP, extrapolate=False",9.893333333333336,62.93500000000001,valid,,100,"uniform natural log(kbps), inclusive endpoints",0.0007781948986671338,0.97,True,True,preserve measured local shape; no sorting of metric values or smoothing,higher_is_better,negative metric passed to unchanged lower-distortion comparator; reported equal-rate delta restored to original units,virat480,random__VIRAT_S_010205_01_000207_000288__480p,1
v62,vimeo_only,MS_SSIM,natural log(kbps),"PCHIP, extrapolate=False",9.893333333333336,62.93500000000001,valid,,100,"uniform natural log(kbps), inclusive endpoints",0.0004008937476573582,0.56,True,True,preserve measured local shape; no sorting of metric values or smoothing,higher_is_better,negative metric passed to unchanged lower-distortion comparator; reported equal-rate delta restored to original units,virat480,random__VIRAT_S_010205_01_000207_000288__480p,1
original,mixed_50_50,LPIPS,natural log(kbps),"PCHIP, extrapolate=False",10.545,63.78666666666668,valid,,100,"uniform natural log(kbps), inclusive endpoints",-0.015941401290192524,1.0,True,True,preserve measured local shape; no sorting of metric values or smoothing,lower_is_better,none,virat480,random__VIRAT_S_010205_01_000207_000288__480p,1
original,mixed_50_50,DISTS,natural log(kbps),"PCHIP, extrapolate=False",10.545,63.78666666666668,valid,,100,"uniform natural log(kbps), inclusive endpoints",0.00938047750476992,0.1,True,False,preserve measured local shape; no sorting of metric values or smoothing,lower_is_better,none,virat480,random__VIRAT_S_010205_01_000207_000288__480p,1
original,mixed_50_50,FloLPIPS,natural log(kbps),"PCHIP, extrapolate=False",10.545,63.78666666666668,valid,,100,"uniform natural log(kbps), inclusive endpoints",-0.015597109082609051,1.0,True,True,preserve measured local shape; no sorting of metric values or smoothing,lower_is_better,none,virat480,random__VIRAT_S_010205_01_000207_000288__480p,1
original,mixed_50_50,PSNR,natural log(kbps),"PCHIP, extrapolate=False",10.545,63.78666666666668,valid,,100,"uniform natural log(kbps), inclusive endpoints",-0.47092319638226016,0.0,True,True,preserve measured local shape; no sorting of metric values or smoothing,higher_is_better,negative metric passed to unchanged lower-distortion comparator; reported equal-rate delta restored to original units,virat480,random__VIRAT_S_010205_01_000207_000288__480p,1
original,mixed_50_50,SSIM,natural log(kbps),"PCHIP, extrapolate=False",10.545,63.78666666666668,valid,,100,"uniform natural log(kbps), inclusive endpoints",-0.003759752864341732,0.0,True,True,preserve measured local shape; no sorting of metric values or smoothing,higher_is_better,negative metric passed to unchanged lower-distortion comparator; reported equal-rate delta restored to original units,virat480,random__VIRAT_S_010205_01_000207_000288__480p,1
original,mixed_50_50,MS_SSIM,natural log(kbps),"PCHIP, extrapolate=False",10.545,63.78666666666668,valid,,100,"uniform natural log(kbps), inclusive endpoints",-0.013258714614936828,0.0,True,True,preserve measured local shape; no sorting of metric values or smoothing,higher_is_better,negative metric passed to unchanged lower-distortion comparator; reported equal-rate delta restored to original units,virat480,random__VIRAT_S_010205_01_000207_000288__480p,1
v62,mixed_50_50,LPIPS,natural log(kbps),"PCHIP, extrapolate=False",10.018333333333334,62.93500000000001,valid,,100,"uniform natural log(kbps), inclusive endpoints",0.0013306838250050235,0.15,True,True,preserve measured local shape; no sorting of metric values or smoothing,lower_is_better,none,virat480,random__VIRAT_S_010205_01_000207_000288__480p,1
v62,mixed_50_50,DISTS,natural log(kbps),"PCHIP, extrapolate=False",10.018333333333334,62.93500000000001,valid,,100,"uniform natural log(kbps), inclusive endpoints",-0.00013786129844244445,0.58,False,False,preserve measured local shape; no sorting of metric values or smoothing,lower_is_better,none,virat480,random__VIRAT_S_010205_01_000207_000288__480p,1
v62,mixed_50_50,FloLPIPS,natural log(kbps),"PCHIP, extrapolate=False",10.018333333333334,62.93500000000001,valid,,100,"uniform natural log(kbps), inclusive endpoints",0.0014190766528269403,0.13,True,True,preserve measured local shape; no sorting of metric values or smoothing,lower_is_better,none,virat480,random__VIRAT_S_010205_01_000207_000288__480p,1
v62,mixed_50_50,PSNR,natural log(kbps),"PCHIP, extrapolate=False",10.018333333333334,62.93500000000001,valid,,100,"uniform natural log(kbps), inclusive endpoints",-0.16051911218153964,0.0,True,True,preserve measured local shape; no sorting of metric values or smoothing,higher_is_better,negative metric passed to unchanged lower-distortion comparator; reported equal-rate delta restored to original units,virat480,random__VIRAT_S_010205_01_000207_000288__480p,1
v62,mixed_50_50,SSIM,natural log(kbps),"PCHIP, extrapolate=False",10.018333333333334,62.93500000000001,valid,,100,"uniform natural log(kbps), inclusive endpoints",-0.0011202509074200806,0.0,True,True,preserve measured local shape; no sorting of metric values or smoothing,higher_is_better,negative metric passed to unchanged lower-distortion comparator; reported equal-rate delta restored to original units,virat480,random__VIRAT_S_010205_01_000207_000288__480p,1
v62,mixed_50_50,MS_SSIM,natural log(kbps),"PCHIP, extrapolate=False",10.018333333333334,62.93500000000001,valid,,100,"uniform natural log(kbps), inclusive endpoints",-0.001583080844306526,0.0,True,True,preserve measured local shape; no sorting of metric values or smoothing,higher_is_better,negative metric passed to unchanged lower-distortion comparator; reported equal-rate delta restored to original units,virat480,random__VIRAT_S_010205_01_000207_000288__480p,1
original,ulong_only,LPIPS,natural log(kbps),"PCHIP, extrapolate=False",12.079999999999997,71.27333333333335,valid,,100,"uniform natural log(kbps), inclusive endpoints",-0.007608424497140596,1.0,True,True,preserve measured local shape; no sorting of metric values or smoothing,lower_is_better,none,virat480,random__VIRAT_S_010111_02_000198_000310__480p,2
original,ulong_only,DISTS,natural log(kbps),"PCHIP, extrapolate=False",12.079999999999997,71.27333333333335,valid,,100,"uniform natural log(kbps), inclusive endpoints",0.01633359310133575,0.0,True,False,preserve measured local shape; no sorting of metric values or smoothing,lower_is_better,none,virat480,random__VIRAT_S_010111_02_000198_000310__480p,2
original,ulong_only,FloLPIPS,natural log(kbps),"PCHIP, extrapolate=False",12.079999999999997,71.27333333333335,valid,,100,"uniform natural log(kbps), inclusive endpoints",-0.007283107857455705,1.0,True,True,preserve measured local shape; no sorting of metric values or smoothing,lower_is_better,none,virat480,random__VIRAT_S_010111_02_000198_000310__480p,2
original,ulong_only,PSNR,natural log(kbps),"PCHIP, extrapolate=False",12.079999999999997,71.27333333333335,valid,,100,"uniform natural log(kbps), inclusive endpoints",-0.31083754013172976,0.0,True,True,preserve measured local shape; no sorting of metric values or smoothing,higher_is_better,negative metric passed to unchanged lower-distortion comparator; reported equal-rate delta restored to original units,virat480,random__VIRAT_S_010111_02_000198_000310__480p,2
original,ulong_only,SSIM,natural log(kbps),"PCHIP, extrapolate=False",12.079999999999997,71.27333333333335,valid,,100,"uniform natural log(kbps), inclusive endpoints",-0.003986912499848016,0.0,True,True,preserve measured local shape; no sorting of metric values or smoothing,higher_is_better,negative metric passed to unchanged lower-distortion comparator; reported equal-rate delta restored to original units,virat480,random__VIRAT_S_010111_02_000198_000310__480p,2
original,ulong_only,MS_SSIM,natural log(kbps),"PCHIP, extrapolate=False",12.079999999999997,71.27333333333335,valid,,100,"uniform natural log(kbps), inclusive endpoints",-0.014733417815760168,0.0,True,True,preserve measured local shape; no sorting of metric values or smoothing,higher_is_better,negative metric passed to unchanged lower-distortion comparator; reported equal-rate delta restored to original units,virat480,random__VIRAT_S_010111_02_000198_000310__480p,2
v62,ulong_only,LPIPS,natural log(kbps),"PCHIP, extrapolate=False",11.591666666666669,70.70166666666664,valid,,100,"uniform natural log(kbps), inclusive endpoints",0.0006595064312754903,0.42,True,True,preserve measured local shape; no sorting of metric values or smoothing,lower_is_better,none,virat480,random__VIRAT_S_010111_02_000198_000310__480p,2
v62,ulong_only,DISTS,natural log(kbps),"PCHIP, extrapolate=False",11.591666666666669,70.70166666666664,valid,,100,"uniform natural log(kbps), inclusive endpoints",-0.0018916477242499402,0.85,False,False,preserve measured local shape; no sorting of metric values or smoothing,lower_is_better,none,virat480,random__VIRAT_S_010111_02_000198_000310__480p,2
v62,ulong_only,FloLPIPS,natural log(kbps),"PCHIP, extrapolate=False",11.591666666666669,70.70166666666664,valid,,100,"uniform natural log(kbps), inclusive endpoints",0.0002990690213391566,0.42,True,True,preserve measured local shape; no sorting of metric values or smoothing,lower_is_better,none,virat480,random__VIRAT_S_010111_02_000198_000310__480p,2
v62,ulong_only,PSNR,natural log(kbps),"PCHIP, extrapolate=False",11.591666666666669,70.70166666666664,valid,,100,"uniform natural log(kbps), inclusive endpoints",-0.0909145216600245,0.0,True,True,preserve measured local shape; no sorting of metric values or smoothing,higher_is_better,negative metric passed to unchanged lower-distortion comparator; reported equal-rate delta restored to original units,virat480,random__VIRAT_S_010111_02_000198_000310__480p,2
v62,ulong_only,SSIM,natural log(kbps),"PCHIP, extrapolate=False",11.591666666666669,70.70166666666664,valid,,100,"uniform natural log(kbps), inclusive endpoints",-0.0007423530080856988,0.0,True,True,preserve measured local shape; no sorting of metric values or smoothing,higher_is_better,negative metric passed to unchanged lower-distortion comparator; reported equal-rate delta restored to original units,virat480,random__VIRAT_S_010111_02_000198_000310__480p,2
v62,ulong_only,MS_SSIM,natural log(kbps),"PCHIP, extrapolate=False",11.591666666666669,70.70166666666664,valid,,100,"uniform natural log(kbps), inclusive endpoints",2.2470015808493393e-05,0.55,True,True,preserve measured local shape; no sorting of metric values or smoothing,higher_is_better,negative metric passed to unchanged lower-distortion comparator; reported equal-rate delta restored to original units,virat480,random__VIRAT_S_010111_02_000198_000310__480p,2
original,vimeo_only,LPIPS,natural log(kbps),"PCHIP, extrapolate=False",12.079999999999997,71.97666666666665,valid,,100,"uniform natural log(kbps), inclusive endpoints",-0.012292881082160796,1.0,True,True,preserve measured local shape; no sorting of metric values or smoothing,lower_is_better,none,virat480,random__VIRAT_S_010111_02_000198_000310__480p,2
original,vimeo_only,DISTS,natural log(kbps),"PCHIP, extrapolate=False",12.079999999999997,71.97666666666665,valid,,100,"uniform natural log(kbps), inclusive endpoints",0.019137560946605795,0.0,True,False,preserve measured local shape; no sorting of metric values or smoothing,lower_is_better,none,virat480,random__VIRAT_S_010111_02_000198_000310__480p,2
original,vimeo_only,FloLPIPS,natural log(kbps),"PCHIP, extrapolate=False",12.079999999999997,71.97666666666665,valid,,100,"uniform natural log(kbps), inclusive endpoints",-0.010787589637992676,1.0,True,True,preserve measured local shape; no sorting of metric values or smoothing,lower_is_better,none,virat480,random__VIRAT_S_010111_02_000198_000310__480p,2
original,vimeo_only,PSNR,natural log(kbps),"PCHIP, extrapolate=False",12.079999999999997,71.97666666666665,valid,,100,"uniform natural log(kbps), inclusive endpoints",-0.13784448882192926,0.0,True,True,preserve measured local shape; no sorting of metric values or smoothing,higher_is_better,negative metric passed to unchanged lower-distortion comparator; reported equal-rate delta restored to original units,virat480,random__VIRAT_S_010111_02_000198_000310__480p,2
original,vimeo_only,SSIM,natural log(kbps),"PCHIP, extrapolate=False",12.079999999999997,71.97666666666665,valid,,100,"uniform natural log(kbps), inclusive endpoints",-0.002477711657649563,0.0,True,True,preserve measured local shape; no sorting of metric values or smoothing,higher_is_better,negative metric passed to unchanged lower-distortion comparator; reported equal-rate delta restored to original units,virat480,random__VIRAT_S_010111_02_000198_000310__480p,2
original,vimeo_only,MS_SSIM,natural log(kbps),"PCHIP, extrapolate=False",12.079999999999997,71.97666666666665,valid,,100,"uniform natural log(kbps), inclusive endpoints",-0.015350155878904384,0.0,True,True,preserve measured local shape; no sorting of metric values or smoothing,higher_is_better,negative metric passed to unchanged lower-distortion comparator; reported equal-rate delta restored to original units,virat480,random__VIRAT_S_010111_02_000198_000310__480p,2
v62,vimeo_only,LPIPS,natural log(kbps),"PCHIP, extrapolate=False",11.711666666666666,70.70166666666664,valid,,100,"uniform natural log(kbps), inclusive endpoints",-0.004111478528312797,1.0,True,True,preserve measured local shape; no sorting of metric values or smoothing,lower_is_better,none,virat480,random__VIRAT_S_010111_02_000198_000310__480p,2
v62,vimeo_only,DISTS,natural log(kbps),"PCHIP, extrapolate=False",11.711666666666666,70.70166666666664,valid,,100,"uniform natural log(kbps), inclusive endpoints",0.0007264148987638938,0.37,False,False,preserve measured local shape; no sorting of metric values or smoothing,lower_is_better,none,virat480,random__VIRAT_S_010111_02_000198_000310__480p,2
v62,vimeo_only,FloLPIPS,natural log(kbps),"PCHIP, extrapolate=False",11.711666666666666,70.70166666666664,valid,,100,"uniform natural log(kbps), inclusive endpoints",-0.003245009481018196,0.97,True,True,preserve measured local shape; no sorting of metric values or smoothing,lower_is_better,none,virat480,random__VIRAT_S_010111_02_000198_000310__480p,2
v62,vimeo_only,PSNR,natural log(kbps),"PCHIP, extrapolate=False",11.711666666666666,70.70166666666664,valid,,100,"uniform natural log(kbps), inclusive endpoints",0.08491570110260714,1.0,True,True,preserve measured local shape; no sorting of metric values or smoothing,higher_is_better,negative metric passed to unchanged lower-distortion comparator; reported equal-rate delta restored to original units,virat480,random__VIRAT_S_010111_02_000198_000310__480p,2
v62,vimeo_only,SSIM,natural log(kbps),"PCHIP, extrapolate=False",11.711666666666666,70.70166666666664,valid,,100,"uniform natural log(kbps), inclusive endpoints",0.0008356552821520435,0.93,True,True,preserve measured local shape; no sorting of metric values or smoothing,higher_is_better,negative metric passed to unchanged lower-distortion comparator; reported equal-rate delta restored to original units,virat480,random__VIRAT_S_010111_02_000198_000310__480p,2
v62,vimeo_only,MS_SSIM,natural log(kbps),"PCHIP, extrapolate=False",11.711666666666666,70.70166666666664,valid,,100,"uniform natural log(kbps), inclusive endpoints",-0.0005352764960135537,0.24,True,True,preserve measured local shape; no sorting of metric values or smoothing,higher_is_better,negative metric passed to unchanged lower-distortion comparator; reported equal-rate delta restored to original units,virat480,random__VIRAT_S_010111_02_000198_000310__480p,2
original,mixed_50_50,LPIPS,natural log(kbps),"PCHIP, extrapolate=False",12.079999999999997,71.4833333333333,valid,,100,"uniform natural log(kbps), inclusive endpoints",-0.01115340034406661,1.0,True,True,preserve measured local shape; no sorting of metric values or smoothing,lower_is_better,none,virat480,random__VIRAT_S_010111_02_000198_000310__480p,2
original,mixed_50_50,DISTS,natural log(kbps),"PCHIP, extrapolate=False",12.079999999999997,71.4833333333333,valid,,100,"uniform natural log(kbps), inclusive endpoints",0.01685917192147236,0.0,True,False,preserve measured local shape; no sorting of metric values or smoothing,lower_is_better,none,virat480,random__VIRAT_S_010111_02_000198_000310__480p,2
original,mixed_50_50,FloLPIPS,natural log(kbps),"PCHIP, extrapolate=False",12.079999999999997,71.4833333333333,valid,,100,"uniform natural log(kbps), inclusive endpoints",-0.010132734661200184,1.0,True,True,preserve measured local shape; no sorting of metric values or smoothing,lower_is_better,none,virat480,random__VIRAT_S_010111_02_000198_000310__480p,2
original,mixed_50_50,PSNR,natural log(kbps),"PCHIP, extrapolate=False",12.079999999999997,71.4833333333333,valid,,100,"uniform natural log(kbps), inclusive endpoints",-0.2509512256119533,0.0,True,True,preserve measured local shape; no sorting of metric values or smoothing,higher_is_better,negative metric passed to unchanged lower-distortion comparator; reported equal-rate delta restored to original units,virat480,random__VIRAT_S_010111_02_000198_000310__480p,2
original,mixed_50_50,SSIM,natural log(kbps),"PCHIP, extrapolate=False",12.079999999999997,71.4833333333333,valid,,100,"uniform natural log(kbps), inclusive endpoints",-0.0033961470535464346,0.0,True,True,preserve measured local shape; no sorting of metric values or smoothing,higher_is_better,negative metric passed to unchanged lower-distortion comparator; reported equal-rate delta restored to original units,virat480,random__VIRAT_S_010111_02_000198_000310__480p,2
original,mixed_50_50,MS_SSIM,natural log(kbps),"PCHIP, extrapolate=False",12.079999999999997,71.4833333333333,valid,,100,"uniform natural log(kbps), inclusive endpoints",-0.016392312611809658,0.0,True,True,preserve measured local shape; no sorting of metric values or smoothing,higher_is_better,negative metric passed to unchanged lower-distortion comparator; reported equal-rate delta restored to original units,virat480,random__VIRAT_S_010111_02_000198_000310__480p,2
v62,mixed_50_50,LPIPS,natural log(kbps),"PCHIP, extrapolate=False",11.673333333333332,70.70166666666664,valid,,100,"uniform natural log(kbps), inclusive endpoints",-0.002944112377578577,1.0,True,True,preserve measured local shape; no sorting of metric values or smoothing,lower_is_better,none,virat480,random__VIRAT_S_010111_02_000198_000310__480p,2
v62,mixed_50_50,DISTS,natural log(kbps),"PCHIP, extrapolate=False",11.673333333333332,70.70166666666664,valid,,100,"uniform natural log(kbps), inclusive endpoints",-0.001600361999226233,0.94,False,False,preserve measured local shape; no sorting of metric values or smoothing,lower_is_better,none,virat480,random__VIRAT_S_010111_02_000198_000310__480p,2
v62,mixed_50_50,FloLPIPS,natural log(kbps),"PCHIP, extrapolate=False",11.673333333333332,70.70166666666664,valid,,100,"uniform natural log(kbps), inclusive endpoints",-0.002573738848878802,0.92,True,True,preserve measured local shape; no sorting of metric values or smoothing,lower_is_better,none,virat480,random__VIRAT_S_010111_02_000198_000310__480p,2
v62,mixed_50_50,PSNR,natural log(kbps),"PCHIP, extrapolate=False",11.673333333333332,70.70166666666664,valid,,100,"uniform natural log(kbps), inclusive endpoints",-0.02955811892241517,0.11,True,True,preserve measured local shape; no sorting of metric values or smoothing,higher_is_better,negative metric passed to unchanged lower-distortion comparator; reported equal-rate delta restored to original units,virat480,random__VIRAT_S_010111_02_000198_000310__480p,2
v62,mixed_50_50,SSIM,natural log(kbps),"PCHIP, extrapolate=False",11.673333333333332,70.70166666666664,valid,,100,"uniform natural log(kbps), inclusive endpoints",-0.00011984395152151329,0.34,True,True,preserve measured local shape; no sorting of metric values or smoothing,higher_is_better,negative metric passed to unchanged lower-distortion comparator; reported equal-rate delta restored to original units,virat480,random__VIRAT_S_010111_02_000198_000310__480p,2
v62,mixed_50_50,MS_SSIM,natural log(kbps),"PCHIP, extrapolate=False",11.673333333333332,70.70166666666664,valid,,100,"uniform natural log(kbps), inclusive endpoints",-0.0015899000002832953,0.14,True,True,preserve measured local shape; no sorting of metric values or smoothing,higher_is_better,negative metric passed to unchanged lower-distortion comparator; reported equal-rate delta restored to original units,virat480,random__VIRAT_S_010111_02_000198_000310__480p,2
original,ulong_only,LPIPS,natural log(kbps),"PCHIP, extrapolate=False",13.606666666666666,76.47666666666665,valid,,100,"uniform natural log(kbps), inclusive endpoints",-0.009587852124622171,1.0,True,True,preserve measured local shape; no sorting of metric values or smoothing,lower_is_better,none,virat480,random__VIRAT_S_010003_01_000111_000137__480p,3
original,ulong_only,DISTS,natural log(kbps),"PCHIP, extrapolate=False",13.606666666666666,76.47666666666665,valid,,100,"uniform natural log(kbps), inclusive endpoints",0.014548290522034617,0.0,False,False,preserve measured local shape; no sorting of metric values or smoothing,lower_is_better,none,virat480,random__VIRAT_S_010003_01_000111_000137__480p,3
original,ulong_only,FloLPIPS,natural log(kbps),"PCHIP, extrapolate=False",13.606666666666666,76.47666666666665,valid,,100,"uniform natural log(kbps), inclusive endpoints",-0.009487951571529391,1.0,True,True,preserve measured local shape; no sorting of metric values or smoothing,lower_is_better,none,virat480,random__VIRAT_S_010003_01_000111_000137__480p,3
original,ulong_only,PSNR,natural log(kbps),"PCHIP, extrapolate=False",13.606666666666666,76.47666666666665,valid,,100,"uniform natural log(kbps), inclusive endpoints",-0.5137484519795553,0.0,True,True,preserve measured local shape; no sorting of metric values or smoothing,higher_is_better,negative metric passed to unchanged lower-distortion comparator; reported equal-rate delta restored to original units,virat480,random__VIRAT_S_010003_01_000111_000137__480p,3
original,ulong_only,SSIM,natural log(kbps),"PCHIP, extrapolate=False",13.606666666666666,76.47666666666665,valid,,100,"uniform natural log(kbps), inclusive endpoints",-0.00535371245328363,0.0,True,True,preserve measured local shape; no sorting of metric values or smoothing,higher_is_better,negative metric passed to unchanged lower-distortion comparator; reported equal-rate delta restored to original units,virat480,random__VIRAT_S_010003_01_000111_000137__480p,3
original,ulong_only,MS_SSIM,natural log(kbps),"PCHIP, extrapolate=False",13.606666666666666,76.47666666666665,valid,,100,"uniform natural log(kbps), inclusive endpoints",-0.01571733332346421,0.0,True,True,preserve measured local shape; no sorting of metric values or smoothing,higher_is_better,negative metric passed to unchanged lower-distortion comparator; reported equal-rate delta restored to original units,virat480,random__VIRAT_S_010003_01_000111_000137__480p,3
v62,ulong_only,LPIPS,natural log(kbps),"PCHIP, extrapolate=False",13.419999999999998,75.94666666666664,valid,,100,"uniform natural log(kbps), inclusive endpoints",-0.00021532168307933876,0.51,True,True,preserve measured local shape; no sorting of metric values or smoothing,lower_is_better,none,virat480,random__VIRAT_S_010003_01_000111_000137__480p,3
v62,ulong_only,DISTS,natural log(kbps),"PCHIP, extrapolate=False",13.419999999999998,75.94666666666664,valid,,100,"uniform natural log(kbps), inclusive endpoints",-0.0005272483974737186,0.67,True,False,preserve measured local shape; no sorting of metric values or smoothing,lower_is_better,none,virat480,random__VIRAT_S_010003_01_000111_000137__480p,3
v62,ulong_only,FloLPIPS,natural log(kbps),"PCHIP, extrapolate=False",13.419999999999998,75.94666666666664,valid,,100,"uniform natural log(kbps), inclusive endpoints",-0.0005480219752199369,0.54,True,True,preserve measured local shape; no sorting of metric values or smoothing,lower_is_better,none,virat480,random__VIRAT_S_010003_01_000111_000137__480p,3
v62,ulong_only,PSNR,natural log(kbps),"PCHIP, extrapolate=False",13.419999999999998,75.94666666666664,valid,,100,"uniform natural log(kbps), inclusive endpoints",-0.130494205046483,0.0,True,True,preserve measured local shape; no sorting of metric values or smoothing,higher_is_better,negative metric passed to unchanged lower-distortion comparator; reported equal-rate delta restored to original units,virat480,random__VIRAT_S_010003_01_000111_000137__480p,3
v62,ulong_only,SSIM,natural log(kbps),"PCHIP, extrapolate=False",13.419999999999998,75.94666666666664,valid,,100,"uniform natural log(kbps), inclusive endpoints",-0.0007018860836636998,0.04,True,True,preserve measured local shape; no sorting of metric values or smoothing,higher_is_better,negative metric passed to unchanged lower-distortion comparator; reported equal-rate delta restored to original units,virat480,random__VIRAT_S_010003_01_000111_000137__480p,3
v62,ulong_only,MS_SSIM,natural log(kbps),"PCHIP, extrapolate=False",13.419999999999998,75.94666666666664,valid,,100,"uniform natural log(kbps), inclusive endpoints",-0.0009302526842468284,0.13,True,True,preserve measured local shape; no sorting of metric values or smoothing,higher_is_better,negative metric passed to unchanged lower-distortion comparator; reported equal-rate delta restored to original units,virat480,random__VIRAT_S_010003_01_000111_000137__480p,3
original,vimeo_only,LPIPS,natural log(kbps),"PCHIP, extrapolate=False",13.606666666666666,77.15833333333333,valid,,100,"uniform natural log(kbps), inclusive endpoints",-0.011033831594448746,1.0,True,True,preserve measured local shape; no sorting of metric values or smoothing,lower_is_better,none,virat480,random__VIRAT_S_010003_01_000111_000137__480p,3
original,vimeo_only,DISTS,natural log(kbps),"PCHIP, extrapolate=False",13.606666666666666,77.15833333333333,valid,,100,"uniform natural log(kbps), inclusive endpoints",0.014488273797800018,0.0,False,True,preserve measured local shape; no sorting of metric values or smoothing,lower_is_better,none,virat480,random__VIRAT_S_010003_01_000111_000137__480p,3
original,vimeo_only,FloLPIPS,natural log(kbps),"PCHIP, extrapolate=False",13.606666666666666,77.15833333333333,valid,,100,"uniform natural log(kbps), inclusive endpoints",-0.011115873141498896,1.0,True,True,preserve measured local shape; no sorting of metric values or smoothing,lower_is_better,none,virat480,random__VIRAT_S_010003_01_000111_000137__480p,3
original,vimeo_only,PSNR,natural log(kbps),"PCHIP, extrapolate=False",13.606666666666666,77.15833333333333,valid,,100,"uniform natural log(kbps), inclusive endpoints",-0.29357003590651143,0.0,True,True,preserve measured local shape; no sorting of metric values or smoothing,higher_is_better,negative metric passed to unchanged lower-distortion comparator; reported equal-rate delta restored to original units,virat480,random__VIRAT_S_010003_01_000111_000137__480p,3
original,vimeo_only,SSIM,natural log(kbps),"PCHIP, extrapolate=False",13.606666666666666,77.15833333333333,valid,,100,"uniform natural log(kbps), inclusive endpoints",-0.004149746332394715,0.0,True,True,preserve measured local shape; no sorting of metric values or smoothing,higher_is_better,negative metric passed to unchanged lower-distortion comparator; reported equal-rate delta restored to original units,virat480,random__VIRAT_S_010003_01_000111_000137__480p,3
original,vimeo_only,MS_SSIM,natural log(kbps),"PCHIP, extrapolate=False",13.606666666666666,77.15833333333333,valid,,100,"uniform natural log(kbps), inclusive endpoints",-0.015175762949113651,0.0,True,True,preserve measured local shape; no sorting of metric values or smoothing,higher_is_better,negative metric passed to unchanged lower-distortion comparator; reported equal-rate delta restored to original units,virat480,random__VIRAT_S_010003_01_000111_000137__480p,3
v62,vimeo_only,LPIPS,natural log(kbps),"PCHIP, extrapolate=False",13.50666666666667,75.94666666666664,valid,,100,"uniform natural log(kbps), inclusive endpoints",-0.0016359512967146477,0.74,True,True,preserve measured local shape; no sorting of metric values or smoothing,lower_is_better,none,virat480,random__VIRAT_S_010003_01_000111_000137__480p,3
v62,vimeo_only,DISTS,natural log(kbps),"PCHIP, extrapolate=False",13.50666666666667,75.94666666666664,valid,,100,"uniform natural log(kbps), inclusive endpoints",-0.0005833666318684845,0.55,True,True,preserve measured local shape; no sorting of metric values or smoothing,lower_is_better,none,virat480,random__VIRAT_S_010003_01_000111_000137__480p,3
v62,vimeo_only,FloLPIPS,natural log(kbps),"PCHIP, extrapolate=False",13.50666666666667,75.94666666666664,valid,,100,"uniform natural log(kbps), inclusive endpoints",-0.0021491737257792647,0.81,True,True,preserve measured local shape; no sorting of metric values or smoothing,lower_is_better,none,virat480,random__VIRAT_S_010003_01_000111_000137__480p,3
v62,vimeo_only,PSNR,natural log(kbps),"PCHIP, extrapolate=False",13.50666666666667,75.94666666666664,valid,,100,"uniform natural log(kbps), inclusive endpoints",0.09000651017376021,1.0,True,True,preserve measured local shape; no sorting of metric values or smoothing,higher_is_better,negative metric passed to unchanged lower-distortion comparator; reported equal-rate delta restored to original units,virat480,random__VIRAT_S_010003_01_000111_000137__480p,3
v62,vimeo_only,SSIM,natural log(kbps),"PCHIP, extrapolate=False",13.50666666666667,75.94666666666664,valid,,100,"uniform natural log(kbps), inclusive endpoints",0.0005069765904107426,0.8,True,True,preserve measured local shape; no sorting of metric values or smoothing,higher_is_better,negative metric passed to unchanged lower-distortion comparator; reported equal-rate delta restored to original units,virat480,random__VIRAT_S_010003_01_000111_000137__480p,3
v62,vimeo_only,MS_SSIM,natural log(kbps),"PCHIP, extrapolate=False",13.50666666666667,75.94666666666664,valid,,100,"uniform natural log(kbps), inclusive endpoints",-0.0004069489549583194,0.24,True,True,preserve measured local shape; no sorting of metric values or smoothing,higher_is_better,negative metric passed to unchanged lower-distortion comparator; reported equal-rate delta restored to original units,virat480,random__VIRAT_S_010003_01_000111_000137__480p,3
original,mixed_50_50,LPIPS,natural log(kbps),"PCHIP, extrapolate=False",13.606666666666666,76.35166666666666,valid,,100,"uniform natural log(kbps), inclusive endpoints",-0.011436893526676135,1.0,True,True,preserve measured local shape; no sorting of metric values or smoothing,lower_is_better,none,virat480,random__VIRAT_S_010003_01_000111_000137__480p,3
original,mixed_50_50,DISTS,natural log(kbps),"PCHIP, extrapolate=False",13.606666666666666,76.35166666666666,valid,,100,"uniform natural log(kbps), inclusive endpoints",0.013067547139041251,0.0,False,True,preserve measured local shape; no sorting of metric values or smoothing,lower_is_better,none,virat480,random__VIRAT_S_010003_01_000111_000137__480p,3
original,mixed_50_50,FloLPIPS,natural log(kbps),"PCHIP, extrapolate=False",13.606666666666666,76.35166666666666,valid,,100,"uniform natural log(kbps), inclusive endpoints",-0.011859829572973248,1.0,True,True,preserve measured local shape; no sorting of metric values or smoothing,lower_is_better,none,virat480,random__VIRAT_S_010003_01_000111_000137__480p,3
original,mixed_50_50,PSNR,natural log(kbps),"PCHIP, extrapolate=False",13.606666666666666,76.35166666666666,valid,,100,"uniform natural log(kbps), inclusive endpoints",-0.42498268804771455,0.0,True,True,preserve measured local shape; no sorting of metric values or smoothing,higher_is_better,negative metric passed to unchanged lower-distortion comparator; reported equal-rate delta restored to original units,virat480,random__VIRAT_S_010003_01_000111_000137__480p,3
original,mixed_50_50,SSIM,natural log(kbps),"PCHIP, extrapolate=False",13.606666666666666,76.35166666666666,valid,,100,"uniform natural log(kbps), inclusive endpoints",-0.0046523339668553656,0.0,True,True,preserve measured local shape; no sorting of metric values or smoothing,higher_is_better,negative metric passed to unchanged lower-distortion comparator; reported equal-rate delta restored to original units,virat480,random__VIRAT_S_010003_01_000111_000137__480p,3
original,mixed_50_50,MS_SSIM,natural log(kbps),"PCHIP, extrapolate=False",13.606666666666666,76.35166666666666,valid,,100,"uniform natural log(kbps), inclusive endpoints",-0.015063807531552504,0.0,True,True,preserve measured local shape; no sorting of metric values or smoothing,higher_is_better,negative metric passed to unchanged lower-distortion comparator; reported equal-rate delta restored to original units,virat480,random__VIRAT_S_010003_01_000111_000137__480p,3
v62,mixed_50_50,LPIPS,natural log(kbps),"PCHIP, extrapolate=False",13.559999999999999,75.94666666666664,valid,,100,"uniform natural log(kbps), inclusive endpoints",-0.0020281884871089844,0.87,True,True,preserve measured local shape; no sorting of metric values or smoothing,lower_is_better,none,virat480,random__VIRAT_S_010003_01_000111_000137__480p,3
v62,mixed_50_50,DISTS,natural log(kbps),"PCHIP, extrapolate=False",13.559999999999999,75.94666666666664,valid,,100,"uniform natural log(kbps), inclusive endpoints",-0.0020042125053771186,0.91,True,True,preserve measured local shape; no sorting of metric values or smoothing,lower_is_better,none,virat480,random__VIRAT_S_010003_01_000111_000137__480p,3
v62,mixed_50_50,FloLPIPS,natural log(kbps),"PCHIP, extrapolate=False",13.559999999999999,75.94666666666664,valid,,100,"uniform natural log(kbps), inclusive endpoints",-0.0028899573051215047,0.93,True,True,preserve measured local shape; no sorting of metric values or smoothing,lower_is_better,none,virat480,random__VIRAT_S_010003_01_000111_000137__480p,3
v62,mixed_50_50,PSNR,natural log(kbps),"PCHIP, extrapolate=False",13.559999999999999,75.94666666666664,valid,,100,"uniform natural log(kbps), inclusive endpoints",-0.041774029885283816,0.17,True,True,preserve measured local shape; no sorting of metric values or smoothing,higher_is_better,negative metric passed to unchanged lower-distortion comparator; reported equal-rate delta restored to original units,virat480,random__VIRAT_S_010003_01_000111_000137__480p,3
v62,mixed_50_50,SSIM,natural log(kbps),"PCHIP, extrapolate=False",13.559999999999999,75.94666666666664,valid,,100,"uniform natural log(kbps), inclusive endpoints",3.229225406443659e-06,0.2,True,True,preserve measured local shape; no sorting of metric values or smoothing,higher_is_better,negative metric passed to unchanged lower-distortion comparator; reported equal-rate delta restored to original units,virat480,random__VIRAT_S_010003_01_000111_000137__480p,3
v62,mixed_50_50,MS_SSIM,natural log(kbps),"PCHIP, extrapolate=False",13.559999999999999,75.94666666666664,valid,,100,"uniform natural log(kbps), inclusive endpoints",-0.0002952414138483217,0.3,True,True,preserve measured local shape; no sorting of metric values or smoothing,higher_is_better,negative metric passed to unchanged lower-distortion comparator; reported equal-rate delta restored to original units,virat480,random__VIRAT_S_010003_01_000111_000137__480p,3
original,ulong_only,LPIPS,natural log(kbps),"PCHIP, extrapolate=False",11.101666666666667,66.61166666666665,valid,,100,"uniform natural log(kbps), inclusive endpoints",-0.009837491539031233,1.0,True,True,preserve measured local shape; no sorting of metric values or smoothing,lower_is_better,none,virat480,random__VIRAT_S_010200_02_000349_000398__480p,4
original,ulong_only,DISTS,natural log(kbps),"PCHIP, extrapolate=False",11.101666666666667,66.61166666666665,valid,,100,"uniform natural log(kbps), inclusive endpoints",0.01034616103633625,0.0,False,False,preserve measured local shape; no sorting of metric values or smoothing,lower_is_better,none,virat480,random__VIRAT_S_010200_02_000349_000398__480p,4
original,ulong_only,FloLPIPS,natural log(kbps),"PCHIP, extrapolate=False",11.101666666666667,66.61166666666665,valid,,100,"uniform natural log(kbps), inclusive endpoints",-0.0097039662697871,1.0,True,True,preserve measured local shape; no sorting of metric values or smoothing,lower_is_better,none,virat480,random__VIRAT_S_010200_02_000349_000398__480p,4
original,ulong_only,PSNR,natural log(kbps),"PCHIP, extrapolate=False",11.101666666666667,66.61166666666665,valid,,100,"uniform natural log(kbps), inclusive endpoints",-0.5636733288334753,0.0,True,True,preserve measured local shape; no sorting of metric values or smoothing,higher_is_better,negative metric passed to unchanged lower-distortion comparator; reported equal-rate delta restored to original units,virat480,random__VIRAT_S_010200_02_000349_000398__480p,4
original,ulong_only,SSIM,natural log(kbps),"PCHIP, extrapolate=False",11.101666666666667,66.61166666666665,valid,,100,"uniform natural log(kbps), inclusive endpoints",-0.0034888724744854185,0.0,True,True,preserve measured local shape; no sorting of metric values or smoothing,higher_is_better,negative metric passed to unchanged lower-distortion comparator; reported equal-rate delta restored to original units,virat480,random__VIRAT_S_010200_02_000349_000398__480p,4
original,ulong_only,MS_SSIM,natural log(kbps),"PCHIP, extrapolate=False",11.101666666666667,66.61166666666665,valid,,100,"uniform natural log(kbps), inclusive endpoints",-0.011161668333169592,0.0,True,True,preserve measured local shape; no sorting of metric values or smoothing,higher_is_better,negative metric passed to unchanged lower-distortion comparator; reported equal-rate delta restored to original units,virat480,random__VIRAT_S_010200_02_000349_000398__480p,4
v62,ulong_only,LPIPS,natural log(kbps),"PCHIP, extrapolate=False",10.513333333333332,66.26500000000003,valid,,100,"uniform natural log(kbps), inclusive endpoints",0.0027335592126615715,0.0,True,True,preserve measured local shape; no sorting of metric values or smoothing,lower_is_better,none,virat480,random__VIRAT_S_010200_02_000349_000398__480p,4
v62,ulong_only,DISTS,natural log(kbps),"PCHIP, extrapolate=False",10.513333333333332,66.26500000000003,valid,,100,"uniform natural log(kbps), inclusive endpoints",0.0002552923993383313,0.37,False,False,preserve measured local shape; no sorting of metric values or smoothing,lower_is_better,none,virat480,random__VIRAT_S_010200_02_000349_000398__480p,4
v62,ulong_only,FloLPIPS,natural log(kbps),"PCHIP, extrapolate=False",10.513333333333332,66.26500000000003,valid,,100,"uniform natural log(kbps), inclusive endpoints",0.0029462802948713057,0.0,True,True,preserve measured local shape; no sorting of metric values or smoothing,lower_is_better,none,virat480,random__VIRAT_S_010200_02_000349_000398__480p,4
v62,ulong_only,PSNR,natural log(kbps),"PCHIP, extrapolate=False",10.513333333333332,66.26500000000003,valid,,100,"uniform natural log(kbps), inclusive endpoints",-0.18830913796226603,0.0,True,True,preserve measured local shape; no sorting of metric values or smoothing,higher_is_better,negative metric passed to unchanged lower-distortion comparator; reported equal-rate delta restored to original units,virat480,random__VIRAT_S_010200_02_000349_000398__480p,4
v62,ulong_only,SSIM,natural log(kbps),"PCHIP, extrapolate=False",10.513333333333332,66.26500000000003,valid,,100,"uniform natural log(kbps), inclusive endpoints",-0.001024798188992595,0.0,True,True,preserve measured local shape; no sorting of metric values or smoothing,higher_is_better,negative metric passed to unchanged lower-distortion comparator; reported equal-rate delta restored to original units,virat480,random__VIRAT_S_010200_02_000349_000398__480p,4
v62,ulong_only,MS_SSIM,natural log(kbps),"PCHIP, extrapolate=False",10.513333333333332,66.26500000000003,valid,,100,"uniform natural log(kbps), inclusive endpoints",-0.001247198689792245,0.04,True,True,preserve measured local shape; no sorting of metric values or smoothing,higher_is_better,negative metric passed to unchanged lower-distortion comparator; reported equal-rate delta restored to original units,virat480,random__VIRAT_S_010200_02_000349_000398__480p,4
original,vimeo_only,LPIPS,natural log(kbps),"PCHIP, extrapolate=False",11.101666666666667,67.38333333333331,valid,,100,"uniform natural log(kbps), inclusive endpoints",-0.013519836649115156,1.0,True,True,preserve measured local shape; no sorting of metric values or smoothing,lower_is_better,none,virat480,random__VIRAT_S_010200_02_000349_000398__480p,4
original,vimeo_only,DISTS,natural log(kbps),"PCHIP, extrapolate=False",11.101666666666667,67.38333333333331,valid,,100,"uniform natural log(kbps), inclusive endpoints",0.009140962160961915,0.0,False,False,preserve measured local shape; no sorting of metric values or smoothing,lower_is_better,none,virat480,random__VIRAT_S_010200_02_000349_000398__480p,4
original,vimeo_only,FloLPIPS,natural log(kbps),"PCHIP, extrapolate=False",11.101666666666667,67.38333333333331,valid,,100,"uniform natural log(kbps), inclusive endpoints",-0.014612668285963675,1.0,True,True,preserve measured local shape; no sorting of metric values or smoothing,lower_is_better,none,virat480,random__VIRAT_S_010200_02_000349_000398__480p,4
original,vimeo_only,PSNR,natural log(kbps),"PCHIP, extrapolate=False",11.101666666666667,67.38333333333331,valid,,100,"uniform natural log(kbps), inclusive endpoints",-0.19850427547889332,0.0,True,True,preserve measured local shape; no sorting of metric values or smoothing,higher_is_better,negative metric passed to unchanged lower-distortion comparator; reported equal-rate delta restored to original units,virat480,random__VIRAT_S_010200_02_000349_000398__480p,4
original,vimeo_only,SSIM,natural log(kbps),"PCHIP, extrapolate=False",11.101666666666667,67.38333333333331,valid,,100,"uniform natural log(kbps), inclusive endpoints",-0.001153712912253083,0.0,True,True,preserve measured local shape; no sorting of metric values or smoothing,higher_is_better,negative metric passed to unchanged lower-distortion comparator; reported equal-rate delta restored to original units,virat480,random__VIRAT_S_010200_02_000349_000398__480p,4
original,vimeo_only,MS_SSIM,natural log(kbps),"PCHIP, extrapolate=False",11.101666666666667,67.38333333333331,valid,,100,"uniform natural log(kbps), inclusive endpoints",-0.009643330140755177,0.0,True,True,preserve measured local shape; no sorting of metric values or smoothing,higher_is_better,negative metric passed to unchanged lower-distortion comparator; reported equal-rate delta restored to original units,virat480,random__VIRAT_S_010200_02_000349_000398__480p,4
v62,vimeo_only,LPIPS,natural log(kbps),"PCHIP, extrapolate=False",10.57666666666667,66.26500000000003,valid,,100,"uniform natural log(kbps), inclusive endpoints",-0.001072435683952498,0.85,True,True,preserve measured local shape; no sorting of metric values or smoothing,lower_is_better,none,virat480,random__VIRAT_S_010200_02_000349_000398__480p,4
v62,vimeo_only,DISTS,natural log(kbps),"PCHIP, extrapolate=False",10.57666666666667,66.26500000000003,valid,,100,"uniform natural log(kbps), inclusive endpoints",-0.0010678613363103147,0.71,False,False,preserve measured local shape; no sorting of metric values or smoothing,lower_is_better,none,virat480,random__VIRAT_S_010200_02_000349_000398__480p,4
v62,vimeo_only,FloLPIPS,natural log(kbps),"PCHIP, extrapolate=False",10.57666666666667,66.26500000000003,valid,,100,"uniform natural log(kbps), inclusive endpoints",-0.0020580644988562736,0.83,True,True,preserve measured local shape; no sorting of metric values or smoothing,lower_is_better,none,virat480,random__VIRAT_S_010200_02_000349_000398__480p,4
v62,vimeo_only,PSNR,natural log(kbps),"PCHIP, extrapolate=False",10.57666666666667,66.26500000000003,valid,,100,"uniform natural log(kbps), inclusive endpoints",0.1749199440219329,1.0,True,True,preserve measured local shape; no sorting of metric values or smoothing,higher_is_better,negative metric passed to unchanged lower-distortion comparator; reported equal-rate delta restored to original units,virat480,random__VIRAT_S_010200_02_000349_000398__480p,4
v62,vimeo_only,SSIM,natural log(kbps),"PCHIP, extrapolate=False",10.57666666666667,66.26500000000003,valid,,100,"uniform natural log(kbps), inclusive endpoints",0.0013142391425119116,1.0,True,True,preserve measured local shape; no sorting of metric values or smoothing,higher_is_better,negative metric passed to unchanged lower-distortion comparator; reported equal-rate delta restored to original units,virat480,random__VIRAT_S_010200_02_000349_000398__480p,4
v62,vimeo_only,MS_SSIM,natural log(kbps),"PCHIP, extrapolate=False",10.57666666666667,66.26500000000003,valid,,100,"uniform natural log(kbps), inclusive endpoints",0.00022539331491277736,0.34,True,True,preserve measured local shape; no sorting of metric values or smoothing,higher_is_better,negative metric passed to unchanged lower-distortion comparator; reported equal-rate delta restored to original units,virat480,random__VIRAT_S_010200_02_000349_000398__480p,4
original,mixed_50_50,LPIPS,natural log(kbps),"PCHIP, extrapolate=False",11.101666666666667,67.04500000000002,valid,,100,"uniform natural log(kbps), inclusive endpoints",-0.011717901802728631,1.0,True,True,preserve measured local shape; no sorting of metric values or smoothing,lower_is_better,none,virat480,random__VIRAT_S_010200_02_000349_000398__480p,4
original,mixed_50_50,DISTS,natural log(kbps),"PCHIP, extrapolate=False",11.101666666666667,67.04500000000002,valid,,100,"uniform natural log(kbps), inclusive endpoints",0.007457971205856979,0.0,False,False,preserve measured local shape; no sorting of metric values or smoothing,lower_is_better,none,virat480,random__VIRAT_S_010200_02_000349_000398__480p,4
original,mixed_50_50,FloLPIPS,natural log(kbps),"PCHIP, extrapolate=False",11.101666666666667,67.04500000000002,valid,,100,"uniform natural log(kbps), inclusive endpoints",-0.012145175275412888,1.0,True,True,preserve measured local shape; no sorting of metric values or smoothing,lower_is_better,none,virat480,random__VIRAT_S_010200_02_000349_000398__480p,4
original,mixed_50_50,PSNR,natural log(kbps),"PCHIP, extrapolate=False",11.101666666666667,67.04500000000002,valid,,100,"uniform natural log(kbps), inclusive endpoints",-0.46717979846773744,0.0,True,True,preserve measured local shape; no sorting of metric values or smoothing,higher_is_better,negative metric passed to unchanged lower-distortion comparator; reported equal-rate delta restored to original units,virat480,random__VIRAT_S_010200_02_000349_000398__480p,4
original,mixed_50_50,SSIM,natural log(kbps),"PCHIP, extrapolate=False",11.101666666666667,67.04500000000002,valid,,100,"uniform natural log(kbps), inclusive endpoints",-0.0029078507965415524,0.0,True,True,preserve measured local shape; no sorting of metric values or smoothing,higher_is_better,negative metric passed to unchanged lower-distortion comparator; reported equal-rate delta restored to original units,virat480,random__VIRAT_S_010200_02_000349_000398__480p,4
original,mixed_50_50,MS_SSIM,natural log(kbps),"PCHIP, extrapolate=False",11.101666666666667,67.04500000000002,valid,,100,"uniform natural log(kbps), inclusive endpoints",-0.011725596061958866,0.0,True,True,preserve measured local shape; no sorting of metric values or smoothing,higher_is_better,negative metric passed to unchanged lower-distortion comparator; reported equal-rate delta restored to original units,virat480,random__VIRAT_S_010200_02_000349_000398__480p,4
v62,mixed_50_50,LPIPS,natural log(kbps),"PCHIP, extrapolate=False",10.456666666666669,66.26500000000003,valid,,100,"uniform natural log(kbps), inclusive endpoints",0.00073836506458701,0.27,True,True,preserve measured local shape; no sorting of metric values or smoothing,lower_is_better,none,virat480,random__VIRAT_S_010200_02_000349_000398__480p,4
v62,mixed_50_50,DISTS,natural log(kbps),"PCHIP, extrapolate=False",10.456666666666669,66.26500000000003,valid,,100,"uniform natural log(kbps), inclusive endpoints",-0.0025791638747535667,1.0,False,False,preserve measured local shape; no sorting of metric values or smoothing,lower_is_better,none,virat480,random__VIRAT_S_010200_02_000349_000398__480p,4
v62,mixed_50_50,FloLPIPS,natural log(kbps),"PCHIP, extrapolate=False",10.456666666666669,66.26500000000003,valid,,100,"uniform natural log(kbps), inclusive endpoints",0.00039389184226381447,0.26,True,True,preserve measured local shape; no sorting of metric values or smoothing,lower_is_better,none,virat480,random__VIRAT_S_010200_02_000349_000398__480p,4
v62,mixed_50_50,PSNR,natural log(kbps),"PCHIP, extrapolate=False",10.456666666666669,66.26500000000003,valid,,100,"uniform natural log(kbps), inclusive endpoints",-0.09065420224745324,0.14,True,True,preserve measured local shape; no sorting of metric values or smoothing,higher_is_better,negative metric passed to unchanged lower-distortion comparator; reported equal-rate delta restored to original units,virat480,random__VIRAT_S_010200_02_000349_000398__480p,4
v62,mixed_50_50,SSIM,natural log(kbps),"PCHIP, extrapolate=False",10.456666666666669,66.26500000000003,valid,,100,"uniform natural log(kbps), inclusive endpoints",-0.0004357263755775931,0.14,True,True,preserve measured local shape; no sorting of metric values or smoothing,higher_is_better,negative metric passed to unchanged lower-distortion comparator; reported equal-rate delta restored to original units,virat480,random__VIRAT_S_010200_02_000349_000398__480p,4
v62,mixed_50_50,MS_SSIM,natural log(kbps),"PCHIP, extrapolate=False",10.456666666666669,66.26500000000003,valid,,100,"uniform natural log(kbps), inclusive endpoints",-0.0018449375923072643,0.0,True,True,preserve measured local shape; no sorting of metric values or smoothing,higher_is_better,negative metric passed to unchanged lower-distortion comparator; reported equal-rate delta restored to original units,virat480,random__VIRAT_S_010200_02_000349_000398__480p,4
original,ulong_only,LPIPS,natural log(kbps),"PCHIP, extrapolate=False",19.456969696969693,99.51999999999998,valid,,100,"uniform natural log(kbps), inclusive endpoints",-0.008548393595759894,1.0,True,True,preserve measured local shape; no sorting of metric values or smoothing,lower_is_better,none,virat480,specified__VIRAT_S_010200_03_000470_000567_17fps_gop_000000__480p,5
original,ulong_only,DISTS,natural log(kbps),"PCHIP, extrapolate=False",19.456969696969693,99.51999999999998,valid,,100,"uniform natural log(kbps), inclusive endpoints",0.0016429872631550258,0.13,True,True,preserve measured local shape; no sorting of metric values or smoothing,lower_is_better,none,virat480,specified__VIRAT_S_010200_03_000470_000567_17fps_gop_000000__480p,5
original,ulong_only,FloLPIPS,natural log(kbps),"PCHIP, extrapolate=False",19.456969696969693,99.51999999999998,valid,,100,"uniform natural log(kbps), inclusive endpoints",-0.00951191890810671,1.0,True,True,preserve measured local shape; no sorting of metric values or smoothing,lower_is_better,none,virat480,specified__VIRAT_S_010200_03_000470_000567_17fps_gop_000000__480p,5
original,ulong_only,PSNR,natural log(kbps),"PCHIP, extrapolate=False",19.456969696969693,99.51999999999998,valid,,100,"uniform natural log(kbps), inclusive endpoints",-0.6855038175747384,0.0,True,True,preserve measured local shape; no sorting of metric values or smoothing,higher_is_better,negative metric passed to unchanged lower-distortion comparator; reported equal-rate delta restored to original units,virat480,specified__VIRAT_S_010200_03_000470_000567_17fps_gop_000000__480p,5
original,ulong_only,SSIM,natural log(kbps),"PCHIP, extrapolate=False",19.456969696969693,99.51999999999998,valid,,100,"uniform natural log(kbps), inclusive endpoints",-0.0049915605018722616,0.0,True,True,preserve measured local shape; no sorting of metric values or smoothing,higher_is_better,negative metric passed to unchanged lower-distortion comparator; reported equal-rate delta restored to original units,virat480,specified__VIRAT_S_010200_03_000470_000567_17fps_gop_000000__480p,5
original,ulong_only,MS_SSIM,natural log(kbps),"PCHIP, extrapolate=False",19.456969696969693,99.51999999999998,valid,,100,"uniform natural log(kbps), inclusive endpoints",-0.010794267319732556,0.0,True,True,preserve measured local shape; no sorting of metric values or smoothing,higher_is_better,negative metric passed to unchanged lower-distortion comparator; reported equal-rate delta restored to original units,virat480,specified__VIRAT_S_010200_03_000470_000567_17fps_gop_000000__480p,5
v62,ulong_only,LPIPS,natural log(kbps),"PCHIP, extrapolate=False",19.18545454545454,99.05939393939393,valid,,100,"uniform natural log(kbps), inclusive endpoints",0.002819105392236807,0.01,True,True,preserve measured local shape; no sorting of metric values or smoothing,lower_is_better,none,virat480,specified__VIRAT_S_010200_03_000470_000567_17fps_gop_000000__480p,5
v62,ulong_only,DISTS,natural log(kbps),"PCHIP, extrapolate=False",19.18545454545454,99.05939393939393,valid,,100,"uniform natural log(kbps), inclusive endpoints",0.0014435489397522485,0.13,False,True,preserve measured local shape; no sorting of metric values or smoothing,lower_is_better,none,virat480,specified__VIRAT_S_010200_03_000470_000567_17fps_gop_000000__480p,5
v62,ulong_only,FloLPIPS,natural log(kbps),"PCHIP, extrapolate=False",19.18545454545454,99.05939393939393,valid,,100,"uniform natural log(kbps), inclusive endpoints",0.002253868535402706,0.09,True,True,preserve measured local shape; no sorting of metric values or smoothing,lower_is_better,none,virat480,specified__VIRAT_S_010200_03_000470_000567_17fps_gop_000000__480p,5
v62,ulong_only,PSNR,natural log(kbps),"PCHIP, extrapolate=False",19.18545454545454,99.05939393939393,valid,,100,"uniform natural log(kbps), inclusive endpoints",-0.18758358277115122,0.0,True,True,preserve measured local shape; no sorting of metric values or smoothing,higher_is_better,negative metric passed to unchanged lower-distortion comparator; reported equal-rate delta restored to original units,virat480,specified__VIRAT_S_010200_03_000470_000567_17fps_gop_000000__480p,5
v62,ulong_only,SSIM,natural log(kbps),"PCHIP, extrapolate=False",19.18545454545454,99.05939393939393,valid,,100,"uniform natural log(kbps), inclusive endpoints",-0.0011841737906283533,0.0,True,True,preserve measured local shape; no sorting of metric values or smoothing,higher_is_better,negative metric passed to unchanged lower-distortion comparator; reported equal-rate delta restored to original units,virat480,specified__VIRAT_S_010200_03_000470_000567_17fps_gop_000000__480p,5
v62,ulong_only,MS_SSIM,natural log(kbps),"PCHIP, extrapolate=False",19.18545454545454,99.05939393939393,valid,,100,"uniform natural log(kbps), inclusive endpoints",-0.0014986757417584672,0.0,True,True,preserve measured local shape; no sorting of metric values or smoothing,higher_is_better,negative metric passed to unchanged lower-distortion comparator; reported equal-rate delta restored to original units,virat480,specified__VIRAT_S_010200_03_000470_000567_17fps_gop_000000__480p,5
original,vimeo_only,LPIPS,natural log(kbps),"PCHIP, extrapolate=False",19.456969696969693,100.82909090909088,valid,,100,"uniform natural log(kbps), inclusive endpoints",-0.013490293918150053,1.0,True,True,preserve measured local shape; no sorting of metric values or smoothing,lower_is_better,none,virat480,specified__VIRAT_S_010200_03_000470_000567_17fps_gop_000000__480p,5
original,vimeo_only,DISTS,natural log(kbps),"PCHIP, extrapolate=False",19.456969696969693,100.82909090909088,valid,,100,"uniform natural log(kbps), inclusive endpoints",0.001328819464385078,0.07,True,True,preserve measured local shape; no sorting of metric values or smoothing,lower_is_better,none,virat480,specified__VIRAT_S_010200_03_000470_000567_17fps_gop_000000__480p,5
original,vimeo_only,FloLPIPS,natural log(kbps),"PCHIP, extrapolate=False",19.456969696969693,100.82909090909088,valid,,100,"uniform natural log(kbps), inclusive endpoints",-0.014885046193298865,1.0,True,True,preserve measured local shape; no sorting of metric values or smoothing,lower_is_better,none,virat480,specified__VIRAT_S_010200_03_000470_000567_17fps_gop_000000__480p,5
original,vimeo_only,PSNR,natural log(kbps),"PCHIP, extrapolate=False",19.456969696969693,100.82909090909088,valid,,100,"uniform natural log(kbps), inclusive endpoints",-0.24261121715319703,0.0,True,True,preserve measured local shape; no sorting of metric values or smoothing,higher_is_better,negative metric passed to unchanged lower-distortion comparator; reported equal-rate delta restored to original units,virat480,specified__VIRAT_S_010200_03_000470_000567_17fps_gop_000000__480p,5
original,vimeo_only,SSIM,natural log(kbps),"PCHIP, extrapolate=False",19.456969696969693,100.82909090909088,valid,,100,"uniform natural log(kbps), inclusive endpoints",-0.0019173482412977482,0.0,True,True,preserve measured local shape; no sorting of metric values or smoothing,higher_is_better,negative metric passed to unchanged lower-distortion comparator; reported equal-rate delta restored to original units,virat480,specified__VIRAT_S_010200_03_000470_000567_17fps_gop_000000__480p,5
original,vimeo_only,MS_SSIM,natural log(kbps),"PCHIP, extrapolate=False",19.456969696969693,100.82909090909088,valid,,100,"uniform natural log(kbps), inclusive endpoints",-0.008838565700932024,0.0,True,True,preserve measured local shape; no sorting of metric values or smoothing,higher_is_better,negative metric passed to unchanged lower-distortion comparator; reported equal-rate delta restored to original units,virat480,specified__VIRAT_S_010200_03_000470_000567_17fps_gop_000000__480p,5
v62,vimeo_only,LPIPS,natural log(kbps),"PCHIP, extrapolate=False",19.18545454545454,99.05939393939393,valid,,100,"uniform natural log(kbps), inclusive endpoints",-0.0021324013529560107,1.0,True,True,preserve measured local shape; no sorting of metric values or smoothing,lower_is_better,none,virat480,specified__VIRAT_S_010200_03_000470_000567_17fps_gop_000000__480p,5
v62,vimeo_only,DISTS,natural log(kbps),"PCHIP, extrapolate=False",19.18545454545454,99.05939393939393,valid,,100,"uniform natural log(kbps), inclusive endpoints",0.00110195896498224,0.26,False,True,preserve measured local shape; no sorting of metric values or smoothing,lower_is_better,none,virat480,specified__VIRAT_S_010200_03_000470_000567_17fps_gop_000000__480p,5
v62,vimeo_only,FloLPIPS,natural log(kbps),"PCHIP, extrapolate=False",19.18545454545454,99.05939393939393,valid,,100,"uniform natural log(kbps), inclusive endpoints",-0.0030744102920692963,0.85,True,True,preserve measured local shape; no sorting of metric values or smoothing,lower_is_better,none,virat480,specified__VIRAT_S_010200_03_000470_000567_17fps_gop_000000__480p,5
v62,vimeo_only,PSNR,natural log(kbps),"PCHIP, extrapolate=False",19.18545454545454,99.05939393939393,valid,,100,"uniform natural log(kbps), inclusive endpoints",0.2556672405377364,1.0,True,True,preserve measured local shape; no sorting of metric values or smoothing,higher_is_better,negative metric passed to unchanged lower-distortion comparator; reported equal-rate delta restored to original units,virat480,specified__VIRAT_S_010200_03_000470_000567_17fps_gop_000000__480p,5
v62,vimeo_only,SSIM,natural log(kbps),"PCHIP, extrapolate=False",19.18545454545454,99.05939393939393,valid,,100,"uniform natural log(kbps), inclusive endpoints",0.0018991539088375675,1.0,True,True,preserve measured local shape; no sorting of metric values or smoothing,higher_is_better,negative metric passed to unchanged lower-distortion comparator; reported equal-rate delta restored to original units,virat480,specified__VIRAT_S_010200_03_000470_000567_17fps_gop_000000__480p,5
v62,vimeo_only,MS_SSIM,natural log(kbps),"PCHIP, extrapolate=False",19.18545454545454,99.05939393939393,valid,,100,"uniform natural log(kbps), inclusive endpoints",0.00045981241761937185,0.79,True,True,preserve measured local shape; no sorting of metric values or smoothing,higher_is_better,negative metric passed to unchanged lower-distortion comparator; reported equal-rate delta restored to original units,virat480,specified__VIRAT_S_010200_03_000470_000567_17fps_gop_000000__480p,5
original,mixed_50_50,LPIPS,natural log(kbps),"PCHIP, extrapolate=False",19.456969696969693,99.97090909090907,valid,,100,"uniform natural log(kbps), inclusive endpoints",-0.010755899451016113,1.0,True,True,preserve measured local shape; no sorting of metric values or smoothing,lower_is_better,none,virat480,specified__VIRAT_S_010200_03_000470_000567_17fps_gop_000000__480p,5
original,mixed_50_50,DISTS,natural log(kbps),"PCHIP, extrapolate=False",19.456969696969693,99.97090909090907,valid,,100,"uniform natural log(kbps), inclusive endpoints",0.000911213569338363,0.32,True,True,preserve measured local shape; no sorting of metric values or smoothing,lower_is_better,none,virat480,specified__VIRAT_S_010200_03_000470_000567_17fps_gop_000000__480p,5
original,mixed_50_50,FloLPIPS,natural log(kbps),"PCHIP, extrapolate=False",19.456969696969693,99.97090909090907,valid,,100,"uniform natural log(kbps), inclusive endpoints",-0.01263489685527857,1.0,True,True,preserve measured local shape; no sorting of metric values or smoothing,lower_is_better,none,virat480,specified__VIRAT_S_010200_03_000470_000567_17fps_gop_000000__480p,5
original,mixed_50_50,PSNR,natural log(kbps),"PCHIP, extrapolate=False",19.456969696969693,99.97090909090907,valid,,100,"uniform natural log(kbps), inclusive endpoints",-0.5176176113971901,0.0,True,True,preserve measured local shape; no sorting of metric values or smoothing,higher_is_better,negative metric passed to unchanged lower-distortion comparator; reported equal-rate delta restored to original units,virat480,specified__VIRAT_S_010200_03_000470_000567_17fps_gop_000000__480p,5
original,mixed_50_50,SSIM,natural log(kbps),"PCHIP, extrapolate=False",19.456969696969693,99.97090909090907,valid,,100,"uniform natural log(kbps), inclusive endpoints",-0.0037152279776904817,0.0,True,True,preserve measured local shape; no sorting of metric values or smoothing,higher_is_better,negative metric passed to unchanged lower-distortion comparator; reported equal-rate delta restored to original units,virat480,specified__VIRAT_S_010200_03_000470_000567_17fps_gop_000000__480p,5
original,mixed_50_50,MS_SSIM,natural log(kbps),"PCHIP, extrapolate=False",19.456969696969693,99.97090909090907,valid,,100,"uniform natural log(kbps), inclusive endpoints",-0.010159154292266303,0.0,True,True,preserve measured local shape; no sorting of metric values or smoothing,higher_is_better,negative metric passed to unchanged lower-distortion comparator; reported equal-rate delta restored to original units,virat480,specified__VIRAT_S_010200_03_000470_000567_17fps_gop_000000__480p,5
v62,mixed_50_50,LPIPS,natural log(kbps),"PCHIP, extrapolate=False",19.18545454545454,99.05939393939393,valid,,100,"uniform natural log(kbps), inclusive endpoints",0.0006097518082460179,0.12,True,True,preserve measured local shape; no sorting of metric values or smoothing,lower_is_better,none,virat480,specified__VIRAT_S_010200_03_000470_000567_17fps_gop_000000__480p,5
v62,mixed_50_50,DISTS,natural log(kbps),"PCHIP, extrapolate=False",19.18545454545454,99.05939393939393,valid,,100,"uniform natural log(kbps), inclusive endpoints",0.0007150628798315176,0.35,False,True,preserve measured local shape; no sorting of metric values or smoothing,lower_is_better,none,virat480,specified__VIRAT_S_010200_03_000470_000567_17fps_gop_000000__480p,5
v62,mixed_50_50,FloLPIPS,natural log(kbps),"PCHIP, extrapolate=False",19.18545454545454,99.05939393939393,valid,,100,"uniform natural log(kbps), inclusive endpoints",-0.0008545131215186328,0.65,True,True,preserve measured local shape; no sorting of metric values or smoothing,lower_is_better,none,virat480,specified__VIRAT_S_010200_03_000470_000567_17fps_gop_000000__480p,5
v62,mixed_50_50,PSNR,natural log(kbps),"PCHIP, extrapolate=False",19.18545454545454,99.05939393939393,valid,,100,"uniform natural log(kbps), inclusive endpoints",-0.019632584982666935,0.18,True,True,preserve measured local shape; no sorting of metric values or smoothing,higher_is_better,negative metric passed to unchanged lower-distortion comparator; reported equal-rate delta restored to original units,virat480,specified__VIRAT_S_010200_03_000470_000567_17fps_gop_000000__480p,5
v62,mixed_50_50,SSIM,natural log(kbps),"PCHIP, extrapolate=False",19.18545454545454,99.05939393939393,valid,,100,"uniform natural log(kbps), inclusive endpoints",9.196208319721233e-05,0.67,True,True,preserve measured local shape; no sorting of metric values or smoothing,higher_is_better,negative metric passed to unchanged lower-distortion comparator; reported equal-rate delta restored to original units,virat480,specified__VIRAT_S_010200_03_000470_000567_17fps_gop_000000__480p,5
v62,mixed_50_50,MS_SSIM,natural log(kbps),"PCHIP, extrapolate=False",19.18545454545454,99.05939393939393,valid,,100,"uniform natural log(kbps), inclusive endpoints",-0.0008689347940596881,0.11,True,True,preserve measured local shape; no sorting of metric values or smoothing,higher_is_better,negative metric passed to unchanged lower-distortion comparator; reported equal-rate delta restored to original units,virat480,specified__VIRAT_S_010200_03_000470_000567_17fps_gop_000000__480p,5
original,ulong_only,LPIPS,natural log(kbps),"PCHIP, extrapolate=False",18.676363636363636,99.02545454545458,valid,,100,"uniform natural log(kbps), inclusive endpoints",-0.00949249428284865,1.0,True,True,preserve measured local shape; no sorting of metric values or smoothing,lower_is_better,none,virat480,specified__VIRAT_S_000201_03_000640_000672_17fps_gop_000000__480p,6
original,ulong_only,DISTS,natural log(kbps),"PCHIP, extrapolate=False",18.676363636363636,99.02545454545458,valid,,100,"uniform natural log(kbps), inclusive endpoints",0.00976162447464802,0.0,True,False,preserve measured local shape; no sorting of metric values or smoothing,lower_is_better,none,virat480,specified__VIRAT_S_000201_03_000640_000672_17fps_gop_000000__480p,6
original,ulong_only,FloLPIPS,natural log(kbps),"PCHIP, extrapolate=False",18.676363636363636,99.02545454545458,valid,,100,"uniform natural log(kbps), inclusive endpoints",-0.007992277025725674,1.0,True,True,preserve measured local shape; no sorting of metric values or smoothing,lower_is_better,none,virat480,specified__VIRAT_S_000201_03_000640_000672_17fps_gop_000000__480p,6
original,ulong_only,PSNR,natural log(kbps),"PCHIP, extrapolate=False",18.676363636363636,99.02545454545458,valid,,100,"uniform natural log(kbps), inclusive endpoints",-0.705513055037037,0.0,True,True,preserve measured local shape; no sorting of metric values or smoothing,higher_is_better,negative metric passed to unchanged lower-distortion comparator; reported equal-rate delta restored to original units,virat480,specified__VIRAT_S_000201_03_000640_000672_17fps_gop_000000__480p,6
original,ulong_only,SSIM,natural log(kbps),"PCHIP, extrapolate=False",18.676363636363636,99.02545454545458,valid,,100,"uniform natural log(kbps), inclusive endpoints",-0.007886761224400803,0.0,True,True,preserve measured local shape; no sorting of metric values or smoothing,higher_is_better,negative metric passed to unchanged lower-distortion comparator; reported equal-rate delta restored to original units,virat480,specified__VIRAT_S_000201_03_000640_000672_17fps_gop_000000__480p,6
original,ulong_only,MS_SSIM,natural log(kbps),"PCHIP, extrapolate=False",18.676363636363636,99.02545454545458,valid,,100,"uniform natural log(kbps), inclusive endpoints",-0.01647771509702059,0.0,True,True,preserve measured local shape; no sorting of metric values or smoothing,higher_is_better,negative metric passed to unchanged lower-distortion comparator; reported equal-rate delta restored to original units,virat480,specified__VIRAT_S_000201_03_000640_000672_17fps_gop_000000__480p,6
v62,ulong_only,LPIPS,natural log(kbps),"PCHIP, extrapolate=False",18.453333333333333,98.8024242424242,valid,,100,"uniform natural log(kbps), inclusive endpoints",0.001293325958280564,0.14,True,True,preserve measured local shape; no sorting of metric values or smoothing,lower_is_better,none,virat480,specified__VIRAT_S_000201_03_000640_000672_17fps_gop_000000__480p,6
v62,ulong_only,DISTS,natural log(kbps),"PCHIP, extrapolate=False",18.453333333333333,98.8024242424242,valid,,100,"uniform natural log(kbps), inclusive endpoints",4.734906109913617e-05,0.53,False,False,preserve measured local shape; no sorting of metric values or smoothing,lower_is_better,none,virat480,specified__VIRAT_S_000201_03_000640_000672_17fps_gop_000000__480p,6
v62,ulong_only,FloLPIPS,natural log(kbps),"PCHIP, extrapolate=False",18.453333333333333,98.8024242424242,valid,,100,"uniform natural log(kbps), inclusive endpoints",0.002182311835616461,0.04,True,True,preserve measured local shape; no sorting of metric values or smoothing,lower_is_better,none,virat480,specified__VIRAT_S_000201_03_000640_000672_17fps_gop_000000__480p,6
v62,ulong_only,PSNR,natural log(kbps),"PCHIP, extrapolate=False",18.453333333333333,98.8024242424242,valid,,100,"uniform natural log(kbps), inclusive endpoints",-0.19880197288096643,0.0,True,True,preserve measured local shape; no sorting of metric values or smoothing,higher_is_better,negative metric passed to unchanged lower-distortion comparator; reported equal-rate delta restored to original units,virat480,specified__VIRAT_S_000201_03_000640_000672_17fps_gop_000000__480p,6
v62,ulong_only,SSIM,natural log(kbps),"PCHIP, extrapolate=False",18.453333333333333,98.8024242424242,valid,,100,"uniform natural log(kbps), inclusive endpoints",-0.0015632373247690845,0.0,True,True,preserve measured local shape; no sorting of metric values or smoothing,higher_is_better,negative metric passed to unchanged lower-distortion comparator; reported equal-rate delta restored to original units,virat480,specified__VIRAT_S_000201_03_000640_000672_17fps_gop_000000__480p,6
v62,ulong_only,MS_SSIM,natural log(kbps),"PCHIP, extrapolate=False",18.453333333333333,98.8024242424242,valid,,100,"uniform natural log(kbps), inclusive endpoints",-0.0006829049251747743,0.4,True,True,preserve measured local shape; no sorting of metric values or smoothing,higher_is_better,negative metric passed to unchanged lower-distortion comparator; reported equal-rate delta restored to original units,virat480,specified__VIRAT_S_000201_03_000640_000672_17fps_gop_000000__480p,6
original,vimeo_only,LPIPS,natural log(kbps),"PCHIP, extrapolate=False",18.676363636363636,99.98060606060604,valid,,100,"uniform natural log(kbps), inclusive endpoints",-0.012721328385815406,1.0,True,True,preserve measured local shape; no sorting of metric values or smoothing,lower_is_better,none,virat480,specified__VIRAT_S_000201_03_000640_000672_17fps_gop_000000__480p,6
original,vimeo_only,DISTS,natural log(kbps),"PCHIP, extrapolate=False",18.676363636363636,99.98060606060604,valid,,100,"uniform natural log(kbps), inclusive endpoints",0.011887003257898543,0.0,True,False,preserve measured local shape; no sorting of metric values or smoothing,lower_is_better,none,virat480,specified__VIRAT_S_000201_03_000640_000672_17fps_gop_000000__480p,6
original,vimeo_only,FloLPIPS,natural log(kbps),"PCHIP, extrapolate=False",18.676363636363636,99.98060606060604,valid,,100,"uniform natural log(kbps), inclusive endpoints",-0.012034909526823036,1.0,True,True,preserve measured local shape; no sorting of metric values or smoothing,lower_is_better,none,virat480,specified__VIRAT_S_000201_03_000640_000672_17fps_gop_000000__480p,6
original,vimeo_only,PSNR,natural log(kbps),"PCHIP, extrapolate=False",18.676363636363636,99.98060606060604,valid,,100,"uniform natural log(kbps), inclusive endpoints",-0.38546789693654687,0.0,True,True,preserve measured local shape; no sorting of metric values or smoothing,higher_is_better,negative metric passed to unchanged lower-distortion comparator; reported equal-rate delta restored to original units,virat480,specified__VIRAT_S_000201_03_000640_000672_17fps_gop_000000__480p,6
original,vimeo_only,SSIM,natural log(kbps),"PCHIP, extrapolate=False",18.676363636363636,99.98060606060604,valid,,100,"uniform natural log(kbps), inclusive endpoints",-0.004884552911187195,0.0,True,True,preserve measured local shape; no sorting of metric values or smoothing,higher_is_better,negative metric passed to unchanged lower-distortion comparator; reported equal-rate delta restored to original units,virat480,specified__VIRAT_S_000201_03_000640_000672_17fps_gop_000000__480p,6
original,vimeo_only,MS_SSIM,natural log(kbps),"PCHIP, extrapolate=False",18.676363636363636,99.98060606060604,valid,,100,"uniform natural log(kbps), inclusive endpoints",-0.016490118277772803,0.0,True,True,preserve measured local shape; no sorting of metric values or smoothing,higher_is_better,negative metric passed to unchanged lower-distortion comparator; reported equal-rate delta restored to original units,virat480,specified__VIRAT_S_000201_03_000640_000672_17fps_gop_000000__480p,6
v62,vimeo_only,LPIPS,natural log(kbps),"PCHIP, extrapolate=False",18.453333333333333,98.8024242424242,valid,,100,"uniform natural log(kbps), inclusive endpoints",-0.001955719130912394,0.82,True,True,preserve measured local shape; no sorting of metric values or smoothing,lower_is_better,none,virat480,specified__VIRAT_S_000201_03_000640_000672_17fps_gop_000000__480p,6
v62,vimeo_only,DISTS,natural log(kbps),"PCHIP, extrapolate=False",18.453333333333333,98.8024242424242,valid,,100,"uniform natural log(kbps), inclusive endpoints",0.0020628401810564734,0.15,False,False,preserve measured local shape; no sorting of metric values or smoothing,lower_is_better,none,virat480,specified__VIRAT_S_000201_03_000640_000672_17fps_gop_000000__480p,6
v62,vimeo_only,FloLPIPS,natural log(kbps),"PCHIP, extrapolate=False",18.453333333333333,98.8024242424242,valid,,100,"uniform natural log(kbps), inclusive endpoints",-0.0018433678057597465,0.79,True,True,preserve measured local shape; no sorting of metric values or smoothing,lower_is_better,none,virat480,specified__VIRAT_S_000201_03_000640_000672_17fps_gop_000000__480p,6
v62,vimeo_only,PSNR,natural log(kbps),"PCHIP, extrapolate=False",18.453333333333333,98.8024242424242,valid,,100,"uniform natural log(kbps), inclusive endpoints",0.1212980851485603,1.0,True,True,preserve measured local shape; no sorting of metric values or smoothing,higher_is_better,negative metric passed to unchanged lower-distortion comparator; reported equal-rate delta restored to original units,virat480,specified__VIRAT_S_000201_03_000640_000672_17fps_gop_000000__480p,6
v62,vimeo_only,SSIM,natural log(kbps),"PCHIP, extrapolate=False",18.453333333333333,98.8024242424242,valid,,100,"uniform natural log(kbps), inclusive endpoints",0.001444438197774891,0.92,True,True,preserve measured local shape; no sorting of metric values or smoothing,higher_is_better,negative metric passed to unchanged lower-distortion comparator; reported equal-rate delta restored to original units,virat480,specified__VIRAT_S_000201_03_000640_000672_17fps_gop_000000__480p,6
v62,vimeo_only,MS_SSIM,natural log(kbps),"PCHIP, extrapolate=False",18.453333333333333,98.8024242424242,valid,,100,"uniform natural log(kbps), inclusive endpoints",-0.0007196663018394367,0.43,True,True,preserve measured local shape; no sorting of metric values or smoothing,higher_is_better,negative metric passed to unchanged lower-distortion comparator; reported equal-rate delta restored to original units,virat480,specified__VIRAT_S_000201_03_000640_000672_17fps_gop_000000__480p,6
original,mixed_50_50,LPIPS,natural log(kbps),"PCHIP, extrapolate=False",18.676363636363636,99.81575757575759,valid,,100,"uniform natural log(kbps), inclusive endpoints",-0.011913304868002697,1.0,True,True,preserve measured local shape; no sorting of metric values or smoothing,lower_is_better,none,virat480,specified__VIRAT_S_000201_03_000640_000672_17fps_gop_000000__480p,6
original,mixed_50_50,DISTS,natural log(kbps),"PCHIP, extrapolate=False",18.676363636363636,99.81575757575759,valid,,100,"uniform natural log(kbps), inclusive endpoints",0.008179474207737472,0.0,True,False,preserve measured local shape; no sorting of metric values or smoothing,lower_is_better,none,virat480,specified__VIRAT_S_000201_03_000640_000672_17fps_gop_000000__480p,6
original,mixed_50_50,FloLPIPS,natural log(kbps),"PCHIP, extrapolate=False",18.676363636363636,99.81575757575759,valid,,100,"uniform natural log(kbps), inclusive endpoints",-0.011242746018559053,1.0,True,True,preserve measured local shape; no sorting of metric values or smoothing,lower_is_better,none,virat480,specified__VIRAT_S_000201_03_000640_000672_17fps_gop_000000__480p,6
original,mixed_50_50,PSNR,natural log(kbps),"PCHIP, extrapolate=False",18.676363636363636,99.81575757575759,valid,,100,"uniform natural log(kbps), inclusive endpoints",-0.6120868241230939,0.0,True,True,preserve measured local shape; no sorting of metric values or smoothing,higher_is_better,negative metric passed to unchanged lower-distortion comparator; reported equal-rate delta restored to original units,virat480,specified__VIRAT_S_000201_03_000640_000672_17fps_gop_000000__480p,6
original,mixed_50_50,SSIM,natural log(kbps),"PCHIP, extrapolate=False",18.676363636363636,99.81575757575759,valid,,100,"uniform natural log(kbps), inclusive endpoints",-0.007058119645063763,0.0,True,True,preserve measured local shape; no sorting of metric values or smoothing,higher_is_better,negative metric passed to unchanged lower-distortion comparator; reported equal-rate delta restored to original units,virat480,specified__VIRAT_S_000201_03_000640_000672_17fps_gop_000000__480p,6
original,mixed_50_50,MS_SSIM,natural log(kbps),"PCHIP, extrapolate=False",18.676363636363636,99.81575757575759,valid,,100,"uniform natural log(kbps), inclusive endpoints",-0.018066850773046123,0.0,True,True,preserve measured local shape; no sorting of metric values or smoothing,higher_is_better,negative metric passed to unchanged lower-distortion comparator; reported equal-rate delta restored to original units,virat480,specified__VIRAT_S_000201_03_000640_000672_17fps_gop_000000__480p,6
v62,mixed_50_50,LPIPS,natural log(kbps),"PCHIP, extrapolate=False",18.453333333333333,98.8024242424242,valid,,100,"uniform natural log(kbps), inclusive endpoints",-0.001146417395879535,0.74,True,True,preserve measured local shape; no sorting of metric values or smoothing,lower_is_better,none,virat480,specified__VIRAT_S_000201_03_000640_000672_17fps_gop_000000__480p,6
v62,mixed_50_50,DISTS,natural log(kbps),"PCHIP, extrapolate=False",18.453333333333333,98.8024242424242,valid,,100,"uniform natural log(kbps), inclusive endpoints",-0.0016239531806360333,0.86,False,False,preserve measured local shape; no sorting of metric values or smoothing,lower_is_better,none,virat480,specified__VIRAT_S_000201_03_000640_000672_17fps_gop_000000__480p,6
v62,mixed_50_50,FloLPIPS,natural log(kbps),"PCHIP, extrapolate=False",18.453333333333333,98.8024242424242,valid,,100,"uniform natural log(kbps), inclusive endpoints",-0.001066012202976615,0.87,True,True,preserve measured local shape; no sorting of metric values or smoothing,lower_is_better,none,virat480,specified__VIRAT_S_000201_03_000640_000672_17fps_gop_000000__480p,6
v62,mixed_50_50,PSNR,natural log(kbps),"PCHIP, extrapolate=False",18.453333333333333,98.8024242424242,valid,,100,"uniform natural log(kbps), inclusive endpoints",-0.10455017824826501,0.0,True,True,preserve measured local shape; no sorting of metric values or smoothing,higher_is_better,negative metric passed to unchanged lower-distortion comparator; reported equal-rate delta restored to original units,virat480,specified__VIRAT_S_000201_03_000640_000672_17fps_gop_000000__480p,6
v62,mixed_50_50,SSIM,natural log(kbps),"PCHIP, extrapolate=False",18.453333333333333,98.8024242424242,valid,,100,"uniform natural log(kbps), inclusive endpoints",-0.0007272343822849148,0.07,True,True,preserve measured local shape; no sorting of metric values or smoothing,higher_is_better,negative metric passed to unchanged lower-distortion comparator; reported equal-rate delta restored to original units,virat480,specified__VIRAT_S_000201_03_000640_000672_17fps_gop_000000__480p,6
v62,mixed_50_50,MS_SSIM,natural log(kbps),"PCHIP, extrapolate=False",18.453333333333333,98.8024242424242,valid,,100,"uniform natural log(kbps), inclusive endpoints",-0.0022854076178185747,0.04,True,True,preserve measured local shape; no sorting of metric values or smoothing,higher_is_better,negative metric passed to unchanged lower-distortion comparator; reported equal-rate delta restored to original units,virat480,specified__VIRAT_S_000201_03_000640_000672_17fps_gop_000000__480p,6
original,ulong_only,LPIPS,natural log(kbps),"PCHIP, extrapolate=False",15.524848484848482,79.16121212121215,valid,,100,"uniform natural log(kbps), inclusive endpoints",-0.009437461827304722,1.0,True,True,preserve measured local shape; no sorting of metric values or smoothing,lower_is_better,none,virat480,specified__VIRAT_S_010200_01_000254_000322_17fps_gop_000001__480p,7
original,ulong_only,DISTS,natural log(kbps),"PCHIP, extrapolate=False",15.524848484848482,79.16121212121215,valid,,100,"uniform natural log(kbps), inclusive endpoints",0.007505252649514074,0.0,True,True,preserve measured local shape; no sorting of metric values or smoothing,lower_is_better,none,virat480,specified__VIRAT_S_010200_01_000254_000322_17fps_gop_000001__480p,7
original,ulong_only,FloLPIPS,natural log(kbps),"PCHIP, extrapolate=False",15.524848484848482,79.16121212121215,valid,,100,"uniform natural log(kbps), inclusive endpoints",-0.00969836895590416,1.0,True,True,preserve measured local shape; no sorting of metric values or smoothing,lower_is_better,none,virat480,specified__VIRAT_S_010200_01_000254_000322_17fps_gop_000001__480p,7
original,ulong_only,PSNR,natural log(kbps),"PCHIP, extrapolate=False",15.524848484848482,79.16121212121215,valid,,100,"uniform natural log(kbps), inclusive endpoints",-0.6549998733748049,0.0,True,True,preserve measured local shape; no sorting of metric values or smoothing,higher_is_better,negative metric passed to unchanged lower-distortion comparator; reported equal-rate delta restored to original units,virat480,specified__VIRAT_S_010200_01_000254_000322_17fps_gop_000001__480p,7
original,ulong_only,SSIM,natural log(kbps),"PCHIP, extrapolate=False",15.524848484848482,79.16121212121215,valid,,100,"uniform natural log(kbps), inclusive endpoints",-0.0045963631720337406,0.0,True,True,preserve measured local shape; no sorting of metric values or smoothing,higher_is_better,negative metric passed to unchanged lower-distortion comparator; reported equal-rate delta restored to original units,virat480,specified__VIRAT_S_010200_01_000254_000322_17fps_gop_000001__480p,7
original,ulong_only,MS_SSIM,natural log(kbps),"PCHIP, extrapolate=False",15.524848484848482,79.16121212121215,valid,,100,"uniform natural log(kbps), inclusive endpoints",-0.010826089114621908,0.0,True,True,preserve measured local shape; no sorting of metric values or smoothing,higher_is_better,negative metric passed to unchanged lower-distortion comparator; reported equal-rate delta restored to original units,virat480,specified__VIRAT_S_010200_01_000254_000322_17fps_gop_000001__480p,7
v62,ulong_only,LPIPS,natural log(kbps),"PCHIP, extrapolate=False",14.981818181818182,79.16121212121215,valid,,100,"uniform natural log(kbps), inclusive endpoints",0.0022503005644337903,0.0,True,True,preserve measured local shape; no sorting of metric values or smoothing,lower_is_better,none,virat480,specified__VIRAT_S_010200_01_000254_000322_17fps_gop_000001__480p,7
v62,ulong_only,DISTS,natural log(kbps),"PCHIP, extrapolate=False",14.981818181818182,79.16121212121215,valid,,100,"uniform natural log(kbps), inclusive endpoints",-0.00041290541398457517,0.54,False,True,preserve measured local shape; no sorting of metric values or smoothing,lower_is_better,none,virat480,specified__VIRAT_S_010200_01_000254_000322_17fps_gop_000001__480p,7
v62,ulong_only,FloLPIPS,natural log(kbps),"PCHIP, extrapolate=False",14.981818181818182,79.16121212121215,valid,,100,"uniform natural log(kbps), inclusive endpoints",0.002304797779409697,0.0,True,True,preserve measured local shape; no sorting of metric values or smoothing,lower_is_better,none,virat480,specified__VIRAT_S_010200_01_000254_000322_17fps_gop_000001__480p,7
v62,ulong_only,PSNR,natural log(kbps),"PCHIP, extrapolate=False",14.981818181818182,79.16121212121215,valid,,100,"uniform natural log(kbps), inclusive endpoints",-0.1914782464882078,0.0,True,True,preserve measured local shape; no sorting of metric values or smoothing,higher_is_better,negative metric passed to unchanged lower-distortion comparator; reported equal-rate delta restored to original units,virat480,specified__VIRAT_S_010200_01_000254_000322_17fps_gop_000001__480p,7
v62,ulong_only,SSIM,natural log(kbps),"PCHIP, extrapolate=False",14.981818181818182,79.16121212121215,valid,,100,"uniform natural log(kbps), inclusive endpoints",-0.0010744099923876782,0.0,True,True,preserve measured local shape; no sorting of metric values or smoothing,higher_is_better,negative metric passed to unchanged lower-distortion comparator; reported equal-rate delta restored to original units,virat480,specified__VIRAT_S_010200_01_000254_000322_17fps_gop_000001__480p,7
v62,ulong_only,MS_SSIM,natural log(kbps),"PCHIP, extrapolate=False",14.981818181818182,79.16121212121215,valid,,100,"uniform natural log(kbps), inclusive endpoints",-0.001172984045087857,0.0,True,True,preserve measured local shape; no sorting of metric values or smoothing,higher_is_better,negative metric passed to unchanged lower-distortion comparator; reported equal-rate delta restored to original units,virat480,specified__VIRAT_S_010200_01_000254_000322_17fps_gop_000001__480p,7
original,vimeo_only,LPIPS,natural log(kbps),"PCHIP, extrapolate=False",15.524848484848482,80.1551515151515,valid,,100,"uniform natural log(kbps), inclusive endpoints",-0.013082651659360147,1.0,True,True,preserve measured local shape; no sorting of metric values or smoothing,lower_is_better,none,virat480,specified__VIRAT_S_010200_01_000254_000322_17fps_gop_000001__480p,7
original,vimeo_only,DISTS,natural log(kbps),"PCHIP, extrapolate=False",15.524848484848482,80.1551515151515,valid,,100,"uniform natural log(kbps), inclusive endpoints",0.010109978896641968,0.0,True,True,preserve measured local shape; no sorting of metric values or smoothing,lower_is_better,none,virat480,specified__VIRAT_S_010200_01_000254_000322_17fps_gop_000001__480p,7
original,vimeo_only,FloLPIPS,natural log(kbps),"PCHIP, extrapolate=False",15.524848484848482,80.1551515151515,valid,,100,"uniform natural log(kbps), inclusive endpoints",-0.013953642539283996,1.0,True,True,preserve measured local shape; no sorting of metric values or smoothing,lower_is_better,none,virat480,specified__VIRAT_S_010200_01_000254_000322_17fps_gop_000001__480p,7
original,vimeo_only,PSNR,natural log(kbps),"PCHIP, extrapolate=False",15.524848484848482,80.1551515151515,valid,,100,"uniform natural log(kbps), inclusive endpoints",-0.2529740438663419,0.0,True,True,preserve measured local shape; no sorting of metric values or smoothing,higher_is_better,negative metric passed to unchanged lower-distortion comparator; reported equal-rate delta restored to original units,virat480,specified__VIRAT_S_010200_01_000254_000322_17fps_gop_000001__480p,7
original,vimeo_only,SSIM,natural log(kbps),"PCHIP, extrapolate=False",15.524848484848482,80.1551515151515,valid,,100,"uniform natural log(kbps), inclusive endpoints",-0.0018777057536869379,0.0,True,True,preserve measured local shape; no sorting of metric values or smoothing,higher_is_better,negative metric passed to unchanged lower-distortion comparator; reported equal-rate delta restored to original units,virat480,specified__VIRAT_S_010200_01_000254_000322_17fps_gop_000001__480p,7
original,vimeo_only,MS_SSIM,natural log(kbps),"PCHIP, extrapolate=False",15.524848484848482,80.1551515151515,valid,,100,"uniform natural log(kbps), inclusive endpoints",-0.008985776812646125,0.0,True,True,preserve measured local shape; no sorting of metric values or smoothing,higher_is_better,negative metric passed to unchanged lower-distortion comparator; reported equal-rate delta restored to original units,virat480,specified__VIRAT_S_010200_01_000254_000322_17fps_gop_000001__480p,7
v62,vimeo_only,LPIPS,natural log(kbps),"PCHIP, extrapolate=False",15.088484848484844,79.24363636363634,valid,,100,"uniform natural log(kbps), inclusive endpoints",-0.001454623477031794,0.84,True,True,preserve measured local shape; no sorting of metric values or smoothing,lower_is_better,none,virat480,specified__VIRAT_S_010200_01_000254_000322_17fps_gop_000001__480p,7
v62,vimeo_only,DISTS,natural log(kbps),"PCHIP, extrapolate=False",15.088484848484844,79.24363636363634,valid,,100,"uniform natural log(kbps), inclusive endpoints",0.0021524696881597403,0.22,False,True,preserve measured local shape; no sorting of metric values or smoothing,lower_is_better,none,virat480,specified__VIRAT_S_010200_01_000254_000322_17fps_gop_000001__480p,7
v62,vimeo_only,FloLPIPS,natural log(kbps),"PCHIP, extrapolate=False",15.088484848484844,79.24363636363634,valid,,100,"uniform natural log(kbps), inclusive endpoints",-0.001984735653511276,1.0,True,True,preserve measured local shape; no sorting of metric values or smoothing,lower_is_better,none,virat480,specified__VIRAT_S_010200_01_000254_000322_17fps_gop_000001__480p,7
v62,vimeo_only,PSNR,natural log(kbps),"PCHIP, extrapolate=False",15.088484848484844,79.24363636363634,valid,,100,"uniform natural log(kbps), inclusive endpoints",0.21002997250170036,1.0,True,True,preserve measured local shape; no sorting of metric values or smoothing,higher_is_better,negative metric passed to unchanged lower-distortion comparator; reported equal-rate delta restored to original units,virat480,specified__VIRAT_S_010200_01_000254_000322_17fps_gop_000001__480p,7
v62,vimeo_only,SSIM,natural log(kbps),"PCHIP, extrapolate=False",15.088484848484844,79.24363636363634,valid,,100,"uniform natural log(kbps), inclusive endpoints",0.0016534090490217723,1.0,True,True,preserve measured local shape; no sorting of metric values or smoothing,higher_is_better,negative metric passed to unchanged lower-distortion comparator; reported equal-rate delta restored to original units,virat480,specified__VIRAT_S_010200_01_000254_000322_17fps_gop_000001__480p,7
v62,vimeo_only,MS_SSIM,natural log(kbps),"PCHIP, extrapolate=False",15.088484848484844,79.24363636363634,valid,,100,"uniform natural log(kbps), inclusive endpoints",0.0007102612250075713,0.92,True,True,preserve measured local shape; no sorting of metric values or smoothing,higher_is_better,negative metric passed to unchanged lower-distortion comparator; reported equal-rate delta restored to original units,virat480,specified__VIRAT_S_010200_01_000254_000322_17fps_gop_000001__480p,7
original,mixed_50_50,LPIPS,natural log(kbps),"PCHIP, extrapolate=False",15.524848484848482,80.1018181818182,valid,,100,"uniform natural log(kbps), inclusive endpoints",-0.011133882915394556,1.0,True,True,preserve measured local shape; no sorting of metric values or smoothing,lower_is_better,none,virat480,specified__VIRAT_S_010200_01_000254_000322_17fps_gop_000001__480p,7
original,mixed_50_50,DISTS,natural log(kbps),"PCHIP, extrapolate=False",15.524848484848482,80.1018181818182,valid,,100,"uniform natural log(kbps), inclusive endpoints",0.007046021509348093,0.0,True,False,preserve measured local shape; no sorting of metric values or smoothing,lower_is_better,none,virat480,specified__VIRAT_S_010200_01_000254_000322_17fps_gop_000001__480p,7
original,mixed_50_50,FloLPIPS,natural log(kbps),"PCHIP, extrapolate=False",15.524848484848482,80.1018181818182,valid,,100,"uniform natural log(kbps), inclusive endpoints",-0.011665363947071803,1.0,True,True,preserve measured local shape; no sorting of metric values or smoothing,lower_is_better,none,virat480,specified__VIRAT_S_010200_01_000254_000322_17fps_gop_000001__480p,7
original,mixed_50_50,PSNR,natural log(kbps),"PCHIP, extrapolate=False",15.524848484848482,80.1018181818182,valid,,100,"uniform natural log(kbps), inclusive endpoints",-0.5315740582484318,0.0,True,True,preserve measured local shape; no sorting of metric values or smoothing,higher_is_better,negative metric passed to unchanged lower-distortion comparator; reported equal-rate delta restored to original units,virat480,specified__VIRAT_S_010200_01_000254_000322_17fps_gop_000001__480p,7
original,mixed_50_50,SSIM,natural log(kbps),"PCHIP, extrapolate=False",15.524848484848482,80.1018181818182,valid,,100,"uniform natural log(kbps), inclusive endpoints",-0.0036464268223585627,0.0,True,True,preserve measured local shape; no sorting of metric values or smoothing,higher_is_better,negative metric passed to unchanged lower-distortion comparator; reported equal-rate delta restored to original units,virat480,specified__VIRAT_S_010200_01_000254_000322_17fps_gop_000001__480p,7
original,mixed_50_50,MS_SSIM,natural log(kbps),"PCHIP, extrapolate=False",15.524848484848482,80.1018181818182,valid,,100,"uniform natural log(kbps), inclusive endpoints",-0.010635993241972109,0.0,True,True,preserve measured local shape; no sorting of metric values or smoothing,higher_is_better,negative metric passed to unchanged lower-distortion comparator; reported equal-rate delta restored to original units,virat480,specified__VIRAT_S_010200_01_000254_000322_17fps_gop_000001__480p,7
v62,mixed_50_50,LPIPS,natural log(kbps),"PCHIP, extrapolate=False",14.981818181818182,79.24363636363634,valid,,100,"uniform natural log(kbps), inclusive endpoints",0.00042214913250211315,0.17,True,True,preserve measured local shape; no sorting of metric values or smoothing,lower_is_better,none,virat480,specified__VIRAT_S_010200_01_000254_000322_17fps_gop_000001__480p,7
v62,mixed_50_50,DISTS,natural log(kbps),"PCHIP, extrapolate=False",14.981818181818182,79.24363636363634,valid,,100,"uniform natural log(kbps), inclusive endpoints",-0.0008782347599212003,0.59,False,False,preserve measured local shape; no sorting of metric values or smoothing,lower_is_better,none,virat480,specified__VIRAT_S_010200_01_000254_000322_17fps_gop_000001__480p,7
v62,mixed_50_50,FloLPIPS,natural log(kbps),"PCHIP, extrapolate=False",14.981818181818182,79.24363636363634,valid,,100,"uniform natural log(kbps), inclusive endpoints",0.00024535228450786123,0.29,True,True,preserve measured local shape; no sorting of metric values or smoothing,lower_is_better,none,virat480,specified__VIRAT_S_010200_01_000254_000322_17fps_gop_000001__480p,7
v62,mixed_50_50,PSNR,natural log(kbps),"PCHIP, extrapolate=False",14.981818181818182,79.24363636363634,valid,,100,"uniform natural log(kbps), inclusive endpoints",-0.06526483020358687,0.21,True,True,preserve measured local shape; no sorting of metric values or smoothing,higher_is_better,negative metric passed to unchanged lower-distortion comparator; reported equal-rate delta restored to original units,virat480,specified__VIRAT_S_010200_01_000254_000322_17fps_gop_000001__480p,7
v62,mixed_50_50,SSIM,natural log(kbps),"PCHIP, extrapolate=False",14.981818181818182,79.24363636363634,valid,,100,"uniform natural log(kbps), inclusive endpoints",-0.0001009046942684111,0.35,True,True,preserve measured local shape; no sorting of metric values or smoothing,higher_is_better,negative metric passed to unchanged lower-distortion comparator; reported equal-rate delta restored to original units,virat480,specified__VIRAT_S_010200_01_000254_000322_17fps_gop_000001__480p,7
v62,mixed_50_50,MS_SSIM,natural log(kbps),"PCHIP, extrapolate=False",14.981818181818182,79.24363636363634,valid,,100,"uniform natural log(kbps), inclusive endpoints",-0.0009034497937633046,0.13,True,True,preserve measured local shape; no sorting of metric values or smoothing,higher_is_better,negative metric passed to unchanged lower-distortion comparator; reported equal-rate delta restored to original units,virat480,specified__VIRAT_S_010200_01_000254_000322_17fps_gop_000001__480p,7
