dataset,video,video_id,qp,trajectory_id,is_baseline_path,frame,actual_qp,actual_bytes,MSE,PSNR,SSIM,LPIPS,DISTS
fresh_ulong,fee5d9ad-e77d-44cd-b576-d588d7a0ce9d,0,1,fresh_ulong_00_qp1_BASELINE,True,0,1,5099,0.009795771911740303,20.089613356977736,0.9629908800125122,0.22526639699935913,0.06786137819290161
fresh_ulong,fee5d9ad-e77d-44cd-b576-d588d7a0ce9d,0,1,fresh_ulong_00_qp1_BASELINE,True,1,3,5796,0.006142152938991785,22.116793738692998,0.974795401096344,0.17551560699939728,0.0611228346824646
fresh_ulong,fee5d9ad-e77d-44cd-b576-d588d7a0ce9d,0,1,fresh_ulong_00_qp1_BASELINE,True,2,1,1256,0.005949847865849733,22.254941387868556,0.9745972156524658,0.16906464099884033,0.057341575622558594
fresh_ulong,fee5d9ad-e77d-44cd-b576-d588d7a0ce9d,0,1,fresh_ulong_00_qp1_BASELINE,True,3,2,932,0.006025309208780527,22.200206609155224,0.9730909466743469,0.17123544216156006,0.057445228099823
fresh_ulong,fee5d9ad-e77d-44cd-b576-d588d7a0ce9d,0,1,fresh_ulong_00_qp1_BASELINE,True,4,1,1422,0.00581813370808959,22.352163023364255,0.9714444279670715,0.17919132113456726,0.057444870471954346
fresh_ulong,fee5d9ad-e77d-44cd-b576-d588d7a0ce9d,0,1,fresh_ulong_00_qp1_BASELINE,True,5,2,1405,0.005598277784883976,22.519455557717592,0.970104992389679,0.18050014972686768,0.05904090404510498
fresh_ulong,fee5d9ad-e77d-44cd-b576-d588d7a0ce9d,0,1,fresh_ulong_00_qp1_BASELINE,True,6,1,1166,0.005648292601108551,22.480828134160046,0.9669815897941589,0.18450647592544556,0.059800028800964355
fresh_ulong,fee5d9ad-e77d-44cd-b576-d588d7a0ce9d,0,1,fresh_ulong_00_qp1_BASELINE,True,7,2,953,0.0054695517756044865,22.620482622145698,0.9651564359664917,0.18883861601352692,0.0615006685256958
fresh_ulong,fee5d9ad-e77d-44cd-b576-d588d7a0ce9d,0,1,fresh_ulong_00_qp1_BASELINE,True,8,1,490,0.0056851408444345,22.452587715737813,0.9606779217720032,0.20224282145500183,0.06589102745056152
fresh_ulong,fee5d9ad-e77d-44cd-b576-d588d7a0ce9d,0,1,fresh_ulong_00_qp1_BASELINE,True,9,3,1155,0.0055651580914855,22.54522493991523,0.9578330516815186,0.20724405348300934,0.0664823055267334
fresh_ulong,fee5d9ad-e77d-44cd-b576-d588d7a0ce9d,0,1,fresh_ulong_00_qp1_BASELINE,True,10,1,617,0.005595530848950148,22.521587055907666,0.9536473751068115,0.21615630388259888,0.07201218605041504
fresh_ulong,fee5d9ad-e77d-44cd-b576-d588d7a0ce9d,0,1,fresh_ulong_00_qp1_BASELINE,True,11,2,387,0.005790832918137312,22.372589655065845,0.9482494592666626,0.22306475043296814,0.0727837085723877
fresh_ulong,fee5d9ad-e77d-44cd-b576-d588d7a0ce9d,0,1,fresh_ulong_00_qp1_BASELINE,True,12,1,995,0.005596762988716364,22.520630841727936,0.9461625218391418,0.23224490880966187,0.0769658088684082
fresh_ulong,fee5d9ad-e77d-44cd-b576-d588d7a0ce9d,0,1,fresh_ulong_00_qp1_BASELINE,True,13,2,625,0.005747426766902208,22.405265537573158,0.9409447312355042,0.24308739602565765,0.07769840955734253
fresh_ulong,fee5d9ad-e77d-44cd-b576-d588d7a0ce9d,0,1,fresh_ulong_00_qp1_BASELINE,True,14,1,1178,0.005229845643043518,22.815111289842957,0.9427881240844727,0.24291962385177612,0.08030688762664795
fresh_ulong,fee5d9ad-e77d-44cd-b576-d588d7a0ce9d,0,1,fresh_ulong_00_qp1_BASELINE,True,15,2,843,0.0050517236813902855,22.96560412457435,0.9422848224639893,0.24275556206703186,0.08065676689147949
fresh_ulong,fee5d9ad-e77d-44cd-b576-d588d7a0ce9d,0,1,fresh_ulong_00_qp1_BASELINE,True,16,1,1164,0.004604509565979242,23.36816620436005,0.9464746117591858,0.2469002902507782,0.083920419216156
fresh_ulong,fee5d9ad-e77d-44cd-b576-d588d7a0ce9d,0,1,fresh_ulong_00_qp1_BASELINE,True,17,3,2005,0.003903056262061,24.085951883737543,0.9543988108634949,0.22810466587543488,0.07780414819717407
fresh_ulong,fee5d9ad-e77d-44cd-b576-d588d7a0ce9d,0,1,fresh_ulong_00_qp1_BASELINE,True,18,1,911,0.0036729348357766867,24.349867767224033,0.9577269554138184,0.22655797004699707,0.08060896396636963
fresh_ulong,fee5d9ad-e77d-44cd-b576-d588d7a0ce9d,0,1,fresh_ulong_00_qp1_BASELINE,True,19,2,560,0.0037994468584656715,24.202796254363122,0.9573813080787659,0.23097504675388336,0.0838736891746521
fresh_ulong,fee5d9ad-e77d-44cd-b576-d588d7a0ce9d,0,1,fresh_ulong_00_qp1_BASELINE,True,20,1,1379,0.0036419271491467953,24.386687458118253,0.9615498781204224,0.2357644885778427,0.09052681922912598
fresh_ulong,fee5d9ad-e77d-44cd-b576-d588d7a0ce9d,0,1,fresh_ulong_00_qp1_BASELINE,True,21,2,936,0.0036966472398489714,24.32191990892025,0.9632863402366638,0.2337585985660553,0.08811134099960327
fresh_ulong,fee5d9ad-e77d-44cd-b576-d588d7a0ce9d,0,1,fresh_ulong_00_qp1_BASELINE,True,22,1,1258,0.003294037189334631,24.822715019994025,0.969709038734436,0.2220236361026764,0.09196662902832031
fresh_ulong,fee5d9ad-e77d-44cd-b576-d588d7a0ce9d,0,1,fresh_ulong_00_qp1_BASELINE,True,23,2,951,0.003290111431851983,24.827893928041625,0.9719960689544678,0.21520984172821045,0.09420126676559448
fresh_ulong,fee5d9ad-e77d-44cd-b576-d588d7a0ce9d,0,1,fresh_ulong_00_qp1_BASELINE,True,24,1,1433,0.0030208483804017305,25.19871071882406,0.9772008061408997,0.20939573645591736,0.10023164749145508
fresh_ulong,fee5d9ad-e77d-44cd-b576-d588d7a0ce9d,0,1,fresh_ulong_00_qp1_BASELINE,True,25,3,2359,0.0026269617956131697,25.80546243192245,0.9819613695144653,0.17337122559547424,0.09316623210906982
fresh_ulong,fee5d9ad-e77d-44cd-b576-d588d7a0ce9d,0,1,fresh_ulong_00_qp1_BASELINE,True,26,1,774,0.002677365904673934,25.72292271502092,0.9831609129905701,0.17175421118736267,0.103432297706604
fresh_ulong,fee5d9ad-e77d-44cd-b576-d588d7a0ce9d,0,1,fresh_ulong_00_qp1_BASELINE,True,27,2,630,0.0029260015580803156,25.337254469511375,0.9831013083457947,0.17388850450515747,0.11040914058685303
fresh_ulong,fee5d9ad-e77d-44cd-b576-d588d7a0ce9d,0,1,fresh_ulong_00_qp1_BASELINE,True,28,1,1401,0.0030026535969227552,25.224947675754066,0.984685480594635,0.14139766991138458,0.11549139022827148
fresh_ulong,fee5d9ad-e77d-44cd-b576-d588d7a0ce9d,0,1,fresh_ulong_00_qp1_BASELINE,True,29,2,878,0.003022110555320978,25.196896522777298,0.9852170944213867,0.1289220154285431,0.11199384927749634
fresh_ulong,fee5d9ad-e77d-44cd-b576-d588d7a0ce9d,0,1,fresh_ulong_00_qp1_BASELINE,True,30,1,673,0.0028207094874233007,25.49641640716649,0.9865213632583618,0.12582026422023773,0.10848033428192139
fresh_ulong,fee5d9ad-e77d-44cd-b576-d588d7a0ce9d,0,1,fresh_ulong_00_qp1_BASELINE,True,31,2,390,0.002865533111616969,25.427945688466245,0.9863234758377075,0.12103915959596634,0.10897541046142578
fresh_ulong,fee5d9ad-e77d-44cd-b576-d588d7a0ce9d,0,1,fresh_ulong_00_qp1_BASELINE,True,32,1,708,0.002861930290237069,25.43340948820156,0.9864778518676758,0.11989793926477432,0.1104629635810852
fresh_ulong,fee5d9ad-e77d-44cd-b576-d588d7a0ce9d,0,1,fresh_ulong_00_qp1_BASELINE,True,33,3,872,0.002684213686734438,25.7118291351215,0.9871270060539246,0.11320361495018005,0.10492885112762451
fresh_ulong,fee5d9ad-e77d-44cd-b576-d588d7a0ce9d,0,1,fresh_ulong_00_qp1_BASELINE,True,34,1,512,0.0026629792992025614,25.746322095569436,0.9874109625816345,0.11459259688854218,0.10546261072158813
fresh_ulong,fee5d9ad-e77d-44cd-b576-d588d7a0ce9d,0,1,fresh_ulong_00_qp1_BASELINE,True,35,2,185,0.002770016435533762,25.57517654097846,0.9867553114891052,0.11447754502296448,0.10613143444061279
fresh_ulong,fee5d9ad-e77d-44cd-b576-d588d7a0ce9d,0,1,fresh_ulong_00_qp1_BASELINE,True,36,1,820,0.002833742881193757,25.476395578798602,0.9865540266036987,0.11404365301132202,0.10744386911392212
fresh_ulong,fee5d9ad-e77d-44cd-b576-d588d7a0ce9d,0,1,fresh_ulong_00_qp1_BASELINE,True,37,2,329,0.0027971414383500814,25.53285572834074,0.9864932298660278,0.11137589812278748,0.10582637786865234
fresh_ulong,fee5d9ad-e77d-44cd-b576-d588d7a0ce9d,0,1,fresh_ulong_00_qp1_BASELINE,True,38,1,510,0.0027473964728415012,25.610786636436043,0.9868876338005066,0.11091290414333344,0.10558980703353882
fresh_ulong,fee5d9ad-e77d-44cd-b576-d588d7a0ce9d,0,1,fresh_ulong_00_qp1_BASELINE,True,39,2,208,0.0028278797399252653,25.485390635446503,0.9863515496253967,0.1140342503786087,0.10315430164337158
fresh_ulong,fee5d9ad-e77d-44cd-b576-d588d7a0ce9d,0,1,fresh_ulong_00_qp1_BASELINE,True,40,1,739,0.002846057992428541,25.457562548015915,0.9864630699157715,0.11410310119390488,0.11085736751556396
fresh_ulong,fee5d9ad-e77d-44cd-b576-d588d7a0ce9d,0,1,fresh_ulong_00_qp1_BASELINE,True,41,3,704,0.0027250200510025024,25.646302977881806,0.986792266368866,0.10905783623456955,0.1036955714225769
fresh_ulong,fee5d9ad-e77d-44cd-b576-d588d7a0ce9d,0,1,fresh_ulong_00_qp1_BASELINE,True,42,1,386,0.002738718409091234,25.624526189561976,0.98688805103302,0.1120142713189125,0.107211172580719
fresh_ulong,fee5d9ad-e77d-44cd-b576-d588d7a0ce9d,0,1,fresh_ulong_00_qp1_BASELINE,True,43,2,140,0.002829651115462184,25.482671079280163,0.9862191677093506,0.11191492527723312,0.10576820373535156
fresh_ulong,fee5d9ad-e77d-44cd-b576-d588d7a0ce9d,0,1,fresh_ulong_00_qp1_BASELINE,True,44,1,857,0.002844611182808876,25.459770869843716,0.9863489866256714,0.11225645244121552,0.1106768250465393
fresh_ulong,fee5d9ad-e77d-44cd-b576-d588d7a0ce9d,0,1,fresh_ulong_00_qp1_BASELINE,True,45,2,318,0.002862305147573352,25.432840683949358,0.9860248565673828,0.11133769899606705,0.10640907287597656
fresh_ulong,fee5d9ad-e77d-44cd-b576-d588d7a0ce9d,0,1,fresh_ulong_00_qp1_BASELINE,True,46,1,474,0.0028035538271069527,25.52291101205896,0.9865130186080933,0.1118379533290863,0.10563665628433228
fresh_ulong,fee5d9ad-e77d-44cd-b576-d588d7a0ce9d,0,1,fresh_ulong_00_qp1_BASELINE,True,47,2,187,0.002890112577006221,25.390852400737792,0.9858698844909668,0.11230568587779999,0.10327088832855225
fresh_ulong,fee5d9ad-e77d-44cd-b576-d588d7a0ce9d,0,1,fresh_ulong_00_qp1_BASELINE,True,48,1,747,0.0028499544132500887,25.451620867396564,0.9862691760063171,0.11269053816795349,0.10693252086639404
fresh_ulong,fee5d9ad-e77d-44cd-b576-d588d7a0ce9d,0,1,fresh_ulong_00_qp1_BASELINE,True,49,3,675,0.002752715954557061,25.602385999880074,0.9864850044250488,0.10635630041360855,0.0996549129486084
fresh_ulong,fee5d9ad-e77d-44cd-b576-d588d7a0ce9d,0,1,fresh_ulong_00_qp1_BASELINE,True,50,1,401,0.002737453207373619,25.626532956963423,0.986779510974884,0.10955841839313507,0.10219353437423706
fresh_ulong,fee5d9ad-e77d-44cd-b576-d588d7a0ce9d,0,1,fresh_ulong_00_qp1_BASELINE,True,51,2,154,0.00288383848965168,25.40029066080626,0.9859128594398499,0.11181433498859406,0.10407644510269165
fresh_ulong,fee5d9ad-e77d-44cd-b576-d588d7a0ce9d,0,1,fresh_ulong_00_qp1_BASELINE,True,52,1,940,0.0029018009081482887,25.37332387714505,0.9859864711761475,0.11178058385848999,0.10778099298477173
fresh_ulong,fee5d9ad-e77d-44cd-b576-d588d7a0ce9d,0,1,fresh_ulong_00_qp1_BASELINE,True,53,2,353,0.002908415626734495,25.36343530584929,0.98568195104599,0.11023219674825668,0.1045922040939331
fresh_ulong,fee5d9ad-e77d-44cd-b576-d588d7a0ce9d,0,1,fresh_ulong_00_qp1_BASELINE,True,54,1,444,0.0028869411908090115,25.395620629385625,0.986054539680481,0.11321225762367249,0.1050194501876831
fresh_ulong,fee5d9ad-e77d-44cd-b576-d588d7a0ce9d,0,1,fresh_ulong_00_qp1_BASELINE,True,55,2,177,0.0029699811711907387,25.27246303973658,0.9853987693786621,0.11352328211069107,0.10384446382522583
fresh_ulong,fee5d9ad-e77d-44cd-b576-d588d7a0ce9d,0,1,fresh_ulong_00_qp1_BASELINE,True,56,1,791,0.002948208013549447,25.304418776821755,0.9857333898544312,0.11448254436254501,0.10628938674926758
fresh_ulong,fee5d9ad-e77d-44cd-b576-d588d7a0ce9d,0,1,fresh_ulong_00_qp1_BASELINE,True,57,3,710,0.0028655347414314747,25.4279432183526,0.985899031162262,0.10961196571588516,0.09938055276870728
fresh_ulong,fee5d9ad-e77d-44cd-b576-d588d7a0ce9d,0,1,fresh_ulong_00_qp1_BASELINE,True,58,1,377,0.002867915667593479,25.424336234495936,0.9860636591911316,0.1121758222579956,0.10257738828659058
fresh_ulong,fee5d9ad-e77d-44cd-b576-d588d7a0ce9d,0,1,fresh_ulong_00_qp1_BASELINE,True,59,2,114,0.002978796837851405,25.259591158547238,0.9852945804595947,0.11295515298843384,0.10104924440383911
fresh_ulong,fee5d9ad-e77d-44cd-b576-d588d7a0ce9d,0,1,fresh_ulong_00_qp1_BASELINE,True,60,1,838,0.0030174623243510723,25.20358143742156,0.9853516817092896,0.11572804301977158,0.1069035530090332
fresh_ulong,fee5d9ad-e77d-44cd-b576-d588d7a0ce9d,0,1,fresh_ulong_00_qp1_BASELINE,True,61,2,350,0.00301697151735425,25.204287898960324,0.9850744605064392,0.11452717334032059,0.10286933183670044
fresh_ulong,fee5d9ad-e77d-44cd-b576-d588d7a0ce9d,0,1,fresh_ulong_00_qp1_BASELINE,True,62,1,448,0.002947503002360463,25.305457438552928,0.9857164621353149,0.11536508798599243,0.10526692867279053
fresh_ulong,fee5d9ad-e77d-44cd-b576-d588d7a0ce9d,0,1,fresh_ulong_00_qp1_BASELINE,True,63,2,158,0.0030619711615145206,25.139989039232212,0.9849538207054138,0.11685599386692047,0.10455322265625
fresh_ulong,fee5d9ad-e77d-44cd-b576-d588d7a0ce9d,0,1,fresh_ulong_00_qp1_T12506,False,0,1,5099,0.009795771911740303,20.089613356977736,0.9629908800125122,0.22526639699935913,0.06786137819290161
fresh_ulong,fee5d9ad-e77d-44cd-b576-d588d7a0ce9d,0,1,fresh_ulong_00_qp1_T12506,False,1,3,5795,0.006140768527984619,22.117772727389227,0.9748052358627319,0.1755211502313614,0.06108582019805908
fresh_ulong,fee5d9ad-e77d-44cd-b576-d588d7a0ce9d,0,1,fresh_ulong_00_qp1_T12506,False,2,1,1256,0.005947311408817768,22.25679320691851,0.9746091365814209,0.16895048320293427,0.057261109352111816
fresh_ulong,fee5d9ad-e77d-44cd-b576-d588d7a0ce9d,0,1,fresh_ulong_00_qp1_T12506,False,3,2,924,0.006028176285326481,22.19814055855568,0.9730702638626099,0.17123472690582275,0.0573388934135437
fresh_ulong,fee5d9ad-e77d-44cd-b576-d588d7a0ce9d,0,1,fresh_ulong_00_qp1_T12506,False,4,1,1418,0.00581118231639266,22.35735499064544,0.97151118516922,0.1787312626838684,0.05777537822723389
fresh_ulong,fee5d9ad-e77d-44cd-b576-d588d7a0ce9d,0,1,fresh_ulong_00_qp1_T12506,False,5,2,1381,0.005568506196141243,22.542612927583818,0.9702563881874084,0.1804245114326477,0.05917704105377197
fresh_ulong,fee5d9ad-e77d-44cd-b576-d588d7a0ce9d,0,1,fresh_ulong_00_qp1_T12506,False,6,1,1187,0.005601791664958,22.51673046965788,0.9672390222549438,0.18427135050296783,0.0601159930229187
fresh_ulong,fee5d9ad-e77d-44cd-b576-d588d7a0ce9d,0,1,fresh_ulong_00_qp1_T12506,False,7,2,974,0.0054839784279465675,22.609042622417874,0.9650843739509583,0.1886717677116394,0.06132376194000244
fresh_ulong,fee5d9ad-e77d-44cd-b576-d588d7a0ce9d,0,1,fresh_ulong_00_qp1_T12506,False,8,1,499,0.00558458874002099,22.5300880366133,0.9610859751701355,0.20124784111976624,0.06538999080657959
fresh_ulong,fee5d9ad-e77d-44cd-b576-d588d7a0ce9d,0,1,fresh_ulong_00_qp1_T12506,False,9,3,1143,0.005495867226272821,22.599637678687362,0.9583113789558411,0.2067023664712906,0.06587988138198853
fresh_ulong,fee5d9ad-e77d-44cd-b576-d588d7a0ce9d,0,1,fresh_ulong_00_qp1_T12506,False,10,1,576,0.005509372800588608,22.588978393964062,0.9543880820274353,0.21670526266098022,0.07231712341308594
fresh_ulong,fee5d9ad-e77d-44cd-b576-d588d7a0ce9d,0,1,fresh_ulong_00_qp1_T12506,False,11,2,360,0.005811725277453661,22.35694923160288,0.9481713771820068,0.22405514121055603,0.07238757610321045
fresh_ulong,fee5d9ad-e77d-44cd-b576-d588d7a0ce9d,0,1,fresh_ulong_00_qp1_T12506,False,12,1,1074,0.005568668246269226,22.54248654458291,0.9463330507278442,0.23199403285980225,0.076987624168396
fresh_ulong,fee5d9ad-e77d-44cd-b576-d588d7a0ce9d,0,1,fresh_ulong_00_qp1_T12506,False,13,2,678,0.005694631952792406,22.445343393700483,0.9415579438209534,0.2427978217601776,0.07942426204681396
fresh_ulong,fee5d9ad-e77d-44cd-b576-d588d7a0ce9d,0,1,fresh_ulong_00_qp1_T12506,False,14,1,1119,0.0052224998362362385,22.82121564965978,0.9429448246955872,0.24174252152442932,0.08210116624832153
fresh_ulong,fee5d9ad-e77d-44cd-b576-d588d7a0ce9d,0,1,fresh_ulong_00_qp1_T12506,False,15,2,816,0.005082615651190281,22.93912730525177,0.942194938659668,0.24299505352973938,0.08089160919189453
fresh_ulong,fee5d9ad-e77d-44cd-b576-d588d7a0ce9d,0,1,fresh_ulong_00_qp1_T12506,False,16,1,1256,0.004578927997499704,23.39236185590979,0.9465166330337524,0.2451300472021103,0.08658486604690552
fresh_ulong,fee5d9ad-e77d-44cd-b576-d588d7a0ce9d,0,1,fresh_ulong_00_qp1_T12506,False,17,3,2032,0.0038635486271232367,24.13013617297976,0.9550507068634033,0.22694680094718933,0.07816040515899658
fresh_ulong,fee5d9ad-e77d-44cd-b576-d588d7a0ce9d,0,1,fresh_ulong_00_qp1_T12506,False,18,1,780,0.0037111917044967413,24.30486611252208,0.9573504328727722,0.22908107936382294,0.08149093389511108
fresh_ulong,fee5d9ad-e77d-44cd-b576-d588d7a0ce9d,0,1,fresh_ulong_00_qp1_T12506,False,19,2,540,0.0038914864417165518,24.098844783330165,0.9563093781471252,0.2337867021560669,0.08332771062850952
fresh_ulong,fee5d9ad-e77d-44cd-b576-d588d7a0ce9d,0,1,fresh_ulong_00_qp1_T12506,False,20,1,1484,0.003689636941999197,24.33016366047883,0.9609447717666626,0.23726996779441833,0.09010040760040283
fresh_ulong,fee5d9ad-e77d-44cd-b576-d588d7a0ce9d,0,1,fresh_ulong_00_qp1_T12506,False,21,2,1031,0.0036611284594982862,24.363850325846002,0.9636939764022827,0.2333899736404419,0.08940839767456055
fresh_ulong,fee5d9ad-e77d-44cd-b576-d588d7a0ce9d,0,1,fresh_ulong_00_qp1_T12506,False,22,1,1069,0.003364694770425558,24.730543268433642,0.969103991985321,0.22403135895729065,0.09177207946777344
fresh_ulong,fee5d9ad-e77d-44cd-b576-d588d7a0ce9d,0,1,fresh_ulong_00_qp1_T12506,False,23,2,851,0.0033984449692070484,24.687197581863906,0.9709244966506958,0.21748633682727814,0.09349119663238525
fresh_ulong,fee5d9ad-e77d-44cd-b576-d588d7a0ce9d,0,1,fresh_ulong_00_qp1_T12506,False,24,1,1503,0.0030424550641328096,25.167758274095743,0.9768587946891785,0.21033918857574463,0.10134220123291016
fresh_ulong,fee5d9ad-e77d-44cd-b576-d588d7a0ce9d,0,1,fresh_ulong_00_qp1_T12506,False,25,3,2523,0.0025576597545295954,25.921572302086382,0.9825088977813721,0.17287051677703857,0.09488022327423096
fresh_ulong,fee5d9ad-e77d-44cd-b576-d588d7a0ce9d,0,1,fresh_ulong_00_qp1_T12506,False,26,1,708,0.002714256290346384,25.663491470122835,0.9829176664352417,0.1710408329963684,0.1048402190208435
fresh_ulong,fee5d9ad-e77d-44cd-b576-d588d7a0ce9d,0,1,fresh_ulong_00_qp1_T12506,False,27,2,610,0.002999077318236232,25.230123376914566,0.9826175570487976,0.17777404189109802,0.11215656995773315
fresh_ulong,fee5d9ad-e77d-44cd-b576-d588d7a0ce9d,0,1,fresh_ulong_00_qp1_T12506,False,28,1,1457,0.0029935201164335012,25.238178190527172,0.9848376512527466,0.1437941938638687,0.11912012100219727
fresh_ulong,fee5d9ad-e77d-44cd-b576-d588d7a0ce9d,0,1,fresh_ulong_00_qp1_T12506,False,29,2,781,0.002983435755595565,25.252833096853912,0.9855332374572754,0.13103355467319489,0.11621809005737305
fresh_ulong,fee5d9ad-e77d-44cd-b576-d588d7a0ce9d,0,1,fresh_ulong_00_qp1_T12506,False,30,1,648,0.0028609498403966427,25.434897563960362,0.9862905740737915,0.12666118144989014,0.11306732892990112
fresh_ulong,fee5d9ad-e77d-44cd-b576-d588d7a0ce9d,0,1,fresh_ulong_00_qp1_T12506,False,31,2,353,0.0028892026748508215,25.392219917376725,0.9860457181930542,0.12456448376178741,0.11081314086914062
fresh_ulong,fee5d9ad-e77d-44cd-b576-d588d7a0ce9d,0,1,fresh_ulong_00_qp1_T12506,False,32,1,784,0.0028448719531297684,25.459372762990135,0.9865419864654541,0.12145587801933289,0.11407756805419922
fresh_ulong,fee5d9ad-e77d-44cd-b576-d588d7a0ce9d,0,1,fresh_ulong_00_qp1_T12506,False,33,3,877,0.002629820490255952,25.800738951421735,0.9874289631843567,0.11413660645484924,0.10839247703552246
fresh_ulong,fee5d9ad-e77d-44cd-b576-d588d7a0ce9d,0,1,fresh_ulong_00_qp1_T12506,False,34,1,432,0.0026898321229964495,25.70274824210005,0.9872205853462219,0.11540957540273666,0.10814154148101807
fresh_ulong,fee5d9ad-e77d-44cd-b576-d588d7a0ce9d,0,1,fresh_ulong_00_qp1_T12506,False,35,2,170,0.0028008902445435524,25.527039090711135,0.9864788055419922,0.11489296704530716,0.11061429977416992
fresh_ulong,fee5d9ad-e77d-44cd-b576-d588d7a0ce9d,0,1,fresh_ulong_00_qp1_T12506,False,36,1,842,0.0027911383658647537,25.542186335787086,0.9868173003196716,0.11626976728439331,0.11282014846801758
fresh_ulong,fee5d9ad-e77d-44cd-b576-d588d7a0ce9d,0,1,fresh_ulong_00_qp1_T12506,False,37,2,325,0.0027292354498058558,25.63958996341611,0.986865758895874,0.11294236779212952,0.10780179500579834
fresh_ulong,fee5d9ad-e77d-44cd-b576-d588d7a0ce9d,0,1,fresh_ulong_00_qp1_T12506,False,38,1,470,0.00279331230558455,25.53880505398325,0.9866858124732971,0.11235860735177994,0.10758864879608154
fresh_ulong,fee5d9ad-e77d-44cd-b576-d588d7a0ce9d,0,1,fresh_ulong_00_qp1_T12506,False,39,2,175,0.002905420958995819,25.367909349004393,0.9859451651573181,0.1152563989162445,0.1098628044128418
fresh_ulong,fee5d9ad-e77d-44cd-b576-d588d7a0ce9d,0,1,fresh_ulong_00_qp1_T12506,False,40,1,769,0.0028456656727939844,25.458161249789654,0.9864376187324524,0.11494269967079163,0.11200392246246338
fresh_ulong,fee5d9ad-e77d-44cd-b576-d588d7a0ce9d,0,1,fresh_ulong_00_qp1_T12506,False,41,3,775,0.00267832912504673,25.721360559988003,0.9870052337646484,0.10862618684768677,0.10309439897537231
fresh_ulong,fee5d9ad-e77d-44cd-b576-d588d7a0ce9d,0,1,fresh_ulong_00_qp1_T12506,False,42,1,308,0.0027225587982684374,25.65022732146005,0.9869531393051147,0.11220530420541763,0.10743433237075806
fresh_ulong,fee5d9ad-e77d-44cd-b576-d588d7a0ce9d,0,1,fresh_ulong_00_qp1_T12506,False,43,2,112,0.0028699503745883703,25.421256127533816,0.9860184788703918,0.11275109648704529,0.1047598123550415
fresh_ulong,fee5d9ad-e77d-44cd-b576-d588d7a0ce9d,0,1,fresh_ulong_00_qp1_T12506,False,44,1,921,0.002803732408210635,25.52263438345584,0.9865687489509583,0.11207861453294754,0.11010909080505371
fresh_ulong,fee5d9ad-e77d-44cd-b576-d588d7a0ce9d,0,1,fresh_ulong_00_qp1_T12506,False,45,2,361,0.0027517336420714855,25.603936065473476,0.9865615367889404,0.10942202806472778,0.10498499870300293
fresh_ulong,fee5d9ad-e77d-44cd-b576-d588d7a0ce9d,0,1,fresh_ulong_00_qp1_T12506,False,46,1,424,0.0027703894302248955,25.574591784047982,0.9866897463798523,0.11181821674108505,0.10259455442428589
fresh_ulong,fee5d9ad-e77d-44cd-b576-d588d7a0ce9d,0,1,fresh_ulong_00_qp1_T12506,False,47,2,155,0.002935153665021062,25.323691570658532,0.9856413006782532,0.11221528053283691,0.10174453258514404
fresh_ulong,fee5d9ad-e77d-44cd-b576-d588d7a0ce9d,0,1,fresh_ulong_00_qp1_T12506,False,48,1,815,0.0028367345221340656,25.47181306067766,0.9863511919975281,0.11357816308736801,0.10578584671020508
fresh_ulong,fee5d9ad-e77d-44cd-b576-d588d7a0ce9d,0,1,fresh_ulong_00_qp1_T12506,False,49,3,744,0.002636387711390853,25.789907213406117,0.9870866537094116,0.10644979774951935,0.0991661548614502
fresh_ulong,fee5d9ad-e77d-44cd-b576-d588d7a0ce9d,0,1,fresh_ulong_00_qp1_T12506,False,50,1,305,0.0026951059699058533,25.694241539501306,0.9869673252105713,0.11006123572587967,0.10269355773925781
fresh_ulong,fee5d9ad-e77d-44cd-b576-d588d7a0ce9d,0,1,fresh_ulong_00_qp1_T12506,False,51,2,125,0.002911866642534733,25.358285186919304,0.9857564568519592,0.11237490922212601,0.1050490140914917
fresh_ulong,fee5d9ad-e77d-44cd-b576-d588d7a0ce9d,0,1,fresh_ulong_00_qp1_T12506,False,52,1,957,0.0028466086369007826,25.456722372849853,0.9862450361251831,0.11380297690629959,0.10585403442382812
fresh_ulong,fee5d9ad-e77d-44cd-b576-d588d7a0ce9d,0,1,fresh_ulong_00_qp1_T12506,False,53,2,426,0.0027817613445222378,25.55680132145202,0.9863139390945435,0.11079075187444687,0.09855318069458008
fresh_ulong,fee5d9ad-e77d-44cd-b576-d588d7a0ce9d,0,1,fresh_ulong_00_qp1_T12506,False,54,1,383,0.0028393189422786236,25.467858201928344,0.986243486404419,0.11393245309591293,0.1036832332611084
fresh_ulong,fee5d9ad-e77d-44cd-b576-d588d7a0ce9d,0,1,fresh_ulong_00_qp1_T12506,False,55,2,151,0.002997635630890727,25.23221157715412,0.9852005839347839,0.11450783163309097,0.10242253541946411
fresh_ulong,fee5d9ad-e77d-44cd-b576-d588d7a0ce9d,0,1,fresh_ulong_00_qp1_T12506,False,56,1,863,0.002884433837607503,25.39939418325362,0.986007571220398,0.11475510895252228,0.10489523410797119
fresh_ulong,fee5d9ad-e77d-44cd-b576-d588d7a0ce9d,0,1,fresh_ulong_00_qp1_T12506,False,57,3,805,0.002676793374121189,25.72385151391456,0.9867950081825256,0.1091265082359314,0.09676414728164673
fresh_ulong,fee5d9ad-e77d-44cd-b576-d588d7a0ce9d,0,1,fresh_ulong_00_qp1_T12506,False,58,1,276,0.0027407563757151365,25.621295669358368,0.9866768717765808,0.11237955093383789,0.0998947024345398
fresh_ulong,fee5d9ad-e77d-44cd-b576-d588d7a0ce9d,0,1,fresh_ulong_00_qp1_T12506,False,59,2,101,0.0029197444673627615,25.346551558359725,0.985602617263794,0.11437684297561646,0.09891390800476074
fresh_ulong,fee5d9ad-e77d-44cd-b576-d588d7a0ce9d,0,1,fresh_ulong_00_qp1_T12506,False,60,1,925,0.0029022223316133022,25.372693204667836,0.9859409928321838,0.11422459781169891,0.10613632202148438
fresh_ulong,fee5d9ad-e77d-44cd-b576-d588d7a0ce9d,0,1,fresh_ulong_00_qp1_T12506,False,61,2,368,0.0028603733517229557,25.43577276657452,0.9858951568603516,0.11211821436882019,0.09956157207489014
fresh_ulong,fee5d9ad-e77d-44cd-b576-d588d7a0ce9d,0,1,fresh_ulong_00_qp1_T12506,False,62,1,345,0.002933915937319398,25.32552333737906,0.9857935309410095,0.11511614918708801,0.10410702228546143
fresh_ulong,fee5d9ad-e77d-44cd-b576-d588d7a0ce9d,0,1,fresh_ulong_00_qp1_T12506,False,63,2,132,0.003112415550276637,25.06902423525579,0.9846654534339905,0.11680088937282562,0.10513705015182495
fresh_ulong,fee5d9ad-e77d-44cd-b576-d588d7a0ce9d,0,1,fresh_ulong_00_qp1_T12544,False,0,1,5099,0.009795771911740303,20.089613356977736,0.9629908800125122,0.22526639699935913,0.06786137819290161
fresh_ulong,fee5d9ad-e77d-44cd-b576-d588d7a0ce9d,0,1,fresh_ulong_00_qp1_T12544,False,1,3,5795,0.006140768527984619,22.117772727389227,0.9748052358627319,0.1755211502313614,0.06108582019805908
fresh_ulong,fee5d9ad-e77d-44cd-b576-d588d7a0ce9d,0,1,fresh_ulong_00_qp1_T12544,False,2,1,1256,0.005947311408817768,22.25679320691851,0.9746091365814209,0.16895048320293427,0.057261109352111816
fresh_ulong,fee5d9ad-e77d-44cd-b576-d588d7a0ce9d,0,1,fresh_ulong_00_qp1_T12544,False,3,2,924,0.006028176285326481,22.19814055855568,0.9730702638626099,0.17123472690582275,0.0573388934135437
fresh_ulong,fee5d9ad-e77d-44cd-b576-d588d7a0ce9d,0,1,fresh_ulong_00_qp1_T12544,False,4,1,1418,0.00581118231639266,22.35735499064544,0.97151118516922,0.1787312626838684,0.05777537822723389
fresh_ulong,fee5d9ad-e77d-44cd-b576-d588d7a0ce9d,0,1,fresh_ulong_00_qp1_T12544,False,5,2,1381,0.005568506196141243,22.542612927583818,0.9702563881874084,0.1804245114326477,0.05917704105377197
fresh_ulong,fee5d9ad-e77d-44cd-b576-d588d7a0ce9d,0,1,fresh_ulong_00_qp1_T12544,False,6,1,1187,0.005601791664958,22.51673046965788,0.9672390222549438,0.18427135050296783,0.0601159930229187
fresh_ulong,fee5d9ad-e77d-44cd-b576-d588d7a0ce9d,0,1,fresh_ulong_00_qp1_T12544,False,7,2,974,0.0054839784279465675,22.609042622417874,0.9650843739509583,0.1886717677116394,0.06132376194000244
fresh_ulong,fee5d9ad-e77d-44cd-b576-d588d7a0ce9d,0,1,fresh_ulong_00_qp1_T12544,False,8,1,499,0.00558458874002099,22.5300880366133,0.9610859751701355,0.20124784111976624,0.06538999080657959
fresh_ulong,fee5d9ad-e77d-44cd-b576-d588d7a0ce9d,0,1,fresh_ulong_00_qp1_T12544,False,9,3,1143,0.005495867226272821,22.599637678687362,0.9583113789558411,0.2067023664712906,0.06587988138198853
fresh_ulong,fee5d9ad-e77d-44cd-b576-d588d7a0ce9d,0,1,fresh_ulong_00_qp1_T12544,False,10,1,576,0.005509372800588608,22.588978393964062,0.9543880820274353,0.21670526266098022,0.07231712341308594
fresh_ulong,fee5d9ad-e77d-44cd-b576-d588d7a0ce9d,0,1,fresh_ulong_00_qp1_T12544,False,11,2,360,0.005811725277453661,22.35694923160288,0.9481713771820068,0.22405514121055603,0.07238757610321045
fresh_ulong,fee5d9ad-e77d-44cd-b576-d588d7a0ce9d,0,1,fresh_ulong_00_qp1_T12544,False,12,1,1074,0.005568668246269226,22.54248654458291,0.9463330507278442,0.23199403285980225,0.076987624168396
fresh_ulong,fee5d9ad-e77d-44cd-b576-d588d7a0ce9d,0,1,fresh_ulong_00_qp1_T12544,False,13,2,678,0.005694631952792406,22.445343393700483,0.9415579438209534,0.2427978217601776,0.07942426204681396
fresh_ulong,fee5d9ad-e77d-44cd-b576-d588d7a0ce9d,0,1,fresh_ulong_00_qp1_T12544,False,14,1,1119,0.0052224998362362385,22.82121564965978,0.9429448246955872,0.24174252152442932,0.08210116624832153
fresh_ulong,fee5d9ad-e77d-44cd-b576-d588d7a0ce9d,0,1,fresh_ulong_00_qp1_T12544,False,15,2,816,0.005082615651190281,22.93912730525177,0.942194938659668,0.24299505352973938,0.08089160919189453
fresh_ulong,fee5d9ad-e77d-44cd-b576-d588d7a0ce9d,0,1,fresh_ulong_00_qp1_T12544,False,16,1,1256,0.004578927997499704,23.39236185590979,0.9465166330337524,0.2451300472021103,0.08658486604690552
fresh_ulong,fee5d9ad-e77d-44cd-b576-d588d7a0ce9d,0,1,fresh_ulong_00_qp1_T12544,False,17,3,2032,0.0038635486271232367,24.13013617297976,0.9550507068634033,0.22694680094718933,0.07816040515899658
fresh_ulong,fee5d9ad-e77d-44cd-b576-d588d7a0ce9d,0,1,fresh_ulong_00_qp1_T12544,False,18,1,780,0.0037111917044967413,24.30486611252208,0.9573504328727722,0.22908107936382294,0.08149093389511108
fresh_ulong,fee5d9ad-e77d-44cd-b576-d588d7a0ce9d,0,1,fresh_ulong_00_qp1_T12544,False,19,2,540,0.0038914864417165518,24.098844783330165,0.9563093781471252,0.2337867021560669,0.08332771062850952
fresh_ulong,fee5d9ad-e77d-44cd-b576-d588d7a0ce9d,0,1,fresh_ulong_00_qp1_T12544,False,20,1,1484,0.003689636941999197,24.33016366047883,0.9609447717666626,0.23726996779441833,0.09010040760040283
fresh_ulong,fee5d9ad-e77d-44cd-b576-d588d7a0ce9d,0,1,fresh_ulong_00_qp1_T12544,False,21,2,1031,0.0036611284594982862,24.363850325846002,0.9636939764022827,0.2333899736404419,0.08940839767456055
fresh_ulong,fee5d9ad-e77d-44cd-b576-d588d7a0ce9d,0,1,fresh_ulong_00_qp1_T12544,False,22,1,1069,0.003364694770425558,24.730543268433642,0.969103991985321,0.22403135895729065,0.09177207946777344
fresh_ulong,fee5d9ad-e77d-44cd-b576-d588d7a0ce9d,0,1,fresh_ulong_00_qp1_T12544,False,23,2,851,0.0033984449692070484,24.687197581863906,0.9709244966506958,0.21748633682727814,0.09349119663238525
fresh_ulong,fee5d9ad-e77d-44cd-b576-d588d7a0ce9d,0,1,fresh_ulong_00_qp1_T12544,False,24,1,1503,0.0030424550641328096,25.167758274095743,0.9768587946891785,0.21033918857574463,0.10134220123291016
fresh_ulong,fee5d9ad-e77d-44cd-b576-d588d7a0ce9d,0,1,fresh_ulong_00_qp1_T12544,False,25,3,2523,0.0025576597545295954,25.921572302086382,0.9825088977813721,0.17287051677703857,0.09488022327423096
fresh_ulong,fee5d9ad-e77d-44cd-b576-d588d7a0ce9d,0,1,fresh_ulong_00_qp1_T12544,False,26,1,708,0.002714256290346384,25.663491470122835,0.9829176664352417,0.1710408329963684,0.1048402190208435
fresh_ulong,fee5d9ad-e77d-44cd-b576-d588d7a0ce9d,0,1,fresh_ulong_00_qp1_T12544,False,27,2,610,0.002999077318236232,25.230123376914566,0.9826175570487976,0.17777404189109802,0.11215656995773315
fresh_ulong,fee5d9ad-e77d-44cd-b576-d588d7a0ce9d,0,1,fresh_ulong_00_qp1_T12544,False,28,1,1457,0.0029935201164335012,25.238178190527172,0.9848376512527466,0.1437941938638687,0.11912012100219727
fresh_ulong,fee5d9ad-e77d-44cd-b576-d588d7a0ce9d,0,1,fresh_ulong_00_qp1_T12544,False,29,2,781,0.002983435755595565,25.252833096853912,0.9855332374572754,0.13103355467319489,0.11621809005737305
fresh_ulong,fee5d9ad-e77d-44cd-b576-d588d7a0ce9d,0,1,fresh_ulong_00_qp1_T12544,False,30,1,648,0.0028609498403966427,25.434897563960362,0.9862905740737915,0.12666118144989014,0.11306732892990112
fresh_ulong,fee5d9ad-e77d-44cd-b576-d588d7a0ce9d,0,1,fresh_ulong_00_qp1_T12544,False,31,2,353,0.0028892026748508215,25.392219917376725,0.9860457181930542,0.12456448376178741,0.11081314086914062
fresh_ulong,fee5d9ad-e77d-44cd-b576-d588d7a0ce9d,0,1,fresh_ulong_00_qp1_T12544,False,32,1,784,0.0028448719531297684,25.459372762990135,0.9865419864654541,0.12145587801933289,0.11407756805419922
fresh_ulong,fee5d9ad-e77d-44cd-b576-d588d7a0ce9d,0,1,fresh_ulong_00_qp1_T12544,False,33,3,877,0.002629820490255952,25.800738951421735,0.9874289631843567,0.11413660645484924,0.10839247703552246
fresh_ulong,fee5d9ad-e77d-44cd-b576-d588d7a0ce9d,0,1,fresh_ulong_00_qp1_T12544,False,34,1,432,0.0026898321229964495,25.70274824210005,0.9872205853462219,0.11540957540273666,0.10814154148101807
fresh_ulong,fee5d9ad-e77d-44cd-b576-d588d7a0ce9d,0,1,fresh_ulong_00_qp1_T12544,False,35,2,170,0.0028008902445435524,25.527039090711135,0.9864788055419922,0.11489296704530716,0.11061429977416992
fresh_ulong,fee5d9ad-e77d-44cd-b576-d588d7a0ce9d,0,1,fresh_ulong_00_qp1_T12544,False,36,1,842,0.0027911383658647537,25.542186335787086,0.9868173003196716,0.11626976728439331,0.11282014846801758
fresh_ulong,fee5d9ad-e77d-44cd-b576-d588d7a0ce9d,0,1,fresh_ulong_00_qp1_T12544,False,37,2,325,0.0027292354498058558,25.63958996341611,0.986865758895874,0.11294236779212952,0.10780179500579834
fresh_ulong,fee5d9ad-e77d-44cd-b576-d588d7a0ce9d,0,1,fresh_ulong_00_qp1_T12544,False,38,1,470,0.00279331230558455,25.53880505398325,0.9866858124732971,0.11235860735177994,0.10758864879608154
fresh_ulong,fee5d9ad-e77d-44cd-b576-d588d7a0ce9d,0,1,fresh_ulong_00_qp1_T12544,False,39,2,175,0.002905420958995819,25.367909349004393,0.9859451651573181,0.1152563989162445,0.1098628044128418
fresh_ulong,fee5d9ad-e77d-44cd-b576-d588d7a0ce9d,0,1,fresh_ulong_00_qp1_T12544,False,40,1,769,0.0028456656727939844,25.458161249789654,0.9864376187324524,0.11494269967079163,0.11200392246246338
fresh_ulong,fee5d9ad-e77d-44cd-b576-d588d7a0ce9d,0,1,fresh_ulong_00_qp1_T12544,False,41,3,775,0.00267832912504673,25.721360559988003,0.9870052337646484,0.10862618684768677,0.10309439897537231
fresh_ulong,fee5d9ad-e77d-44cd-b576-d588d7a0ce9d,0,1,fresh_ulong_00_qp1_T12544,False,42,1,308,0.0027225587982684374,25.65022732146005,0.9869531393051147,0.11220530420541763,0.10743433237075806
fresh_ulong,fee5d9ad-e77d-44cd-b576-d588d7a0ce9d,0,1,fresh_ulong_00_qp1_T12544,False,43,2,112,0.0028699503745883703,25.421256127533816,0.9860184788703918,0.11275109648704529,0.1047598123550415
fresh_ulong,fee5d9ad-e77d-44cd-b576-d588d7a0ce9d,0,1,fresh_ulong_00_qp1_T12544,False,44,1,921,0.002803732408210635,25.52263438345584,0.9865687489509583,0.11207861453294754,0.11010909080505371
fresh_ulong,fee5d9ad-e77d-44cd-b576-d588d7a0ce9d,0,1,fresh_ulong_00_qp1_T12544,False,45,2,361,0.0027517336420714855,25.603936065473476,0.9865615367889404,0.10942202806472778,0.10498499870300293
fresh_ulong,fee5d9ad-e77d-44cd-b576-d588d7a0ce9d,0,1,fresh_ulong_00_qp1_T12544,False,46,1,424,0.0027703894302248955,25.574591784047982,0.9866897463798523,0.11181821674108505,0.10259455442428589
fresh_ulong,fee5d9ad-e77d-44cd-b576-d588d7a0ce9d,0,1,fresh_ulong_00_qp1_T12544,False,47,2,155,0.002935153665021062,25.323691570658532,0.9856413006782532,0.11221528053283691,0.10174453258514404
fresh_ulong,fee5d9ad-e77d-44cd-b576-d588d7a0ce9d,0,1,fresh_ulong_00_qp1_T12544,False,48,1,815,0.0028367345221340656,25.47181306067766,0.9863511919975281,0.11357816308736801,0.10578584671020508
fresh_ulong,fee5d9ad-e77d-44cd-b576-d588d7a0ce9d,0,1,fresh_ulong_00_qp1_T12544,False,49,3,744,0.002636387711390853,25.789907213406117,0.9870866537094116,0.10644979774951935,0.0991661548614502
fresh_ulong,fee5d9ad-e77d-44cd-b576-d588d7a0ce9d,0,1,fresh_ulong_00_qp1_T12544,False,50,1,305,0.0026951059699058533,25.694241539501306,0.9869673252105713,0.11006123572587967,0.10269355773925781
fresh_ulong,fee5d9ad-e77d-44cd-b576-d588d7a0ce9d,0,1,fresh_ulong_00_qp1_T12544,False,51,2,125,0.002911866642534733,25.358285186919304,0.9857564568519592,0.11237490922212601,0.1050490140914917
fresh_ulong,fee5d9ad-e77d-44cd-b576-d588d7a0ce9d,0,1,fresh_ulong_00_qp1_T12544,False,52,1,957,0.0028466086369007826,25.456722372849853,0.9862450361251831,0.11380297690629959,0.10585403442382812
fresh_ulong,fee5d9ad-e77d-44cd-b576-d588d7a0ce9d,0,1,fresh_ulong_00_qp1_T12544,False,53,2,426,0.0027817613445222378,25.55680132145202,0.9863139390945435,0.11079075187444687,0.09855318069458008
fresh_ulong,fee5d9ad-e77d-44cd-b576-d588d7a0ce9d,0,1,fresh_ulong_00_qp1_T12544,False,54,1,383,0.0028393189422786236,25.467858201928344,0.986243486404419,0.11393245309591293,0.1036832332611084
fresh_ulong,fee5d9ad-e77d-44cd-b576-d588d7a0ce9d,0,1,fresh_ulong_00_qp1_T12544,False,55,2,151,0.002997635630890727,25.23221157715412,0.9852005839347839,0.11450783163309097,0.10242253541946411
fresh_ulong,fee5d9ad-e77d-44cd-b576-d588d7a0ce9d,0,1,fresh_ulong_00_qp1_T12544,False,56,1,863,0.002884433837607503,25.39939418325362,0.986007571220398,0.11475510895252228,0.10489523410797119
fresh_ulong,fee5d9ad-e77d-44cd-b576-d588d7a0ce9d,0,1,fresh_ulong_00_qp1_T12544,False,57,3,805,0.002676793374121189,25.72385151391456,0.9867950081825256,0.1091265082359314,0.09676414728164673
fresh_ulong,fee5d9ad-e77d-44cd-b576-d588d7a0ce9d,0,1,fresh_ulong_00_qp1_T12544,False,58,1,276,0.0027407563757151365,25.621295669358368,0.9866768717765808,0.11237955093383789,0.0998947024345398
fresh_ulong,fee5d9ad-e77d-44cd-b576-d588d7a0ce9d,0,1,fresh_ulong_00_qp1_T12544,False,59,2,101,0.0029197444673627615,25.346551558359725,0.985602617263794,0.11437684297561646,0.09891390800476074
fresh_ulong,fee5d9ad-e77d-44cd-b576-d588d7a0ce9d,0,1,fresh_ulong_00_qp1_T12544,False,60,1,925,0.0029022223316133022,25.372693204667836,0.9859409928321838,0.11422459781169891,0.10613632202148438
fresh_ulong,fee5d9ad-e77d-44cd-b576-d588d7a0ce9d,0,1,fresh_ulong_00_qp1_T12544,False,61,2,368,0.0028603733517229557,25.43577276657452,0.9858951568603516,0.11211821436882019,0.09956157207489014
fresh_ulong,fee5d9ad-e77d-44cd-b576-d588d7a0ce9d,0,1,fresh_ulong_00_qp1_T12544,False,62,1,345,0.002933915937319398,25.32552333737906,0.9857935309410095,0.11511614918708801,0.10410702228546143
fresh_ulong,fee5d9ad-e77d-44cd-b576-d588d7a0ce9d,0,1,fresh_ulong_00_qp1_T12544,False,63,2,132,0.003112415550276637,25.06902423525579,0.9846654534339905,0.11680088937282562,0.10513705015182495
fresh_ulong,fee5d9ad-e77d-44cd-b576-d588d7a0ce9d,0,1,fresh_ulong_00_qp1_T12508,False,0,1,5099,0.009795771911740303,20.089613356977736,0.9629908800125122,0.22526639699935913,0.06786137819290161
fresh_ulong,fee5d9ad-e77d-44cd-b576-d588d7a0ce9d,0,1,fresh_ulong_00_qp1_T12508,False,1,3,5795,0.006140768527984619,22.117772727389227,0.9748052358627319,0.1755211502313614,0.06108582019805908
fresh_ulong,fee5d9ad-e77d-44cd-b576-d588d7a0ce9d,0,1,fresh_ulong_00_qp1_T12508,False,2,1,1256,0.005947311408817768,22.25679320691851,0.9746091365814209,0.16895048320293427,0.057261109352111816
fresh_ulong,fee5d9ad-e77d-44cd-b576-d588d7a0ce9d,0,1,fresh_ulong_00_qp1_T12508,False,3,2,924,0.006028176285326481,22.19814055855568,0.9730702638626099,0.17123472690582275,0.0573388934135437
fresh_ulong,fee5d9ad-e77d-44cd-b576-d588d7a0ce9d,0,1,fresh_ulong_00_qp1_T12508,False,4,1,1418,0.00581118231639266,22.35735499064544,0.97151118516922,0.1787312626838684,0.05777537822723389
fresh_ulong,fee5d9ad-e77d-44cd-b576-d588d7a0ce9d,0,1,fresh_ulong_00_qp1_T12508,False,5,2,1381,0.005568506196141243,22.542612927583818,0.9702563881874084,0.1804245114326477,0.05917704105377197
fresh_ulong,fee5d9ad-e77d-44cd-b576-d588d7a0ce9d,0,1,fresh_ulong_00_qp1_T12508,False,6,1,1187,0.005601791664958,22.51673046965788,0.9672390222549438,0.18427135050296783,0.0601159930229187
fresh_ulong,fee5d9ad-e77d-44cd-b576-d588d7a0ce9d,0,1,fresh_ulong_00_qp1_T12508,False,7,2,974,0.0054839784279465675,22.609042622417874,0.9650843739509583,0.1886717677116394,0.06132376194000244
fresh_ulong,fee5d9ad-e77d-44cd-b576-d588d7a0ce9d,0,1,fresh_ulong_00_qp1_T12508,False,8,1,499,0.00558458874002099,22.5300880366133,0.9610859751701355,0.20124784111976624,0.06538999080657959
fresh_ulong,fee5d9ad-e77d-44cd-b576-d588d7a0ce9d,0,1,fresh_ulong_00_qp1_T12508,False,9,3,1143,0.005495867226272821,22.599637678687362,0.9583113789558411,0.2067023664712906,0.06587988138198853
fresh_ulong,fee5d9ad-e77d-44cd-b576-d588d7a0ce9d,0,1,fresh_ulong_00_qp1_T12508,False,10,1,576,0.005509372800588608,22.588978393964062,0.9543880820274353,0.21670526266098022,0.07231712341308594
fresh_ulong,fee5d9ad-e77d-44cd-b576-d588d7a0ce9d,0,1,fresh_ulong_00_qp1_T12508,False,11,2,360,0.005811725277453661,22.35694923160288,0.9481713771820068,0.22405514121055603,0.07238757610321045
fresh_ulong,fee5d9ad-e77d-44cd-b576-d588d7a0ce9d,0,1,fresh_ulong_00_qp1_T12508,False,12,1,1074,0.005568668246269226,22.54248654458291,0.9463330507278442,0.23199403285980225,0.076987624168396
fresh_ulong,fee5d9ad-e77d-44cd-b576-d588d7a0ce9d,0,1,fresh_ulong_00_qp1_T12508,False,13,2,678,0.005694631952792406,22.445343393700483,0.9415579438209534,0.2427978217601776,0.07942426204681396
fresh_ulong,fee5d9ad-e77d-44cd-b576-d588d7a0ce9d,0,1,fresh_ulong_00_qp1_T12508,False,14,1,1119,0.0052224998362362385,22.82121564965978,0.9429448246955872,0.24174252152442932,0.08210116624832153
fresh_ulong,fee5d9ad-e77d-44cd-b576-d588d7a0ce9d,0,1,fresh_ulong_00_qp1_T12508,False,15,2,816,0.005082615651190281,22.93912730525177,0.942194938659668,0.24299505352973938,0.08089160919189453
fresh_ulong,fee5d9ad-e77d-44cd-b576-d588d7a0ce9d,0,1,fresh_ulong_00_qp1_T12508,False,16,1,1256,0.004578927997499704,23.39236185590979,0.9465166330337524,0.2451300472021103,0.08658486604690552
fresh_ulong,fee5d9ad-e77d-44cd-b576-d588d7a0ce9d,0,1,fresh_ulong_00_qp1_T12508,False,17,3,2032,0.0038635486271232367,24.13013617297976,0.9550507068634033,0.22694680094718933,0.07816040515899658
fresh_ulong,fee5d9ad-e77d-44cd-b576-d588d7a0ce9d,0,1,fresh_ulong_00_qp1_T12508,False,18,1,780,0.0037111917044967413,24.30486611252208,0.9573504328727722,0.22908107936382294,0.08149093389511108
fresh_ulong,fee5d9ad-e77d-44cd-b576-d588d7a0ce9d,0,1,fresh_ulong_00_qp1_T12508,False,19,2,540,0.0038914864417165518,24.098844783330165,0.9563093781471252,0.2337867021560669,0.08332771062850952
fresh_ulong,fee5d9ad-e77d-44cd-b576-d588d7a0ce9d,0,1,fresh_ulong_00_qp1_T12508,False,20,1,1484,0.003689636941999197,24.33016366047883,0.9609447717666626,0.23726996779441833,0.09010040760040283
fresh_ulong,fee5d9ad-e77d-44cd-b576-d588d7a0ce9d,0,1,fresh_ulong_00_qp1_T12508,False,21,2,1031,0.0036611284594982862,24.363850325846002,0.9636939764022827,0.2333899736404419,0.08940839767456055
fresh_ulong,fee5d9ad-e77d-44cd-b576-d588d7a0ce9d,0,1,fresh_ulong_00_qp1_T12508,False,22,1,1069,0.003364694770425558,24.730543268433642,0.969103991985321,0.22403135895729065,0.09177207946777344
fresh_ulong,fee5d9ad-e77d-44cd-b576-d588d7a0ce9d,0,1,fresh_ulong_00_qp1_T12508,False,23,2,851,0.0033984449692070484,24.687197581863906,0.9709244966506958,0.21748633682727814,0.09349119663238525
fresh_ulong,fee5d9ad-e77d-44cd-b576-d588d7a0ce9d,0,1,fresh_ulong_00_qp1_T12508,False,24,1,1503,0.0030424550641328096,25.167758274095743,0.9768587946891785,0.21033918857574463,0.10134220123291016
fresh_ulong,fee5d9ad-e77d-44cd-b576-d588d7a0ce9d,0,1,fresh_ulong_00_qp1_T12508,False,25,3,2523,0.0025576597545295954,25.921572302086382,0.9825088977813721,0.17287051677703857,0.09488022327423096
fresh_ulong,fee5d9ad-e77d-44cd-b576-d588d7a0ce9d,0,1,fresh_ulong_00_qp1_T12508,False,26,1,708,0.002714256290346384,25.663491470122835,0.9829176664352417,0.1710408329963684,0.1048402190208435
fresh_ulong,fee5d9ad-e77d-44cd-b576-d588d7a0ce9d,0,1,fresh_ulong_00_qp1_T12508,False,27,2,610,0.002999077318236232,25.230123376914566,0.9826175570487976,0.17777404189109802,0.11215656995773315
fresh_ulong,fee5d9ad-e77d-44cd-b576-d588d7a0ce9d,0,1,fresh_ulong_00_qp1_T12508,False,28,1,1457,0.0029935201164335012,25.238178190527172,0.9848376512527466,0.1437941938638687,0.11912012100219727
fresh_ulong,fee5d9ad-e77d-44cd-b576-d588d7a0ce9d,0,1,fresh_ulong_00_qp1_T12508,False,29,2,781,0.002983435755595565,25.252833096853912,0.9855332374572754,0.13103355467319489,0.11621809005737305
fresh_ulong,fee5d9ad-e77d-44cd-b576-d588d7a0ce9d,0,1,fresh_ulong_00_qp1_T12508,False,30,1,648,0.0028609498403966427,25.434897563960362,0.9862905740737915,0.12666118144989014,0.11306732892990112
fresh_ulong,fee5d9ad-e77d-44cd-b576-d588d7a0ce9d,0,1,fresh_ulong_00_qp1_T12508,False,31,2,353,0.0028892026748508215,25.392219917376725,0.9860457181930542,0.12456448376178741,0.11081314086914062
fresh_ulong,fee5d9ad-e77d-44cd-b576-d588d7a0ce9d,0,1,fresh_ulong_00_qp1_T12508,False,32,1,784,0.0028448719531297684,25.459372762990135,0.9865419864654541,0.12145587801933289,0.11407756805419922
fresh_ulong,fee5d9ad-e77d-44cd-b576-d588d7a0ce9d,0,1,fresh_ulong_00_qp1_T12508,False,33,3,877,0.002629820490255952,25.800738951421735,0.9874289631843567,0.11413660645484924,0.10839247703552246
fresh_ulong,fee5d9ad-e77d-44cd-b576-d588d7a0ce9d,0,1,fresh_ulong_00_qp1_T12508,False,34,1,432,0.0026898321229964495,25.70274824210005,0.9872205853462219,0.11540957540273666,0.10814154148101807
fresh_ulong,fee5d9ad-e77d-44cd-b576-d588d7a0ce9d,0,1,fresh_ulong_00_qp1_T12508,False,35,2,170,0.0028008902445435524,25.527039090711135,0.9864788055419922,0.11489296704530716,0.11061429977416992
fresh_ulong,fee5d9ad-e77d-44cd-b576-d588d7a0ce9d,0,1,fresh_ulong_00_qp1_T12508,False,36,1,842,0.0027911383658647537,25.542186335787086,0.9868173003196716,0.11626976728439331,0.11282014846801758
fresh_ulong,fee5d9ad-e77d-44cd-b576-d588d7a0ce9d,0,1,fresh_ulong_00_qp1_T12508,False,37,2,325,0.0027292354498058558,25.63958996341611,0.986865758895874,0.11294236779212952,0.10780179500579834
fresh_ulong,fee5d9ad-e77d-44cd-b576-d588d7a0ce9d,0,1,fresh_ulong_00_qp1_T12508,False,38,1,470,0.00279331230558455,25.53880505398325,0.9866858124732971,0.11235860735177994,0.10758864879608154
fresh_ulong,fee5d9ad-e77d-44cd-b576-d588d7a0ce9d,0,1,fresh_ulong_00_qp1_T12508,False,39,2,175,0.002905420958995819,25.367909349004393,0.9859451651573181,0.1152563989162445,0.1098628044128418
fresh_ulong,fee5d9ad-e77d-44cd-b576-d588d7a0ce9d,0,1,fresh_ulong_00_qp1_T12508,False,40,1,769,0.0028456656727939844,25.458161249789654,0.9864376187324524,0.11494269967079163,0.11200392246246338
fresh_ulong,fee5d9ad-e77d-44cd-b576-d588d7a0ce9d,0,1,fresh_ulong_00_qp1_T12508,False,41,3,775,0.00267832912504673,25.721360559988003,0.9870052337646484,0.10862618684768677,0.10309439897537231
fresh_ulong,fee5d9ad-e77d-44cd-b576-d588d7a0ce9d,0,1,fresh_ulong_00_qp1_T12508,False,42,1,308,0.0027225587982684374,25.65022732146005,0.9869531393051147,0.11220530420541763,0.10743433237075806
fresh_ulong,fee5d9ad-e77d-44cd-b576-d588d7a0ce9d,0,1,fresh_ulong_00_qp1_T12508,False,43,2,112,0.0028699503745883703,25.421256127533816,0.9860184788703918,0.11275109648704529,0.1047598123550415
fresh_ulong,fee5d9ad-e77d-44cd-b576-d588d7a0ce9d,0,1,fresh_ulong_00_qp1_T12508,False,44,1,921,0.002803732408210635,25.52263438345584,0.9865687489509583,0.11207861453294754,0.11010909080505371
fresh_ulong,fee5d9ad-e77d-44cd-b576-d588d7a0ce9d,0,1,fresh_ulong_00_qp1_T12508,False,45,2,361,0.0027517336420714855,25.603936065473476,0.9865615367889404,0.10942202806472778,0.10498499870300293
fresh_ulong,fee5d9ad-e77d-44cd-b576-d588d7a0ce9d,0,1,fresh_ulong_00_qp1_T12508,False,46,1,424,0.0027703894302248955,25.574591784047982,0.9866897463798523,0.11181821674108505,0.10259455442428589
fresh_ulong,fee5d9ad-e77d-44cd-b576-d588d7a0ce9d,0,1,fresh_ulong_00_qp1_T12508,False,47,2,155,0.002935153665021062,25.323691570658532,0.9856413006782532,0.11221528053283691,0.10174453258514404
fresh_ulong,fee5d9ad-e77d-44cd-b576-d588d7a0ce9d,0,1,fresh_ulong_00_qp1_T12508,False,48,1,815,0.0028367345221340656,25.47181306067766,0.9863511919975281,0.11357816308736801,0.10578584671020508
fresh_ulong,fee5d9ad-e77d-44cd-b576-d588d7a0ce9d,0,1,fresh_ulong_00_qp1_T12508,False,49,3,744,0.002636387711390853,25.789907213406117,0.9870866537094116,0.10644979774951935,0.0991661548614502
fresh_ulong,fee5d9ad-e77d-44cd-b576-d588d7a0ce9d,0,1,fresh_ulong_00_qp1_T12508,False,50,1,305,0.0026951059699058533,25.694241539501306,0.9869673252105713,0.11006123572587967,0.10269355773925781
fresh_ulong,fee5d9ad-e77d-44cd-b576-d588d7a0ce9d,0,1,fresh_ulong_00_qp1_T12508,False,51,2,125,0.002911866642534733,25.358285186919304,0.9857564568519592,0.11237490922212601,0.1050490140914917
fresh_ulong,fee5d9ad-e77d-44cd-b576-d588d7a0ce9d,0,1,fresh_ulong_00_qp1_T12508,False,52,1,957,0.0028466086369007826,25.456722372849853,0.9862450361251831,0.11380297690629959,0.10585403442382812
fresh_ulong,fee5d9ad-e77d-44cd-b576-d588d7a0ce9d,0,1,fresh_ulong_00_qp1_T12508,False,53,2,426,0.0027817613445222378,25.55680132145202,0.9863139390945435,0.11079075187444687,0.09855318069458008
fresh_ulong,fee5d9ad-e77d-44cd-b576-d588d7a0ce9d,0,1,fresh_ulong_00_qp1_T12508,False,54,1,383,0.0028393189422786236,25.467858201928344,0.986243486404419,0.11393245309591293,0.1036832332611084
fresh_ulong,fee5d9ad-e77d-44cd-b576-d588d7a0ce9d,0,1,fresh_ulong_00_qp1_T12508,False,55,2,151,0.002997635630890727,25.23221157715412,0.9852005839347839,0.11450783163309097,0.10242253541946411
fresh_ulong,fee5d9ad-e77d-44cd-b576-d588d7a0ce9d,0,1,fresh_ulong_00_qp1_T12508,False,56,1,863,0.002884433837607503,25.39939418325362,0.986007571220398,0.11475510895252228,0.10489523410797119
fresh_ulong,fee5d9ad-e77d-44cd-b576-d588d7a0ce9d,0,1,fresh_ulong_00_qp1_T12508,False,57,3,805,0.002676793374121189,25.72385151391456,0.9867950081825256,0.1091265082359314,0.09676414728164673
fresh_ulong,fee5d9ad-e77d-44cd-b576-d588d7a0ce9d,0,1,fresh_ulong_00_qp1_T12508,False,58,1,276,0.0027407563757151365,25.621295669358368,0.9866768717765808,0.11237955093383789,0.0998947024345398
fresh_ulong,fee5d9ad-e77d-44cd-b576-d588d7a0ce9d,0,1,fresh_ulong_00_qp1_T12508,False,59,2,101,0.0029197444673627615,25.346551558359725,0.985602617263794,0.11437684297561646,0.09891390800476074
fresh_ulong,fee5d9ad-e77d-44cd-b576-d588d7a0ce9d,0,1,fresh_ulong_00_qp1_T12508,False,60,1,925,0.0029022223316133022,25.372693204667836,0.9859409928321838,0.11422459781169891,0.10613632202148438
fresh_ulong,fee5d9ad-e77d-44cd-b576-d588d7a0ce9d,0,1,fresh_ulong_00_qp1_T12508,False,61,2,368,0.0028603733517229557,25.43577276657452,0.9858951568603516,0.11211821436882019,0.09956157207489014
fresh_ulong,fee5d9ad-e77d-44cd-b576-d588d7a0ce9d,0,1,fresh_ulong_00_qp1_T12508,False,62,1,345,0.002933915937319398,25.32552333737906,0.9857935309410095,0.11511614918708801,0.10410702228546143
fresh_ulong,fee5d9ad-e77d-44cd-b576-d588d7a0ce9d,0,1,fresh_ulong_00_qp1_T12508,False,63,2,129,0.003113838378340006,25.06703932942169,0.9846612811088562,0.11683099716901779,0.10517513751983643
fresh_ulong,fee5d9ad-e77d-44cd-b576-d588d7a0ce9d,0,1,fresh_ulong_00_qp1_T12509,False,0,1,5099,0.009795771911740303,20.089613356977736,0.9629908800125122,0.22526639699935913,0.06786137819290161
fresh_ulong,fee5d9ad-e77d-44cd-b576-d588d7a0ce9d,0,1,fresh_ulong_00_qp1_T12509,False,1,3,5795,0.006140768527984619,22.117772727389227,0.9748052358627319,0.1755211502313614,0.06108582019805908
fresh_ulong,fee5d9ad-e77d-44cd-b576-d588d7a0ce9d,0,1,fresh_ulong_00_qp1_T12509,False,2,1,1256,0.005947311408817768,22.25679320691851,0.9746091365814209,0.16895048320293427,0.057261109352111816
fresh_ulong,fee5d9ad-e77d-44cd-b576-d588d7a0ce9d,0,1,fresh_ulong_00_qp1_T12509,False,3,2,924,0.006028176285326481,22.19814055855568,0.9730702638626099,0.17123472690582275,0.0573388934135437
fresh_ulong,fee5d9ad-e77d-44cd-b576-d588d7a0ce9d,0,1,fresh_ulong_00_qp1_T12509,False,4,1,1418,0.00581118231639266,22.35735499064544,0.97151118516922,0.1787312626838684,0.05777537822723389
fresh_ulong,fee5d9ad-e77d-44cd-b576-d588d7a0ce9d,0,1,fresh_ulong_00_qp1_T12509,False,5,2,1381,0.005568506196141243,22.542612927583818,0.9702563881874084,0.1804245114326477,0.05917704105377197
fresh_ulong,fee5d9ad-e77d-44cd-b576-d588d7a0ce9d,0,1,fresh_ulong_00_qp1_T12509,False,6,1,1187,0.005601791664958,22.51673046965788,0.9672390222549438,0.18427135050296783,0.0601159930229187
fresh_ulong,fee5d9ad-e77d-44cd-b576-d588d7a0ce9d,0,1,fresh_ulong_00_qp1_T12509,False,7,2,974,0.0054839784279465675,22.609042622417874,0.9650843739509583,0.1886717677116394,0.06132376194000244
fresh_ulong,fee5d9ad-e77d-44cd-b576-d588d7a0ce9d,0,1,fresh_ulong_00_qp1_T12509,False,8,1,499,0.00558458874002099,22.5300880366133,0.9610859751701355,0.20124784111976624,0.06538999080657959
fresh_ulong,fee5d9ad-e77d-44cd-b576-d588d7a0ce9d,0,1,fresh_ulong_00_qp1_T12509,False,9,3,1143,0.005495867226272821,22.599637678687362,0.9583113789558411,0.2067023664712906,0.06587988138198853
fresh_ulong,fee5d9ad-e77d-44cd-b576-d588d7a0ce9d,0,1,fresh_ulong_00_qp1_T12509,False,10,1,576,0.005509372800588608,22.588978393964062,0.9543880820274353,0.21670526266098022,0.07231712341308594
fresh_ulong,fee5d9ad-e77d-44cd-b576-d588d7a0ce9d,0,1,fresh_ulong_00_qp1_T12509,False,11,2,360,0.005811725277453661,22.35694923160288,0.9481713771820068,0.22405514121055603,0.07238757610321045
fresh_ulong,fee5d9ad-e77d-44cd-b576-d588d7a0ce9d,0,1,fresh_ulong_00_qp1_T12509,False,12,1,1074,0.005568668246269226,22.54248654458291,0.9463330507278442,0.23199403285980225,0.076987624168396
fresh_ulong,fee5d9ad-e77d-44cd-b576-d588d7a0ce9d,0,1,fresh_ulong_00_qp1_T12509,False,13,2,678,0.005694631952792406,22.445343393700483,0.9415579438209534,0.2427978217601776,0.07942426204681396
fresh_ulong,fee5d9ad-e77d-44cd-b576-d588d7a0ce9d,0,1,fresh_ulong_00_qp1_T12509,False,14,1,1119,0.0052224998362362385,22.82121564965978,0.9429448246955872,0.24174252152442932,0.08210116624832153
fresh_ulong,fee5d9ad-e77d-44cd-b576-d588d7a0ce9d,0,1,fresh_ulong_00_qp1_T12509,False,15,2,816,0.005082615651190281,22.93912730525177,0.942194938659668,0.24299505352973938,0.08089160919189453
fresh_ulong,fee5d9ad-e77d-44cd-b576-d588d7a0ce9d,0,1,fresh_ulong_00_qp1_T12509,False,16,1,1256,0.004578927997499704,23.39236185590979,0.9465166330337524,0.2451300472021103,0.08658486604690552
fresh_ulong,fee5d9ad-e77d-44cd-b576-d588d7a0ce9d,0,1,fresh_ulong_00_qp1_T12509,False,17,3,2032,0.0038635486271232367,24.13013617297976,0.9550507068634033,0.22694680094718933,0.07816040515899658
fresh_ulong,fee5d9ad-e77d-44cd-b576-d588d7a0ce9d,0,1,fresh_ulong_00_qp1_T12509,False,18,1,780,0.0037111917044967413,24.30486611252208,0.9573504328727722,0.22908107936382294,0.08149093389511108
fresh_ulong,fee5d9ad-e77d-44cd-b576-d588d7a0ce9d,0,1,fresh_ulong_00_qp1_T12509,False,19,2,540,0.0038914864417165518,24.098844783330165,0.9563093781471252,0.2337867021560669,0.08332771062850952
fresh_ulong,fee5d9ad-e77d-44cd-b576-d588d7a0ce9d,0,1,fresh_ulong_00_qp1_T12509,False,20,1,1484,0.003689636941999197,24.33016366047883,0.9609447717666626,0.23726996779441833,0.09010040760040283
fresh_ulong,fee5d9ad-e77d-44cd-b576-d588d7a0ce9d,0,1,fresh_ulong_00_qp1_T12509,False,21,2,1031,0.0036611284594982862,24.363850325846002,0.9636939764022827,0.2333899736404419,0.08940839767456055
fresh_ulong,fee5d9ad-e77d-44cd-b576-d588d7a0ce9d,0,1,fresh_ulong_00_qp1_T12509,False,22,1,1069,0.003364694770425558,24.730543268433642,0.969103991985321,0.22403135895729065,0.09177207946777344
fresh_ulong,fee5d9ad-e77d-44cd-b576-d588d7a0ce9d,0,1,fresh_ulong_00_qp1_T12509,False,23,2,851,0.0033984449692070484,24.687197581863906,0.9709244966506958,0.21748633682727814,0.09349119663238525
fresh_ulong,fee5d9ad-e77d-44cd-b576-d588d7a0ce9d,0,1,fresh_ulong_00_qp1_T12509,False,24,1,1503,0.0030424550641328096,25.167758274095743,0.9768587946891785,0.21033918857574463,0.10134220123291016
fresh_ulong,fee5d9ad-e77d-44cd-b576-d588d7a0ce9d,0,1,fresh_ulong_00_qp1_T12509,False,25,3,2523,0.0025576597545295954,25.921572302086382,0.9825088977813721,0.17287051677703857,0.09488022327423096
fresh_ulong,fee5d9ad-e77d-44cd-b576-d588d7a0ce9d,0,1,fresh_ulong_00_qp1_T12509,False,26,1,708,0.002714256290346384,25.663491470122835,0.9829176664352417,0.1710408329963684,0.1048402190208435
fresh_ulong,fee5d9ad-e77d-44cd-b576-d588d7a0ce9d,0,1,fresh_ulong_00_qp1_T12509,False,27,2,610,0.002999077318236232,25.230123376914566,0.9826175570487976,0.17777404189109802,0.11215656995773315
fresh_ulong,fee5d9ad-e77d-44cd-b576-d588d7a0ce9d,0,1,fresh_ulong_00_qp1_T12509,False,28,1,1457,0.0029935201164335012,25.238178190527172,0.9848376512527466,0.1437941938638687,0.11912012100219727
fresh_ulong,fee5d9ad-e77d-44cd-b576-d588d7a0ce9d,0,1,fresh_ulong_00_qp1_T12509,False,29,2,781,0.002983435755595565,25.252833096853912,0.9855332374572754,0.13103355467319489,0.11621809005737305
fresh_ulong,fee5d9ad-e77d-44cd-b576-d588d7a0ce9d,0,1,fresh_ulong_00_qp1_T12509,False,30,1,648,0.0028609498403966427,25.434897563960362,0.9862905740737915,0.12666118144989014,0.11306732892990112
fresh_ulong,fee5d9ad-e77d-44cd-b576-d588d7a0ce9d,0,1,fresh_ulong_00_qp1_T12509,False,31,2,353,0.0028892026748508215,25.392219917376725,0.9860457181930542,0.12456448376178741,0.11081314086914062
fresh_ulong,fee5d9ad-e77d-44cd-b576-d588d7a0ce9d,0,1,fresh_ulong_00_qp1_T12509,False,32,1,784,0.0028448719531297684,25.459372762990135,0.9865419864654541,0.12145587801933289,0.11407756805419922
fresh_ulong,fee5d9ad-e77d-44cd-b576-d588d7a0ce9d,0,1,fresh_ulong_00_qp1_T12509,False,33,3,877,0.002629820490255952,25.800738951421735,0.9874289631843567,0.11413660645484924,0.10839247703552246
fresh_ulong,fee5d9ad-e77d-44cd-b576-d588d7a0ce9d,0,1,fresh_ulong_00_qp1_T12509,False,34,1,432,0.0026898321229964495,25.70274824210005,0.9872205853462219,0.11540957540273666,0.10814154148101807
fresh_ulong,fee5d9ad-e77d-44cd-b576-d588d7a0ce9d,0,1,fresh_ulong_00_qp1_T12509,False,35,2,170,0.0028008902445435524,25.527039090711135,0.9864788055419922,0.11489296704530716,0.11061429977416992
fresh_ulong,fee5d9ad-e77d-44cd-b576-d588d7a0ce9d,0,1,fresh_ulong_00_qp1_T12509,False,36,1,842,0.0027911383658647537,25.542186335787086,0.9868173003196716,0.11626976728439331,0.11282014846801758
fresh_ulong,fee5d9ad-e77d-44cd-b576-d588d7a0ce9d,0,1,fresh_ulong_00_qp1_T12509,False,37,2,325,0.0027292354498058558,25.63958996341611,0.986865758895874,0.11294236779212952,0.10780179500579834
fresh_ulong,fee5d9ad-e77d-44cd-b576-d588d7a0ce9d,0,1,fresh_ulong_00_qp1_T12509,False,38,1,470,0.00279331230558455,25.53880505398325,0.9866858124732971,0.11235860735177994,0.10758864879608154
fresh_ulong,fee5d9ad-e77d-44cd-b576-d588d7a0ce9d,0,1,fresh_ulong_00_qp1_T12509,False,39,2,175,0.002905420958995819,25.367909349004393,0.9859451651573181,0.1152563989162445,0.1098628044128418
fresh_ulong,fee5d9ad-e77d-44cd-b576-d588d7a0ce9d,0,1,fresh_ulong_00_qp1_T12509,False,40,1,769,0.0028456656727939844,25.458161249789654,0.9864376187324524,0.11494269967079163,0.11200392246246338
fresh_ulong,fee5d9ad-e77d-44cd-b576-d588d7a0ce9d,0,1,fresh_ulong_00_qp1_T12509,False,41,3,775,0.00267832912504673,25.721360559988003,0.9870052337646484,0.10862618684768677,0.10309439897537231
fresh_ulong,fee5d9ad-e77d-44cd-b576-d588d7a0ce9d,0,1,fresh_ulong_00_qp1_T12509,False,42,1,308,0.0027225587982684374,25.65022732146005,0.9869531393051147,0.11220530420541763,0.10743433237075806
fresh_ulong,fee5d9ad-e77d-44cd-b576-d588d7a0ce9d,0,1,fresh_ulong_00_qp1_T12509,False,43,2,112,0.0028699503745883703,25.421256127533816,0.9860184788703918,0.11275109648704529,0.1047598123550415
fresh_ulong,fee5d9ad-e77d-44cd-b576-d588d7a0ce9d,0,1,fresh_ulong_00_qp1_T12509,False,44,1,921,0.002803732408210635,25.52263438345584,0.9865687489509583,0.11207861453294754,0.11010909080505371
fresh_ulong,fee5d9ad-e77d-44cd-b576-d588d7a0ce9d,0,1,fresh_ulong_00_qp1_T12509,False,45,2,361,0.0027517336420714855,25.603936065473476,0.9865615367889404,0.10942202806472778,0.10498499870300293
fresh_ulong,fee5d9ad-e77d-44cd-b576-d588d7a0ce9d,0,1,fresh_ulong_00_qp1_T12509,False,46,1,424,0.0027703894302248955,25.574591784047982,0.9866897463798523,0.11181821674108505,0.10259455442428589
fresh_ulong,fee5d9ad-e77d-44cd-b576-d588d7a0ce9d,0,1,fresh_ulong_00_qp1_T12509,False,47,2,155,0.002935153665021062,25.323691570658532,0.9856413006782532,0.11221528053283691,0.10174453258514404
fresh_ulong,fee5d9ad-e77d-44cd-b576-d588d7a0ce9d,0,1,fresh_ulong_00_qp1_T12509,False,48,1,815,0.0028367345221340656,25.47181306067766,0.9863511919975281,0.11357816308736801,0.10578584671020508
fresh_ulong,fee5d9ad-e77d-44cd-b576-d588d7a0ce9d,0,1,fresh_ulong_00_qp1_T12509,False,49,3,744,0.002636387711390853,25.789907213406117,0.9870866537094116,0.10644979774951935,0.0991661548614502
fresh_ulong,fee5d9ad-e77d-44cd-b576-d588d7a0ce9d,0,1,fresh_ulong_00_qp1_T12509,False,50,1,305,0.0026951059699058533,25.694241539501306,0.9869673252105713,0.11006123572587967,0.10269355773925781
fresh_ulong,fee5d9ad-e77d-44cd-b576-d588d7a0ce9d,0,1,fresh_ulong_00_qp1_T12509,False,51,2,125,0.002911866642534733,25.358285186919304,0.9857564568519592,0.11237490922212601,0.1050490140914917
fresh_ulong,fee5d9ad-e77d-44cd-b576-d588d7a0ce9d,0,1,fresh_ulong_00_qp1_T12509,False,52,1,957,0.0028466086369007826,25.456722372849853,0.9862450361251831,0.11380297690629959,0.10585403442382812
fresh_ulong,fee5d9ad-e77d-44cd-b576-d588d7a0ce9d,0,1,fresh_ulong_00_qp1_T12509,False,53,2,426,0.0027817613445222378,25.55680132145202,0.9863139390945435,0.11079075187444687,0.09855318069458008
fresh_ulong,fee5d9ad-e77d-44cd-b576-d588d7a0ce9d,0,1,fresh_ulong_00_qp1_T12509,False,54,1,383,0.0028393189422786236,25.467858201928344,0.986243486404419,0.11393245309591293,0.1036832332611084
fresh_ulong,fee5d9ad-e77d-44cd-b576-d588d7a0ce9d,0,1,fresh_ulong_00_qp1_T12509,False,55,2,151,0.002997635630890727,25.23221157715412,0.9852005839347839,0.11450783163309097,0.10242253541946411
fresh_ulong,fee5d9ad-e77d-44cd-b576-d588d7a0ce9d,0,1,fresh_ulong_00_qp1_T12509,False,56,1,863,0.002884433837607503,25.39939418325362,0.986007571220398,0.11475510895252228,0.10489523410797119
fresh_ulong,fee5d9ad-e77d-44cd-b576-d588d7a0ce9d,0,1,fresh_ulong_00_qp1_T12509,False,57,3,805,0.002676793374121189,25.72385151391456,0.9867950081825256,0.1091265082359314,0.09676414728164673
fresh_ulong,fee5d9ad-e77d-44cd-b576-d588d7a0ce9d,0,1,fresh_ulong_00_qp1_T12509,False,58,1,276,0.0027407563757151365,25.621295669358368,0.9866768717765808,0.11237955093383789,0.0998947024345398
fresh_ulong,fee5d9ad-e77d-44cd-b576-d588d7a0ce9d,0,1,fresh_ulong_00_qp1_T12509,False,59,2,101,0.0029197444673627615,25.346551558359725,0.985602617263794,0.11437684297561646,0.09891390800476074
fresh_ulong,fee5d9ad-e77d-44cd-b576-d588d7a0ce9d,0,1,fresh_ulong_00_qp1_T12509,False,60,1,925,0.0029022223316133022,25.372693204667836,0.9859409928321838,0.11422459781169891,0.10613632202148438
fresh_ulong,fee5d9ad-e77d-44cd-b576-d588d7a0ce9d,0,1,fresh_ulong_00_qp1_T12509,False,61,2,368,0.0028603733517229557,25.43577276657452,0.9858951568603516,0.11211821436882019,0.09956157207489014
fresh_ulong,fee5d9ad-e77d-44cd-b576-d588d7a0ce9d,0,1,fresh_ulong_00_qp1_T12509,False,62,1,345,0.002933915937319398,25.32552333737906,0.9857935309410095,0.11511614918708801,0.10410702228546143
fresh_ulong,fee5d9ad-e77d-44cd-b576-d588d7a0ce9d,0,1,fresh_ulong_00_qp1_T12509,False,63,2,129,0.003113838378340006,25.06703932942169,0.9846612811088562,0.11683099716901779,0.10517513751983643
fresh_ulong,fee5d9ad-e77d-44cd-b576-d588d7a0ce9d,0,1,fresh_ulong_00_qp1_T12546,False,0,1,5099,0.009795771911740303,20.089613356977736,0.9629908800125122,0.22526639699935913,0.06786137819290161
fresh_ulong,fee5d9ad-e77d-44cd-b576-d588d7a0ce9d,0,1,fresh_ulong_00_qp1_T12546,False,1,3,5795,0.006140768527984619,22.117772727389227,0.9748052358627319,0.1755211502313614,0.06108582019805908
fresh_ulong,fee5d9ad-e77d-44cd-b576-d588d7a0ce9d,0,1,fresh_ulong_00_qp1_T12546,False,2,1,1256,0.005947311408817768,22.25679320691851,0.9746091365814209,0.16895048320293427,0.057261109352111816
fresh_ulong,fee5d9ad-e77d-44cd-b576-d588d7a0ce9d,0,1,fresh_ulong_00_qp1_T12546,False,3,2,924,0.006028176285326481,22.19814055855568,0.9730702638626099,0.17123472690582275,0.0573388934135437
fresh_ulong,fee5d9ad-e77d-44cd-b576-d588d7a0ce9d,0,1,fresh_ulong_00_qp1_T12546,False,4,1,1418,0.00581118231639266,22.35735499064544,0.97151118516922,0.1787312626838684,0.05777537822723389
fresh_ulong,fee5d9ad-e77d-44cd-b576-d588d7a0ce9d,0,1,fresh_ulong_00_qp1_T12546,False,5,2,1381,0.005568506196141243,22.542612927583818,0.9702563881874084,0.1804245114326477,0.05917704105377197
fresh_ulong,fee5d9ad-e77d-44cd-b576-d588d7a0ce9d,0,1,fresh_ulong_00_qp1_T12546,False,6,1,1187,0.005601791664958,22.51673046965788,0.9672390222549438,0.18427135050296783,0.0601159930229187
fresh_ulong,fee5d9ad-e77d-44cd-b576-d588d7a0ce9d,0,1,fresh_ulong_00_qp1_T12546,False,7,2,974,0.0054839784279465675,22.609042622417874,0.9650843739509583,0.1886717677116394,0.06132376194000244
fresh_ulong,fee5d9ad-e77d-44cd-b576-d588d7a0ce9d,0,1,fresh_ulong_00_qp1_T12546,False,8,1,499,0.00558458874002099,22.5300880366133,0.9610859751701355,0.20124784111976624,0.06538999080657959
fresh_ulong,fee5d9ad-e77d-44cd-b576-d588d7a0ce9d,0,1,fresh_ulong_00_qp1_T12546,False,9,3,1143,0.005495867226272821,22.599637678687362,0.9583113789558411,0.2067023664712906,0.06587988138198853
fresh_ulong,fee5d9ad-e77d-44cd-b576-d588d7a0ce9d,0,1,fresh_ulong_00_qp1_T12546,False,10,1,576,0.005509372800588608,22.588978393964062,0.9543880820274353,0.21670526266098022,0.07231712341308594
fresh_ulong,fee5d9ad-e77d-44cd-b576-d588d7a0ce9d,0,1,fresh_ulong_00_qp1_T12546,False,11,2,360,0.005811725277453661,22.35694923160288,0.9481713771820068,0.22405514121055603,0.07238757610321045
fresh_ulong,fee5d9ad-e77d-44cd-b576-d588d7a0ce9d,0,1,fresh_ulong_00_qp1_T12546,False,12,1,1074,0.005568668246269226,22.54248654458291,0.9463330507278442,0.23199403285980225,0.076987624168396
fresh_ulong,fee5d9ad-e77d-44cd-b576-d588d7a0ce9d,0,1,fresh_ulong_00_qp1_T12546,False,13,2,678,0.005694631952792406,22.445343393700483,0.9415579438209534,0.2427978217601776,0.07942426204681396
fresh_ulong,fee5d9ad-e77d-44cd-b576-d588d7a0ce9d,0,1,fresh_ulong_00_qp1_T12546,False,14,1,1119,0.0052224998362362385,22.82121564965978,0.9429448246955872,0.24174252152442932,0.08210116624832153
fresh_ulong,fee5d9ad-e77d-44cd-b576-d588d7a0ce9d,0,1,fresh_ulong_00_qp1_T12546,False,15,2,816,0.005082615651190281,22.93912730525177,0.942194938659668,0.24299505352973938,0.08089160919189453
fresh_ulong,fee5d9ad-e77d-44cd-b576-d588d7a0ce9d,0,1,fresh_ulong_00_qp1_T12546,False,16,1,1256,0.004578927997499704,23.39236185590979,0.9465166330337524,0.2451300472021103,0.08658486604690552
fresh_ulong,fee5d9ad-e77d-44cd-b576-d588d7a0ce9d,0,1,fresh_ulong_00_qp1_T12546,False,17,3,2032,0.0038635486271232367,24.13013617297976,0.9550507068634033,0.22694680094718933,0.07816040515899658
fresh_ulong,fee5d9ad-e77d-44cd-b576-d588d7a0ce9d,0,1,fresh_ulong_00_qp1_T12546,False,18,1,780,0.0037111917044967413,24.30486611252208,0.9573504328727722,0.22908107936382294,0.08149093389511108
fresh_ulong,fee5d9ad-e77d-44cd-b576-d588d7a0ce9d,0,1,fresh_ulong_00_qp1_T12546,False,19,2,540,0.0038914864417165518,24.098844783330165,0.9563093781471252,0.2337867021560669,0.08332771062850952
fresh_ulong,fee5d9ad-e77d-44cd-b576-d588d7a0ce9d,0,1,fresh_ulong_00_qp1_T12546,False,20,1,1484,0.003689636941999197,24.33016366047883,0.9609447717666626,0.23726996779441833,0.09010040760040283
fresh_ulong,fee5d9ad-e77d-44cd-b576-d588d7a0ce9d,0,1,fresh_ulong_00_qp1_T12546,False,21,2,1031,0.0036611284594982862,24.363850325846002,0.9636939764022827,0.2333899736404419,0.08940839767456055
fresh_ulong,fee5d9ad-e77d-44cd-b576-d588d7a0ce9d,0,1,fresh_ulong_00_qp1_T12546,False,22,1,1069,0.003364694770425558,24.730543268433642,0.969103991985321,0.22403135895729065,0.09177207946777344
fresh_ulong,fee5d9ad-e77d-44cd-b576-d588d7a0ce9d,0,1,fresh_ulong_00_qp1_T12546,False,23,2,851,0.0033984449692070484,24.687197581863906,0.9709244966506958,0.21748633682727814,0.09349119663238525
fresh_ulong,fee5d9ad-e77d-44cd-b576-d588d7a0ce9d,0,1,fresh_ulong_00_qp1_T12546,False,24,1,1503,0.0030424550641328096,25.167758274095743,0.9768587946891785,0.21033918857574463,0.10134220123291016
fresh_ulong,fee5d9ad-e77d-44cd-b576-d588d7a0ce9d,0,1,fresh_ulong_00_qp1_T12546,False,25,3,2523,0.0025576597545295954,25.921572302086382,0.9825088977813721,0.17287051677703857,0.09488022327423096
fresh_ulong,fee5d9ad-e77d-44cd-b576-d588d7a0ce9d,0,1,fresh_ulong_00_qp1_T12546,False,26,1,708,0.002714256290346384,25.663491470122835,0.9829176664352417,0.1710408329963684,0.1048402190208435
fresh_ulong,fee5d9ad-e77d-44cd-b576-d588d7a0ce9d,0,1,fresh_ulong_00_qp1_T12546,False,27,2,610,0.002999077318236232,25.230123376914566,0.9826175570487976,0.17777404189109802,0.11215656995773315
fresh_ulong,fee5d9ad-e77d-44cd-b576-d588d7a0ce9d,0,1,fresh_ulong_00_qp1_T12546,False,28,1,1457,0.0029935201164335012,25.238178190527172,0.9848376512527466,0.1437941938638687,0.11912012100219727
fresh_ulong,fee5d9ad-e77d-44cd-b576-d588d7a0ce9d,0,1,fresh_ulong_00_qp1_T12546,False,29,2,781,0.002983435755595565,25.252833096853912,0.9855332374572754,0.13103355467319489,0.11621809005737305
fresh_ulong,fee5d9ad-e77d-44cd-b576-d588d7a0ce9d,0,1,fresh_ulong_00_qp1_T12546,False,30,1,648,0.0028609498403966427,25.434897563960362,0.9862905740737915,0.12666118144989014,0.11306732892990112
fresh_ulong,fee5d9ad-e77d-44cd-b576-d588d7a0ce9d,0,1,fresh_ulong_00_qp1_T12546,False,31,2,353,0.0028892026748508215,25.392219917376725,0.9860457181930542,0.12456448376178741,0.11081314086914062
fresh_ulong,fee5d9ad-e77d-44cd-b576-d588d7a0ce9d,0,1,fresh_ulong_00_qp1_T12546,False,32,1,784,0.0028448719531297684,25.459372762990135,0.9865419864654541,0.12145587801933289,0.11407756805419922
fresh_ulong,fee5d9ad-e77d-44cd-b576-d588d7a0ce9d,0,1,fresh_ulong_00_qp1_T12546,False,33,3,877,0.002629820490255952,25.800738951421735,0.9874289631843567,0.11413660645484924,0.10839247703552246
fresh_ulong,fee5d9ad-e77d-44cd-b576-d588d7a0ce9d,0,1,fresh_ulong_00_qp1_T12546,False,34,1,432,0.0026898321229964495,25.70274824210005,0.9872205853462219,0.11540957540273666,0.10814154148101807
fresh_ulong,fee5d9ad-e77d-44cd-b576-d588d7a0ce9d,0,1,fresh_ulong_00_qp1_T12546,False,35,2,170,0.0028008902445435524,25.527039090711135,0.9864788055419922,0.11489296704530716,0.11061429977416992
fresh_ulong,fee5d9ad-e77d-44cd-b576-d588d7a0ce9d,0,1,fresh_ulong_00_qp1_T12546,False,36,1,842,0.0027911383658647537,25.542186335787086,0.9868173003196716,0.11626976728439331,0.11282014846801758
fresh_ulong,fee5d9ad-e77d-44cd-b576-d588d7a0ce9d,0,1,fresh_ulong_00_qp1_T12546,False,37,2,325,0.0027292354498058558,25.63958996341611,0.986865758895874,0.11294236779212952,0.10780179500579834
fresh_ulong,fee5d9ad-e77d-44cd-b576-d588d7a0ce9d,0,1,fresh_ulong_00_qp1_T12546,False,38,1,470,0.00279331230558455,25.53880505398325,0.9866858124732971,0.11235860735177994,0.10758864879608154
fresh_ulong,fee5d9ad-e77d-44cd-b576-d588d7a0ce9d,0,1,fresh_ulong_00_qp1_T12546,False,39,2,175,0.002905420958995819,25.367909349004393,0.9859451651573181,0.1152563989162445,0.1098628044128418
fresh_ulong,fee5d9ad-e77d-44cd-b576-d588d7a0ce9d,0,1,fresh_ulong_00_qp1_T12546,False,40,1,769,0.0028456656727939844,25.458161249789654,0.9864376187324524,0.11494269967079163,0.11200392246246338
fresh_ulong,fee5d9ad-e77d-44cd-b576-d588d7a0ce9d,0,1,fresh_ulong_00_qp1_T12546,False,41,3,775,0.00267832912504673,25.721360559988003,0.9870052337646484,0.10862618684768677,0.10309439897537231
fresh_ulong,fee5d9ad-e77d-44cd-b576-d588d7a0ce9d,0,1,fresh_ulong_00_qp1_T12546,False,42,1,308,0.0027225587982684374,25.65022732146005,0.9869531393051147,0.11220530420541763,0.10743433237075806
fresh_ulong,fee5d9ad-e77d-44cd-b576-d588d7a0ce9d,0,1,fresh_ulong_00_qp1_T12546,False,43,2,112,0.0028699503745883703,25.421256127533816,0.9860184788703918,0.11275109648704529,0.1047598123550415
fresh_ulong,fee5d9ad-e77d-44cd-b576-d588d7a0ce9d,0,1,fresh_ulong_00_qp1_T12546,False,44,1,921,0.002803732408210635,25.52263438345584,0.9865687489509583,0.11207861453294754,0.11010909080505371
fresh_ulong,fee5d9ad-e77d-44cd-b576-d588d7a0ce9d,0,1,fresh_ulong_00_qp1_T12546,False,45,2,361,0.0027517336420714855,25.603936065473476,0.9865615367889404,0.10942202806472778,0.10498499870300293
fresh_ulong,fee5d9ad-e77d-44cd-b576-d588d7a0ce9d,0,1,fresh_ulong_00_qp1_T12546,False,46,1,424,0.0027703894302248955,25.574591784047982,0.9866897463798523,0.11181821674108505,0.10259455442428589
fresh_ulong,fee5d9ad-e77d-44cd-b576-d588d7a0ce9d,0,1,fresh_ulong_00_qp1_T12546,False,47,2,155,0.002935153665021062,25.323691570658532,0.9856413006782532,0.11221528053283691,0.10174453258514404
fresh_ulong,fee5d9ad-e77d-44cd-b576-d588d7a0ce9d,0,1,fresh_ulong_00_qp1_T12546,False,48,1,815,0.0028367345221340656,25.47181306067766,0.9863511919975281,0.11357816308736801,0.10578584671020508
fresh_ulong,fee5d9ad-e77d-44cd-b576-d588d7a0ce9d,0,1,fresh_ulong_00_qp1_T12546,False,49,3,744,0.002636387711390853,25.789907213406117,0.9870866537094116,0.10644979774951935,0.0991661548614502
fresh_ulong,fee5d9ad-e77d-44cd-b576-d588d7a0ce9d,0,1,fresh_ulong_00_qp1_T12546,False,50,1,305,0.0026951059699058533,25.694241539501306,0.9869673252105713,0.11006123572587967,0.10269355773925781
fresh_ulong,fee5d9ad-e77d-44cd-b576-d588d7a0ce9d,0,1,fresh_ulong_00_qp1_T12546,False,51,2,125,0.002911866642534733,25.358285186919304,0.9857564568519592,0.11237490922212601,0.1050490140914917
fresh_ulong,fee5d9ad-e77d-44cd-b576-d588d7a0ce9d,0,1,fresh_ulong_00_qp1_T12546,False,52,1,957,0.0028466086369007826,25.456722372849853,0.9862450361251831,0.11380297690629959,0.10585403442382812
fresh_ulong,fee5d9ad-e77d-44cd-b576-d588d7a0ce9d,0,1,fresh_ulong_00_qp1_T12546,False,53,2,426,0.0027817613445222378,25.55680132145202,0.9863139390945435,0.11079075187444687,0.09855318069458008
fresh_ulong,fee5d9ad-e77d-44cd-b576-d588d7a0ce9d,0,1,fresh_ulong_00_qp1_T12546,False,54,1,383,0.0028393189422786236,25.467858201928344,0.986243486404419,0.11393245309591293,0.1036832332611084
fresh_ulong,fee5d9ad-e77d-44cd-b576-d588d7a0ce9d,0,1,fresh_ulong_00_qp1_T12546,False,55,2,151,0.002997635630890727,25.23221157715412,0.9852005839347839,0.11450783163309097,0.10242253541946411
fresh_ulong,fee5d9ad-e77d-44cd-b576-d588d7a0ce9d,0,1,fresh_ulong_00_qp1_T12546,False,56,1,863,0.002884433837607503,25.39939418325362,0.986007571220398,0.11475510895252228,0.10489523410797119
fresh_ulong,fee5d9ad-e77d-44cd-b576-d588d7a0ce9d,0,1,fresh_ulong_00_qp1_T12546,False,57,3,805,0.002676793374121189,25.72385151391456,0.9867950081825256,0.1091265082359314,0.09676414728164673
fresh_ulong,fee5d9ad-e77d-44cd-b576-d588d7a0ce9d,0,1,fresh_ulong_00_qp1_T12546,False,58,1,276,0.0027407563757151365,25.621295669358368,0.9866768717765808,0.11237955093383789,0.0998947024345398
fresh_ulong,fee5d9ad-e77d-44cd-b576-d588d7a0ce9d,0,1,fresh_ulong_00_qp1_T12546,False,59,2,101,0.0029197444673627615,25.346551558359725,0.985602617263794,0.11437684297561646,0.09891390800476074
fresh_ulong,fee5d9ad-e77d-44cd-b576-d588d7a0ce9d,0,1,fresh_ulong_00_qp1_T12546,False,60,1,925,0.0029022223316133022,25.372693204667836,0.9859409928321838,0.11422459781169891,0.10613632202148438
fresh_ulong,fee5d9ad-e77d-44cd-b576-d588d7a0ce9d,0,1,fresh_ulong_00_qp1_T12546,False,61,2,368,0.0028603733517229557,25.43577276657452,0.9858951568603516,0.11211821436882019,0.09956157207489014
fresh_ulong,fee5d9ad-e77d-44cd-b576-d588d7a0ce9d,0,1,fresh_ulong_00_qp1_T12546,False,62,1,345,0.002933915937319398,25.32552333737906,0.9857935309410095,0.11511614918708801,0.10410702228546143
fresh_ulong,fee5d9ad-e77d-44cd-b576-d588d7a0ce9d,0,1,fresh_ulong_00_qp1_T12546,False,63,2,129,0.003113838378340006,25.06703932942169,0.9846612811088562,0.11683099716901779,0.10517513751983643
fresh_ulong,fee5d9ad-e77d-44cd-b576-d588d7a0ce9d,0,1,fresh_ulong_00_qp1_T12547,False,0,1,5099,0.009795771911740303,20.089613356977736,0.9629908800125122,0.22526639699935913,0.06786137819290161
fresh_ulong,fee5d9ad-e77d-44cd-b576-d588d7a0ce9d,0,1,fresh_ulong_00_qp1_T12547,False,1,3,5795,0.006140768527984619,22.117772727389227,0.9748052358627319,0.1755211502313614,0.06108582019805908
fresh_ulong,fee5d9ad-e77d-44cd-b576-d588d7a0ce9d,0,1,fresh_ulong_00_qp1_T12547,False,2,1,1256,0.005947311408817768,22.25679320691851,0.9746091365814209,0.16895048320293427,0.057261109352111816
fresh_ulong,fee5d9ad-e77d-44cd-b576-d588d7a0ce9d,0,1,fresh_ulong_00_qp1_T12547,False,3,2,924,0.006028176285326481,22.19814055855568,0.9730702638626099,0.17123472690582275,0.0573388934135437
fresh_ulong,fee5d9ad-e77d-44cd-b576-d588d7a0ce9d,0,1,fresh_ulong_00_qp1_T12547,False,4,1,1418,0.00581118231639266,22.35735499064544,0.97151118516922,0.1787312626838684,0.05777537822723389
fresh_ulong,fee5d9ad-e77d-44cd-b576-d588d7a0ce9d,0,1,fresh_ulong_00_qp1_T12547,False,5,2,1381,0.005568506196141243,22.542612927583818,0.9702563881874084,0.1804245114326477,0.05917704105377197
fresh_ulong,fee5d9ad-e77d-44cd-b576-d588d7a0ce9d,0,1,fresh_ulong_00_qp1_T12547,False,6,1,1187,0.005601791664958,22.51673046965788,0.9672390222549438,0.18427135050296783,0.0601159930229187
fresh_ulong,fee5d9ad-e77d-44cd-b576-d588d7a0ce9d,0,1,fresh_ulong_00_qp1_T12547,False,7,2,974,0.0054839784279465675,22.609042622417874,0.9650843739509583,0.1886717677116394,0.06132376194000244
fresh_ulong,fee5d9ad-e77d-44cd-b576-d588d7a0ce9d,0,1,fresh_ulong_00_qp1_T12547,False,8,1,499,0.00558458874002099,22.5300880366133,0.9610859751701355,0.20124784111976624,0.06538999080657959
fresh_ulong,fee5d9ad-e77d-44cd-b576-d588d7a0ce9d,0,1,fresh_ulong_00_qp1_T12547,False,9,3,1143,0.005495867226272821,22.599637678687362,0.9583113789558411,0.2067023664712906,0.06587988138198853
fresh_ulong,fee5d9ad-e77d-44cd-b576-d588d7a0ce9d,0,1,fresh_ulong_00_qp1_T12547,False,10,1,576,0.005509372800588608,22.588978393964062,0.9543880820274353,0.21670526266098022,0.07231712341308594
fresh_ulong,fee5d9ad-e77d-44cd-b576-d588d7a0ce9d,0,1,fresh_ulong_00_qp1_T12547,False,11,2,360,0.005811725277453661,22.35694923160288,0.9481713771820068,0.22405514121055603,0.07238757610321045
fresh_ulong,fee5d9ad-e77d-44cd-b576-d588d7a0ce9d,0,1,fresh_ulong_00_qp1_T12547,False,12,1,1074,0.005568668246269226,22.54248654458291,0.9463330507278442,0.23199403285980225,0.076987624168396
fresh_ulong,fee5d9ad-e77d-44cd-b576-d588d7a0ce9d,0,1,fresh_ulong_00_qp1_T12547,False,13,2,678,0.005694631952792406,22.445343393700483,0.9415579438209534,0.2427978217601776,0.07942426204681396
fresh_ulong,fee5d9ad-e77d-44cd-b576-d588d7a0ce9d,0,1,fresh_ulong_00_qp1_T12547,False,14,1,1119,0.0052224998362362385,22.82121564965978,0.9429448246955872,0.24174252152442932,0.08210116624832153
fresh_ulong,fee5d9ad-e77d-44cd-b576-d588d7a0ce9d,0,1,fresh_ulong_00_qp1_T12547,False,15,2,816,0.005082615651190281,22.93912730525177,0.942194938659668,0.24299505352973938,0.08089160919189453
fresh_ulong,fee5d9ad-e77d-44cd-b576-d588d7a0ce9d,0,1,fresh_ulong_00_qp1_T12547,False,16,1,1256,0.004578927997499704,23.39236185590979,0.9465166330337524,0.2451300472021103,0.08658486604690552
fresh_ulong,fee5d9ad-e77d-44cd-b576-d588d7a0ce9d,0,1,fresh_ulong_00_qp1_T12547,False,17,3,2032,0.0038635486271232367,24.13013617297976,0.9550507068634033,0.22694680094718933,0.07816040515899658
fresh_ulong,fee5d9ad-e77d-44cd-b576-d588d7a0ce9d,0,1,fresh_ulong_00_qp1_T12547,False,18,1,780,0.0037111917044967413,24.30486611252208,0.9573504328727722,0.22908107936382294,0.08149093389511108
fresh_ulong,fee5d9ad-e77d-44cd-b576-d588d7a0ce9d,0,1,fresh_ulong_00_qp1_T12547,False,19,2,540,0.0038914864417165518,24.098844783330165,0.9563093781471252,0.2337867021560669,0.08332771062850952
fresh_ulong,fee5d9ad-e77d-44cd-b576-d588d7a0ce9d,0,1,fresh_ulong_00_qp1_T12547,False,20,1,1484,0.003689636941999197,24.33016366047883,0.9609447717666626,0.23726996779441833,0.09010040760040283
fresh_ulong,fee5d9ad-e77d-44cd-b576-d588d7a0ce9d,0,1,fresh_ulong_00_qp1_T12547,False,21,2,1031,0.0036611284594982862,24.363850325846002,0.9636939764022827,0.2333899736404419,0.08940839767456055
fresh_ulong,fee5d9ad-e77d-44cd-b576-d588d7a0ce9d,0,1,fresh_ulong_00_qp1_T12547,False,22,1,1069,0.003364694770425558,24.730543268433642,0.969103991985321,0.22403135895729065,0.09177207946777344
fresh_ulong,fee5d9ad-e77d-44cd-b576-d588d7a0ce9d,0,1,fresh_ulong_00_qp1_T12547,False,23,2,851,0.0033984449692070484,24.687197581863906,0.9709244966506958,0.21748633682727814,0.09349119663238525
fresh_ulong,fee5d9ad-e77d-44cd-b576-d588d7a0ce9d,0,1,fresh_ulong_00_qp1_T12547,False,24,1,1503,0.0030424550641328096,25.167758274095743,0.9768587946891785,0.21033918857574463,0.10134220123291016
fresh_ulong,fee5d9ad-e77d-44cd-b576-d588d7a0ce9d,0,1,fresh_ulong_00_qp1_T12547,False,25,3,2523,0.0025576597545295954,25.921572302086382,0.9825088977813721,0.17287051677703857,0.09488022327423096
fresh_ulong,fee5d9ad-e77d-44cd-b576-d588d7a0ce9d,0,1,fresh_ulong_00_qp1_T12547,False,26,1,708,0.002714256290346384,25.663491470122835,0.9829176664352417,0.1710408329963684,0.1048402190208435
fresh_ulong,fee5d9ad-e77d-44cd-b576-d588d7a0ce9d,0,1,fresh_ulong_00_qp1_T12547,False,27,2,610,0.002999077318236232,25.230123376914566,0.9826175570487976,0.17777404189109802,0.11215656995773315
fresh_ulong,fee5d9ad-e77d-44cd-b576-d588d7a0ce9d,0,1,fresh_ulong_00_qp1_T12547,False,28,1,1457,0.0029935201164335012,25.238178190527172,0.9848376512527466,0.1437941938638687,0.11912012100219727
fresh_ulong,fee5d9ad-e77d-44cd-b576-d588d7a0ce9d,0,1,fresh_ulong_00_qp1_T12547,False,29,2,781,0.002983435755595565,25.252833096853912,0.9855332374572754,0.13103355467319489,0.11621809005737305
fresh_ulong,fee5d9ad-e77d-44cd-b576-d588d7a0ce9d,0,1,fresh_ulong_00_qp1_T12547,False,30,1,648,0.0028609498403966427,25.434897563960362,0.9862905740737915,0.12666118144989014,0.11306732892990112
fresh_ulong,fee5d9ad-e77d-44cd-b576-d588d7a0ce9d,0,1,fresh_ulong_00_qp1_T12547,False,31,2,353,0.0028892026748508215,25.392219917376725,0.9860457181930542,0.12456448376178741,0.11081314086914062
fresh_ulong,fee5d9ad-e77d-44cd-b576-d588d7a0ce9d,0,1,fresh_ulong_00_qp1_T12547,False,32,1,784,0.0028448719531297684,25.459372762990135,0.9865419864654541,0.12145587801933289,0.11407756805419922
fresh_ulong,fee5d9ad-e77d-44cd-b576-d588d7a0ce9d,0,1,fresh_ulong_00_qp1_T12547,False,33,3,877,0.002629820490255952,25.800738951421735,0.9874289631843567,0.11413660645484924,0.10839247703552246
fresh_ulong,fee5d9ad-e77d-44cd-b576-d588d7a0ce9d,0,1,fresh_ulong_00_qp1_T12547,False,34,1,432,0.0026898321229964495,25.70274824210005,0.9872205853462219,0.11540957540273666,0.10814154148101807
fresh_ulong,fee5d9ad-e77d-44cd-b576-d588d7a0ce9d,0,1,fresh_ulong_00_qp1_T12547,False,35,2,170,0.0028008902445435524,25.527039090711135,0.9864788055419922,0.11489296704530716,0.11061429977416992
fresh_ulong,fee5d9ad-e77d-44cd-b576-d588d7a0ce9d,0,1,fresh_ulong_00_qp1_T12547,False,36,1,842,0.0027911383658647537,25.542186335787086,0.9868173003196716,0.11626976728439331,0.11282014846801758
fresh_ulong,fee5d9ad-e77d-44cd-b576-d588d7a0ce9d,0,1,fresh_ulong_00_qp1_T12547,False,37,2,325,0.0027292354498058558,25.63958996341611,0.986865758895874,0.11294236779212952,0.10780179500579834
fresh_ulong,fee5d9ad-e77d-44cd-b576-d588d7a0ce9d,0,1,fresh_ulong_00_qp1_T12547,False,38,1,470,0.00279331230558455,25.53880505398325,0.9866858124732971,0.11235860735177994,0.10758864879608154
fresh_ulong,fee5d9ad-e77d-44cd-b576-d588d7a0ce9d,0,1,fresh_ulong_00_qp1_T12547,False,39,2,175,0.002905420958995819,25.367909349004393,0.9859451651573181,0.1152563989162445,0.1098628044128418
fresh_ulong,fee5d9ad-e77d-44cd-b576-d588d7a0ce9d,0,1,fresh_ulong_00_qp1_T12547,False,40,1,769,0.0028456656727939844,25.458161249789654,0.9864376187324524,0.11494269967079163,0.11200392246246338
fresh_ulong,fee5d9ad-e77d-44cd-b576-d588d7a0ce9d,0,1,fresh_ulong_00_qp1_T12547,False,41,3,775,0.00267832912504673,25.721360559988003,0.9870052337646484,0.10862618684768677,0.10309439897537231
fresh_ulong,fee5d9ad-e77d-44cd-b576-d588d7a0ce9d,0,1,fresh_ulong_00_qp1_T12547,False,42,1,308,0.0027225587982684374,25.65022732146005,0.9869531393051147,0.11220530420541763,0.10743433237075806
fresh_ulong,fee5d9ad-e77d-44cd-b576-d588d7a0ce9d,0,1,fresh_ulong_00_qp1_T12547,False,43,2,112,0.0028699503745883703,25.421256127533816,0.9860184788703918,0.11275109648704529,0.1047598123550415
fresh_ulong,fee5d9ad-e77d-44cd-b576-d588d7a0ce9d,0,1,fresh_ulong_00_qp1_T12547,False,44,1,921,0.002803732408210635,25.52263438345584,0.9865687489509583,0.11207861453294754,0.11010909080505371
fresh_ulong,fee5d9ad-e77d-44cd-b576-d588d7a0ce9d,0,1,fresh_ulong_00_qp1_T12547,False,45,2,361,0.0027517336420714855,25.603936065473476,0.9865615367889404,0.10942202806472778,0.10498499870300293
fresh_ulong,fee5d9ad-e77d-44cd-b576-d588d7a0ce9d,0,1,fresh_ulong_00_qp1_T12547,False,46,1,424,0.0027703894302248955,25.574591784047982,0.9866897463798523,0.11181821674108505,0.10259455442428589
fresh_ulong,fee5d9ad-e77d-44cd-b576-d588d7a0ce9d,0,1,fresh_ulong_00_qp1_T12547,False,47,2,155,0.002935153665021062,25.323691570658532,0.9856413006782532,0.11221528053283691,0.10174453258514404
fresh_ulong,fee5d9ad-e77d-44cd-b576-d588d7a0ce9d,0,1,fresh_ulong_00_qp1_T12547,False,48,1,815,0.0028367345221340656,25.47181306067766,0.9863511919975281,0.11357816308736801,0.10578584671020508
fresh_ulong,fee5d9ad-e77d-44cd-b576-d588d7a0ce9d,0,1,fresh_ulong_00_qp1_T12547,False,49,3,744,0.002636387711390853,25.789907213406117,0.9870866537094116,0.10644979774951935,0.0991661548614502
fresh_ulong,fee5d9ad-e77d-44cd-b576-d588d7a0ce9d,0,1,fresh_ulong_00_qp1_T12547,False,50,1,305,0.0026951059699058533,25.694241539501306,0.9869673252105713,0.11006123572587967,0.10269355773925781
fresh_ulong,fee5d9ad-e77d-44cd-b576-d588d7a0ce9d,0,1,fresh_ulong_00_qp1_T12547,False,51,2,125,0.002911866642534733,25.358285186919304,0.9857564568519592,0.11237490922212601,0.1050490140914917
fresh_ulong,fee5d9ad-e77d-44cd-b576-d588d7a0ce9d,0,1,fresh_ulong_00_qp1_T12547,False,52,1,957,0.0028466086369007826,25.456722372849853,0.9862450361251831,0.11380297690629959,0.10585403442382812
fresh_ulong,fee5d9ad-e77d-44cd-b576-d588d7a0ce9d,0,1,fresh_ulong_00_qp1_T12547,False,53,2,426,0.0027817613445222378,25.55680132145202,0.9863139390945435,0.11079075187444687,0.09855318069458008
fresh_ulong,fee5d9ad-e77d-44cd-b576-d588d7a0ce9d,0,1,fresh_ulong_00_qp1_T12547,False,54,1,383,0.0028393189422786236,25.467858201928344,0.986243486404419,0.11393245309591293,0.1036832332611084
fresh_ulong,fee5d9ad-e77d-44cd-b576-d588d7a0ce9d,0,1,fresh_ulong_00_qp1_T12547,False,55,2,151,0.002997635630890727,25.23221157715412,0.9852005839347839,0.11450783163309097,0.10242253541946411
fresh_ulong,fee5d9ad-e77d-44cd-b576-d588d7a0ce9d,0,1,fresh_ulong_00_qp1_T12547,False,56,1,863,0.002884433837607503,25.39939418325362,0.986007571220398,0.11475510895252228,0.10489523410797119
fresh_ulong,fee5d9ad-e77d-44cd-b576-d588d7a0ce9d,0,1,fresh_ulong_00_qp1_T12547,False,57,3,805,0.002676793374121189,25.72385151391456,0.9867950081825256,0.1091265082359314,0.09676414728164673
fresh_ulong,fee5d9ad-e77d-44cd-b576-d588d7a0ce9d,0,1,fresh_ulong_00_qp1_T12547,False,58,1,276,0.0027407563757151365,25.621295669358368,0.9866768717765808,0.11237955093383789,0.0998947024345398
fresh_ulong,fee5d9ad-e77d-44cd-b576-d588d7a0ce9d,0,1,fresh_ulong_00_qp1_T12547,False,59,2,101,0.0029197444673627615,25.346551558359725,0.985602617263794,0.11437684297561646,0.09891390800476074
fresh_ulong,fee5d9ad-e77d-44cd-b576-d588d7a0ce9d,0,1,fresh_ulong_00_qp1_T12547,False,60,1,925,0.0029022223316133022,25.372693204667836,0.9859409928321838,0.11422459781169891,0.10613632202148438
fresh_ulong,fee5d9ad-e77d-44cd-b576-d588d7a0ce9d,0,1,fresh_ulong_00_qp1_T12547,False,61,2,368,0.0028603733517229557,25.43577276657452,0.9858951568603516,0.11211821436882019,0.09956157207489014
fresh_ulong,fee5d9ad-e77d-44cd-b576-d588d7a0ce9d,0,1,fresh_ulong_00_qp1_T12547,False,62,1,345,0.002933915937319398,25.32552333737906,0.9857935309410095,0.11511614918708801,0.10410702228546143
fresh_ulong,fee5d9ad-e77d-44cd-b576-d588d7a0ce9d,0,1,fresh_ulong_00_qp1_T12547,False,63,2,129,0.003113838378340006,25.06703932942169,0.9846612811088562,0.11683099716901779,0.10517513751983643
fresh_ulong,fee5d9ad-e77d-44cd-b576-d588d7a0ce9d,0,3,fresh_ulong_00_qp3_BASELINE,True,0,3,7975,0.007518589496612549,21.238636263357993,0.9715078473091125,0.17397786676883698,0.055849432945251465
fresh_ulong,fee5d9ad-e77d-44cd-b576-d588d7a0ce9d,0,3,fresh_ulong_00_qp3_BASELINE,True,1,5,7150,0.005262201651930809,22.78832513406759,0.9783338904380798,0.14591661095619202,0.050594449043273926
fresh_ulong,fee5d9ad-e77d-44cd-b576-d588d7a0ce9d,0,3,fresh_ulong_00_qp3_BASELINE,True,2,3,1778,0.005041272845119238,22.974597969234782,0.9784203171730042,0.14086441695690155,0.04797846078872681
fresh_ulong,fee5d9ad-e77d-44cd-b576-d588d7a0ce9d,0,3,fresh_ulong_00_qp3_BASELINE,True,3,4,1382,0.005070102401077747,22.949832691136265,0.9772812724113464,0.14232024550437927,0.04722440242767334
fresh_ulong,fee5d9ad-e77d-44cd-b576-d588d7a0ce9d,0,3,fresh_ulong_00_qp3_BASELINE,True,4,3,2191,0.00482646469026804,23.163708666991603,0.9762992858886719,0.14585712552070618,0.04737436771392822
fresh_ulong,fee5d9ad-e77d-44cd-b576-d588d7a0ce9d,0,3,fresh_ulong_00_qp3_BASELINE,True,5,4,2590,0.004579960834234953,23.391382358713205,0.975468635559082,0.1466187834739685,0.04900944232940674
fresh_ulong,fee5d9ad-e77d-44cd-b576-d588d7a0ce9d,0,3,fresh_ulong_00_qp3_BASELINE,True,6,3,2027,0.004483984317630529,23.483359149839412,0.973629891872406,0.1496666669845581,0.04900205135345459
fresh_ulong,fee5d9ad-e77d-44cd-b576-d588d7a0ce9d,0,3,fresh_ulong_00_qp3_BASELINE,True,7,4,2049,0.004290883429348469,23.674532838076647,0.9724340438842773,0.15326611697673798,0.04949486255645752
fresh_ulong,fee5d9ad-e77d-44cd-b576-d588d7a0ce9d,0,3,fresh_ulong_00_qp3_BASELINE,True,8,3,1599,0.004176243674010038,23.79214169203465,0.9703875780105591,0.15947946906089783,0.052952587604522705
fresh_ulong,fee5d9ad-e77d-44cd-b576-d588d7a0ce9d,0,3,fresh_ulong_00_qp3_BASELINE,True,9,5,2780,0.003950213082134724,24.033794770572477,0.969463586807251,0.15741115808486938,0.05020737648010254
fresh_ulong,fee5d9ad-e77d-44cd-b576-d588d7a0ce9d,0,3,fresh_ulong_00_qp3_BASELINE,True,10,3,558,0.004025651607662439,23.951638130084042,0.9659178853034973,0.17211131751537323,0.057332396507263184
fresh_ulong,fee5d9ad-e77d-44cd-b576-d588d7a0ce9d,0,3,fresh_ulong_00_qp3_BASELINE,True,11,4,463,0.004233425483107567,23.733080802905814,0.9617071151733398,0.17781546711921692,0.05953824520111084
fresh_ulong,fee5d9ad-e77d-44cd-b576-d588d7a0ce9d,0,3,fresh_ulong_00_qp3_BASELINE,True,12,3,2531,0.0036692062858492136,24.354278711583113,0.9636030197143555,0.17672914266586304,0.05722171068191528
fresh_ulong,fee5d9ad-e77d-44cd-b576-d588d7a0ce9d,0,3,fresh_ulong_00_qp3_BASELINE,True,13,4,1844,0.003446964779868722,24.625631540700944,0.9636247754096985,0.17883053421974182,0.05613136291503906
fresh_ulong,fee5d9ad-e77d-44cd-b576-d588d7a0ce9d,0,3,fresh_ulong_00_qp3_BASELINE,True,14,3,797,0.0035823925863951445,24.458268225175605,0.9600862860679626,0.1922834813594818,0.06476390361785889
fresh_ulong,fee5d9ad-e77d-44cd-b576-d588d7a0ce9d,0,3,fresh_ulong_00_qp3_BASELINE,True,15,4,673,0.0037120331544429064,24.30388153485691,0.9571980237960815,0.19638092815876007,0.06441795825958252
fresh_ulong,fee5d9ad-e77d-44cd-b576-d588d7a0ce9d,0,3,fresh_ulong_00_qp3_BASELINE,True,16,3,3194,0.003041995922103524,25.168413724687944,0.9638702869415283,0.18620388209819794,0.06454694271087646
fresh_ulong,fee5d9ad-e77d-44cd-b576-d588d7a0ce9d,0,3,fresh_ulong_00_qp3_BASELINE,True,17,5,4085,0.0024361624382436275,26.132937572210693,0.9717100858688354,0.16366785764694214,0.05533939599990845
fresh_ulong,fee5d9ad-e77d-44cd-b576-d588d7a0ce9d,0,3,fresh_ulong_00_qp3_BASELINE,True,18,3,449,0.002583296736702323,25.878257046627006,0.9702420830726624,0.1740281581878662,0.0628475546836853
fresh_ulong,fee5d9ad-e77d-44cd-b576-d588d7a0ce9d,0,3,fresh_ulong_00_qp3_BASELINE,True,19,4,449,0.0028876347932964563,25.394577339851608,0.9677643179893494,0.18346409499645233,0.06598860025405884
fresh_ulong,fee5d9ad-e77d-44cd-b576-d588d7a0ce9d,0,3,fresh_ulong_00_qp3_BASELINE,True,20,3,3551,0.002386708976700902,26.2220053345167,0.9749312996864319,0.17287984490394592,0.06935793161392212
fresh_ulong,fee5d9ad-e77d-44cd-b576-d588d7a0ce9d,0,3,fresh_ulong_00_qp3_BASELINE,True,21,4,2618,0.0020658792927861214,26.84895057457434,0.979823648929596,0.1588582545518875,0.06364822387695312
fresh_ulong,fee5d9ad-e77d-44cd-b576-d588d7a0ce9d,0,3,fresh_ulong_00_qp3_BASELINE,True,22,3,535,0.0022353315725922585,26.50658047714738,0.979620635509491,0.16720737516880035,0.07180130481719971
fresh_ulong,fee5d9ad-e77d-44cd-b576-d588d7a0ce9d,0,3,fresh_ulong_00_qp3_BASELINE,True,23,4,624,0.0025409748777747154,25.949996287307204,0.9784799218177795,0.1702319085597992,0.07758563756942749
fresh_ulong,fee5d9ad-e77d-44cd-b576-d588d7a0ce9d,0,3,fresh_ulong_00_qp3_BASELINE,True,24,3,3401,0.0021081578452140093,26.760968750823395,0.9842442870140076,0.15546254813671112,0.08192980289459229
fresh_ulong,fee5d9ad-e77d-44cd-b576-d588d7a0ce9d,0,3,fresh_ulong_00_qp3_BASELINE,True,25,5,4500,0.001652432605624199,27.81876244158438,0.98897385597229,0.12239058315753937,0.07182633876800537
fresh_ulong,fee5d9ad-e77d-44cd-b576-d588d7a0ce9d,0,3,fresh_ulong_00_qp3_BASELINE,True,26,3,397,0.0018179561011493206,27.40416608055083,0.9886043071746826,0.12960918247699738,0.08550333976745605
fresh_ulong,fee5d9ad-e77d-44cd-b576-d588d7a0ce9d,0,3,fresh_ulong_00_qp3_BASELINE,True,27,4,668,0.0021588027011603117,26.65787047203876,0.9876856803894043,0.13433116674423218,0.09071749448776245
fresh_ulong,fee5d9ad-e77d-44cd-b576-d588d7a0ce9d,0,3,fresh_ulong_00_qp3_BASELINE,True,28,3,3025,0.002050012582913041,26.88243473250134,0.9896072745323181,0.10407890379428864,0.08910250663757324
fresh_ulong,fee5d9ad-e77d-44cd-b576-d588d7a0ce9d,0,3,fresh_ulong_00_qp3_BASELINE,True,29,4,1946,0.0019358920399099588,27.13118865921592,0.9906256198883057,0.09153331816196442,0.0850522518157959
fresh_ulong,fee5d9ad-e77d-44cd-b576-d588d7a0ce9d,0,3,fresh_ulong_00_qp3_BASELINE,True,30,3,281,0.0020005886908620596,26.988421905493286,0.9904108047485352,0.095753014087677,0.0877336859703064
fresh_ulong,fee5d9ad-e77d-44cd-b576-d588d7a0ce9d,0,3,fresh_ulong_00_qp3_BASELINE,True,31,4,336,0.0021153707057237625,26.746135141789228,0.9897895455360413,0.09376977384090424,0.08757591247558594
fresh_ulong,fee5d9ad-e77d-44cd-b576-d588d7a0ce9d,0,3,fresh_ulong_00_qp3_BASELINE,True,32,3,1816,0.0020185993053019047,26.949498805445835,0.9904289841651917,0.0914582908153534,0.08861112594604492
fresh_ulong,fee5d9ad-e77d-44cd-b576-d588d7a0ce9d,0,3,fresh_ulong_00_qp3_BASELINE,True,33,5,2194,0.0017901950050145388,27.4709965897039,0.9914855360984802,0.08135734498500824,0.07717055082321167
fresh_ulong,fee5d9ad-e77d-44cd-b576-d588d7a0ce9d,0,3,fresh_ulong_00_qp3_BASELINE,True,34,3,153,0.0019077889155596495,27.194696788347397,0.9909639954566956,0.0869881808757782,0.08312064409255981
fresh_ulong,fee5d9ad-e77d-44cd-b576-d588d7a0ce9d,0,3,fresh_ulong_00_qp3_BASELINE,True,35,4,148,0.0020454833284020424,26.89204055844172,0.990156888961792,0.0861419066786766,0.08414506912231445
fresh_ulong,fee5d9ad-e77d-44cd-b576-d588d7a0ce9d,0,3,fresh_ulong_00_qp3_BASELINE,True,36,3,1885,0.001991244265809655,27.008754618277543,0.9905861020088196,0.08726014196872711,0.08864343166351318
fresh_ulong,fee5d9ad-e77d-44cd-b576-d588d7a0ce9d,0,3,fresh_ulong_00_qp3_BASELINE,True,37,4,874,0.0018846546299755573,27.247682242583558,0.9909622073173523,0.08134474605321884,0.07901573181152344
fresh_ulong,fee5d9ad-e77d-44cd-b576-d588d7a0ce9d,0,3,fresh_ulong_00_qp3_BASELINE,True,38,3,168,0.0020699191372841597,26.8404662020358,0.9901490807533264,0.0856836810708046,0.08362960815429688
fresh_ulong,fee5d9ad-e77d-44cd-b576-d588d7a0ce9d,0,3,fresh_ulong_00_qp3_BASELINE,True,39,4,159,0.0022247619926929474,26.52716443464609,0.9893068075180054,0.08816221356391907,0.0849236249923706
fresh_ulong,fee5d9ad-e77d-44cd-b576-d588d7a0ce9d,0,3,fresh_ulong_00_qp3_BASELINE,True,40,3,1889,0.0020687568467110395,26.842905515465972,0.9901593327522278,0.08719898015260696,0.09241580963134766
fresh_ulong,fee5d9ad-e77d-44cd-b576-d588d7a0ce9d,0,3,fresh_ulong_00_qp3_BASELINE,True,41,5,1812,0.0018465378088876605,27.336417955011314,0.9911131262779236,0.07921165972948074,0.0800473690032959
fresh_ulong,fee5d9ad-e77d-44cd-b576-d588d7a0ce9d,0,3,fresh_ulong_00_qp3_BASELINE,True,42,3,106,0.0019789114594459534,27.03573636584033,0.9905675649642944,0.0853302851319313,0.08602142333984375
fresh_ulong,fee5d9ad-e77d-44cd-b576-d588d7a0ce9d,0,3,fresh_ulong_00_qp3_BASELINE,True,43,4,101,0.002125214086845517,26.725973140595904,0.9896965622901917,0.08492477238178253,0.08421844244003296
fresh_ulong,fee5d9ad-e77d-44cd-b576-d588d7a0ce9d,0,3,fresh_ulong_00_qp3_BASELINE,True,44,3,1868,0.0020442605018615723,26.89463762494132,0.9902332425117493,0.08599956333637238,0.0886889100074768
fresh_ulong,fee5d9ad-e77d-44cd-b576-d588d7a0ce9d,0,3,fresh_ulong_00_qp3_BASELINE,True,45,4,861,0.0019337412668392062,27.13601634648546,0.990654468536377,0.0823276937007904,0.07816082239151001
fresh_ulong,fee5d9ad-e77d-44cd-b576-d588d7a0ce9d,0,3,fresh_ulong_00_qp3_BASELINE,True,46,3,122,0.0020821141079068184,26.814954731557876,0.9900444746017456,0.08672729134559631,0.08363604545593262
fresh_ulong,fee5d9ad-e77d-44cd-b576-d588d7a0ce9d,0,3,fresh_ulong_00_qp3_BASELINE,True,47,4,128,0.0022371152881532907,26.50311634267856,0.989092230796814,0.08730771392583847,0.08125460147857666
fresh_ulong,fee5d9ad-e77d-44cd-b576-d588d7a0ce9d,0,3,fresh_ulong_00_qp3_BASELINE,True,48,3,1873,0.0020868205465376377,26.805148959270497,0.9899759888648987,0.08709804713726044,0.08723801374435425
fresh_ulong,fee5d9ad-e77d-44cd-b576-d588d7a0ce9d,0,3,fresh_ulong_00_qp3_BASELINE,True,49,5,1649,0.0018733650213107467,27.27377592995437,0.9909245371818542,0.07813392579555511,0.07743048667907715
fresh_ulong,fee5d9ad-e77d-44cd-b576-d588d7a0ce9d,0,3,fresh_ulong_00_qp3_BASELINE,True,50,3,112,0.002010821830481291,26.966264085016025,0.9903496503829956,0.08561957627534866,0.08229279518127441
fresh_ulong,fee5d9ad-e77d-44cd-b576-d588d7a0ce9d,0,3,fresh_ulong_00_qp3_BASELINE,True,51,4,124,0.0022213475313037634,26.53383490474365,0.9891649484634399,0.08757179230451584,0.08288496732711792
fresh_ulong,fee5d9ad-e77d-44cd-b576-d588d7a0ce9d,0,3,fresh_ulong_00_qp3_BASELINE,True,52,3,1953,0.0021144982893019915,26.747926618753244,0.9898508787155151,0.08923506736755371,0.08878439664840698
fresh_ulong,fee5d9ad-e77d-44cd-b576-d588d7a0ce9d,0,3,fresh_ulong_00_qp3_BASELINE,True,53,4,939,0.002012132667005062,26.963433881048,0.9901749491691589,0.08415725827217102,0.07950711250305176
fresh_ulong,fee5d9ad-e77d-44cd-b576-d588d7a0ce9d,0,3,fresh_ulong_00_qp3_BASELINE,True,54,3,128,0.0021831823978573084,26.609099788699744,0.989530622959137,0.09071557968854904,0.08739590644836426
fresh_ulong,fee5d9ad-e77d-44cd-b576-d588d7a0ce9d,0,3,fresh_ulong_00_qp3_BASELINE,True,55,4,136,0.0023255092091858387,26.334819363112807,0.9885973930358887,0.08940699696540833,0.08510512113571167
fresh_ulong,fee5d9ad-e77d-44cd-b576-d588d7a0ce9d,0,3,fresh_ulong_00_qp3_BASELINE,True,56,3,1916,0.002164300763979554,26.646823872529065,0.9895390868186951,0.09076827764511108,0.08724379539489746
fresh_ulong,fee5d9ad-e77d-44cd-b576-d588d7a0ce9d,0,3,fresh_ulong_00_qp3_BASELINE,True,57,5,1733,0.0019350690999999642,27.133035220079307,0.9905673861503601,0.08330310881137848,0.07693439722061157
fresh_ulong,fee5d9ad-e77d-44cd-b576-d588d7a0ce9d,0,3,fresh_ulong_00_qp3_BASELINE,True,58,3,100,0.002047775313258171,26.88717696898015,0.9901257753372192,0.08902762830257416,0.08571887016296387
fresh_ulong,fee5d9ad-e77d-44cd-b576-d588d7a0ce9d,0,3,fresh_ulong_00_qp3_BASELINE,True,59,4,105,0.00220879097469151,26.55845380929497,0.9891561269760132,0.08950746059417725,0.08091163635253906
fresh_ulong,fee5d9ad-e77d-44cd-b576-d588d7a0ce9d,0,3,fresh_ulong_00_qp3_BASELINE,True,60,3,1885,0.0021647531539201736,26.645916189421758,0.9895636439323425,0.0902436375617981,0.08632779121398926
fresh_ulong,fee5d9ad-e77d-44cd-b576-d588d7a0ce9d,0,3,fresh_ulong_00_qp3_BASELINE,True,61,4,889,0.0020516114309430122,26.87904889845296,0.9899714589118958,0.084989532828331,0.07822424173355103
fresh_ulong,fee5d9ad-e77d-44cd-b576-d588d7a0ce9d,0,3,fresh_ulong_00_qp3_BASELINE,True,62,3,141,0.002208189107477665,26.559637367321344,0.9894150495529175,0.09151218831539154,0.08375555276870728
fresh_ulong,fee5d9ad-e77d-44cd-b576-d588d7a0ce9d,0,3,fresh_ulong_00_qp3_BASELINE,True,63,4,130,0.002375602023676038,26.242263134375477,0.9883954524993896,0.09147960692644119,0.0817861557006836
fresh_ulong,fee5d9ad-e77d-44cd-b576-d588d7a0ce9d,0,3,fresh_ulong_00_qp3_T13134,False,0,3,7975,0.007518589496612549,21.238636263357993,0.9715078473091125,0.17397786676883698,0.055849432945251465
fresh_ulong,fee5d9ad-e77d-44cd-b576-d588d7a0ce9d,0,3,fresh_ulong_00_qp3_T13134,False,1,5,7151,0.005252936854958534,22.795978197771113,0.978377103805542,0.14596132934093475,0.05051165819168091
fresh_ulong,fee5d9ad-e77d-44cd-b576-d588d7a0ce9d,0,3,fresh_ulong_00_qp3_T13134,False,2,3,1783,0.005029948428273201,22.984364677136927,0.9784603118896484,0.14074799418449402,0.048147499561309814
fresh_ulong,fee5d9ad-e77d-44cd-b576-d588d7a0ce9d,0,3,fresh_ulong_00_qp3_T13134,False,3,4,1376,0.005060525611042976,22.958043728596948,0.9773266911506653,0.1423262357711792,0.04737246036529541
fresh_ulong,fee5d9ad-e77d-44cd-b576-d588d7a0ce9d,0,3,fresh_ulong_00_qp3_T13134,False,4,3,2188,0.004797837231308222,23.189544897453743,0.9764474034309387,0.1456521898508072,0.047369420528411865
fresh_ulong,fee5d9ad-e77d-44cd-b576-d588d7a0ce9d,0,3,fresh_ulong_00_qp3_T13134,False,5,4,2624,0.004547424148768187,23.422345362548374,0.9756596684455872,0.14666272699832916,0.049135684967041016
fresh_ulong,fee5d9ad-e77d-44cd-b576-d588d7a0ce9d,0,3,fresh_ulong_00_qp3_T13134,False,6,3,2016,0.004490755498409271,23.4768058968952,0.9735527038574219,0.15045134723186493,0.04997515678405762
fresh_ulong,fee5d9ad-e77d-44cd-b576-d588d7a0ce9d,0,3,fresh_ulong_00_qp3_T13134,False,7,4,2034,0.004297100473195314,23.668244916863152,0.9723194241523743,0.1538386046886444,0.04941880702972412
fresh_ulong,fee5d9ad-e77d-44cd-b576-d588d7a0ce9d,0,3,fresh_ulong_00_qp3_T13134,False,8,3,1584,0.004161057993769646,23.807962312874118,0.9704319834709167,0.1600290834903717,0.052877187728881836
fresh_ulong,fee5d9ad-e77d-44cd-b576-d588d7a0ce9d,0,3,fresh_ulong_00_qp3_T13134,False,9,5,2795,0.003930754028260708,24.05524131837844,0.969557523727417,0.15867045521736145,0.05052685737609863
fresh_ulong,fee5d9ad-e77d-44cd-b576-d588d7a0ce9d,0,3,fresh_ulong_00_qp3_T13134,False,10,3,527,0.004011816810816526,23.96658906127169,0.9659104347229004,0.17242524027824402,0.057195186614990234
fresh_ulong,fee5d9ad-e77d-44cd-b576-d588d7a0ce9d,0,3,fresh_ulong_00_qp3_T13134,False,11,4,445,0.004225091077387333,23.741639248254323,0.9615268111228943,0.17876656353473663,0.05862247943878174
fresh_ulong,fee5d9ad-e77d-44cd-b576-d588d7a0ce9d,0,3,fresh_ulong_00_qp3_T13134,False,12,3,2544,0.003666662611067295,24.357290499229105,0.9637470841407776,0.17721223831176758,0.05851680040359497
fresh_ulong,fee5d9ad-e77d-44cd-b576-d588d7a0ce9d,0,3,fresh_ulong_00_qp3_T13134,False,13,4,1806,0.0034750497434288263,24.59038974342348,0.9635522961616516,0.1791670024394989,0.0577738881111145
fresh_ulong,fee5d9ad-e77d-44cd-b576-d588d7a0ce9d,0,3,fresh_ulong_00_qp3_T13134,False,14,3,811,0.0035729031078517437,24.469787610983982,0.9603290557861328,0.1910720318555832,0.06474065780639648
fresh_ulong,fee5d9ad-e77d-44cd-b576-d588d7a0ce9d,0,3,fresh_ulong_00_qp3_T13134,False,15,4,698,0.0037008123472332954,24.317029356093556,0.9575044512748718,0.1962859034538269,0.06603622436523438
fresh_ulong,fee5d9ad-e77d-44cd-b576-d588d7a0ce9d,0,3,fresh_ulong_00_qp3_T13134,False,16,3,3195,0.0030332175083458424,25.180964458425233,0.9639889597892761,0.18703913688659668,0.06389886140823364
fresh_ulong,fee5d9ad-e77d-44cd-b576-d588d7a0ce9d,0,3,fresh_ulong_00_qp3_T13134,False,17,5,4008,0.002433157293125987,26.138298148963138,0.9718241691589355,0.16442131996154785,0.05571037530899048
fresh_ulong,fee5d9ad-e77d-44cd-b576-d588d7a0ce9d,0,3,fresh_ulong_00_qp3_T13134,False,18,3,505,0.0025520138442516327,25.931169739689857,0.9707657694816589,0.1728973388671875,0.06230396032333374
fresh_ulong,fee5d9ad-e77d-44cd-b576-d588d7a0ce9d,0,3,fresh_ulong_00_qp3_T13134,False,19,4,477,0.002889564959332347,25.391675378605232,0.9676805138587952,0.18305763602256775,0.06711697578430176
fresh_ulong,fee5d9ad-e77d-44cd-b576-d588d7a0ce9d,0,3,fresh_ulong_00_qp3_T13134,False,20,3,3415,0.0023867650888860226,26.221903231888586,0.9749225378036499,0.17447775602340698,0.0689229965209961
fresh_ulong,fee5d9ad-e77d-44cd-b576-d588d7a0ce9d,0,3,fresh_ulong_00_qp3_T13134,False,21,4,2517,0.0020835723262280226,26.811914194512223,0.9796307682991028,0.16280226409435272,0.06763744354248047
fresh_ulong,fee5d9ad-e77d-44cd-b576-d588d7a0ce9d,0,3,fresh_ulong_00_qp3_T13134,False,22,3,641,0.0022552311420440674,26.468089400078124,0.979526937007904,0.1685960590839386,0.07471239566802979
fresh_ulong,fee5d9ad-e77d-44cd-b576-d588d7a0ce9d,0,3,fresh_ulong_00_qp3_T13134,False,23,4,687,0.0025535295717418194,25.928591083312817,0.9784890413284302,0.17061764001846313,0.07816892862319946
fresh_ulong,fee5d9ad-e77d-44cd-b576-d588d7a0ce9d,0,3,fresh_ulong_00_qp3_T13134,False,24,3,3363,0.0020744295325130224,26.831013133828698,0.9844711422920227,0.15540167689323425,0.08211588859558105
fresh_ulong,fee5d9ad-e77d-44cd-b576-d588d7a0ce9d,0,3,fresh_ulong_00_qp3_T13134,False,25,5,4412,0.0016377136344090104,27.85762035340287,0.9890111684799194,0.12184159457683563,0.07393866777420044
fresh_ulong,fee5d9ad-e77d-44cd-b576-d588d7a0ce9d,0,3,fresh_ulong_00_qp3_T13134,False,26,3,395,0.0018256298499181867,27.385872719460338,0.9885634183883667,0.12813405692577362,0.08577299118041992
fresh_ulong,fee5d9ad-e77d-44cd-b576-d588d7a0ce9d,0,3,fresh_ulong_00_qp3_T13134,False,27,4,643,0.0021712961606681347,26.63280935563681,0.9875792264938354,0.13273948431015015,0.08989965915679932
fresh_ulong,fee5d9ad-e77d-44cd-b576-d588d7a0ce9d,0,3,fresh_ulong_00_qp3_T13134,False,28,3,3017,0.0020430395379662514,26.897232285929977,0.9896290898323059,0.10565154999494553,0.09101331233978271
fresh_ulong,fee5d9ad-e77d-44cd-b576-d588d7a0ce9d,0,3,fresh_ulong_00_qp3_T13134,False,29,4,1948,0.0018963427282869816,27.220831693436537,0.9907803535461426,0.0931306928396225,0.0847511887550354
fresh_ulong,fee5d9ad-e77d-44cd-b576-d588d7a0ce9d,0,3,fresh_ulong_00_qp3_T13134,False,30,3,279,0.001966648269444704,27.062733057127815,0.9905611872673035,0.09792602062225342,0.08967489004135132
fresh_ulong,fee5d9ad-e77d-44cd-b576-d588d7a0ce9d,0,3,fresh_ulong_00_qp3_T13134,False,31,4,345,0.0020813383162021637,26.81657320596813,0.9899829030036926,0.09452532976865768,0.08734643459320068
fresh_ulong,fee5d9ad-e77d-44cd-b576-d588d7a0ce9d,0,3,fresh_ulong_00_qp3_T13134,False,32,3,1846,0.0020162267610430717,26.954606252366695,0.990437388420105,0.09140761196613312,0.08913403749465942
fresh_ulong,fee5d9ad-e77d-44cd-b576-d588d7a0ce9d,0,3,fresh_ulong_00_qp3_T13134,False,33,5,2222,0.0017770800041034818,27.50293019826357,0.9915182590484619,0.08211174607276917,0.07879310846328735
fresh_ulong,fee5d9ad-e77d-44cd-b576-d588d7a0ce9d,0,3,fresh_ulong_00_qp3_T13134,False,34,3,149,0.0019327468471601605,27.1382502651015,0.9908747673034668,0.08734411001205444,0.08550482988357544
fresh_ulong,fee5d9ad-e77d-44cd-b576-d588d7a0ce9d,0,3,fresh_ulong_00_qp3_T13134,False,35,4,160,0.0020652622915804386,26.85024784418118,0.9901210069656372,0.08629301935434341,0.08637022972106934
fresh_ulong,fee5d9ad-e77d-44cd-b576-d588d7a0ce9d,0,3,fresh_ulong_00_qp3_T13134,False,36,3,1949,0.0019657963421195745,27.06461477386446,0.9906939268112183,0.08660323172807693,0.08778446912765503
fresh_ulong,fee5d9ad-e77d-44cd-b576-d588d7a0ce9d,0,3,fresh_ulong_00_qp3_T13134,False,37,4,865,0.0018536841962486506,27.31964252666645,0.9911245107650757,0.0813387781381607,0.07939344644546509
fresh_ulong,fee5d9ad-e77d-44cd-b576-d588d7a0ce9d,0,3,fresh_ulong_00_qp3_T13134,False,38,3,166,0.0020408350974321365,26.901920855183974,0.9903103113174438,0.08613238483667374,0.08453983068466187
fresh_ulong,fee5d9ad-e77d-44cd-b576-d588d7a0ce9d,0,3,fresh_ulong_00_qp3_T13134,False,39,4,153,0.0021669832058250904,26.6414445446041,0.989588737487793,0.08839413523674011,0.08691155910491943
fresh_ulong,fee5d9ad-e77d-44cd-b576-d588d7a0ce9d,0,3,fresh_ulong_00_qp3_T13134,False,40,3,1844,0.002056475728750229,26.868764118207665,0.9902167916297913,0.08837953954935074,0.0934896469116211
fresh_ulong,fee5d9ad-e77d-44cd-b576-d588d7a0ce9d,0,3,fresh_ulong_00_qp3_T13134,False,41,5,1846,0.0018083143513649702,27.427260709865884,0.9912858605384827,0.07949627190828323,0.0806695818901062
fresh_ulong,fee5d9ad-e77d-44cd-b576-d588d7a0ce9d,0,3,fresh_ulong_00_qp3_T13134,False,42,3,96,0.0019448272651061416,27.111189656198093,0.9907094836235046,0.08573978394269943,0.08624035120010376
fresh_ulong,fee5d9ad-e77d-44cd-b576-d588d7a0ce9d,0,3,fresh_ulong_00_qp3_T13134,False,43,4,97,0.002089264104142785,26.800066573284525,0.9898679852485657,0.08476103842258453,0.08345556259155273
fresh_ulong,fee5d9ad-e77d-44cd-b576-d588d7a0ce9d,0,3,fresh_ulong_00_qp3_T13134,False,44,3,1868,0.002015230478718877,26.956752771101193,0.9903431534767151,0.08665595948696136,0.08878552913665771
fresh_ulong,fee5d9ad-e77d-44cd-b576-d588d7a0ce9d,0,3,fresh_ulong_00_qp3_T13134,False,45,4,867,0.0018955118721351027,27.222734911179916,0.9907954335212708,0.08248192071914673,0.07918709516525269
fresh_ulong,fee5d9ad-e77d-44cd-b576-d588d7a0ce9d,0,3,fresh_ulong_00_qp3_T13134,False,46,3,127,0.002068786881864071,26.842842463075087,0.99006587266922,0.08743831515312195,0.08314341306686401
fresh_ulong,fee5d9ad-e77d-44cd-b576-d588d7a0ce9d,0,3,fresh_ulong_00_qp3_T13134,False,47,4,129,0.002221733331680298,26.533080693959583,0.9891056418418884,0.08736297488212585,0.08194935321807861
fresh_ulong,fee5d9ad-e77d-44cd-b576-d588d7a0ce9d,0,3,fresh_ulong_00_qp3_T13134,False,48,3,1900,0.00207028491422534,26.839698824845698,0.9900116324424744,0.08829111605882645,0.08877891302108765
fresh_ulong,fee5d9ad-e77d-44cd-b576-d588d7a0ce9d,0,3,fresh_ulong_00_qp3_T13134,False,49,5,1670,0.0018602055497467518,27.30439064282868,0.9909741878509521,0.07872869074344635,0.07601779699325562
fresh_ulong,fee5d9ad-e77d-44cd-b576-d588d7a0ce9d,0,3,fresh_ulong_00_qp3_T13134,False,50,3,98,0.0020004732068628073,26.98867260925603,0.9903796315193176,0.08557813614606857,0.08282911777496338
fresh_ulong,fee5d9ad-e77d-44cd-b576-d588d7a0ce9d,0,3,fresh_ulong_00_qp3_T13134,False,51,4,114,0.002204697113484144,26.566510665035516,0.9892715215682983,0.08780329674482346,0.08326750993728638
fresh_ulong,fee5d9ad-e77d-44cd-b576-d588d7a0ce9d,0,3,fresh_ulong_00_qp3_T13134,False,52,3,1969,0.002114462200552225,26.748000741672673,0.989794909954071,0.08890938758850098,0.08723872900009155
fresh_ulong,fee5d9ad-e77d-44cd-b576-d588d7a0ce9d,0,3,fresh_ulong_00_qp3_T13134,False,53,4,943,0.0019955255556851625,26.99942706054862,0.990229070186615,0.08388005197048187,0.07808548212051392
fresh_ulong,fee5d9ad-e77d-44cd-b576-d588d7a0ce9d,0,3,fresh_ulong_00_qp3_T13134,False,54,3,123,0.002170920604839921,26.63356059323297,0.9895391464233398,0.09063813090324402,0.08358985185623169
fresh_ulong,fee5d9ad-e77d-44cd-b576-d588d7a0ce9d,0,3,fresh_ulong_00_qp3_T13134,False,55,4,136,0.002302849432453513,26.37734456648131,0.9886994957923889,0.09009219706058502,0.08018219470977783
fresh_ulong,fee5d9ad-e77d-44cd-b576-d588d7a0ce9d,0,3,fresh_ulong_00_qp3_T13134,False,56,3,1949,0.0021453590597957373,26.685000113403696,0.9896066188812256,0.0903201773762703,0.086880624294281
fresh_ulong,fee5d9ad-e77d-44cd-b576-d588d7a0ce9d,0,3,fresh_ulong_00_qp3_T13134,False,57,5,1763,0.0019041694467887282,27.20294407563442,0.9906986355781555,0.08263780176639557,0.07589340209960938
fresh_ulong,fee5d9ad-e77d-44cd-b576-d588d7a0ce9d,0,3,fresh_ulong_00_qp3_T13134,False,58,3,86,0.0020477473735809326,26.88723622416479,0.9901095032691956,0.08889948576688766,0.08361804485321045
fresh_ulong,fee5d9ad-e77d-44cd-b576-d588d7a0ce9d,0,3,fresh_ulong_00_qp3_T13134,False,59,4,104,0.0021971312817186117,26.58143992591291,0.989222526550293,0.08902566879987717,0.08066481351852417
fresh_ulong,fee5d9ad-e77d-44cd-b576-d588d7a0ce9d,0,3,fresh_ulong_00_qp3_T13134,False,60,3,1891,0.0021342101972550154,26.707628093668504,0.9896959662437439,0.08906454592943192,0.08545857667922974
fresh_ulong,fee5d9ad-e77d-44cd-b576-d588d7a0ce9d,0,3,fresh_ulong_00_qp3_T13134,False,61,4,863,0.0020358336623758078,26.912577088811535,0.9900420904159546,0.08495763689279556,0.07650649547576904
fresh_ulong,fee5d9ad-e77d-44cd-b576-d588d7a0ce9d,0,3,fresh_ulong_00_qp3_T13134,False,62,3,126,0.002204224467277527,26.56744181174091,0.989436149597168,0.091398224234581,0.08288753032684326
fresh_ulong,fee5d9ad-e77d-44cd-b576-d588d7a0ce9d,0,3,fresh_ulong_00_qp3_T13134,False,63,4,149,0.0023669388610869646,26.25812959914384,0.9884570837020874,0.09131836891174316,0.08257442712783813
fresh_ulong,fee5d9ad-e77d-44cd-b576-d588d7a0ce9d,0,3,fresh_ulong_00_qp3_T13136,False,0,3,7975,0.007518589496612549,21.238636263357993,0.9715078473091125,0.17397786676883698,0.055849432945251465
fresh_ulong,fee5d9ad-e77d-44cd-b576-d588d7a0ce9d,0,3,fresh_ulong_00_qp3_T13136,False,1,5,7151,0.005252936854958534,22.795978197771113,0.978377103805542,0.14596132934093475,0.05051165819168091
fresh_ulong,fee5d9ad-e77d-44cd-b576-d588d7a0ce9d,0,3,fresh_ulong_00_qp3_T13136,False,2,3,1783,0.005029948428273201,22.984364677136927,0.9784603118896484,0.14074799418449402,0.048147499561309814
fresh_ulong,fee5d9ad-e77d-44cd-b576-d588d7a0ce9d,0,3,fresh_ulong_00_qp3_T13136,False,3,4,1376,0.005060525611042976,22.958043728596948,0.9773266911506653,0.1423262357711792,0.04737246036529541
fresh_ulong,fee5d9ad-e77d-44cd-b576-d588d7a0ce9d,0,3,fresh_ulong_00_qp3_T13136,False,4,3,2188,0.004797837231308222,23.189544897453743,0.9764474034309387,0.1456521898508072,0.047369420528411865
fresh_ulong,fee5d9ad-e77d-44cd-b576-d588d7a0ce9d,0,3,fresh_ulong_00_qp3_T13136,False,5,4,2624,0.004547424148768187,23.422345362548374,0.9756596684455872,0.14666272699832916,0.049135684967041016
fresh_ulong,fee5d9ad-e77d-44cd-b576-d588d7a0ce9d,0,3,fresh_ulong_00_qp3_T13136,False,6,3,2016,0.004490755498409271,23.4768058968952,0.9735527038574219,0.15045134723186493,0.04997515678405762
fresh_ulong,fee5d9ad-e77d-44cd-b576-d588d7a0ce9d,0,3,fresh_ulong_00_qp3_T13136,False,7,4,2034,0.004297100473195314,23.668244916863152,0.9723194241523743,0.1538386046886444,0.04941880702972412
fresh_ulong,fee5d9ad-e77d-44cd-b576-d588d7a0ce9d,0,3,fresh_ulong_00_qp3_T13136,False,8,3,1584,0.004161057993769646,23.807962312874118,0.9704319834709167,0.1600290834903717,0.052877187728881836
fresh_ulong,fee5d9ad-e77d-44cd-b576-d588d7a0ce9d,0,3,fresh_ulong_00_qp3_T13136,False,9,5,2795,0.003930754028260708,24.05524131837844,0.969557523727417,0.15867045521736145,0.05052685737609863
fresh_ulong,fee5d9ad-e77d-44cd-b576-d588d7a0ce9d,0,3,fresh_ulong_00_qp3_T13136,False,10,3,527,0.004011816810816526,23.96658906127169,0.9659104347229004,0.17242524027824402,0.057195186614990234
fresh_ulong,fee5d9ad-e77d-44cd-b576-d588d7a0ce9d,0,3,fresh_ulong_00_qp3_T13136,False,11,4,445,0.004225091077387333,23.741639248254323,0.9615268111228943,0.17876656353473663,0.05862247943878174
fresh_ulong,fee5d9ad-e77d-44cd-b576-d588d7a0ce9d,0,3,fresh_ulong_00_qp3_T13136,False,12,3,2544,0.003666662611067295,24.357290499229105,0.9637470841407776,0.17721223831176758,0.05851680040359497
fresh_ulong,fee5d9ad-e77d-44cd-b576-d588d7a0ce9d,0,3,fresh_ulong_00_qp3_T13136,False,13,4,1806,0.0034750497434288263,24.59038974342348,0.9635522961616516,0.1791670024394989,0.0577738881111145
fresh_ulong,fee5d9ad-e77d-44cd-b576-d588d7a0ce9d,0,3,fresh_ulong_00_qp3_T13136,False,14,3,811,0.0035729031078517437,24.469787610983982,0.9603290557861328,0.1910720318555832,0.06474065780639648
fresh_ulong,fee5d9ad-e77d-44cd-b576-d588d7a0ce9d,0,3,fresh_ulong_00_qp3_T13136,False,15,4,698,0.0037008123472332954,24.317029356093556,0.9575044512748718,0.1962859034538269,0.06603622436523438
fresh_ulong,fee5d9ad-e77d-44cd-b576-d588d7a0ce9d,0,3,fresh_ulong_00_qp3_T13136,False,16,3,3195,0.0030332175083458424,25.180964458425233,0.9639889597892761,0.18703913688659668,0.06389886140823364
fresh_ulong,fee5d9ad-e77d-44cd-b576-d588d7a0ce9d,0,3,fresh_ulong_00_qp3_T13136,False,17,5,4008,0.002433157293125987,26.138298148963138,0.9718241691589355,0.16442131996154785,0.05571037530899048
fresh_ulong,fee5d9ad-e77d-44cd-b576-d588d7a0ce9d,0,3,fresh_ulong_00_qp3_T13136,False,18,3,505,0.0025520138442516327,25.931169739689857,0.9707657694816589,0.1728973388671875,0.06230396032333374
fresh_ulong,fee5d9ad-e77d-44cd-b576-d588d7a0ce9d,0,3,fresh_ulong_00_qp3_T13136,False,19,4,477,0.002889564959332347,25.391675378605232,0.9676805138587952,0.18305763602256775,0.06711697578430176
fresh_ulong,fee5d9ad-e77d-44cd-b576-d588d7a0ce9d,0,3,fresh_ulong_00_qp3_T13136,False,20,3,3415,0.0023867650888860226,26.221903231888586,0.9749225378036499,0.17447775602340698,0.0689229965209961
fresh_ulong,fee5d9ad-e77d-44cd-b576-d588d7a0ce9d,0,3,fresh_ulong_00_qp3_T13136,False,21,4,2517,0.0020835723262280226,26.811914194512223,0.9796307682991028,0.16280226409435272,0.06763744354248047
fresh_ulong,fee5d9ad-e77d-44cd-b576-d588d7a0ce9d,0,3,fresh_ulong_00_qp3_T13136,False,22,3,641,0.0022552311420440674,26.468089400078124,0.979526937007904,0.1685960590839386,0.07471239566802979
fresh_ulong,fee5d9ad-e77d-44cd-b576-d588d7a0ce9d,0,3,fresh_ulong_00_qp3_T13136,False,23,4,687,0.0025535295717418194,25.928591083312817,0.9784890413284302,0.17061764001846313,0.07816892862319946
fresh_ulong,fee5d9ad-e77d-44cd-b576-d588d7a0ce9d,0,3,fresh_ulong_00_qp3_T13136,False,24,3,3363,0.0020744295325130224,26.831013133828698,0.9844711422920227,0.15540167689323425,0.08211588859558105
fresh_ulong,fee5d9ad-e77d-44cd-b576-d588d7a0ce9d,0,3,fresh_ulong_00_qp3_T13136,False,25,5,4412,0.0016377136344090104,27.85762035340287,0.9890111684799194,0.12184159457683563,0.07393866777420044
fresh_ulong,fee5d9ad-e77d-44cd-b576-d588d7a0ce9d,0,3,fresh_ulong_00_qp3_T13136,False,26,3,395,0.0018256298499181867,27.385872719460338,0.9885634183883667,0.12813405692577362,0.08577299118041992
fresh_ulong,fee5d9ad-e77d-44cd-b576-d588d7a0ce9d,0,3,fresh_ulong_00_qp3_T13136,False,27,4,643,0.0021712961606681347,26.63280935563681,0.9875792264938354,0.13273948431015015,0.08989965915679932
fresh_ulong,fee5d9ad-e77d-44cd-b576-d588d7a0ce9d,0,3,fresh_ulong_00_qp3_T13136,False,28,3,3017,0.0020430395379662514,26.897232285929977,0.9896290898323059,0.10565154999494553,0.09101331233978271
fresh_ulong,fee5d9ad-e77d-44cd-b576-d588d7a0ce9d,0,3,fresh_ulong_00_qp3_T13136,False,29,4,1948,0.0018963427282869816,27.220831693436537,0.9907803535461426,0.0931306928396225,0.0847511887550354
fresh_ulong,fee5d9ad-e77d-44cd-b576-d588d7a0ce9d,0,3,fresh_ulong_00_qp3_T13136,False,30,3,279,0.001966648269444704,27.062733057127815,0.9905611872673035,0.09792602062225342,0.08967489004135132
fresh_ulong,fee5d9ad-e77d-44cd-b576-d588d7a0ce9d,0,3,fresh_ulong_00_qp3_T13136,False,31,4,345,0.0020813383162021637,26.81657320596813,0.9899829030036926,0.09452532976865768,0.08734643459320068
fresh_ulong,fee5d9ad-e77d-44cd-b576-d588d7a0ce9d,0,3,fresh_ulong_00_qp3_T13136,False,32,3,1846,0.0020162267610430717,26.954606252366695,0.990437388420105,0.09140761196613312,0.08913403749465942
fresh_ulong,fee5d9ad-e77d-44cd-b576-d588d7a0ce9d,0,3,fresh_ulong_00_qp3_T13136,False,33,5,2222,0.0017770800041034818,27.50293019826357,0.9915182590484619,0.08211174607276917,0.07879310846328735
fresh_ulong,fee5d9ad-e77d-44cd-b576-d588d7a0ce9d,0,3,fresh_ulong_00_qp3_T13136,False,34,3,149,0.0019327468471601605,27.1382502651015,0.9908747673034668,0.08734411001205444,0.08550482988357544
fresh_ulong,fee5d9ad-e77d-44cd-b576-d588d7a0ce9d,0,3,fresh_ulong_00_qp3_T13136,False,35,4,160,0.0020652622915804386,26.85024784418118,0.9901210069656372,0.08629301935434341,0.08637022972106934
fresh_ulong,fee5d9ad-e77d-44cd-b576-d588d7a0ce9d,0,3,fresh_ulong_00_qp3_T13136,False,36,3,1949,0.0019657963421195745,27.06461477386446,0.9906939268112183,0.08660323172807693,0.08778446912765503
fresh_ulong,fee5d9ad-e77d-44cd-b576-d588d7a0ce9d,0,3,fresh_ulong_00_qp3_T13136,False,37,4,865,0.0018536841962486506,27.31964252666645,0.9911245107650757,0.0813387781381607,0.07939344644546509
fresh_ulong,fee5d9ad-e77d-44cd-b576-d588d7a0ce9d,0,3,fresh_ulong_00_qp3_T13136,False,38,3,166,0.0020408350974321365,26.901920855183974,0.9903103113174438,0.08613238483667374,0.08453983068466187
fresh_ulong,fee5d9ad-e77d-44cd-b576-d588d7a0ce9d,0,3,fresh_ulong_00_qp3_T13136,False,39,4,153,0.0021669832058250904,26.6414445446041,0.989588737487793,0.08839413523674011,0.08691155910491943
fresh_ulong,fee5d9ad-e77d-44cd-b576-d588d7a0ce9d,0,3,fresh_ulong_00_qp3_T13136,False,40,3,1844,0.002056475728750229,26.868764118207665,0.9902167916297913,0.08837953954935074,0.0934896469116211
fresh_ulong,fee5d9ad-e77d-44cd-b576-d588d7a0ce9d,0,3,fresh_ulong_00_qp3_T13136,False,41,5,1846,0.0018083143513649702,27.427260709865884,0.9912858605384827,0.07949627190828323,0.0806695818901062
fresh_ulong,fee5d9ad-e77d-44cd-b576-d588d7a0ce9d,0,3,fresh_ulong_00_qp3_T13136,False,42,3,96,0.0019448272651061416,27.111189656198093,0.9907094836235046,0.08573978394269943,0.08624035120010376
fresh_ulong,fee5d9ad-e77d-44cd-b576-d588d7a0ce9d,0,3,fresh_ulong_00_qp3_T13136,False,43,4,97,0.002089264104142785,26.800066573284525,0.9898679852485657,0.08476103842258453,0.08345556259155273
fresh_ulong,fee5d9ad-e77d-44cd-b576-d588d7a0ce9d,0,3,fresh_ulong_00_qp3_T13136,False,44,3,1868,0.002015230478718877,26.956752771101193,0.9903431534767151,0.08665595948696136,0.08878552913665771
fresh_ulong,fee5d9ad-e77d-44cd-b576-d588d7a0ce9d,0,3,fresh_ulong_00_qp3_T13136,False,45,4,867,0.0018955118721351027,27.222734911179916,0.9907954335212708,0.08248192071914673,0.07918709516525269
fresh_ulong,fee5d9ad-e77d-44cd-b576-d588d7a0ce9d,0,3,fresh_ulong_00_qp3_T13136,False,46,3,127,0.002068786881864071,26.842842463075087,0.99006587266922,0.08743831515312195,0.08314341306686401
fresh_ulong,fee5d9ad-e77d-44cd-b576-d588d7a0ce9d,0,3,fresh_ulong_00_qp3_T13136,False,47,4,129,0.002221733331680298,26.533080693959583,0.9891056418418884,0.08736297488212585,0.08194935321807861
fresh_ulong,fee5d9ad-e77d-44cd-b576-d588d7a0ce9d,0,3,fresh_ulong_00_qp3_T13136,False,48,3,1900,0.00207028491422534,26.839698824845698,0.9900116324424744,0.08829111605882645,0.08877891302108765
fresh_ulong,fee5d9ad-e77d-44cd-b576-d588d7a0ce9d,0,3,fresh_ulong_00_qp3_T13136,False,49,5,1670,0.0018602055497467518,27.30439064282868,0.9909741878509521,0.07872869074344635,0.07601779699325562
fresh_ulong,fee5d9ad-e77d-44cd-b576-d588d7a0ce9d,0,3,fresh_ulong_00_qp3_T13136,False,50,3,98,0.0020004732068628073,26.98867260925603,0.9903796315193176,0.08557813614606857,0.08282911777496338
fresh_ulong,fee5d9ad-e77d-44cd-b576-d588d7a0ce9d,0,3,fresh_ulong_00_qp3_T13136,False,51,4,114,0.002204697113484144,26.566510665035516,0.9892715215682983,0.08780329674482346,0.08326750993728638
fresh_ulong,fee5d9ad-e77d-44cd-b576-d588d7a0ce9d,0,3,fresh_ulong_00_qp3_T13136,False,52,3,1969,0.002114462200552225,26.748000741672673,0.989794909954071,0.08890938758850098,0.08723872900009155
fresh_ulong,fee5d9ad-e77d-44cd-b576-d588d7a0ce9d,0,3,fresh_ulong_00_qp3_T13136,False,53,4,943,0.0019955255556851625,26.99942706054862,0.990229070186615,0.08388005197048187,0.07808548212051392
fresh_ulong,fee5d9ad-e77d-44cd-b576-d588d7a0ce9d,0,3,fresh_ulong_00_qp3_T13136,False,54,3,123,0.002170920604839921,26.63356059323297,0.9895391464233398,0.09063813090324402,0.08358985185623169
fresh_ulong,fee5d9ad-e77d-44cd-b576-d588d7a0ce9d,0,3,fresh_ulong_00_qp3_T13136,False,55,4,136,0.002302849432453513,26.37734456648131,0.9886994957923889,0.09009219706058502,0.08018219470977783
fresh_ulong,fee5d9ad-e77d-44cd-b576-d588d7a0ce9d,0,3,fresh_ulong_00_qp3_T13136,False,56,3,1949,0.0021453590597957373,26.685000113403696,0.9896066188812256,0.0903201773762703,0.086880624294281
fresh_ulong,fee5d9ad-e77d-44cd-b576-d588d7a0ce9d,0,3,fresh_ulong_00_qp3_T13136,False,57,5,1763,0.0019041694467887282,27.20294407563442,0.9906986355781555,0.08263780176639557,0.07589340209960938
fresh_ulong,fee5d9ad-e77d-44cd-b576-d588d7a0ce9d,0,3,fresh_ulong_00_qp3_T13136,False,58,3,86,0.0020477473735809326,26.88723622416479,0.9901095032691956,0.08889948576688766,0.08361804485321045
fresh_ulong,fee5d9ad-e77d-44cd-b576-d588d7a0ce9d,0,3,fresh_ulong_00_qp3_T13136,False,59,4,104,0.0021971312817186117,26.58143992591291,0.989222526550293,0.08902566879987717,0.08066481351852417
fresh_ulong,fee5d9ad-e77d-44cd-b576-d588d7a0ce9d,0,3,fresh_ulong_00_qp3_T13136,False,60,3,1891,0.0021342101972550154,26.707628093668504,0.9896959662437439,0.08906454592943192,0.08545857667922974
fresh_ulong,fee5d9ad-e77d-44cd-b576-d588d7a0ce9d,0,3,fresh_ulong_00_qp3_T13136,False,61,4,863,0.0020358336623758078,26.912577088811535,0.9900420904159546,0.08495763689279556,0.07650649547576904
fresh_ulong,fee5d9ad-e77d-44cd-b576-d588d7a0ce9d,0,3,fresh_ulong_00_qp3_T13136,False,62,3,126,0.002204224467277527,26.56744181174091,0.989436149597168,0.091398224234581,0.08288753032684326
fresh_ulong,fee5d9ad-e77d-44cd-b576-d588d7a0ce9d,0,3,fresh_ulong_00_qp3_T13136,False,63,4,149,0.0023669388610869646,26.25812959914384,0.9884570837020874,0.09131836891174316,0.08257442712783813
fresh_ulong,fee5d9ad-e77d-44cd-b576-d588d7a0ce9d,0,3,fresh_ulong_00_qp3_T13171,False,0,3,7975,0.007518589496612549,21.238636263357993,0.9715078473091125,0.17397786676883698,0.055849432945251465
fresh_ulong,fee5d9ad-e77d-44cd-b576-d588d7a0ce9d,0,3,fresh_ulong_00_qp3_T13171,False,1,5,7151,0.005252936854958534,22.795978197771113,0.978377103805542,0.14596132934093475,0.05051165819168091
fresh_ulong,fee5d9ad-e77d-44cd-b576-d588d7a0ce9d,0,3,fresh_ulong_00_qp3_T13171,False,2,3,1783,0.005029948428273201,22.984364677136927,0.9784603118896484,0.14074799418449402,0.048147499561309814
fresh_ulong,fee5d9ad-e77d-44cd-b576-d588d7a0ce9d,0,3,fresh_ulong_00_qp3_T13171,False,3,4,1376,0.005060525611042976,22.958043728596948,0.9773266911506653,0.1423262357711792,0.04737246036529541
fresh_ulong,fee5d9ad-e77d-44cd-b576-d588d7a0ce9d,0,3,fresh_ulong_00_qp3_T13171,False,4,3,2188,0.004797837231308222,23.189544897453743,0.9764474034309387,0.1456521898508072,0.047369420528411865
fresh_ulong,fee5d9ad-e77d-44cd-b576-d588d7a0ce9d,0,3,fresh_ulong_00_qp3_T13171,False,5,4,2624,0.004547424148768187,23.422345362548374,0.9756596684455872,0.14666272699832916,0.049135684967041016
fresh_ulong,fee5d9ad-e77d-44cd-b576-d588d7a0ce9d,0,3,fresh_ulong_00_qp3_T13171,False,6,3,2016,0.004490755498409271,23.4768058968952,0.9735527038574219,0.15045134723186493,0.04997515678405762
fresh_ulong,fee5d9ad-e77d-44cd-b576-d588d7a0ce9d,0,3,fresh_ulong_00_qp3_T13171,False,7,4,2034,0.004297100473195314,23.668244916863152,0.9723194241523743,0.1538386046886444,0.04941880702972412
fresh_ulong,fee5d9ad-e77d-44cd-b576-d588d7a0ce9d,0,3,fresh_ulong_00_qp3_T13171,False,8,3,1584,0.004161057993769646,23.807962312874118,0.9704319834709167,0.1600290834903717,0.052877187728881836
fresh_ulong,fee5d9ad-e77d-44cd-b576-d588d7a0ce9d,0,3,fresh_ulong_00_qp3_T13171,False,9,5,2795,0.003930754028260708,24.05524131837844,0.969557523727417,0.15867045521736145,0.05052685737609863
fresh_ulong,fee5d9ad-e77d-44cd-b576-d588d7a0ce9d,0,3,fresh_ulong_00_qp3_T13171,False,10,3,527,0.004011816810816526,23.96658906127169,0.9659104347229004,0.17242524027824402,0.057195186614990234
fresh_ulong,fee5d9ad-e77d-44cd-b576-d588d7a0ce9d,0,3,fresh_ulong_00_qp3_T13171,False,11,4,445,0.004225091077387333,23.741639248254323,0.9615268111228943,0.17876656353473663,0.05862247943878174
fresh_ulong,fee5d9ad-e77d-44cd-b576-d588d7a0ce9d,0,3,fresh_ulong_00_qp3_T13171,False,12,3,2544,0.003666662611067295,24.357290499229105,0.9637470841407776,0.17721223831176758,0.05851680040359497
fresh_ulong,fee5d9ad-e77d-44cd-b576-d588d7a0ce9d,0,3,fresh_ulong_00_qp3_T13171,False,13,4,1806,0.0034750497434288263,24.59038974342348,0.9635522961616516,0.1791670024394989,0.0577738881111145
fresh_ulong,fee5d9ad-e77d-44cd-b576-d588d7a0ce9d,0,3,fresh_ulong_00_qp3_T13171,False,14,3,811,0.0035729031078517437,24.469787610983982,0.9603290557861328,0.1910720318555832,0.06474065780639648
fresh_ulong,fee5d9ad-e77d-44cd-b576-d588d7a0ce9d,0,3,fresh_ulong_00_qp3_T13171,False,15,4,698,0.0037008123472332954,24.317029356093556,0.9575044512748718,0.1962859034538269,0.06603622436523438
fresh_ulong,fee5d9ad-e77d-44cd-b576-d588d7a0ce9d,0,3,fresh_ulong_00_qp3_T13171,False,16,3,3195,0.0030332175083458424,25.180964458425233,0.9639889597892761,0.18703913688659668,0.06389886140823364
fresh_ulong,fee5d9ad-e77d-44cd-b576-d588d7a0ce9d,0,3,fresh_ulong_00_qp3_T13171,False,17,5,4008,0.002433157293125987,26.138298148963138,0.9718241691589355,0.16442131996154785,0.05571037530899048
fresh_ulong,fee5d9ad-e77d-44cd-b576-d588d7a0ce9d,0,3,fresh_ulong_00_qp3_T13171,False,18,3,505,0.0025520138442516327,25.931169739689857,0.9707657694816589,0.1728973388671875,0.06230396032333374
fresh_ulong,fee5d9ad-e77d-44cd-b576-d588d7a0ce9d,0,3,fresh_ulong_00_qp3_T13171,False,19,4,477,0.002889564959332347,25.391675378605232,0.9676805138587952,0.18305763602256775,0.06711697578430176
fresh_ulong,fee5d9ad-e77d-44cd-b576-d588d7a0ce9d,0,3,fresh_ulong_00_qp3_T13171,False,20,3,3415,0.0023867650888860226,26.221903231888586,0.9749225378036499,0.17447775602340698,0.0689229965209961
fresh_ulong,fee5d9ad-e77d-44cd-b576-d588d7a0ce9d,0,3,fresh_ulong_00_qp3_T13171,False,21,4,2517,0.0020835723262280226,26.811914194512223,0.9796307682991028,0.16280226409435272,0.06763744354248047
fresh_ulong,fee5d9ad-e77d-44cd-b576-d588d7a0ce9d,0,3,fresh_ulong_00_qp3_T13171,False,22,3,641,0.0022552311420440674,26.468089400078124,0.979526937007904,0.1685960590839386,0.07471239566802979
fresh_ulong,fee5d9ad-e77d-44cd-b576-d588d7a0ce9d,0,3,fresh_ulong_00_qp3_T13171,False,23,4,687,0.0025535295717418194,25.928591083312817,0.9784890413284302,0.17061764001846313,0.07816892862319946
fresh_ulong,fee5d9ad-e77d-44cd-b576-d588d7a0ce9d,0,3,fresh_ulong_00_qp3_T13171,False,24,3,3363,0.0020744295325130224,26.831013133828698,0.9844711422920227,0.15540167689323425,0.08211588859558105
fresh_ulong,fee5d9ad-e77d-44cd-b576-d588d7a0ce9d,0,3,fresh_ulong_00_qp3_T13171,False,25,5,4412,0.0016377136344090104,27.85762035340287,0.9890111684799194,0.12184159457683563,0.07393866777420044
fresh_ulong,fee5d9ad-e77d-44cd-b576-d588d7a0ce9d,0,3,fresh_ulong_00_qp3_T13171,False,26,3,395,0.0018256298499181867,27.385872719460338,0.9885634183883667,0.12813405692577362,0.08577299118041992
fresh_ulong,fee5d9ad-e77d-44cd-b576-d588d7a0ce9d,0,3,fresh_ulong_00_qp3_T13171,False,27,4,643,0.0021712961606681347,26.63280935563681,0.9875792264938354,0.13273948431015015,0.08989965915679932
fresh_ulong,fee5d9ad-e77d-44cd-b576-d588d7a0ce9d,0,3,fresh_ulong_00_qp3_T13171,False,28,3,3017,0.0020430395379662514,26.897232285929977,0.9896290898323059,0.10565154999494553,0.09101331233978271
fresh_ulong,fee5d9ad-e77d-44cd-b576-d588d7a0ce9d,0,3,fresh_ulong_00_qp3_T13171,False,29,4,1948,0.0018963427282869816,27.220831693436537,0.9907803535461426,0.0931306928396225,0.0847511887550354
fresh_ulong,fee5d9ad-e77d-44cd-b576-d588d7a0ce9d,0,3,fresh_ulong_00_qp3_T13171,False,30,3,279,0.001966648269444704,27.062733057127815,0.9905611872673035,0.09792602062225342,0.08967489004135132
fresh_ulong,fee5d9ad-e77d-44cd-b576-d588d7a0ce9d,0,3,fresh_ulong_00_qp3_T13171,False,31,4,345,0.0020813383162021637,26.81657320596813,0.9899829030036926,0.09452532976865768,0.08734643459320068
fresh_ulong,fee5d9ad-e77d-44cd-b576-d588d7a0ce9d,0,3,fresh_ulong_00_qp3_T13171,False,32,3,1846,0.0020162267610430717,26.954606252366695,0.990437388420105,0.09140761196613312,0.08913403749465942
fresh_ulong,fee5d9ad-e77d-44cd-b576-d588d7a0ce9d,0,3,fresh_ulong_00_qp3_T13171,False,33,5,2222,0.0017770800041034818,27.50293019826357,0.9915182590484619,0.08211174607276917,0.07879310846328735
fresh_ulong,fee5d9ad-e77d-44cd-b576-d588d7a0ce9d,0,3,fresh_ulong_00_qp3_T13171,False,34,3,149,0.0019327468471601605,27.1382502651015,0.9908747673034668,0.08734411001205444,0.08550482988357544
fresh_ulong,fee5d9ad-e77d-44cd-b576-d588d7a0ce9d,0,3,fresh_ulong_00_qp3_T13171,False,35,4,160,0.0020652622915804386,26.85024784418118,0.9901210069656372,0.08629301935434341,0.08637022972106934
fresh_ulong,fee5d9ad-e77d-44cd-b576-d588d7a0ce9d,0,3,fresh_ulong_00_qp3_T13171,False,36,3,1949,0.0019657963421195745,27.06461477386446,0.9906939268112183,0.08660323172807693,0.08778446912765503
fresh_ulong,fee5d9ad-e77d-44cd-b576-d588d7a0ce9d,0,3,fresh_ulong_00_qp3_T13171,False,37,4,865,0.0018536841962486506,27.31964252666645,0.9911245107650757,0.0813387781381607,0.07939344644546509
fresh_ulong,fee5d9ad-e77d-44cd-b576-d588d7a0ce9d,0,3,fresh_ulong_00_qp3_T13171,False,38,3,166,0.0020408350974321365,26.901920855183974,0.9903103113174438,0.08613238483667374,0.08453983068466187
fresh_ulong,fee5d9ad-e77d-44cd-b576-d588d7a0ce9d,0,3,fresh_ulong_00_qp3_T13171,False,39,4,153,0.0021669832058250904,26.6414445446041,0.989588737487793,0.08839413523674011,0.08691155910491943
fresh_ulong,fee5d9ad-e77d-44cd-b576-d588d7a0ce9d,0,3,fresh_ulong_00_qp3_T13171,False,40,3,1844,0.002056475728750229,26.868764118207665,0.9902167916297913,0.08837953954935074,0.0934896469116211
fresh_ulong,fee5d9ad-e77d-44cd-b576-d588d7a0ce9d,0,3,fresh_ulong_00_qp3_T13171,False,41,5,1846,0.0018083143513649702,27.427260709865884,0.9912858605384827,0.07949627190828323,0.0806695818901062
fresh_ulong,fee5d9ad-e77d-44cd-b576-d588d7a0ce9d,0,3,fresh_ulong_00_qp3_T13171,False,42,3,96,0.0019448272651061416,27.111189656198093,0.9907094836235046,0.08573978394269943,0.08624035120010376
fresh_ulong,fee5d9ad-e77d-44cd-b576-d588d7a0ce9d,0,3,fresh_ulong_00_qp3_T13171,False,43,4,97,0.002089264104142785,26.800066573284525,0.9898679852485657,0.08476103842258453,0.08345556259155273
fresh_ulong,fee5d9ad-e77d-44cd-b576-d588d7a0ce9d,0,3,fresh_ulong_00_qp3_T13171,False,44,3,1868,0.002015230478718877,26.956752771101193,0.9903431534767151,0.08665595948696136,0.08878552913665771
fresh_ulong,fee5d9ad-e77d-44cd-b576-d588d7a0ce9d,0,3,fresh_ulong_00_qp3_T13171,False,45,4,867,0.0018955118721351027,27.222734911179916,0.9907954335212708,0.08248192071914673,0.07918709516525269
fresh_ulong,fee5d9ad-e77d-44cd-b576-d588d7a0ce9d,0,3,fresh_ulong_00_qp3_T13171,False,46,3,127,0.002068786881864071,26.842842463075087,0.99006587266922,0.08743831515312195,0.08314341306686401
fresh_ulong,fee5d9ad-e77d-44cd-b576-d588d7a0ce9d,0,3,fresh_ulong_00_qp3_T13171,False,47,4,129,0.002221733331680298,26.533080693959583,0.9891056418418884,0.08736297488212585,0.08194935321807861
fresh_ulong,fee5d9ad-e77d-44cd-b576-d588d7a0ce9d,0,3,fresh_ulong_00_qp3_T13171,False,48,3,1900,0.00207028491422534,26.839698824845698,0.9900116324424744,0.08829111605882645,0.08877891302108765
fresh_ulong,fee5d9ad-e77d-44cd-b576-d588d7a0ce9d,0,3,fresh_ulong_00_qp3_T13171,False,49,5,1670,0.0018602055497467518,27.30439064282868,0.9909741878509521,0.07872869074344635,0.07601779699325562
fresh_ulong,fee5d9ad-e77d-44cd-b576-d588d7a0ce9d,0,3,fresh_ulong_00_qp3_T13171,False,50,3,98,0.0020004732068628073,26.98867260925603,0.9903796315193176,0.08557813614606857,0.08282911777496338
fresh_ulong,fee5d9ad-e77d-44cd-b576-d588d7a0ce9d,0,3,fresh_ulong_00_qp3_T13171,False,51,4,114,0.002204697113484144,26.566510665035516,0.9892715215682983,0.08780329674482346,0.08326750993728638
fresh_ulong,fee5d9ad-e77d-44cd-b576-d588d7a0ce9d,0,3,fresh_ulong_00_qp3_T13171,False,52,3,1969,0.002114462200552225,26.748000741672673,0.989794909954071,0.08890938758850098,0.08723872900009155
fresh_ulong,fee5d9ad-e77d-44cd-b576-d588d7a0ce9d,0,3,fresh_ulong_00_qp3_T13171,False,53,4,943,0.0019955255556851625,26.99942706054862,0.990229070186615,0.08388005197048187,0.07808548212051392
fresh_ulong,fee5d9ad-e77d-44cd-b576-d588d7a0ce9d,0,3,fresh_ulong_00_qp3_T13171,False,54,3,123,0.002170920604839921,26.63356059323297,0.9895391464233398,0.09063813090324402,0.08358985185623169
fresh_ulong,fee5d9ad-e77d-44cd-b576-d588d7a0ce9d,0,3,fresh_ulong_00_qp3_T13171,False,55,4,136,0.002302849432453513,26.37734456648131,0.9886994957923889,0.09009219706058502,0.08018219470977783
fresh_ulong,fee5d9ad-e77d-44cd-b576-d588d7a0ce9d,0,3,fresh_ulong_00_qp3_T13171,False,56,3,1949,0.0021453590597957373,26.685000113403696,0.9896066188812256,0.0903201773762703,0.086880624294281
fresh_ulong,fee5d9ad-e77d-44cd-b576-d588d7a0ce9d,0,3,fresh_ulong_00_qp3_T13171,False,57,5,1763,0.0019041694467887282,27.20294407563442,0.9906986355781555,0.08263780176639557,0.07589340209960938
fresh_ulong,fee5d9ad-e77d-44cd-b576-d588d7a0ce9d,0,3,fresh_ulong_00_qp3_T13171,False,58,3,86,0.0020477473735809326,26.88723622416479,0.9901095032691956,0.08889948576688766,0.08361804485321045
fresh_ulong,fee5d9ad-e77d-44cd-b576-d588d7a0ce9d,0,3,fresh_ulong_00_qp3_T13171,False,59,4,104,0.0021971312817186117,26.58143992591291,0.989222526550293,0.08902566879987717,0.08066481351852417
fresh_ulong,fee5d9ad-e77d-44cd-b576-d588d7a0ce9d,0,3,fresh_ulong_00_qp3_T13171,False,60,3,1891,0.0021342101972550154,26.707628093668504,0.9896959662437439,0.08906454592943192,0.08545857667922974
fresh_ulong,fee5d9ad-e77d-44cd-b576-d588d7a0ce9d,0,3,fresh_ulong_00_qp3_T13171,False,61,4,863,0.0020358336623758078,26.912577088811535,0.9900420904159546,0.08495763689279556,0.07650649547576904
fresh_ulong,fee5d9ad-e77d-44cd-b576-d588d7a0ce9d,0,3,fresh_ulong_00_qp3_T13171,False,62,3,126,0.002204224467277527,26.56744181174091,0.989436149597168,0.091398224234581,0.08288753032684326
fresh_ulong,fee5d9ad-e77d-44cd-b576-d588d7a0ce9d,0,3,fresh_ulong_00_qp3_T13171,False,63,4,149,0.0023669388610869646,26.25812959914384,0.9884570837020874,0.09131836891174316,0.08257442712783813
fresh_ulong,fee5d9ad-e77d-44cd-b576-d588d7a0ce9d,0,3,fresh_ulong_00_qp3_T13173,False,0,3,7975,0.007518589496612549,21.238636263357993,0.9715078473091125,0.17397786676883698,0.055849432945251465
fresh_ulong,fee5d9ad-e77d-44cd-b576-d588d7a0ce9d,0,3,fresh_ulong_00_qp3_T13173,False,1,5,7151,0.005252936854958534,22.795978197771113,0.978377103805542,0.14596132934093475,0.05051165819168091
fresh_ulong,fee5d9ad-e77d-44cd-b576-d588d7a0ce9d,0,3,fresh_ulong_00_qp3_T13173,False,2,3,1783,0.005029948428273201,22.984364677136927,0.9784603118896484,0.14074799418449402,0.048147499561309814
fresh_ulong,fee5d9ad-e77d-44cd-b576-d588d7a0ce9d,0,3,fresh_ulong_00_qp3_T13173,False,3,4,1376,0.005060525611042976,22.958043728596948,0.9773266911506653,0.1423262357711792,0.04737246036529541
fresh_ulong,fee5d9ad-e77d-44cd-b576-d588d7a0ce9d,0,3,fresh_ulong_00_qp3_T13173,False,4,3,2188,0.004797837231308222,23.189544897453743,0.9764474034309387,0.1456521898508072,0.047369420528411865
fresh_ulong,fee5d9ad-e77d-44cd-b576-d588d7a0ce9d,0,3,fresh_ulong_00_qp3_T13173,False,5,4,2624,0.004547424148768187,23.422345362548374,0.9756596684455872,0.14666272699832916,0.049135684967041016
fresh_ulong,fee5d9ad-e77d-44cd-b576-d588d7a0ce9d,0,3,fresh_ulong_00_qp3_T13173,False,6,3,2016,0.004490755498409271,23.4768058968952,0.9735527038574219,0.15045134723186493,0.04997515678405762
fresh_ulong,fee5d9ad-e77d-44cd-b576-d588d7a0ce9d,0,3,fresh_ulong_00_qp3_T13173,False,7,4,2034,0.004297100473195314,23.668244916863152,0.9723194241523743,0.1538386046886444,0.04941880702972412
fresh_ulong,fee5d9ad-e77d-44cd-b576-d588d7a0ce9d,0,3,fresh_ulong_00_qp3_T13173,False,8,3,1584,0.004161057993769646,23.807962312874118,0.9704319834709167,0.1600290834903717,0.052877187728881836
fresh_ulong,fee5d9ad-e77d-44cd-b576-d588d7a0ce9d,0,3,fresh_ulong_00_qp3_T13173,False,9,5,2795,0.003930754028260708,24.05524131837844,0.969557523727417,0.15867045521736145,0.05052685737609863
fresh_ulong,fee5d9ad-e77d-44cd-b576-d588d7a0ce9d,0,3,fresh_ulong_00_qp3_T13173,False,10,3,527,0.004011816810816526,23.96658906127169,0.9659104347229004,0.17242524027824402,0.057195186614990234
fresh_ulong,fee5d9ad-e77d-44cd-b576-d588d7a0ce9d,0,3,fresh_ulong_00_qp3_T13173,False,11,4,445,0.004225091077387333,23.741639248254323,0.9615268111228943,0.17876656353473663,0.05862247943878174
fresh_ulong,fee5d9ad-e77d-44cd-b576-d588d7a0ce9d,0,3,fresh_ulong_00_qp3_T13173,False,12,3,2544,0.003666662611067295,24.357290499229105,0.9637470841407776,0.17721223831176758,0.05851680040359497
fresh_ulong,fee5d9ad-e77d-44cd-b576-d588d7a0ce9d,0,3,fresh_ulong_00_qp3_T13173,False,13,4,1806,0.0034750497434288263,24.59038974342348,0.9635522961616516,0.1791670024394989,0.0577738881111145
fresh_ulong,fee5d9ad-e77d-44cd-b576-d588d7a0ce9d,0,3,fresh_ulong_00_qp3_T13173,False,14,3,811,0.0035729031078517437,24.469787610983982,0.9603290557861328,0.1910720318555832,0.06474065780639648
fresh_ulong,fee5d9ad-e77d-44cd-b576-d588d7a0ce9d,0,3,fresh_ulong_00_qp3_T13173,False,15,4,698,0.0037008123472332954,24.317029356093556,0.9575044512748718,0.1962859034538269,0.06603622436523438
fresh_ulong,fee5d9ad-e77d-44cd-b576-d588d7a0ce9d,0,3,fresh_ulong_00_qp3_T13173,False,16,3,3195,0.0030332175083458424,25.180964458425233,0.9639889597892761,0.18703913688659668,0.06389886140823364
fresh_ulong,fee5d9ad-e77d-44cd-b576-d588d7a0ce9d,0,3,fresh_ulong_00_qp3_T13173,False,17,5,4008,0.002433157293125987,26.138298148963138,0.9718241691589355,0.16442131996154785,0.05571037530899048
fresh_ulong,fee5d9ad-e77d-44cd-b576-d588d7a0ce9d,0,3,fresh_ulong_00_qp3_T13173,False,18,3,505,0.0025520138442516327,25.931169739689857,0.9707657694816589,0.1728973388671875,0.06230396032333374
fresh_ulong,fee5d9ad-e77d-44cd-b576-d588d7a0ce9d,0,3,fresh_ulong_00_qp3_T13173,False,19,4,477,0.002889564959332347,25.391675378605232,0.9676805138587952,0.18305763602256775,0.06711697578430176
fresh_ulong,fee5d9ad-e77d-44cd-b576-d588d7a0ce9d,0,3,fresh_ulong_00_qp3_T13173,False,20,3,3415,0.0023867650888860226,26.221903231888586,0.9749225378036499,0.17447775602340698,0.0689229965209961
fresh_ulong,fee5d9ad-e77d-44cd-b576-d588d7a0ce9d,0,3,fresh_ulong_00_qp3_T13173,False,21,4,2517,0.0020835723262280226,26.811914194512223,0.9796307682991028,0.16280226409435272,0.06763744354248047
fresh_ulong,fee5d9ad-e77d-44cd-b576-d588d7a0ce9d,0,3,fresh_ulong_00_qp3_T13173,False,22,3,641,0.0022552311420440674,26.468089400078124,0.979526937007904,0.1685960590839386,0.07471239566802979
fresh_ulong,fee5d9ad-e77d-44cd-b576-d588d7a0ce9d,0,3,fresh_ulong_00_qp3_T13173,False,23,4,687,0.0025535295717418194,25.928591083312817,0.9784890413284302,0.17061764001846313,0.07816892862319946
fresh_ulong,fee5d9ad-e77d-44cd-b576-d588d7a0ce9d,0,3,fresh_ulong_00_qp3_T13173,False,24,3,3363,0.0020744295325130224,26.831013133828698,0.9844711422920227,0.15540167689323425,0.08211588859558105
fresh_ulong,fee5d9ad-e77d-44cd-b576-d588d7a0ce9d,0,3,fresh_ulong_00_qp3_T13173,False,25,5,4412,0.0016377136344090104,27.85762035340287,0.9890111684799194,0.12184159457683563,0.07393866777420044
fresh_ulong,fee5d9ad-e77d-44cd-b576-d588d7a0ce9d,0,3,fresh_ulong_00_qp3_T13173,False,26,3,395,0.0018256298499181867,27.385872719460338,0.9885634183883667,0.12813405692577362,0.08577299118041992
fresh_ulong,fee5d9ad-e77d-44cd-b576-d588d7a0ce9d,0,3,fresh_ulong_00_qp3_T13173,False,27,4,643,0.0021712961606681347,26.63280935563681,0.9875792264938354,0.13273948431015015,0.08989965915679932
fresh_ulong,fee5d9ad-e77d-44cd-b576-d588d7a0ce9d,0,3,fresh_ulong_00_qp3_T13173,False,28,3,3017,0.0020430395379662514,26.897232285929977,0.9896290898323059,0.10565154999494553,0.09101331233978271
fresh_ulong,fee5d9ad-e77d-44cd-b576-d588d7a0ce9d,0,3,fresh_ulong_00_qp3_T13173,False,29,4,1948,0.0018963427282869816,27.220831693436537,0.9907803535461426,0.0931306928396225,0.0847511887550354
fresh_ulong,fee5d9ad-e77d-44cd-b576-d588d7a0ce9d,0,3,fresh_ulong_00_qp3_T13173,False,30,3,279,0.001966648269444704,27.062733057127815,0.9905611872673035,0.09792602062225342,0.08967489004135132
fresh_ulong,fee5d9ad-e77d-44cd-b576-d588d7a0ce9d,0,3,fresh_ulong_00_qp3_T13173,False,31,4,345,0.0020813383162021637,26.81657320596813,0.9899829030036926,0.09452532976865768,0.08734643459320068
fresh_ulong,fee5d9ad-e77d-44cd-b576-d588d7a0ce9d,0,3,fresh_ulong_00_qp3_T13173,False,32,3,1846,0.0020162267610430717,26.954606252366695,0.990437388420105,0.09140761196613312,0.08913403749465942
fresh_ulong,fee5d9ad-e77d-44cd-b576-d588d7a0ce9d,0,3,fresh_ulong_00_qp3_T13173,False,33,5,2222,0.0017770800041034818,27.50293019826357,0.9915182590484619,0.08211174607276917,0.07879310846328735
fresh_ulong,fee5d9ad-e77d-44cd-b576-d588d7a0ce9d,0,3,fresh_ulong_00_qp3_T13173,False,34,3,149,0.0019327468471601605,27.1382502651015,0.9908747673034668,0.08734411001205444,0.08550482988357544
fresh_ulong,fee5d9ad-e77d-44cd-b576-d588d7a0ce9d,0,3,fresh_ulong_00_qp3_T13173,False,35,4,160,0.0020652622915804386,26.85024784418118,0.9901210069656372,0.08629301935434341,0.08637022972106934
fresh_ulong,fee5d9ad-e77d-44cd-b576-d588d7a0ce9d,0,3,fresh_ulong_00_qp3_T13173,False,36,3,1949,0.0019657963421195745,27.06461477386446,0.9906939268112183,0.08660323172807693,0.08778446912765503
fresh_ulong,fee5d9ad-e77d-44cd-b576-d588d7a0ce9d,0,3,fresh_ulong_00_qp3_T13173,False,37,4,865,0.0018536841962486506,27.31964252666645,0.9911245107650757,0.0813387781381607,0.07939344644546509
fresh_ulong,fee5d9ad-e77d-44cd-b576-d588d7a0ce9d,0,3,fresh_ulong_00_qp3_T13173,False,38,3,166,0.0020408350974321365,26.901920855183974,0.9903103113174438,0.08613238483667374,0.08453983068466187
fresh_ulong,fee5d9ad-e77d-44cd-b576-d588d7a0ce9d,0,3,fresh_ulong_00_qp3_T13173,False,39,4,153,0.0021669832058250904,26.6414445446041,0.989588737487793,0.08839413523674011,0.08691155910491943
fresh_ulong,fee5d9ad-e77d-44cd-b576-d588d7a0ce9d,0,3,fresh_ulong_00_qp3_T13173,False,40,3,1844,0.002056475728750229,26.868764118207665,0.9902167916297913,0.08837953954935074,0.0934896469116211
fresh_ulong,fee5d9ad-e77d-44cd-b576-d588d7a0ce9d,0,3,fresh_ulong_00_qp3_T13173,False,41,5,1846,0.0018083143513649702,27.427260709865884,0.9912858605384827,0.07949627190828323,0.0806695818901062
fresh_ulong,fee5d9ad-e77d-44cd-b576-d588d7a0ce9d,0,3,fresh_ulong_00_qp3_T13173,False,42,3,96,0.0019448272651061416,27.111189656198093,0.9907094836235046,0.08573978394269943,0.08624035120010376
fresh_ulong,fee5d9ad-e77d-44cd-b576-d588d7a0ce9d,0,3,fresh_ulong_00_qp3_T13173,False,43,4,97,0.002089264104142785,26.800066573284525,0.9898679852485657,0.08476103842258453,0.08345556259155273
fresh_ulong,fee5d9ad-e77d-44cd-b576-d588d7a0ce9d,0,3,fresh_ulong_00_qp3_T13173,False,44,3,1868,0.002015230478718877,26.956752771101193,0.9903431534767151,0.08665595948696136,0.08878552913665771
fresh_ulong,fee5d9ad-e77d-44cd-b576-d588d7a0ce9d,0,3,fresh_ulong_00_qp3_T13173,False,45,4,867,0.0018955118721351027,27.222734911179916,0.9907954335212708,0.08248192071914673,0.07918709516525269
fresh_ulong,fee5d9ad-e77d-44cd-b576-d588d7a0ce9d,0,3,fresh_ulong_00_qp3_T13173,False,46,3,127,0.002068786881864071,26.842842463075087,0.99006587266922,0.08743831515312195,0.08314341306686401
fresh_ulong,fee5d9ad-e77d-44cd-b576-d588d7a0ce9d,0,3,fresh_ulong_00_qp3_T13173,False,47,4,129,0.002221733331680298,26.533080693959583,0.9891056418418884,0.08736297488212585,0.08194935321807861
fresh_ulong,fee5d9ad-e77d-44cd-b576-d588d7a0ce9d,0,3,fresh_ulong_00_qp3_T13173,False,48,3,1900,0.00207028491422534,26.839698824845698,0.9900116324424744,0.08829111605882645,0.08877891302108765
fresh_ulong,fee5d9ad-e77d-44cd-b576-d588d7a0ce9d,0,3,fresh_ulong_00_qp3_T13173,False,49,5,1670,0.0018602055497467518,27.30439064282868,0.9909741878509521,0.07872869074344635,0.07601779699325562
fresh_ulong,fee5d9ad-e77d-44cd-b576-d588d7a0ce9d,0,3,fresh_ulong_00_qp3_T13173,False,50,3,98,0.0020004732068628073,26.98867260925603,0.9903796315193176,0.08557813614606857,0.08282911777496338
fresh_ulong,fee5d9ad-e77d-44cd-b576-d588d7a0ce9d,0,3,fresh_ulong_00_qp3_T13173,False,51,4,114,0.002204697113484144,26.566510665035516,0.9892715215682983,0.08780329674482346,0.08326750993728638
fresh_ulong,fee5d9ad-e77d-44cd-b576-d588d7a0ce9d,0,3,fresh_ulong_00_qp3_T13173,False,52,3,1969,0.002114462200552225,26.748000741672673,0.989794909954071,0.08890938758850098,0.08723872900009155
fresh_ulong,fee5d9ad-e77d-44cd-b576-d588d7a0ce9d,0,3,fresh_ulong_00_qp3_T13173,False,53,4,943,0.0019955255556851625,26.99942706054862,0.990229070186615,0.08388005197048187,0.07808548212051392
fresh_ulong,fee5d9ad-e77d-44cd-b576-d588d7a0ce9d,0,3,fresh_ulong_00_qp3_T13173,False,54,3,123,0.002170920604839921,26.63356059323297,0.9895391464233398,0.09063813090324402,0.08358985185623169
fresh_ulong,fee5d9ad-e77d-44cd-b576-d588d7a0ce9d,0,3,fresh_ulong_00_qp3_T13173,False,55,4,136,0.002302849432453513,26.37734456648131,0.9886994957923889,0.09009219706058502,0.08018219470977783
fresh_ulong,fee5d9ad-e77d-44cd-b576-d588d7a0ce9d,0,3,fresh_ulong_00_qp3_T13173,False,56,3,1949,0.0021453590597957373,26.685000113403696,0.9896066188812256,0.0903201773762703,0.086880624294281
fresh_ulong,fee5d9ad-e77d-44cd-b576-d588d7a0ce9d,0,3,fresh_ulong_00_qp3_T13173,False,57,5,1763,0.0019041694467887282,27.20294407563442,0.9906986355781555,0.08263780176639557,0.07589340209960938
fresh_ulong,fee5d9ad-e77d-44cd-b576-d588d7a0ce9d,0,3,fresh_ulong_00_qp3_T13173,False,58,3,86,0.0020477473735809326,26.88723622416479,0.9901095032691956,0.08889948576688766,0.08361804485321045
fresh_ulong,fee5d9ad-e77d-44cd-b576-d588d7a0ce9d,0,3,fresh_ulong_00_qp3_T13173,False,59,4,104,0.0021971312817186117,26.58143992591291,0.989222526550293,0.08902566879987717,0.08066481351852417
fresh_ulong,fee5d9ad-e77d-44cd-b576-d588d7a0ce9d,0,3,fresh_ulong_00_qp3_T13173,False,60,3,1891,0.0021342101972550154,26.707628093668504,0.9896959662437439,0.08906454592943192,0.08545857667922974
fresh_ulong,fee5d9ad-e77d-44cd-b576-d588d7a0ce9d,0,3,fresh_ulong_00_qp3_T13173,False,61,4,863,0.0020358336623758078,26.912577088811535,0.9900420904159546,0.08495763689279556,0.07650649547576904
fresh_ulong,fee5d9ad-e77d-44cd-b576-d588d7a0ce9d,0,3,fresh_ulong_00_qp3_T13173,False,62,3,126,0.002204224467277527,26.56744181174091,0.989436149597168,0.091398224234581,0.08288753032684326
fresh_ulong,fee5d9ad-e77d-44cd-b576-d588d7a0ce9d,0,3,fresh_ulong_00_qp3_T13173,False,63,4,149,0.0023669388610869646,26.25812959914384,0.9884570837020874,0.09131836891174316,0.08257442712783813
fresh_ulong,fee5d9ad-e77d-44cd-b576-d588d7a0ce9d,0,3,fresh_ulong_00_qp3_T13208,False,0,3,7975,0.007518589496612549,21.238636263357993,0.9715078473091125,0.17397786676883698,0.055849432945251465
fresh_ulong,fee5d9ad-e77d-44cd-b576-d588d7a0ce9d,0,3,fresh_ulong_00_qp3_T13208,False,1,5,7151,0.005252936854958534,22.795978197771113,0.978377103805542,0.14596132934093475,0.05051165819168091
fresh_ulong,fee5d9ad-e77d-44cd-b576-d588d7a0ce9d,0,3,fresh_ulong_00_qp3_T13208,False,2,3,1783,0.005029948428273201,22.984364677136927,0.9784603118896484,0.14074799418449402,0.048147499561309814
fresh_ulong,fee5d9ad-e77d-44cd-b576-d588d7a0ce9d,0,3,fresh_ulong_00_qp3_T13208,False,3,4,1376,0.005060525611042976,22.958043728596948,0.9773266911506653,0.1423262357711792,0.04737246036529541
fresh_ulong,fee5d9ad-e77d-44cd-b576-d588d7a0ce9d,0,3,fresh_ulong_00_qp3_T13208,False,4,3,2188,0.004797837231308222,23.189544897453743,0.9764474034309387,0.1456521898508072,0.047369420528411865
fresh_ulong,fee5d9ad-e77d-44cd-b576-d588d7a0ce9d,0,3,fresh_ulong_00_qp3_T13208,False,5,4,2624,0.004547424148768187,23.422345362548374,0.9756596684455872,0.14666272699832916,0.049135684967041016
fresh_ulong,fee5d9ad-e77d-44cd-b576-d588d7a0ce9d,0,3,fresh_ulong_00_qp3_T13208,False,6,3,2016,0.004490755498409271,23.4768058968952,0.9735527038574219,0.15045134723186493,0.04997515678405762
fresh_ulong,fee5d9ad-e77d-44cd-b576-d588d7a0ce9d,0,3,fresh_ulong_00_qp3_T13208,False,7,4,2034,0.004297100473195314,23.668244916863152,0.9723194241523743,0.1538386046886444,0.04941880702972412
fresh_ulong,fee5d9ad-e77d-44cd-b576-d588d7a0ce9d,0,3,fresh_ulong_00_qp3_T13208,False,8,3,1584,0.004161057993769646,23.807962312874118,0.9704319834709167,0.1600290834903717,0.052877187728881836
fresh_ulong,fee5d9ad-e77d-44cd-b576-d588d7a0ce9d,0,3,fresh_ulong_00_qp3_T13208,False,9,5,2795,0.003930754028260708,24.05524131837844,0.969557523727417,0.15867045521736145,0.05052685737609863
fresh_ulong,fee5d9ad-e77d-44cd-b576-d588d7a0ce9d,0,3,fresh_ulong_00_qp3_T13208,False,10,3,527,0.004011816810816526,23.96658906127169,0.9659104347229004,0.17242524027824402,0.057195186614990234
fresh_ulong,fee5d9ad-e77d-44cd-b576-d588d7a0ce9d,0,3,fresh_ulong_00_qp3_T13208,False,11,4,445,0.004225091077387333,23.741639248254323,0.9615268111228943,0.17876656353473663,0.05862247943878174
fresh_ulong,fee5d9ad-e77d-44cd-b576-d588d7a0ce9d,0,3,fresh_ulong_00_qp3_T13208,False,12,3,2544,0.003666662611067295,24.357290499229105,0.9637470841407776,0.17721223831176758,0.05851680040359497
fresh_ulong,fee5d9ad-e77d-44cd-b576-d588d7a0ce9d,0,3,fresh_ulong_00_qp3_T13208,False,13,4,1806,0.0034750497434288263,24.59038974342348,0.9635522961616516,0.1791670024394989,0.0577738881111145
fresh_ulong,fee5d9ad-e77d-44cd-b576-d588d7a0ce9d,0,3,fresh_ulong_00_qp3_T13208,False,14,3,811,0.0035729031078517437,24.469787610983982,0.9603290557861328,0.1910720318555832,0.06474065780639648
fresh_ulong,fee5d9ad-e77d-44cd-b576-d588d7a0ce9d,0,3,fresh_ulong_00_qp3_T13208,False,15,4,698,0.0037008123472332954,24.317029356093556,0.9575044512748718,0.1962859034538269,0.06603622436523438
fresh_ulong,fee5d9ad-e77d-44cd-b576-d588d7a0ce9d,0,3,fresh_ulong_00_qp3_T13208,False,16,3,3195,0.0030332175083458424,25.180964458425233,0.9639889597892761,0.18703913688659668,0.06389886140823364
fresh_ulong,fee5d9ad-e77d-44cd-b576-d588d7a0ce9d,0,3,fresh_ulong_00_qp3_T13208,False,17,5,4008,0.002433157293125987,26.138298148963138,0.9718241691589355,0.16442131996154785,0.05571037530899048
fresh_ulong,fee5d9ad-e77d-44cd-b576-d588d7a0ce9d,0,3,fresh_ulong_00_qp3_T13208,False,18,3,505,0.0025520138442516327,25.931169739689857,0.9707657694816589,0.1728973388671875,0.06230396032333374
fresh_ulong,fee5d9ad-e77d-44cd-b576-d588d7a0ce9d,0,3,fresh_ulong_00_qp3_T13208,False,19,4,477,0.002889564959332347,25.391675378605232,0.9676805138587952,0.18305763602256775,0.06711697578430176
fresh_ulong,fee5d9ad-e77d-44cd-b576-d588d7a0ce9d,0,3,fresh_ulong_00_qp3_T13208,False,20,3,3415,0.0023867650888860226,26.221903231888586,0.9749225378036499,0.17447775602340698,0.0689229965209961
fresh_ulong,fee5d9ad-e77d-44cd-b576-d588d7a0ce9d,0,3,fresh_ulong_00_qp3_T13208,False,21,4,2517,0.0020835723262280226,26.811914194512223,0.9796307682991028,0.16280226409435272,0.06763744354248047
fresh_ulong,fee5d9ad-e77d-44cd-b576-d588d7a0ce9d,0,3,fresh_ulong_00_qp3_T13208,False,22,3,641,0.0022552311420440674,26.468089400078124,0.979526937007904,0.1685960590839386,0.07471239566802979
fresh_ulong,fee5d9ad-e77d-44cd-b576-d588d7a0ce9d,0,3,fresh_ulong_00_qp3_T13208,False,23,4,687,0.0025535295717418194,25.928591083312817,0.9784890413284302,0.17061764001846313,0.07816892862319946
fresh_ulong,fee5d9ad-e77d-44cd-b576-d588d7a0ce9d,0,3,fresh_ulong_00_qp3_T13208,False,24,3,3363,0.0020744295325130224,26.831013133828698,0.9844711422920227,0.15540167689323425,0.08211588859558105
fresh_ulong,fee5d9ad-e77d-44cd-b576-d588d7a0ce9d,0,3,fresh_ulong_00_qp3_T13208,False,25,5,4412,0.0016377136344090104,27.85762035340287,0.9890111684799194,0.12184159457683563,0.07393866777420044
fresh_ulong,fee5d9ad-e77d-44cd-b576-d588d7a0ce9d,0,3,fresh_ulong_00_qp3_T13208,False,26,3,395,0.0018256298499181867,27.385872719460338,0.9885634183883667,0.12813405692577362,0.08577299118041992
fresh_ulong,fee5d9ad-e77d-44cd-b576-d588d7a0ce9d,0,3,fresh_ulong_00_qp3_T13208,False,27,4,643,0.0021712961606681347,26.63280935563681,0.9875792264938354,0.13273948431015015,0.08989965915679932
fresh_ulong,fee5d9ad-e77d-44cd-b576-d588d7a0ce9d,0,3,fresh_ulong_00_qp3_T13208,False,28,3,3017,0.0020430395379662514,26.897232285929977,0.9896290898323059,0.10565154999494553,0.09101331233978271
fresh_ulong,fee5d9ad-e77d-44cd-b576-d588d7a0ce9d,0,3,fresh_ulong_00_qp3_T13208,False,29,4,1948,0.0018963427282869816,27.220831693436537,0.9907803535461426,0.0931306928396225,0.0847511887550354
fresh_ulong,fee5d9ad-e77d-44cd-b576-d588d7a0ce9d,0,3,fresh_ulong_00_qp3_T13208,False,30,3,279,0.001966648269444704,27.062733057127815,0.9905611872673035,0.09792602062225342,0.08967489004135132
fresh_ulong,fee5d9ad-e77d-44cd-b576-d588d7a0ce9d,0,3,fresh_ulong_00_qp3_T13208,False,31,4,345,0.0020813383162021637,26.81657320596813,0.9899829030036926,0.09452532976865768,0.08734643459320068
fresh_ulong,fee5d9ad-e77d-44cd-b576-d588d7a0ce9d,0,3,fresh_ulong_00_qp3_T13208,False,32,3,1846,0.0020162267610430717,26.954606252366695,0.990437388420105,0.09140761196613312,0.08913403749465942
fresh_ulong,fee5d9ad-e77d-44cd-b576-d588d7a0ce9d,0,3,fresh_ulong_00_qp3_T13208,False,33,5,2222,0.0017770800041034818,27.50293019826357,0.9915182590484619,0.08211174607276917,0.07879310846328735
fresh_ulong,fee5d9ad-e77d-44cd-b576-d588d7a0ce9d,0,3,fresh_ulong_00_qp3_T13208,False,34,3,149,0.0019327468471601605,27.1382502651015,0.9908747673034668,0.08734411001205444,0.08550482988357544
fresh_ulong,fee5d9ad-e77d-44cd-b576-d588d7a0ce9d,0,3,fresh_ulong_00_qp3_T13208,False,35,4,160,0.0020652622915804386,26.85024784418118,0.9901210069656372,0.08629301935434341,0.08637022972106934
fresh_ulong,fee5d9ad-e77d-44cd-b576-d588d7a0ce9d,0,3,fresh_ulong_00_qp3_T13208,False,36,3,1949,0.0019657963421195745,27.06461477386446,0.9906939268112183,0.08660323172807693,0.08778446912765503
fresh_ulong,fee5d9ad-e77d-44cd-b576-d588d7a0ce9d,0,3,fresh_ulong_00_qp3_T13208,False,37,4,865,0.0018536841962486506,27.31964252666645,0.9911245107650757,0.0813387781381607,0.07939344644546509
fresh_ulong,fee5d9ad-e77d-44cd-b576-d588d7a0ce9d,0,3,fresh_ulong_00_qp3_T13208,False,38,3,166,0.0020408350974321365,26.901920855183974,0.9903103113174438,0.08613238483667374,0.08453983068466187
fresh_ulong,fee5d9ad-e77d-44cd-b576-d588d7a0ce9d,0,3,fresh_ulong_00_qp3_T13208,False,39,4,153,0.0021669832058250904,26.6414445446041,0.989588737487793,0.08839413523674011,0.08691155910491943
fresh_ulong,fee5d9ad-e77d-44cd-b576-d588d7a0ce9d,0,3,fresh_ulong_00_qp3_T13208,False,40,3,1844,0.002056475728750229,26.868764118207665,0.9902167916297913,0.08837953954935074,0.0934896469116211
fresh_ulong,fee5d9ad-e77d-44cd-b576-d588d7a0ce9d,0,3,fresh_ulong_00_qp3_T13208,False,41,5,1846,0.0018083143513649702,27.427260709865884,0.9912858605384827,0.07949627190828323,0.0806695818901062
fresh_ulong,fee5d9ad-e77d-44cd-b576-d588d7a0ce9d,0,3,fresh_ulong_00_qp3_T13208,False,42,3,96,0.0019448272651061416,27.111189656198093,0.9907094836235046,0.08573978394269943,0.08624035120010376
fresh_ulong,fee5d9ad-e77d-44cd-b576-d588d7a0ce9d,0,3,fresh_ulong_00_qp3_T13208,False,43,4,97,0.002089264104142785,26.800066573284525,0.9898679852485657,0.08476103842258453,0.08345556259155273
fresh_ulong,fee5d9ad-e77d-44cd-b576-d588d7a0ce9d,0,3,fresh_ulong_00_qp3_T13208,False,44,3,1868,0.002015230478718877,26.956752771101193,0.9903431534767151,0.08665595948696136,0.08878552913665771
fresh_ulong,fee5d9ad-e77d-44cd-b576-d588d7a0ce9d,0,3,fresh_ulong_00_qp3_T13208,False,45,4,867,0.0018955118721351027,27.222734911179916,0.9907954335212708,0.08248192071914673,0.07918709516525269
fresh_ulong,fee5d9ad-e77d-44cd-b576-d588d7a0ce9d,0,3,fresh_ulong_00_qp3_T13208,False,46,3,127,0.002068786881864071,26.842842463075087,0.99006587266922,0.08743831515312195,0.08314341306686401
fresh_ulong,fee5d9ad-e77d-44cd-b576-d588d7a0ce9d,0,3,fresh_ulong_00_qp3_T13208,False,47,4,129,0.002221733331680298,26.533080693959583,0.9891056418418884,0.08736297488212585,0.08194935321807861
fresh_ulong,fee5d9ad-e77d-44cd-b576-d588d7a0ce9d,0,3,fresh_ulong_00_qp3_T13208,False,48,3,1900,0.00207028491422534,26.839698824845698,0.9900116324424744,0.08829111605882645,0.08877891302108765
fresh_ulong,fee5d9ad-e77d-44cd-b576-d588d7a0ce9d,0,3,fresh_ulong_00_qp3_T13208,False,49,5,1670,0.0018602055497467518,27.30439064282868,0.9909741878509521,0.07872869074344635,0.07601779699325562
fresh_ulong,fee5d9ad-e77d-44cd-b576-d588d7a0ce9d,0,3,fresh_ulong_00_qp3_T13208,False,50,3,98,0.0020004732068628073,26.98867260925603,0.9903796315193176,0.08557813614606857,0.08282911777496338
fresh_ulong,fee5d9ad-e77d-44cd-b576-d588d7a0ce9d,0,3,fresh_ulong_00_qp3_T13208,False,51,4,114,0.002204697113484144,26.566510665035516,0.9892715215682983,0.08780329674482346,0.08326750993728638
fresh_ulong,fee5d9ad-e77d-44cd-b576-d588d7a0ce9d,0,3,fresh_ulong_00_qp3_T13208,False,52,3,1969,0.002114462200552225,26.748000741672673,0.989794909954071,0.08890938758850098,0.08723872900009155
fresh_ulong,fee5d9ad-e77d-44cd-b576-d588d7a0ce9d,0,3,fresh_ulong_00_qp3_T13208,False,53,4,943,0.0019955255556851625,26.99942706054862,0.990229070186615,0.08388005197048187,0.07808548212051392
fresh_ulong,fee5d9ad-e77d-44cd-b576-d588d7a0ce9d,0,3,fresh_ulong_00_qp3_T13208,False,54,3,123,0.002170920604839921,26.63356059323297,0.9895391464233398,0.09063813090324402,0.08358985185623169
fresh_ulong,fee5d9ad-e77d-44cd-b576-d588d7a0ce9d,0,3,fresh_ulong_00_qp3_T13208,False,55,4,136,0.002302849432453513,26.37734456648131,0.9886994957923889,0.09009219706058502,0.08018219470977783
fresh_ulong,fee5d9ad-e77d-44cd-b576-d588d7a0ce9d,0,3,fresh_ulong_00_qp3_T13208,False,56,3,1949,0.0021453590597957373,26.685000113403696,0.9896066188812256,0.0903201773762703,0.086880624294281
fresh_ulong,fee5d9ad-e77d-44cd-b576-d588d7a0ce9d,0,3,fresh_ulong_00_qp3_T13208,False,57,5,1763,0.0019041694467887282,27.20294407563442,0.9906986355781555,0.08263780176639557,0.07589340209960938
fresh_ulong,fee5d9ad-e77d-44cd-b576-d588d7a0ce9d,0,3,fresh_ulong_00_qp3_T13208,False,58,3,86,0.0020477473735809326,26.88723622416479,0.9901095032691956,0.08889948576688766,0.08361804485321045
fresh_ulong,fee5d9ad-e77d-44cd-b576-d588d7a0ce9d,0,3,fresh_ulong_00_qp3_T13208,False,59,4,104,0.0021971312817186117,26.58143992591291,0.989222526550293,0.08902566879987717,0.08066481351852417
fresh_ulong,fee5d9ad-e77d-44cd-b576-d588d7a0ce9d,0,3,fresh_ulong_00_qp3_T13208,False,60,3,1891,0.0021342101972550154,26.707628093668504,0.9896959662437439,0.08906454592943192,0.08545857667922974
fresh_ulong,fee5d9ad-e77d-44cd-b576-d588d7a0ce9d,0,3,fresh_ulong_00_qp3_T13208,False,61,4,863,0.0020358336623758078,26.912577088811535,0.9900420904159546,0.08495763689279556,0.07650649547576904
fresh_ulong,fee5d9ad-e77d-44cd-b576-d588d7a0ce9d,0,3,fresh_ulong_00_qp3_T13208,False,62,3,126,0.002204224467277527,26.56744181174091,0.989436149597168,0.091398224234581,0.08288753032684326
fresh_ulong,fee5d9ad-e77d-44cd-b576-d588d7a0ce9d,0,3,fresh_ulong_00_qp3_T13208,False,63,4,149,0.0023669388610869646,26.25812959914384,0.9884570837020874,0.09131836891174316,0.08257442712783813
fresh_ulong,fee5d9ad-e77d-44cd-b576-d588d7a0ce9d,0,3,fresh_ulong_00_qp3_T13210,False,0,3,7975,0.007518589496612549,21.238636263357993,0.9715078473091125,0.17397786676883698,0.055849432945251465
fresh_ulong,fee5d9ad-e77d-44cd-b576-d588d7a0ce9d,0,3,fresh_ulong_00_qp3_T13210,False,1,5,7151,0.005252936854958534,22.795978197771113,0.978377103805542,0.14596132934093475,0.05051165819168091
fresh_ulong,fee5d9ad-e77d-44cd-b576-d588d7a0ce9d,0,3,fresh_ulong_00_qp3_T13210,False,2,3,1783,0.005029948428273201,22.984364677136927,0.9784603118896484,0.14074799418449402,0.048147499561309814
fresh_ulong,fee5d9ad-e77d-44cd-b576-d588d7a0ce9d,0,3,fresh_ulong_00_qp3_T13210,False,3,4,1376,0.005060525611042976,22.958043728596948,0.9773266911506653,0.1423262357711792,0.04737246036529541
fresh_ulong,fee5d9ad-e77d-44cd-b576-d588d7a0ce9d,0,3,fresh_ulong_00_qp3_T13210,False,4,3,2188,0.004797837231308222,23.189544897453743,0.9764474034309387,0.1456521898508072,0.047369420528411865
fresh_ulong,fee5d9ad-e77d-44cd-b576-d588d7a0ce9d,0,3,fresh_ulong_00_qp3_T13210,False,5,4,2624,0.004547424148768187,23.422345362548374,0.9756596684455872,0.14666272699832916,0.049135684967041016
fresh_ulong,fee5d9ad-e77d-44cd-b576-d588d7a0ce9d,0,3,fresh_ulong_00_qp3_T13210,False,6,3,2016,0.004490755498409271,23.4768058968952,0.9735527038574219,0.15045134723186493,0.04997515678405762
fresh_ulong,fee5d9ad-e77d-44cd-b576-d588d7a0ce9d,0,3,fresh_ulong_00_qp3_T13210,False,7,4,2034,0.004297100473195314,23.668244916863152,0.9723194241523743,0.1538386046886444,0.04941880702972412
fresh_ulong,fee5d9ad-e77d-44cd-b576-d588d7a0ce9d,0,3,fresh_ulong_00_qp3_T13210,False,8,3,1584,0.004161057993769646,23.807962312874118,0.9704319834709167,0.1600290834903717,0.052877187728881836
fresh_ulong,fee5d9ad-e77d-44cd-b576-d588d7a0ce9d,0,3,fresh_ulong_00_qp3_T13210,False,9,5,2795,0.003930754028260708,24.05524131837844,0.969557523727417,0.15867045521736145,0.05052685737609863
fresh_ulong,fee5d9ad-e77d-44cd-b576-d588d7a0ce9d,0,3,fresh_ulong_00_qp3_T13210,False,10,3,527,0.004011816810816526,23.96658906127169,0.9659104347229004,0.17242524027824402,0.057195186614990234
fresh_ulong,fee5d9ad-e77d-44cd-b576-d588d7a0ce9d,0,3,fresh_ulong_00_qp3_T13210,False,11,4,445,0.004225091077387333,23.741639248254323,0.9615268111228943,0.17876656353473663,0.05862247943878174
fresh_ulong,fee5d9ad-e77d-44cd-b576-d588d7a0ce9d,0,3,fresh_ulong_00_qp3_T13210,False,12,3,2544,0.003666662611067295,24.357290499229105,0.9637470841407776,0.17721223831176758,0.05851680040359497
fresh_ulong,fee5d9ad-e77d-44cd-b576-d588d7a0ce9d,0,3,fresh_ulong_00_qp3_T13210,False,13,4,1806,0.0034750497434288263,24.59038974342348,0.9635522961616516,0.1791670024394989,0.0577738881111145
fresh_ulong,fee5d9ad-e77d-44cd-b576-d588d7a0ce9d,0,3,fresh_ulong_00_qp3_T13210,False,14,3,811,0.0035729031078517437,24.469787610983982,0.9603290557861328,0.1910720318555832,0.06474065780639648
fresh_ulong,fee5d9ad-e77d-44cd-b576-d588d7a0ce9d,0,3,fresh_ulong_00_qp3_T13210,False,15,4,698,0.0037008123472332954,24.317029356093556,0.9575044512748718,0.1962859034538269,0.06603622436523438
fresh_ulong,fee5d9ad-e77d-44cd-b576-d588d7a0ce9d,0,3,fresh_ulong_00_qp3_T13210,False,16,3,3195,0.0030332175083458424,25.180964458425233,0.9639889597892761,0.18703913688659668,0.06389886140823364
fresh_ulong,fee5d9ad-e77d-44cd-b576-d588d7a0ce9d,0,3,fresh_ulong_00_qp3_T13210,False,17,5,4008,0.002433157293125987,26.138298148963138,0.9718241691589355,0.16442131996154785,0.05571037530899048
fresh_ulong,fee5d9ad-e77d-44cd-b576-d588d7a0ce9d,0,3,fresh_ulong_00_qp3_T13210,False,18,3,505,0.0025520138442516327,25.931169739689857,0.9707657694816589,0.1728973388671875,0.06230396032333374
fresh_ulong,fee5d9ad-e77d-44cd-b576-d588d7a0ce9d,0,3,fresh_ulong_00_qp3_T13210,False,19,4,477,0.002889564959332347,25.391675378605232,0.9676805138587952,0.18305763602256775,0.06711697578430176
fresh_ulong,fee5d9ad-e77d-44cd-b576-d588d7a0ce9d,0,3,fresh_ulong_00_qp3_T13210,False,20,3,3415,0.0023867650888860226,26.221903231888586,0.9749225378036499,0.17447775602340698,0.0689229965209961
fresh_ulong,fee5d9ad-e77d-44cd-b576-d588d7a0ce9d,0,3,fresh_ulong_00_qp3_T13210,False,21,4,2517,0.0020835723262280226,26.811914194512223,0.9796307682991028,0.16280226409435272,0.06763744354248047
fresh_ulong,fee5d9ad-e77d-44cd-b576-d588d7a0ce9d,0,3,fresh_ulong_00_qp3_T13210,False,22,3,641,0.0022552311420440674,26.468089400078124,0.979526937007904,0.1685960590839386,0.07471239566802979
fresh_ulong,fee5d9ad-e77d-44cd-b576-d588d7a0ce9d,0,3,fresh_ulong_00_qp3_T13210,False,23,4,687,0.0025535295717418194,25.928591083312817,0.9784890413284302,0.17061764001846313,0.07816892862319946
fresh_ulong,fee5d9ad-e77d-44cd-b576-d588d7a0ce9d,0,3,fresh_ulong_00_qp3_T13210,False,24,3,3363,0.0020744295325130224,26.831013133828698,0.9844711422920227,0.15540167689323425,0.08211588859558105
fresh_ulong,fee5d9ad-e77d-44cd-b576-d588d7a0ce9d,0,3,fresh_ulong_00_qp3_T13210,False,25,5,4412,0.0016377136344090104,27.85762035340287,0.9890111684799194,0.12184159457683563,0.07393866777420044
fresh_ulong,fee5d9ad-e77d-44cd-b576-d588d7a0ce9d,0,3,fresh_ulong_00_qp3_T13210,False,26,3,395,0.0018256298499181867,27.385872719460338,0.9885634183883667,0.12813405692577362,0.08577299118041992
fresh_ulong,fee5d9ad-e77d-44cd-b576-d588d7a0ce9d,0,3,fresh_ulong_00_qp3_T13210,False,27,4,643,0.0021712961606681347,26.63280935563681,0.9875792264938354,0.13273948431015015,0.08989965915679932
fresh_ulong,fee5d9ad-e77d-44cd-b576-d588d7a0ce9d,0,3,fresh_ulong_00_qp3_T13210,False,28,3,3017,0.0020430395379662514,26.897232285929977,0.9896290898323059,0.10565154999494553,0.09101331233978271
fresh_ulong,fee5d9ad-e77d-44cd-b576-d588d7a0ce9d,0,3,fresh_ulong_00_qp3_T13210,False,29,4,1948,0.0018963427282869816,27.220831693436537,0.9907803535461426,0.0931306928396225,0.0847511887550354
fresh_ulong,fee5d9ad-e77d-44cd-b576-d588d7a0ce9d,0,3,fresh_ulong_00_qp3_T13210,False,30,3,279,0.001966648269444704,27.062733057127815,0.9905611872673035,0.09792602062225342,0.08967489004135132
fresh_ulong,fee5d9ad-e77d-44cd-b576-d588d7a0ce9d,0,3,fresh_ulong_00_qp3_T13210,False,31,4,345,0.0020813383162021637,26.81657320596813,0.9899829030036926,0.09452532976865768,0.08734643459320068
fresh_ulong,fee5d9ad-e77d-44cd-b576-d588d7a0ce9d,0,3,fresh_ulong_00_qp3_T13210,False,32,3,1846,0.0020162267610430717,26.954606252366695,0.990437388420105,0.09140761196613312,0.08913403749465942
fresh_ulong,fee5d9ad-e77d-44cd-b576-d588d7a0ce9d,0,3,fresh_ulong_00_qp3_T13210,False,33,5,2222,0.0017770800041034818,27.50293019826357,0.9915182590484619,0.08211174607276917,0.07879310846328735
fresh_ulong,fee5d9ad-e77d-44cd-b576-d588d7a0ce9d,0,3,fresh_ulong_00_qp3_T13210,False,34,3,149,0.0019327468471601605,27.1382502651015,0.9908747673034668,0.08734411001205444,0.08550482988357544
fresh_ulong,fee5d9ad-e77d-44cd-b576-d588d7a0ce9d,0,3,fresh_ulong_00_qp3_T13210,False,35,4,160,0.0020652622915804386,26.85024784418118,0.9901210069656372,0.08629301935434341,0.08637022972106934
fresh_ulong,fee5d9ad-e77d-44cd-b576-d588d7a0ce9d,0,3,fresh_ulong_00_qp3_T13210,False,36,3,1949,0.0019657963421195745,27.06461477386446,0.9906939268112183,0.08660323172807693,0.08778446912765503
fresh_ulong,fee5d9ad-e77d-44cd-b576-d588d7a0ce9d,0,3,fresh_ulong_00_qp3_T13210,False,37,4,865,0.0018536841962486506,27.31964252666645,0.9911245107650757,0.0813387781381607,0.07939344644546509
fresh_ulong,fee5d9ad-e77d-44cd-b576-d588d7a0ce9d,0,3,fresh_ulong_00_qp3_T13210,False,38,3,166,0.0020408350974321365,26.901920855183974,0.9903103113174438,0.08613238483667374,0.08453983068466187
fresh_ulong,fee5d9ad-e77d-44cd-b576-d588d7a0ce9d,0,3,fresh_ulong_00_qp3_T13210,False,39,4,153,0.0021669832058250904,26.6414445446041,0.989588737487793,0.08839413523674011,0.08691155910491943
fresh_ulong,fee5d9ad-e77d-44cd-b576-d588d7a0ce9d,0,3,fresh_ulong_00_qp3_T13210,False,40,3,1844,0.002056475728750229,26.868764118207665,0.9902167916297913,0.08837953954935074,0.0934896469116211
fresh_ulong,fee5d9ad-e77d-44cd-b576-d588d7a0ce9d,0,3,fresh_ulong_00_qp3_T13210,False,41,5,1846,0.0018083143513649702,27.427260709865884,0.9912858605384827,0.07949627190828323,0.0806695818901062
fresh_ulong,fee5d9ad-e77d-44cd-b576-d588d7a0ce9d,0,3,fresh_ulong_00_qp3_T13210,False,42,3,96,0.0019448272651061416,27.111189656198093,0.9907094836235046,0.08573978394269943,0.08624035120010376
fresh_ulong,fee5d9ad-e77d-44cd-b576-d588d7a0ce9d,0,3,fresh_ulong_00_qp3_T13210,False,43,4,97,0.002089264104142785,26.800066573284525,0.9898679852485657,0.08476103842258453,0.08345556259155273
fresh_ulong,fee5d9ad-e77d-44cd-b576-d588d7a0ce9d,0,3,fresh_ulong_00_qp3_T13210,False,44,3,1868,0.002015230478718877,26.956752771101193,0.9903431534767151,0.08665595948696136,0.08878552913665771
fresh_ulong,fee5d9ad-e77d-44cd-b576-d588d7a0ce9d,0,3,fresh_ulong_00_qp3_T13210,False,45,4,867,0.0018955118721351027,27.222734911179916,0.9907954335212708,0.08248192071914673,0.07918709516525269
fresh_ulong,fee5d9ad-e77d-44cd-b576-d588d7a0ce9d,0,3,fresh_ulong_00_qp3_T13210,False,46,3,127,0.002068786881864071,26.842842463075087,0.99006587266922,0.08743831515312195,0.08314341306686401
fresh_ulong,fee5d9ad-e77d-44cd-b576-d588d7a0ce9d,0,3,fresh_ulong_00_qp3_T13210,False,47,4,129,0.002221733331680298,26.533080693959583,0.9891056418418884,0.08736297488212585,0.08194935321807861
fresh_ulong,fee5d9ad-e77d-44cd-b576-d588d7a0ce9d,0,3,fresh_ulong_00_qp3_T13210,False,48,3,1900,0.00207028491422534,26.839698824845698,0.9900116324424744,0.08829111605882645,0.08877891302108765
fresh_ulong,fee5d9ad-e77d-44cd-b576-d588d7a0ce9d,0,3,fresh_ulong_00_qp3_T13210,False,49,5,1670,0.0018602055497467518,27.30439064282868,0.9909741878509521,0.07872869074344635,0.07601779699325562
fresh_ulong,fee5d9ad-e77d-44cd-b576-d588d7a0ce9d,0,3,fresh_ulong_00_qp3_T13210,False,50,3,98,0.0020004732068628073,26.98867260925603,0.9903796315193176,0.08557813614606857,0.08282911777496338
fresh_ulong,fee5d9ad-e77d-44cd-b576-d588d7a0ce9d,0,3,fresh_ulong_00_qp3_T13210,False,51,4,114,0.002204697113484144,26.566510665035516,0.9892715215682983,0.08780329674482346,0.08326750993728638
fresh_ulong,fee5d9ad-e77d-44cd-b576-d588d7a0ce9d,0,3,fresh_ulong_00_qp3_T13210,False,52,3,1969,0.002114462200552225,26.748000741672673,0.989794909954071,0.08890938758850098,0.08723872900009155
fresh_ulong,fee5d9ad-e77d-44cd-b576-d588d7a0ce9d,0,3,fresh_ulong_00_qp3_T13210,False,53,4,943,0.0019955255556851625,26.99942706054862,0.990229070186615,0.08388005197048187,0.07808548212051392
fresh_ulong,fee5d9ad-e77d-44cd-b576-d588d7a0ce9d,0,3,fresh_ulong_00_qp3_T13210,False,54,3,123,0.002170920604839921,26.63356059323297,0.9895391464233398,0.09063813090324402,0.08358985185623169
fresh_ulong,fee5d9ad-e77d-44cd-b576-d588d7a0ce9d,0,3,fresh_ulong_00_qp3_T13210,False,55,4,136,0.002302849432453513,26.37734456648131,0.9886994957923889,0.09009219706058502,0.08018219470977783
fresh_ulong,fee5d9ad-e77d-44cd-b576-d588d7a0ce9d,0,3,fresh_ulong_00_qp3_T13210,False,56,3,1949,0.0021453590597957373,26.685000113403696,0.9896066188812256,0.0903201773762703,0.086880624294281
fresh_ulong,fee5d9ad-e77d-44cd-b576-d588d7a0ce9d,0,3,fresh_ulong_00_qp3_T13210,False,57,5,1763,0.0019041694467887282,27.20294407563442,0.9906986355781555,0.08263780176639557,0.07589340209960938
fresh_ulong,fee5d9ad-e77d-44cd-b576-d588d7a0ce9d,0,3,fresh_ulong_00_qp3_T13210,False,58,3,86,0.0020477473735809326,26.88723622416479,0.9901095032691956,0.08889948576688766,0.08361804485321045
fresh_ulong,fee5d9ad-e77d-44cd-b576-d588d7a0ce9d,0,3,fresh_ulong_00_qp3_T13210,False,59,4,104,0.0021971312817186117,26.58143992591291,0.989222526550293,0.08902566879987717,0.08066481351852417
fresh_ulong,fee5d9ad-e77d-44cd-b576-d588d7a0ce9d,0,3,fresh_ulong_00_qp3_T13210,False,60,3,1891,0.0021342101972550154,26.707628093668504,0.9896959662437439,0.08906454592943192,0.08545857667922974
fresh_ulong,fee5d9ad-e77d-44cd-b576-d588d7a0ce9d,0,3,fresh_ulong_00_qp3_T13210,False,61,4,863,0.0020358336623758078,26.912577088811535,0.9900420904159546,0.08495763689279556,0.07650649547576904
fresh_ulong,fee5d9ad-e77d-44cd-b576-d588d7a0ce9d,0,3,fresh_ulong_00_qp3_T13210,False,62,3,126,0.002204224467277527,26.56744181174091,0.989436149597168,0.091398224234581,0.08288753032684326
fresh_ulong,fee5d9ad-e77d-44cd-b576-d588d7a0ce9d,0,3,fresh_ulong_00_qp3_T13210,False,63,4,149,0.0023669388610869646,26.25812959914384,0.9884570837020874,0.09131836891174316,0.08257442712783813
fresh_ulong,0834e99f-94bc-4568-a7c2-f7022dade8e1,1,1,fresh_ulong_01_qp1_BASELINE,True,0,1,5076,0.0015977397561073303,27.964939582452626,0.9731715321540833,0.1798853576183319,0.08330947160720825
fresh_ulong,0834e99f-94bc-4568-a7c2-f7022dade8e1,1,1,fresh_ulong_01_qp1_BASELINE,True,1,3,5752,0.0011714575812220573,29.312734326963167,0.9804643392562866,0.13120678067207336,0.07020002603530884
fresh_ulong,0834e99f-94bc-4568-a7c2-f7022dade8e1,1,1,fresh_ulong_01_qp1_BASELINE,True,2,1,1513,0.0012327904114499688,29.091107521859403,0.9793398976325989,0.1283010095357895,0.06764686107635498
fresh_ulong,0834e99f-94bc-4568-a7c2-f7022dade8e1,1,1,fresh_ulong_01_qp1_BASELINE,True,3,2,857,0.001169408904388547,29.32033603578872,0.9805371165275574,0.12617579102516174,0.06930887699127197
fresh_ulong,0834e99f-94bc-4568-a7c2-f7022dade8e1,1,1,fresh_ulong_01_qp1_BASELINE,True,4,1,1200,0.0011371326399967074,29.441888743985594,0.9809640049934387,0.1229517012834549,0.06555426120758057
fresh_ulong,0834e99f-94bc-4568-a7c2-f7022dade8e1,1,1,fresh_ulong_01_qp1_BASELINE,True,5,2,913,0.0011079038958996534,29.554979104475315,0.9815737009048462,0.12041269242763519,0.06594675779342651
fresh_ulong,0834e99f-94bc-4568-a7c2-f7022dade8e1,1,1,fresh_ulong_01_qp1_BASELINE,True,6,1,720,0.0010444375220686197,29.811175342690163,0.9823004603385925,0.11954104155302048,0.06622397899627686
fresh_ulong,0834e99f-94bc-4568-a7c2-f7022dade8e1,1,1,fresh_ulong_01_qp1_BASELINE,True,7,2,631,0.001131068216636777,29.465112012500462,0.9811925292015076,0.11986355483531952,0.06356048583984375
fresh_ulong,0834e99f-94bc-4568-a7c2-f7022dade8e1,1,1,fresh_ulong_01_qp1_BASELINE,True,8,1,400,0.0011336591560393572,29.455175000302226,0.9810627698898315,0.1275867521762848,0.07064127922058105
fresh_ulong,0834e99f-94bc-4568-a7c2-f7022dade8e1,1,1,fresh_ulong_01_qp1_BASELINE,True,9,3,654,0.0012033896055072546,29.195937441243515,0.9802208542823792,0.12465304136276245,0.06637203693389893
fresh_ulong,0834e99f-94bc-4568-a7c2-f7022dade8e1,1,1,fresh_ulong_01_qp1_BASELINE,True,10,1,176,0.0011558558326214552,29.37096331141686,0.9807024002075195,0.1299760639667511,0.06928414106369019
fresh_ulong,0834e99f-94bc-4568-a7c2-f7022dade8e1,1,1,fresh_ulong_01_qp1_BASELINE,True,11,2,193,0.0012410110794007778,29.062243412239603,0.9796672463417053,0.13003960251808167,0.0713498592376709
fresh_ulong,0834e99f-94bc-4568-a7c2-f7022dade8e1,1,1,fresh_ulong_01_qp1_BASELINE,True,12,1,236,0.0011624725302681327,29.34617300884394,0.9806304574012756,0.1327497810125351,0.07196366786956787
fresh_ulong,0834e99f-94bc-4568-a7c2-f7022dade8e1,1,1,fresh_ulong_01_qp1_BASELINE,True,13,2,236,0.0013068793341517448,28.837645095359555,0.9785805344581604,0.1326875239610672,0.07210290431976318
fresh_ulong,0834e99f-94bc-4568-a7c2-f7022dade8e1,1,1,fresh_ulong_01_qp1_BASELINE,True,14,1,328,0.0012641248758882284,28.982100223903366,0.9788917899131775,0.13347649574279785,0.0716773271560669
fresh_ulong,0834e99f-94bc-4568-a7c2-f7022dade8e1,1,1,fresh_ulong_01_qp1_BASELINE,True,15,2,319,0.0014311826089397073,28.443049497516174,0.9764597415924072,0.13922218978405,0.0754433274269104
fresh_ulong,0834e99f-94bc-4568-a7c2-f7022dade8e1,1,1,fresh_ulong_01_qp1_BASELINE,True,16,1,671,0.0012130627874284983,29.16116719720382,0.9796522855758667,0.1310119330883026,0.07453930377960205
fresh_ulong,0834e99f-94bc-4568-a7c2-f7022dade8e1,1,1,fresh_ulong_01_qp1_BASELINE,True,17,3,1188,0.0012965183705091476,28.87221325285505,0.9785431027412415,0.12772640585899353,0.07052880525588989
fresh_ulong,0834e99f-94bc-4568-a7c2-f7022dade8e1,1,1,fresh_ulong_01_qp1_BASELINE,True,18,1,344,0.0012259786017239094,29.115171099434846,0.9790508151054382,0.1328078955411911,0.0754510760307312
fresh_ulong,0834e99f-94bc-4568-a7c2-f7022dade8e1,1,1,fresh_ulong_01_qp1_BASELINE,True,19,2,264,0.0014488424640148878,28.38978833803132,0.975736677646637,0.1432303786277771,0.08138412237167358
fresh_ulong,0834e99f-94bc-4568-a7c2-f7022dade8e1,1,1,fresh_ulong_01_qp1_BASELINE,True,20,1,1128,0.001239852630533278,29.066299322165445,0.9790369272232056,0.1331227570772171,0.07685184478759766
fresh_ulong,0834e99f-94bc-4568-a7c2-f7022dade8e1,1,1,fresh_ulong_01_qp1_BASELINE,True,21,2,707,0.0013372302055358887,28.73793822066456,0.977581799030304,0.13357508182525635,0.07770437002182007
fresh_ulong,0834e99f-94bc-4568-a7c2-f7022dade8e1,1,1,fresh_ulong_01_qp1_BASELINE,True,22,1,490,0.0012940270826220512,28.88056634246739,0.9778741002082825,0.13610747456550598,0.07776832580566406
fresh_ulong,0834e99f-94bc-4568-a7c2-f7022dade8e1,1,1,fresh_ulong_01_qp1_BASELINE,True,23,2,424,0.0014355628518387675,28.429777884623523,0.9755355715751648,0.14673066139221191,0.08523368835449219
fresh_ulong,0834e99f-94bc-4568-a7c2-f7022dade8e1,1,1,fresh_ulong_01_qp1_BASELINE,True,24,1,1145,0.0012692566961050034,28.964505367484254,0.9783929586410522,0.13537171483039856,0.07854253053665161
fresh_ulong,0834e99f-94bc-4568-a7c2-f7022dade8e1,1,1,fresh_ulong_01_qp1_BASELINE,True,25,3,1568,0.0012794160284101963,28.929882127817375,0.9785429239273071,0.13132713735103607,0.07830125093460083
fresh_ulong,0834e99f-94bc-4568-a7c2-f7022dade8e1,1,1,fresh_ulong_01_qp1_BASELINE,True,26,1,447,0.0011726522352546453,29.308307642723296,0.979884684085846,0.12984628975391388,0.0784335732460022
fresh_ulong,0834e99f-94bc-4568-a7c2-f7022dade8e1,1,1,fresh_ulong_01_qp1_BASELINE,True,27,2,310,0.0013078852789476514,28.834303484467874,0.9774835705757141,0.13604362308979034,0.07873982191085815
fresh_ulong,0834e99f-94bc-4568-a7c2-f7022dade8e1,1,1,fresh_ulong_01_qp1_BASELINE,True,28,1,1188,0.0011544812005013227,29.376131347130354,0.9798376560211182,0.12883293628692627,0.07868921756744385
fresh_ulong,0834e99f-94bc-4568-a7c2-f7022dade8e1,1,1,fresh_ulong_01_qp1_BASELINE,True,29,2,604,0.0012912135571241379,28.890019227139394,0.9781683683395386,0.13406240940093994,0.08135378360748291
fresh_ulong,0834e99f-94bc-4568-a7c2-f7022dade8e1,1,1,fresh_ulong_01_qp1_BASELINE,True,30,1,326,0.0012356583029031754,29.081016082762538,0.9786940217018127,0.1364261955022812,0.08520448207855225
fresh_ulong,0834e99f-94bc-4568-a7c2-f7022dade8e1,1,1,fresh_ulong_01_qp1_BASELINE,True,31,2,229,0.0012903399765491486,28.89295847463319,0.9777933359146118,0.13731315732002258,0.0871196985244751
fresh_ulong,0834e99f-94bc-4568-a7c2-f7022dade8e1,1,1,fresh_ulong_01_qp1_BASELINE,True,32,1,1334,0.0011085246223956347,29.55254655953377,0.9805948734283447,0.12899287045001984,0.08022868633270264
fresh_ulong,0834e99f-94bc-4568-a7c2-f7022dade8e1,1,1,fresh_ulong_01_qp1_BASELINE,True,33,3,1047,0.001231697271578014,29.094960206121062,0.9793136715888977,0.12662816047668457,0.07784432172775269
fresh_ulong,0834e99f-94bc-4568-a7c2-f7022dade8e1,1,1,fresh_ulong_01_qp1_BASELINE,True,34,1,258,0.0011399962240830064,29.430965871395188,0.9802069664001465,0.12816807627677917,0.07942402362823486
fresh_ulong,0834e99f-94bc-4568-a7c2-f7022dade8e1,1,1,fresh_ulong_01_qp1_BASELINE,True,35,2,179,0.0012962239561602473,28.873199563961673,0.9778715968132019,0.1409958451986313,0.0871436595916748
fresh_ulong,0834e99f-94bc-4568-a7c2-f7022dade8e1,1,1,fresh_ulong_01_qp1_BASELINE,True,36,1,1278,0.0011142092989757657,29.530332213235244,0.9806579947471619,0.1295562982559204,0.08001148700714111
fresh_ulong,0834e99f-94bc-4568-a7c2-f7022dade8e1,1,1,fresh_ulong_01_qp1_BASELINE,True,37,2,441,0.0012680892832577229,28.968501676994865,0.9786913394927979,0.1329469531774521,0.08032047748565674
fresh_ulong,0834e99f-94bc-4568-a7c2-f7022dade8e1,1,1,fresh_ulong_01_qp1_BASELINE,True,38,1,273,0.0011726472293958068,29.30832618207747,0.9798484444618225,0.13176071643829346,0.07985162734985352
fresh_ulong,0834e99f-94bc-4568-a7c2-f7022dade8e1,1,1,fresh_ulong_01_qp1_BASELINE,True,39,2,185,0.0012729481095448136,28.95189299565251,0.9783874750137329,0.1386163979768753,0.08224701881408691
fresh_ulong,0834e99f-94bc-4568-a7c2-f7022dade8e1,1,1,fresh_ulong_01_qp1_BASELINE,True,40,1,1248,0.001138900639489293,29.435141631937668,0.9804636240005493,0.1312885284423828,0.0774267315864563
fresh_ulong,0834e99f-94bc-4568-a7c2-f7022dade8e1,1,1,fresh_ulong_01_qp1_BASELINE,True,41,3,767,0.001248916843906045,29.034664771062516,0.9792258739471436,0.13114051520824432,0.07923394441604614
fresh_ulong,0834e99f-94bc-4568-a7c2-f7022dade8e1,1,1,fresh_ulong_01_qp1_BASELINE,True,42,1,285,0.0011522617423906922,29.38448857402186,0.9802097678184509,0.12781499326229095,0.07691138982772827
fresh_ulong,0834e99f-94bc-4568-a7c2-f7022dade8e1,1,1,fresh_ulong_01_qp1_BASELINE,True,43,2,197,0.0012847826583310962,28.911703340220726,0.9782888889312744,0.13150359690189362,0.07712721824645996
fresh_ulong,0834e99f-94bc-4568-a7c2-f7022dade8e1,1,1,fresh_ulong_01_qp1_BASELINE,True,44,1,1302,0.0011060243705287576,29.562353035290112,0.980922281742096,0.12394439429044724,0.07359391450881958
fresh_ulong,0834e99f-94bc-4568-a7c2-f7022dade8e1,1,1,fresh_ulong_01_qp1_BASELINE,True,45,2,704,0.0012582377530634403,29.002372880739603,0.9787595868110657,0.1289397031068802,0.07887810468673706
fresh_ulong,0834e99f-94bc-4568-a7c2-f7022dade8e1,1,1,fresh_ulong_01_qp1_BASELINE,True,46,1,346,0.0011515440419316292,29.38719447363575,0.9800382852554321,0.128644660115242,0.07945895195007324
fresh_ulong,0834e99f-94bc-4568-a7c2-f7022dade8e1,1,1,fresh_ulong_01_qp1_BASELINE,True,47,2,347,0.001264331629499793,28.981389972786722,0.9779223799705505,0.1324407458305359,0.07900869846343994
fresh_ulong,0834e99f-94bc-4568-a7c2-f7022dade8e1,1,1,fresh_ulong_01_qp1_BASELINE,True,48,1,1142,0.0011669178493320942,29.32959717080227,0.9793089628219604,0.12843118607997894,0.0764228105545044
fresh_ulong,0834e99f-94bc-4568-a7c2-f7022dade8e1,1,1,fresh_ulong_01_qp1_BASELINE,True,49,3,1711,0.0012153158895671368,29.15310823905179,0.9790634512901306,0.12377998977899551,0.07576644420623779
fresh_ulong,0834e99f-94bc-4568-a7c2-f7022dade8e1,1,1,fresh_ulong_01_qp1_BASELINE,True,50,1,253,0.0011227090144529939,29.49732790303812,0.9799973368644714,0.12932272255420685,0.0783504843711853
fresh_ulong,0834e99f-94bc-4568-a7c2-f7022dade8e1,1,1,fresh_ulong_01_qp1_BASELINE,True,51,2,328,0.0012644983362406492,28.98081737740676,0.9774345755577087,0.13316436111927032,0.08194196224212646
fresh_ulong,0834e99f-94bc-4568-a7c2-f7022dade8e1,1,1,fresh_ulong_01_qp1_BASELINE,True,52,1,1547,0.0010852864943444729,29.64455601457063,0.980153501033783,0.1257631629705429,0.07768917083740234
fresh_ulong,0834e99f-94bc-4568-a7c2-f7022dade8e1,1,1,fresh_ulong_01_qp1_BASELINE,True,53,2,877,0.0012638421030715108,28.98307180838581,0.9777470827102661,0.13587144017219543,0.08129572868347168
fresh_ulong,0834e99f-94bc-4568-a7c2-f7022dade8e1,1,1,fresh_ulong_01_qp1_BASELINE,True,54,1,250,0.0011759609915316105,29.296070842492924,0.9788283109664917,0.13249875605106354,0.07822006940841675
fresh_ulong,0834e99f-94bc-4568-a7c2-f7022dade8e1,1,1,fresh_ulong_01_qp1_BASELINE,True,55,2,189,0.0012779131066054106,28.934986756023093,0.9770475029945374,0.13824643194675446,0.08210575580596924
fresh_ulong,0834e99f-94bc-4568-a7c2-f7022dade8e1,1,1,fresh_ulong_01_qp1_BASELINE,True,56,1,1294,0.0011090799234807491,29.55037156216962,0.979985237121582,0.12790581583976746,0.07883155345916748
fresh_ulong,0834e99f-94bc-4568-a7c2-f7022dade8e1,1,1,fresh_ulong_01_qp1_BASELINE,True,57,3,1116,0.00121847924310714,29.141818646580116,0.9784808158874512,0.12999793887138367,0.07961428165435791
fresh_ulong,0834e99f-94bc-4568-a7c2-f7022dade8e1,1,1,fresh_ulong_01_qp1_BASELINE,True,58,1,208,0.0011298924218863249,29.469629041318257,0.9792442917823792,0.1284758597612381,0.0798799991607666
fresh_ulong,0834e99f-94bc-4568-a7c2-f7022dade8e1,1,1,fresh_ulong_01_qp1_BASELINE,True,59,2,167,0.0012397293467074633,29.06673118113034,0.9775047302246094,0.1336030662059784,0.08335018157958984
fresh_ulong,0834e99f-94bc-4568-a7c2-f7022dade8e1,1,1,fresh_ulong_01_qp1_BASELINE,True,60,1,1562,0.0011073935311287642,29.556980177604114,0.9796637296676636,0.1303131878376007,0.07819724082946777
fresh_ulong,0834e99f-94bc-4568-a7c2-f7022dade8e1,1,1,fresh_ulong_01_qp1_BASELINE,True,61,2,529,0.0012304442934691906,29.09938043551248,0.9779987335205078,0.1333179771900177,0.08050453662872314
fresh_ulong,0834e99f-94bc-4568-a7c2-f7022dade8e1,1,1,fresh_ulong_01_qp1_BASELINE,True,62,1,238,0.0011393595486879349,29.433392036027644,0.9789464473724365,0.132195383310318,0.07857942581176758
fresh_ulong,0834e99f-94bc-4568-a7c2-f7022dade8e1,1,1,fresh_ulong_01_qp1_BASELINE,True,63,2,233,0.0012575344881042838,29.004800955062354,0.9768757820129395,0.13891957700252533,0.08350670337677002
fresh_ulong,0834e99f-94bc-4568-a7c2-f7022dade8e1,1,1,fresh_ulong_01_qp1_T11931,False,0,1,5076,0.0015977397561073303,27.964939582452626,0.9731715321540833,0.1798853576183319,0.08330947160720825
fresh_ulong,0834e99f-94bc-4568-a7c2-f7022dade8e1,1,1,fresh_ulong_01_qp1_T11931,False,1,3,5754,0.0011709026293829083,29.31479218744835,0.9804723858833313,0.13118723034858704,0.07017910480499268
fresh_ulong,0834e99f-94bc-4568-a7c2-f7022dade8e1,1,1,fresh_ulong_01_qp1_T11931,False,2,1,1514,0.0012315878411754966,29.095346073106178,0.9793592095375061,0.12825432419776917,0.06769746541976929
fresh_ulong,0834e99f-94bc-4568-a7c2-f7022dade8e1,1,1,fresh_ulong_01_qp1_T11931,False,3,2,860,0.0011685388162732124,29.32356856730656,0.9805482625961304,0.12611925601959229,0.06934750080108643
fresh_ulong,0834e99f-94bc-4568-a7c2-f7022dade8e1,1,1,fresh_ulong_01_qp1_T11931,False,4,1,1200,0.0011342837242409587,29.452782995347047,0.9810080528259277,0.1226561889052391,0.06548070907592773
fresh_ulong,0834e99f-94bc-4568-a7c2-f7022dade8e1,1,1,fresh_ulong_01_qp1_T11931,False,5,2,900,0.0011034695198759437,29.572396584538488,0.981634795665741,0.12018318474292755,0.06648564338684082
fresh_ulong,0834e99f-94bc-4568-a7c2-f7022dade8e1,1,1,fresh_ulong_01_qp1_T11931,False,6,1,716,0.0010460386984050274,29.804522483627423,0.982273280620575,0.11956245452165604,0.06726729869842529
fresh_ulong,0834e99f-94bc-4568-a7c2-f7022dade8e1,1,1,fresh_ulong_01_qp1_T11931,False,7,2,630,0.0011323754442855716,29.460095569393122,0.9811552166938782,0.11977513879537582,0.06381732225418091
fresh_ulong,0834e99f-94bc-4568-a7c2-f7022dade8e1,1,1,fresh_ulong_01_qp1_T11931,False,8,1,398,0.0011367693077772856,29.44327660663719,0.9810056090354919,0.12727391719818115,0.0714259147644043
fresh_ulong,0834e99f-94bc-4568-a7c2-f7022dade8e1,1,1,fresh_ulong_01_qp1_T11931,False,9,3,633,0.001204623025842011,29.19148839737119,0.9802133440971375,0.12494754046201706,0.06642061471939087
fresh_ulong,0834e99f-94bc-4568-a7c2-f7022dade8e1,1,1,fresh_ulong_01_qp1_T11931,False,10,1,174,0.0011501215631142259,29.392562540815632,0.9808080792427063,0.13011296093463898,0.06962865591049194
fresh_ulong,0834e99f-94bc-4568-a7c2-f7022dade8e1,1,1,fresh_ulong_01_qp1_T11931,False,11,2,187,0.0012381556443870068,29.072247581837228,0.979756236076355,0.13040488958358765,0.07116007804870605
fresh_ulong,0834e99f-94bc-4568-a7c2-f7022dade8e1,1,1,fresh_ulong_01_qp1_T11931,False,12,1,247,0.0011768831172958016,29.292666671770256,0.9804452657699585,0.13306958973407745,0.07328402996063232
fresh_ulong,0834e99f-94bc-4568-a7c2-f7022dade8e1,1,1,fresh_ulong_01_qp1_T11931,False,13,2,245,0.001320111914537847,28.793892492441962,0.9783881306648254,0.13330772519111633,0.07403719425201416
fresh_ulong,0834e99f-94bc-4568-a7c2-f7022dade8e1,1,1,fresh_ulong_01_qp1_T11931,False,14,1,336,0.00126771186478436,28.96979444998447,0.9788699746131897,0.13396070897579193,0.07255572080612183
fresh_ulong,0834e99f-94bc-4568-a7c2-f7022dade8e1,1,1,fresh_ulong_01_qp1_T11931,False,15,2,338,0.0014013389591127634,28.53456803852474,0.9768359661102295,0.13933396339416504,0.07886195182800293
fresh_ulong,0834e99f-94bc-4568-a7c2-f7022dade8e1,1,1,fresh_ulong_01_qp1_T11931,False,16,1,687,0.0012495007831603289,29.032634673309662,0.9790487885475159,0.13221381604671478,0.07881498336791992
fresh_ulong,0834e99f-94bc-4568-a7c2-f7022dade8e1,1,1,fresh_ulong_01_qp1_T11931,False,17,3,1139,0.001314309542067349,28.81302339053275,0.9782875776290894,0.12780286371707916,0.07500463724136353
fresh_ulong,0834e99f-94bc-4568-a7c2-f7022dade8e1,1,1,fresh_ulong_01_qp1_T11931,False,18,1,315,0.0012621661880984902,28.988834582278997,0.9784649610519409,0.13208898901939392,0.0793573260307312
fresh_ulong,0834e99f-94bc-4568-a7c2-f7022dade8e1,1,1,fresh_ulong_01_qp1_T11931,False,19,2,266,0.0014671203680336475,28.33534253553904,0.9753852486610413,0.14283841848373413,0.08569824695587158
fresh_ulong,0834e99f-94bc-4568-a7c2-f7022dade8e1,1,1,fresh_ulong_01_qp1_T11931,False,20,1,1215,0.0012396951206028461,29.066851081603772,0.9790394306182861,0.13217075169086456,0.07925629615783691
fresh_ulong,0834e99f-94bc-4568-a7c2-f7022dade8e1,1,1,fresh_ulong_01_qp1_T11931,False,21,2,732,0.0013470472767949104,28.706171617448355,0.9774339199066162,0.13203400373458862,0.08025038242340088
fresh_ulong,0834e99f-94bc-4568-a7c2-f7022dade8e1,1,1,fresh_ulong_01_qp1_T11931,False,22,1,434,0.0012925484916195273,28.88553154812175,0.9778016805648804,0.13530349731445312,0.07953530550003052
fresh_ulong,0834e99f-94bc-4568-a7c2-f7022dade8e1,1,1,fresh_ulong_01_qp1_T11931,False,23,2,382,0.0014395734760910273,28.41766163751152,0.9754340052604675,0.14532074332237244,0.0872301459312439
fresh_ulong,0834e99f-94bc-4568-a7c2-f7022dade8e1,1,1,fresh_ulong_01_qp1_T11931,False,24,1,1152,0.0012566547375172377,29.007840271571276,0.9784896373748779,0.13545095920562744,0.08044296503067017
fresh_ulong,0834e99f-94bc-4568-a7c2-f7022dade8e1,1,1,fresh_ulong_01_qp1_T11931,False,25,3,1626,0.0012792625930160284,28.930402991551784,0.9785295724868774,0.13083571195602417,0.07830613851547241
fresh_ulong,0834e99f-94bc-4568-a7c2-f7022dade8e1,1,1,fresh_ulong_01_qp1_T11931,False,26,1,362,0.0011759055778384209,29.29627549577974,0.9797077178955078,0.1304558366537094,0.07827407121658325
fresh_ulong,0834e99f-94bc-4568-a7c2-f7022dade8e1,1,1,fresh_ulong_01_qp1_T11931,False,27,2,287,0.001305349636822939,28.842731473255228,0.9774061441421509,0.1358088254928589,0.07604217529296875
fresh_ulong,0834e99f-94bc-4568-a7c2-f7022dade8e1,1,1,fresh_ulong_01_qp1_T11931,False,28,1,1275,0.0011602852027863264,29.354352463142988,0.9797468185424805,0.12830843031406403,0.07433277368545532
fresh_ulong,0834e99f-94bc-4568-a7c2-f7022dade8e1,1,1,fresh_ulong_01_qp1_T11931,False,29,2,646,0.0012820332776755095,28.921007017101235,0.9782645106315613,0.1324463039636612,0.0772739052772522
fresh_ulong,0834e99f-94bc-4568-a7c2-f7022dade8e1,1,1,fresh_ulong_01_qp1_T11931,False,30,1,239,0.0012283973628655076,29.106611245752628,0.9787071347236633,0.13640794157981873,0.08118176460266113
fresh_ulong,0834e99f-94bc-4568-a7c2-f7022dade8e1,1,1,fresh_ulong_01_qp1_T11931,False,31,2,228,0.0012716591591015458,28.956292763897558,0.9780079126358032,0.13732630014419556,0.08185791969299316
fresh_ulong,0834e99f-94bc-4568-a7c2-f7022dade8e1,1,1,fresh_ulong_01_qp1_T11931,False,32,1,1491,0.0010998044162988663,29.586845407276282,0.9807534217834473,0.12657925486564636,0.07612884044647217
fresh_ulong,0834e99f-94bc-4568-a7c2-f7022dade8e1,1,1,fresh_ulong_01_qp1_T11931,False,33,3,1094,0.0012348961317911744,29.08369569762194,0.9792429208755493,0.12624821066856384,0.07426899671554565
fresh_ulong,0834e99f-94bc-4568-a7c2-f7022dade8e1,1,1,fresh_ulong_01_qp1_T11931,False,34,1,178,0.0011306252563372254,29.466813173321377,0.9803227186203003,0.12742917239665985,0.07662039995193481
fresh_ulong,0834e99f-94bc-4568-a7c2-f7022dade8e1,1,1,fresh_ulong_01_qp1_T11931,False,35,2,179,0.0012791585177183151,28.93075632922035,0.9780548214912415,0.13925543427467346,0.08324861526489258
fresh_ulong,0834e99f-94bc-4568-a7c2-f7022dade8e1,1,1,fresh_ulong_01_qp1_T11931,False,36,1,1334,0.0011135913664475083,29.532741447582445,0.9807053208351135,0.12840032577514648,0.07929223775863647
fresh_ulong,0834e99f-94bc-4568-a7c2-f7022dade8e1,1,1,fresh_ulong_01_qp1_T11931,False,37,2,484,0.0012701015220955014,28.96161563513575,0.9787736535072327,0.1307571828365326,0.07792598009109497
fresh_ulong,0834e99f-94bc-4568-a7c2-f7022dade8e1,1,1,fresh_ulong_01_qp1_T11931,False,38,1,217,0.0011759508633986115,29.296108246890235,0.9798400402069092,0.13132552802562714,0.07930350303649902
fresh_ulong,0834e99f-94bc-4568-a7c2-f7022dade8e1,1,1,fresh_ulong_01_qp1_T11931,False,39,2,176,0.0012752527836710215,28.94403719800975,0.9784052968025208,0.1376553475856781,0.08285266160964966
fresh_ulong,0834e99f-94bc-4568-a7c2-f7022dade8e1,1,1,fresh_ulong_01_qp1_T11931,False,40,1,1320,0.0011427691206336021,29.420415034307183,0.9803846478462219,0.13045528531074524,0.07452613115310669
fresh_ulong,0834e99f-94bc-4568-a7c2-f7022dade8e1,1,1,fresh_ulong_01_qp1_T11931,False,41,3,801,0.0012452935334295034,29.04728267103918,0.9793088436126709,0.1296483874320984,0.0738409161567688
fresh_ulong,0834e99f-94bc-4568-a7c2-f7022dade8e1,1,1,fresh_ulong_01_qp1_T11931,False,42,1,208,0.00113041908480227,29.467605189281223,0.9805682301521301,0.1275443285703659,0.07254129648208618
fresh_ulong,0834e99f-94bc-4568-a7c2-f7022dade8e1,1,1,fresh_ulong_01_qp1_T11931,False,43,2,193,0.0012916431296616793,28.88857461749221,0.9781264662742615,0.13083986937999725,0.07430398464202881
fresh_ulong,0834e99f-94bc-4568-a7c2-f7022dade8e1,1,1,fresh_ulong_01_qp1_T11931,False,44,1,1350,0.0011090993648394942,29.550295434195036,0.980820894241333,0.12342742085456848,0.07411319017410278
fresh_ulong,0834e99f-94bc-4568-a7c2-f7022dade8e1,1,1,fresh_ulong_01_qp1_T11931,False,45,2,735,0.001235880539752543,29.080235061352305,0.9790826439857483,0.12848244607448578,0.07865500450134277
fresh_ulong,0834e99f-94bc-4568-a7c2-f7022dade8e1,1,1,fresh_ulong_01_qp1_T11931,False,46,1,264,0.0011634102556854486,29.342671121312843,0.9798601269721985,0.1286185383796692,0.08048224449157715
fresh_ulong,0834e99f-94bc-4568-a7c2-f7022dade8e1,1,1,fresh_ulong_01_qp1_T11931,False,47,2,329,0.001276324037462473,28.94039051464261,0.9776234030723572,0.13385117053985596,0.07845950126647949
fresh_ulong,0834e99f-94bc-4568-a7c2-f7022dade8e1,1,1,fresh_ulong_01_qp1_T11931,False,48,1,1347,0.0011580920545384288,29.362569179927682,0.9795184135437012,0.12739652395248413,0.08063733577728271
fresh_ulong,0834e99f-94bc-4568-a7c2-f7022dade8e1,1,1,fresh_ulong_01_qp1_T11931,False,49,3,1779,0.0012078842846676707,29.179746691399018,0.9792963266372681,0.1226234957575798,0.07623112201690674
fresh_ulong,0834e99f-94bc-4568-a7c2-f7022dade8e1,1,1,fresh_ulong_01_qp1_T11931,False,50,1,185,0.0011159764835610986,29.523449569820027,0.9800985455513,0.12856987118721008,0.079745352268219
fresh_ulong,0834e99f-94bc-4568-a7c2-f7022dade8e1,1,1,fresh_ulong_01_qp1_T11931,False,51,2,308,0.0012238716008141637,29.122641426340053,0.9781100749969482,0.13200965523719788,0.0845038890838623
fresh_ulong,0834e99f-94bc-4568-a7c2-f7022dade8e1,1,1,fresh_ulong_01_qp1_T11931,False,52,1,1612,0.0010574816260486841,29.75727169839437,0.9807642698287964,0.12326233088970184,0.07813966274261475
fresh_ulong,0834e99f-94bc-4568-a7c2-f7022dade8e1,1,1,fresh_ulong_01_qp1_T11931,False,53,2,897,0.0012266000267118216,29.11297030190841,0.9785188436508179,0.1325184553861618,0.07990849018096924
fresh_ulong,0834e99f-94bc-4568-a7c2-f7022dade8e1,1,1,fresh_ulong_01_qp1_T11931,False,54,1,161,0.0011340075870975852,29.453840397785687,0.9795247316360474,0.1299833059310913,0.07565903663635254
fresh_ulong,0834e99f-94bc-4568-a7c2-f7022dade8e1,1,1,fresh_ulong_01_qp1_T11931,False,55,2,153,0.0012477372074499726,29.038768740864576,0.9775541424751282,0.13545796275138855,0.07819759845733643
fresh_ulong,0834e99f-94bc-4568-a7c2-f7022dade8e1,1,1,fresh_ulong_01_qp1_T11931,False,56,1,1365,0.0010825502686202526,29.65551927882212,0.9804421067237854,0.125602126121521,0.07653206586837769
fresh_ulong,0834e99f-94bc-4568-a7c2-f7022dade8e1,1,1,fresh_ulong_01_qp1_T11931,False,57,3,1120,0.0011884949635714293,29.25002654320968,0.9790464043617249,0.12787242233753204,0.07731544971466064
fresh_ulong,0834e99f-94bc-4568-a7c2-f7022dade8e1,1,1,fresh_ulong_01_qp1_T11931,False,58,1,121,0.0010850835824385285,29.645368074433264,0.9800911545753479,0.1268710494041443,0.07762616872787476
fresh_ulong,0834e99f-94bc-4568-a7c2-f7022dade8e1,1,1,fresh_ulong_01_qp1_T11931,False,59,2,153,0.0012574091088026762,29.005233978999314,0.9772058725357056,0.13265931606292725,0.0792703628540039
fresh_ulong,0834e99f-94bc-4568-a7c2-f7022dade8e1,1,1,fresh_ulong_01_qp1_T11931,False,60,1,1660,0.0011069504544138908,29.558718171124127,0.9796741008758545,0.12859098613262177,0.07799690961837769
fresh_ulong,0834e99f-94bc-4568-a7c2-f7022dade8e1,1,1,fresh_ulong_01_qp1_T11931,False,61,2,537,0.0012395819649100304,29.067247510815392,0.9779218435287476,0.13069717586040497,0.07964050769805908
fresh_ulong,0834e99f-94bc-4568-a7c2-f7022dade8e1,1,1,fresh_ulong_01_qp1_T11931,False,62,1,148,0.0011535166995599866,29.379761137789913,0.9786775708198547,0.1305209994316101,0.07952886819839478
fresh_ulong,0834e99f-94bc-4568-a7c2-f7022dade8e1,1,1,fresh_ulong_01_qp1_T11931,False,63,2,224,0.001288555795326829,28.89896771464704,0.9763961434364319,0.13756200671195984,0.08531129360198975
fresh_ulong,0834e99f-94bc-4568-a7c2-f7022dade8e1,1,1,fresh_ulong_01_qp1_T11962,False,0,1,5076,0.0015977397561073303,27.964939582452626,0.9731715321540833,0.1798853576183319,0.08330947160720825
fresh_ulong,0834e99f-94bc-4568-a7c2-f7022dade8e1,1,1,fresh_ulong_01_qp1_T11962,False,1,3,5754,0.0011709026293829083,29.31479218744835,0.9804723858833313,0.13118723034858704,0.07017910480499268
fresh_ulong,0834e99f-94bc-4568-a7c2-f7022dade8e1,1,1,fresh_ulong_01_qp1_T11962,False,2,1,1514,0.0012315878411754966,29.095346073106178,0.9793592095375061,0.12825432419776917,0.06769746541976929
fresh_ulong,0834e99f-94bc-4568-a7c2-f7022dade8e1,1,1,fresh_ulong_01_qp1_T11962,False,3,2,860,0.0011685388162732124,29.32356856730656,0.9805482625961304,0.12611925601959229,0.06934750080108643
fresh_ulong,0834e99f-94bc-4568-a7c2-f7022dade8e1,1,1,fresh_ulong_01_qp1_T11962,False,4,1,1200,0.0011342837242409587,29.452782995347047,0.9810080528259277,0.1226561889052391,0.06548070907592773
fresh_ulong,0834e99f-94bc-4568-a7c2-f7022dade8e1,1,1,fresh_ulong_01_qp1_T11962,False,5,2,900,0.0011034695198759437,29.572396584538488,0.981634795665741,0.12018318474292755,0.06648564338684082
fresh_ulong,0834e99f-94bc-4568-a7c2-f7022dade8e1,1,1,fresh_ulong_01_qp1_T11962,False,6,1,716,0.0010460386984050274,29.804522483627423,0.982273280620575,0.11956245452165604,0.06726729869842529
fresh_ulong,0834e99f-94bc-4568-a7c2-f7022dade8e1,1,1,fresh_ulong_01_qp1_T11962,False,7,2,630,0.0011323754442855716,29.460095569393122,0.9811552166938782,0.11977513879537582,0.06381732225418091
fresh_ulong,0834e99f-94bc-4568-a7c2-f7022dade8e1,1,1,fresh_ulong_01_qp1_T11962,False,8,1,398,0.0011367693077772856,29.44327660663719,0.9810056090354919,0.12727391719818115,0.0714259147644043
fresh_ulong,0834e99f-94bc-4568-a7c2-f7022dade8e1,1,1,fresh_ulong_01_qp1_T11962,False,9,3,633,0.001204623025842011,29.19148839737119,0.9802133440971375,0.12494754046201706,0.06642061471939087
fresh_ulong,0834e99f-94bc-4568-a7c2-f7022dade8e1,1,1,fresh_ulong_01_qp1_T11962,False,10,1,174,0.0011501215631142259,29.392562540815632,0.9808080792427063,0.13011296093463898,0.06962865591049194
fresh_ulong,0834e99f-94bc-4568-a7c2-f7022dade8e1,1,1,fresh_ulong_01_qp1_T11962,False,11,2,187,0.0012381556443870068,29.072247581837228,0.979756236076355,0.13040488958358765,0.07116007804870605
fresh_ulong,0834e99f-94bc-4568-a7c2-f7022dade8e1,1,1,fresh_ulong_01_qp1_T11962,False,12,1,247,0.0011768831172958016,29.292666671770256,0.9804452657699585,0.13306958973407745,0.07328402996063232
fresh_ulong,0834e99f-94bc-4568-a7c2-f7022dade8e1,1,1,fresh_ulong_01_qp1_T11962,False,13,2,245,0.001320111914537847,28.793892492441962,0.9783881306648254,0.13330772519111633,0.07403719425201416
fresh_ulong,0834e99f-94bc-4568-a7c2-f7022dade8e1,1,1,fresh_ulong_01_qp1_T11962,False,14,1,336,0.00126771186478436,28.96979444998447,0.9788699746131897,0.13396070897579193,0.07255572080612183
fresh_ulong,0834e99f-94bc-4568-a7c2-f7022dade8e1,1,1,fresh_ulong_01_qp1_T11962,False,15,2,338,0.0014013389591127634,28.53456803852474,0.9768359661102295,0.13933396339416504,0.07886195182800293
fresh_ulong,0834e99f-94bc-4568-a7c2-f7022dade8e1,1,1,fresh_ulong_01_qp1_T11962,False,16,1,687,0.0012495007831603289,29.032634673309662,0.9790487885475159,0.13221381604671478,0.07881498336791992
fresh_ulong,0834e99f-94bc-4568-a7c2-f7022dade8e1,1,1,fresh_ulong_01_qp1_T11962,False,17,3,1139,0.001314309542067349,28.81302339053275,0.9782875776290894,0.12780286371707916,0.07500463724136353
fresh_ulong,0834e99f-94bc-4568-a7c2-f7022dade8e1,1,1,fresh_ulong_01_qp1_T11962,False,18,1,315,0.0012621661880984902,28.988834582278997,0.9784649610519409,0.13208898901939392,0.0793573260307312
fresh_ulong,0834e99f-94bc-4568-a7c2-f7022dade8e1,1,1,fresh_ulong_01_qp1_T11962,False,19,2,266,0.0014671203680336475,28.33534253553904,0.9753852486610413,0.14283841848373413,0.08569824695587158
fresh_ulong,0834e99f-94bc-4568-a7c2-f7022dade8e1,1,1,fresh_ulong_01_qp1_T11962,False,20,1,1215,0.0012396951206028461,29.066851081603772,0.9790394306182861,0.13217075169086456,0.07925629615783691
fresh_ulong,0834e99f-94bc-4568-a7c2-f7022dade8e1,1,1,fresh_ulong_01_qp1_T11962,False,21,2,732,0.0013470472767949104,28.706171617448355,0.9774339199066162,0.13203400373458862,0.08025038242340088
fresh_ulong,0834e99f-94bc-4568-a7c2-f7022dade8e1,1,1,fresh_ulong_01_qp1_T11962,False,22,1,434,0.0012925484916195273,28.88553154812175,0.9778016805648804,0.13530349731445312,0.07953530550003052
fresh_ulong,0834e99f-94bc-4568-a7c2-f7022dade8e1,1,1,fresh_ulong_01_qp1_T11962,False,23,2,382,0.0014395734760910273,28.41766163751152,0.9754340052604675,0.14532074332237244,0.0872301459312439
fresh_ulong,0834e99f-94bc-4568-a7c2-f7022dade8e1,1,1,fresh_ulong_01_qp1_T11962,False,24,1,1152,0.0012566547375172377,29.007840271571276,0.9784896373748779,0.13545095920562744,0.08044296503067017
fresh_ulong,0834e99f-94bc-4568-a7c2-f7022dade8e1,1,1,fresh_ulong_01_qp1_T11962,False,25,3,1626,0.0012792625930160284,28.930402991551784,0.9785295724868774,0.13083571195602417,0.07830613851547241
fresh_ulong,0834e99f-94bc-4568-a7c2-f7022dade8e1,1,1,fresh_ulong_01_qp1_T11962,False,26,1,362,0.0011759055778384209,29.29627549577974,0.9797077178955078,0.1304558366537094,0.07827407121658325
fresh_ulong,0834e99f-94bc-4568-a7c2-f7022dade8e1,1,1,fresh_ulong_01_qp1_T11962,False,27,2,287,0.001305349636822939,28.842731473255228,0.9774061441421509,0.1358088254928589,0.07604217529296875
fresh_ulong,0834e99f-94bc-4568-a7c2-f7022dade8e1,1,1,fresh_ulong_01_qp1_T11962,False,28,1,1275,0.0011602852027863264,29.354352463142988,0.9797468185424805,0.12830843031406403,0.07433277368545532
fresh_ulong,0834e99f-94bc-4568-a7c2-f7022dade8e1,1,1,fresh_ulong_01_qp1_T11962,False,29,2,646,0.0012820332776755095,28.921007017101235,0.9782645106315613,0.1324463039636612,0.0772739052772522
fresh_ulong,0834e99f-94bc-4568-a7c2-f7022dade8e1,1,1,fresh_ulong_01_qp1_T11962,False,30,1,239,0.0012283973628655076,29.106611245752628,0.9787071347236633,0.13640794157981873,0.08118176460266113
fresh_ulong,0834e99f-94bc-4568-a7c2-f7022dade8e1,1,1,fresh_ulong_01_qp1_T11962,False,31,2,228,0.0012716591591015458,28.956292763897558,0.9780079126358032,0.13732630014419556,0.08185791969299316
fresh_ulong,0834e99f-94bc-4568-a7c2-f7022dade8e1,1,1,fresh_ulong_01_qp1_T11962,False,32,1,1491,0.0010998044162988663,29.586845407276282,0.9807534217834473,0.12657925486564636,0.07612884044647217
fresh_ulong,0834e99f-94bc-4568-a7c2-f7022dade8e1,1,1,fresh_ulong_01_qp1_T11962,False,33,3,1094,0.0012348961317911744,29.08369569762194,0.9792429208755493,0.12624821066856384,0.07426899671554565
fresh_ulong,0834e99f-94bc-4568-a7c2-f7022dade8e1,1,1,fresh_ulong_01_qp1_T11962,False,34,1,178,0.0011306252563372254,29.466813173321377,0.9803227186203003,0.12742917239665985,0.07662039995193481
fresh_ulong,0834e99f-94bc-4568-a7c2-f7022dade8e1,1,1,fresh_ulong_01_qp1_T11962,False,35,2,179,0.0012791585177183151,28.93075632922035,0.9780548214912415,0.13925543427467346,0.08324861526489258
fresh_ulong,0834e99f-94bc-4568-a7c2-f7022dade8e1,1,1,fresh_ulong_01_qp1_T11962,False,36,1,1334,0.0011135913664475083,29.532741447582445,0.9807053208351135,0.12840032577514648,0.07929223775863647
fresh_ulong,0834e99f-94bc-4568-a7c2-f7022dade8e1,1,1,fresh_ulong_01_qp1_T11962,False,37,2,484,0.0012701015220955014,28.96161563513575,0.9787736535072327,0.1307571828365326,0.07792598009109497
fresh_ulong,0834e99f-94bc-4568-a7c2-f7022dade8e1,1,1,fresh_ulong_01_qp1_T11962,False,38,1,217,0.0011759508633986115,29.296108246890235,0.9798400402069092,0.13132552802562714,0.07930350303649902
fresh_ulong,0834e99f-94bc-4568-a7c2-f7022dade8e1,1,1,fresh_ulong_01_qp1_T11962,False,39,2,176,0.0012752527836710215,28.94403719800975,0.9784052968025208,0.1376553475856781,0.08285266160964966
fresh_ulong,0834e99f-94bc-4568-a7c2-f7022dade8e1,1,1,fresh_ulong_01_qp1_T11962,False,40,1,1320,0.0011427691206336021,29.420415034307183,0.9803846478462219,0.13045528531074524,0.07452613115310669
fresh_ulong,0834e99f-94bc-4568-a7c2-f7022dade8e1,1,1,fresh_ulong_01_qp1_T11962,False,41,3,801,0.0012452935334295034,29.04728267103918,0.9793088436126709,0.1296483874320984,0.0738409161567688
fresh_ulong,0834e99f-94bc-4568-a7c2-f7022dade8e1,1,1,fresh_ulong_01_qp1_T11962,False,42,1,208,0.00113041908480227,29.467605189281223,0.9805682301521301,0.1275443285703659,0.07254129648208618
fresh_ulong,0834e99f-94bc-4568-a7c2-f7022dade8e1,1,1,fresh_ulong_01_qp1_T11962,False,43,2,193,0.0012916431296616793,28.88857461749221,0.9781264662742615,0.13083986937999725,0.07430398464202881
fresh_ulong,0834e99f-94bc-4568-a7c2-f7022dade8e1,1,1,fresh_ulong_01_qp1_T11962,False,44,1,1350,0.0011090993648394942,29.550295434195036,0.980820894241333,0.12342742085456848,0.07411319017410278
fresh_ulong,0834e99f-94bc-4568-a7c2-f7022dade8e1,1,1,fresh_ulong_01_qp1_T11962,False,45,2,735,0.001235880539752543,29.080235061352305,0.9790826439857483,0.12848244607448578,0.07865500450134277
fresh_ulong,0834e99f-94bc-4568-a7c2-f7022dade8e1,1,1,fresh_ulong_01_qp1_T11962,False,46,1,264,0.0011634102556854486,29.342671121312843,0.9798601269721985,0.1286185383796692,0.08048224449157715
fresh_ulong,0834e99f-94bc-4568-a7c2-f7022dade8e1,1,1,fresh_ulong_01_qp1_T11962,False,47,2,329,0.001276324037462473,28.94039051464261,0.9776234030723572,0.13385117053985596,0.07845950126647949
fresh_ulong,0834e99f-94bc-4568-a7c2-f7022dade8e1,1,1,fresh_ulong_01_qp1_T11962,False,48,1,1347,0.0011580920545384288,29.362569179927682,0.9795184135437012,0.12739652395248413,0.08063733577728271
fresh_ulong,0834e99f-94bc-4568-a7c2-f7022dade8e1,1,1,fresh_ulong_01_qp1_T11962,False,49,3,1779,0.0012078842846676707,29.179746691399018,0.9792963266372681,0.1226234957575798,0.07623112201690674
fresh_ulong,0834e99f-94bc-4568-a7c2-f7022dade8e1,1,1,fresh_ulong_01_qp1_T11962,False,50,1,185,0.0011159764835610986,29.523449569820027,0.9800985455513,0.12856987118721008,0.079745352268219
fresh_ulong,0834e99f-94bc-4568-a7c2-f7022dade8e1,1,1,fresh_ulong_01_qp1_T11962,False,51,2,308,0.0012238716008141637,29.122641426340053,0.9781100749969482,0.13200965523719788,0.0845038890838623
fresh_ulong,0834e99f-94bc-4568-a7c2-f7022dade8e1,1,1,fresh_ulong_01_qp1_T11962,False,52,1,1612,0.0010574816260486841,29.75727169839437,0.9807642698287964,0.12326233088970184,0.07813966274261475
fresh_ulong,0834e99f-94bc-4568-a7c2-f7022dade8e1,1,1,fresh_ulong_01_qp1_T11962,False,53,2,897,0.0012266000267118216,29.11297030190841,0.9785188436508179,0.1325184553861618,0.07990849018096924
fresh_ulong,0834e99f-94bc-4568-a7c2-f7022dade8e1,1,1,fresh_ulong_01_qp1_T11962,False,54,1,161,0.0011340075870975852,29.453840397785687,0.9795247316360474,0.1299833059310913,0.07565903663635254
fresh_ulong,0834e99f-94bc-4568-a7c2-f7022dade8e1,1,1,fresh_ulong_01_qp1_T11962,False,55,2,153,0.0012477372074499726,29.038768740864576,0.9775541424751282,0.13545796275138855,0.07819759845733643
fresh_ulong,0834e99f-94bc-4568-a7c2-f7022dade8e1,1,1,fresh_ulong_01_qp1_T11962,False,56,1,1365,0.0010825502686202526,29.65551927882212,0.9804421067237854,0.125602126121521,0.07653206586837769
fresh_ulong,0834e99f-94bc-4568-a7c2-f7022dade8e1,1,1,fresh_ulong_01_qp1_T11962,False,57,3,1120,0.0011884949635714293,29.25002654320968,0.9790464043617249,0.12787242233753204,0.07731544971466064
fresh_ulong,0834e99f-94bc-4568-a7c2-f7022dade8e1,1,1,fresh_ulong_01_qp1_T11962,False,58,1,121,0.0010850835824385285,29.645368074433264,0.9800911545753479,0.1268710494041443,0.07762616872787476
fresh_ulong,0834e99f-94bc-4568-a7c2-f7022dade8e1,1,1,fresh_ulong_01_qp1_T11962,False,59,2,153,0.0012574091088026762,29.005233978999314,0.9772058725357056,0.13265931606292725,0.0792703628540039
fresh_ulong,0834e99f-94bc-4568-a7c2-f7022dade8e1,1,1,fresh_ulong_01_qp1_T11962,False,60,1,1660,0.0011069504544138908,29.558718171124127,0.9796741008758545,0.12859098613262177,0.07799690961837769
fresh_ulong,0834e99f-94bc-4568-a7c2-f7022dade8e1,1,1,fresh_ulong_01_qp1_T11962,False,61,2,537,0.0012395819649100304,29.067247510815392,0.9779218435287476,0.13069717586040497,0.07964050769805908
fresh_ulong,0834e99f-94bc-4568-a7c2-f7022dade8e1,1,1,fresh_ulong_01_qp1_T11962,False,62,1,148,0.0011535166995599866,29.379761137789913,0.9786775708198547,0.1305209994316101,0.07952886819839478
fresh_ulong,0834e99f-94bc-4568-a7c2-f7022dade8e1,1,1,fresh_ulong_01_qp1_T11962,False,63,2,224,0.001288555795326829,28.89896771464704,0.9763961434364319,0.13756200671195984,0.08531129360198975
fresh_ulong,0834e99f-94bc-4568-a7c2-f7022dade8e1,1,1,fresh_ulong_01_qp1_T11993,False,0,1,5076,0.0015977397561073303,27.964939582452626,0.9731715321540833,0.1798853576183319,0.08330947160720825
fresh_ulong,0834e99f-94bc-4568-a7c2-f7022dade8e1,1,1,fresh_ulong_01_qp1_T11993,False,1,3,5754,0.0011709026293829083,29.31479218744835,0.9804723858833313,0.13118723034858704,0.07017910480499268
fresh_ulong,0834e99f-94bc-4568-a7c2-f7022dade8e1,1,1,fresh_ulong_01_qp1_T11993,False,2,1,1514,0.0012315878411754966,29.095346073106178,0.9793592095375061,0.12825432419776917,0.06769746541976929
fresh_ulong,0834e99f-94bc-4568-a7c2-f7022dade8e1,1,1,fresh_ulong_01_qp1_T11993,False,3,2,860,0.0011685388162732124,29.32356856730656,0.9805482625961304,0.12611925601959229,0.06934750080108643
fresh_ulong,0834e99f-94bc-4568-a7c2-f7022dade8e1,1,1,fresh_ulong_01_qp1_T11993,False,4,1,1200,0.0011342837242409587,29.452782995347047,0.9810080528259277,0.1226561889052391,0.06548070907592773
fresh_ulong,0834e99f-94bc-4568-a7c2-f7022dade8e1,1,1,fresh_ulong_01_qp1_T11993,False,5,2,900,0.0011034695198759437,29.572396584538488,0.981634795665741,0.12018318474292755,0.06648564338684082
fresh_ulong,0834e99f-94bc-4568-a7c2-f7022dade8e1,1,1,fresh_ulong_01_qp1_T11993,False,6,1,716,0.0010460386984050274,29.804522483627423,0.982273280620575,0.11956245452165604,0.06726729869842529
fresh_ulong,0834e99f-94bc-4568-a7c2-f7022dade8e1,1,1,fresh_ulong_01_qp1_T11993,False,7,2,630,0.0011323754442855716,29.460095569393122,0.9811552166938782,0.11977513879537582,0.06381732225418091
fresh_ulong,0834e99f-94bc-4568-a7c2-f7022dade8e1,1,1,fresh_ulong_01_qp1_T11993,False,8,1,398,0.0011367693077772856,29.44327660663719,0.9810056090354919,0.12727391719818115,0.0714259147644043
fresh_ulong,0834e99f-94bc-4568-a7c2-f7022dade8e1,1,1,fresh_ulong_01_qp1_T11993,False,9,3,633,0.001204623025842011,29.19148839737119,0.9802133440971375,0.12494754046201706,0.06642061471939087
fresh_ulong,0834e99f-94bc-4568-a7c2-f7022dade8e1,1,1,fresh_ulong_01_qp1_T11993,False,10,1,174,0.0011501215631142259,29.392562540815632,0.9808080792427063,0.13011296093463898,0.06962865591049194
fresh_ulong,0834e99f-94bc-4568-a7c2-f7022dade8e1,1,1,fresh_ulong_01_qp1_T11993,False,11,2,187,0.0012381556443870068,29.072247581837228,0.979756236076355,0.13040488958358765,0.07116007804870605
fresh_ulong,0834e99f-94bc-4568-a7c2-f7022dade8e1,1,1,fresh_ulong_01_qp1_T11993,False,12,1,247,0.0011768831172958016,29.292666671770256,0.9804452657699585,0.13306958973407745,0.07328402996063232
fresh_ulong,0834e99f-94bc-4568-a7c2-f7022dade8e1,1,1,fresh_ulong_01_qp1_T11993,False,13,2,245,0.001320111914537847,28.793892492441962,0.9783881306648254,0.13330772519111633,0.07403719425201416
fresh_ulong,0834e99f-94bc-4568-a7c2-f7022dade8e1,1,1,fresh_ulong_01_qp1_T11993,False,14,1,336,0.00126771186478436,28.96979444998447,0.9788699746131897,0.13396070897579193,0.07255572080612183
fresh_ulong,0834e99f-94bc-4568-a7c2-f7022dade8e1,1,1,fresh_ulong_01_qp1_T11993,False,15,2,338,0.0014013389591127634,28.53456803852474,0.9768359661102295,0.13933396339416504,0.07886195182800293
fresh_ulong,0834e99f-94bc-4568-a7c2-f7022dade8e1,1,1,fresh_ulong_01_qp1_T11993,False,16,1,687,0.0012495007831603289,29.032634673309662,0.9790487885475159,0.13221381604671478,0.07881498336791992
fresh_ulong,0834e99f-94bc-4568-a7c2-f7022dade8e1,1,1,fresh_ulong_01_qp1_T11993,False,17,3,1139,0.001314309542067349,28.81302339053275,0.9782875776290894,0.12780286371707916,0.07500463724136353
fresh_ulong,0834e99f-94bc-4568-a7c2-f7022dade8e1,1,1,fresh_ulong_01_qp1_T11993,False,18,1,315,0.0012621661880984902,28.988834582278997,0.9784649610519409,0.13208898901939392,0.0793573260307312
fresh_ulong,0834e99f-94bc-4568-a7c2-f7022dade8e1,1,1,fresh_ulong_01_qp1_T11993,False,19,2,266,0.0014671203680336475,28.33534253553904,0.9753852486610413,0.14283841848373413,0.08569824695587158
fresh_ulong,0834e99f-94bc-4568-a7c2-f7022dade8e1,1,1,fresh_ulong_01_qp1_T11993,False,20,1,1215,0.0012396951206028461,29.066851081603772,0.9790394306182861,0.13217075169086456,0.07925629615783691
fresh_ulong,0834e99f-94bc-4568-a7c2-f7022dade8e1,1,1,fresh_ulong_01_qp1_T11993,False,21,2,732,0.0013470472767949104,28.706171617448355,0.9774339199066162,0.13203400373458862,0.08025038242340088
fresh_ulong,0834e99f-94bc-4568-a7c2-f7022dade8e1,1,1,fresh_ulong_01_qp1_T11993,False,22,1,434,0.0012925484916195273,28.88553154812175,0.9778016805648804,0.13530349731445312,0.07953530550003052
fresh_ulong,0834e99f-94bc-4568-a7c2-f7022dade8e1,1,1,fresh_ulong_01_qp1_T11993,False,23,2,382,0.0014395734760910273,28.41766163751152,0.9754340052604675,0.14532074332237244,0.0872301459312439
fresh_ulong,0834e99f-94bc-4568-a7c2-f7022dade8e1,1,1,fresh_ulong_01_qp1_T11993,False,24,1,1152,0.0012566547375172377,29.007840271571276,0.9784896373748779,0.13545095920562744,0.08044296503067017
fresh_ulong,0834e99f-94bc-4568-a7c2-f7022dade8e1,1,1,fresh_ulong_01_qp1_T11993,False,25,3,1626,0.0012792625930160284,28.930402991551784,0.9785295724868774,0.13083571195602417,0.07830613851547241
fresh_ulong,0834e99f-94bc-4568-a7c2-f7022dade8e1,1,1,fresh_ulong_01_qp1_T11993,False,26,1,362,0.0011759055778384209,29.29627549577974,0.9797077178955078,0.1304558366537094,0.07827407121658325
fresh_ulong,0834e99f-94bc-4568-a7c2-f7022dade8e1,1,1,fresh_ulong_01_qp1_T11993,False,27,2,287,0.001305349636822939,28.842731473255228,0.9774061441421509,0.1358088254928589,0.07604217529296875
fresh_ulong,0834e99f-94bc-4568-a7c2-f7022dade8e1,1,1,fresh_ulong_01_qp1_T11993,False,28,1,1275,0.0011602852027863264,29.354352463142988,0.9797468185424805,0.12830843031406403,0.07433277368545532
fresh_ulong,0834e99f-94bc-4568-a7c2-f7022dade8e1,1,1,fresh_ulong_01_qp1_T11993,False,29,2,646,0.0012820332776755095,28.921007017101235,0.9782645106315613,0.1324463039636612,0.0772739052772522
fresh_ulong,0834e99f-94bc-4568-a7c2-f7022dade8e1,1,1,fresh_ulong_01_qp1_T11993,False,30,1,239,0.0012283973628655076,29.106611245752628,0.9787071347236633,0.13640794157981873,0.08118176460266113
fresh_ulong,0834e99f-94bc-4568-a7c2-f7022dade8e1,1,1,fresh_ulong_01_qp1_T11993,False,31,2,228,0.0012716591591015458,28.956292763897558,0.9780079126358032,0.13732630014419556,0.08185791969299316
fresh_ulong,0834e99f-94bc-4568-a7c2-f7022dade8e1,1,1,fresh_ulong_01_qp1_T11993,False,32,1,1491,0.0010998044162988663,29.586845407276282,0.9807534217834473,0.12657925486564636,0.07612884044647217
fresh_ulong,0834e99f-94bc-4568-a7c2-f7022dade8e1,1,1,fresh_ulong_01_qp1_T11993,False,33,3,1094,0.0012348961317911744,29.08369569762194,0.9792429208755493,0.12624821066856384,0.07426899671554565
fresh_ulong,0834e99f-94bc-4568-a7c2-f7022dade8e1,1,1,fresh_ulong_01_qp1_T11993,False,34,1,178,0.0011306252563372254,29.466813173321377,0.9803227186203003,0.12742917239665985,0.07662039995193481
fresh_ulong,0834e99f-94bc-4568-a7c2-f7022dade8e1,1,1,fresh_ulong_01_qp1_T11993,False,35,2,179,0.0012791585177183151,28.93075632922035,0.9780548214912415,0.13925543427467346,0.08324861526489258
fresh_ulong,0834e99f-94bc-4568-a7c2-f7022dade8e1,1,1,fresh_ulong_01_qp1_T11993,False,36,1,1334,0.0011135913664475083,29.532741447582445,0.9807053208351135,0.12840032577514648,0.07929223775863647
fresh_ulong,0834e99f-94bc-4568-a7c2-f7022dade8e1,1,1,fresh_ulong_01_qp1_T11993,False,37,2,484,0.0012701015220955014,28.96161563513575,0.9787736535072327,0.1307571828365326,0.07792598009109497
fresh_ulong,0834e99f-94bc-4568-a7c2-f7022dade8e1,1,1,fresh_ulong_01_qp1_T11993,False,38,1,217,0.0011759508633986115,29.296108246890235,0.9798400402069092,0.13132552802562714,0.07930350303649902
fresh_ulong,0834e99f-94bc-4568-a7c2-f7022dade8e1,1,1,fresh_ulong_01_qp1_T11993,False,39,2,176,0.0012752527836710215,28.94403719800975,0.9784052968025208,0.1376553475856781,0.08285266160964966
fresh_ulong,0834e99f-94bc-4568-a7c2-f7022dade8e1,1,1,fresh_ulong_01_qp1_T11993,False,40,1,1320,0.0011427691206336021,29.420415034307183,0.9803846478462219,0.13045528531074524,0.07452613115310669
fresh_ulong,0834e99f-94bc-4568-a7c2-f7022dade8e1,1,1,fresh_ulong_01_qp1_T11993,False,41,3,801,0.0012452935334295034,29.04728267103918,0.9793088436126709,0.1296483874320984,0.0738409161567688
fresh_ulong,0834e99f-94bc-4568-a7c2-f7022dade8e1,1,1,fresh_ulong_01_qp1_T11993,False,42,1,208,0.00113041908480227,29.467605189281223,0.9805682301521301,0.1275443285703659,0.07254129648208618
fresh_ulong,0834e99f-94bc-4568-a7c2-f7022dade8e1,1,1,fresh_ulong_01_qp1_T11993,False,43,2,193,0.0012916431296616793,28.88857461749221,0.9781264662742615,0.13083986937999725,0.07430398464202881
fresh_ulong,0834e99f-94bc-4568-a7c2-f7022dade8e1,1,1,fresh_ulong_01_qp1_T11993,False,44,1,1350,0.0011090993648394942,29.550295434195036,0.980820894241333,0.12342742085456848,0.07411319017410278
fresh_ulong,0834e99f-94bc-4568-a7c2-f7022dade8e1,1,1,fresh_ulong_01_qp1_T11993,False,45,2,735,0.001235880539752543,29.080235061352305,0.9790826439857483,0.12848244607448578,0.07865500450134277
fresh_ulong,0834e99f-94bc-4568-a7c2-f7022dade8e1,1,1,fresh_ulong_01_qp1_T11993,False,46,1,264,0.0011634102556854486,29.342671121312843,0.9798601269721985,0.1286185383796692,0.08048224449157715
fresh_ulong,0834e99f-94bc-4568-a7c2-f7022dade8e1,1,1,fresh_ulong_01_qp1_T11993,False,47,2,329,0.001276324037462473,28.94039051464261,0.9776234030723572,0.13385117053985596,0.07845950126647949
fresh_ulong,0834e99f-94bc-4568-a7c2-f7022dade8e1,1,1,fresh_ulong_01_qp1_T11993,False,48,1,1347,0.0011580920545384288,29.362569179927682,0.9795184135437012,0.12739652395248413,0.08063733577728271
fresh_ulong,0834e99f-94bc-4568-a7c2-f7022dade8e1,1,1,fresh_ulong_01_qp1_T11993,False,49,3,1779,0.0012078842846676707,29.179746691399018,0.9792963266372681,0.1226234957575798,0.07623112201690674
fresh_ulong,0834e99f-94bc-4568-a7c2-f7022dade8e1,1,1,fresh_ulong_01_qp1_T11993,False,50,1,185,0.0011159764835610986,29.523449569820027,0.9800985455513,0.12856987118721008,0.079745352268219
fresh_ulong,0834e99f-94bc-4568-a7c2-f7022dade8e1,1,1,fresh_ulong_01_qp1_T11993,False,51,2,308,0.0012238716008141637,29.122641426340053,0.9781100749969482,0.13200965523719788,0.0845038890838623
fresh_ulong,0834e99f-94bc-4568-a7c2-f7022dade8e1,1,1,fresh_ulong_01_qp1_T11993,False,52,1,1612,0.0010574816260486841,29.75727169839437,0.9807642698287964,0.12326233088970184,0.07813966274261475
fresh_ulong,0834e99f-94bc-4568-a7c2-f7022dade8e1,1,1,fresh_ulong_01_qp1_T11993,False,53,2,897,0.0012266000267118216,29.11297030190841,0.9785188436508179,0.1325184553861618,0.07990849018096924
fresh_ulong,0834e99f-94bc-4568-a7c2-f7022dade8e1,1,1,fresh_ulong_01_qp1_T11993,False,54,1,161,0.0011340075870975852,29.453840397785687,0.9795247316360474,0.1299833059310913,0.07565903663635254
fresh_ulong,0834e99f-94bc-4568-a7c2-f7022dade8e1,1,1,fresh_ulong_01_qp1_T11993,False,55,2,153,0.0012477372074499726,29.038768740864576,0.9775541424751282,0.13545796275138855,0.07819759845733643
fresh_ulong,0834e99f-94bc-4568-a7c2-f7022dade8e1,1,1,fresh_ulong_01_qp1_T11993,False,56,1,1365,0.0010825502686202526,29.65551927882212,0.9804421067237854,0.125602126121521,0.07653206586837769
fresh_ulong,0834e99f-94bc-4568-a7c2-f7022dade8e1,1,1,fresh_ulong_01_qp1_T11993,False,57,3,1120,0.0011884949635714293,29.25002654320968,0.9790464043617249,0.12787242233753204,0.07731544971466064
fresh_ulong,0834e99f-94bc-4568-a7c2-f7022dade8e1,1,1,fresh_ulong_01_qp1_T11993,False,58,1,121,0.0010850835824385285,29.645368074433264,0.9800911545753479,0.1268710494041443,0.07762616872787476
fresh_ulong,0834e99f-94bc-4568-a7c2-f7022dade8e1,1,1,fresh_ulong_01_qp1_T11993,False,59,2,153,0.0012574091088026762,29.005233978999314,0.9772058725357056,0.13265931606292725,0.0792703628540039
fresh_ulong,0834e99f-94bc-4568-a7c2-f7022dade8e1,1,1,fresh_ulong_01_qp1_T11993,False,60,1,1660,0.0011069504544138908,29.558718171124127,0.9796741008758545,0.12859098613262177,0.07799690961837769
fresh_ulong,0834e99f-94bc-4568-a7c2-f7022dade8e1,1,1,fresh_ulong_01_qp1_T11993,False,61,2,537,0.0012395819649100304,29.067247510815392,0.9779218435287476,0.13069717586040497,0.07964050769805908
fresh_ulong,0834e99f-94bc-4568-a7c2-f7022dade8e1,1,1,fresh_ulong_01_qp1_T11993,False,62,1,148,0.0011535166995599866,29.379761137789913,0.9786775708198547,0.1305209994316101,0.07952886819839478
fresh_ulong,0834e99f-94bc-4568-a7c2-f7022dade8e1,1,1,fresh_ulong_01_qp1_T11993,False,63,2,224,0.001288555795326829,28.89896771464704,0.9763961434364319,0.13756200671195984,0.08531129360198975
fresh_ulong,0834e99f-94bc-4568-a7c2-f7022dade8e1,1,1,fresh_ulong_01_qp1_T12024,False,0,1,5076,0.0015977397561073303,27.964939582452626,0.9731715321540833,0.1798853576183319,0.08330947160720825
fresh_ulong,0834e99f-94bc-4568-a7c2-f7022dade8e1,1,1,fresh_ulong_01_qp1_T12024,False,1,3,5754,0.0011709026293829083,29.31479218744835,0.9804723858833313,0.13118723034858704,0.07017910480499268
fresh_ulong,0834e99f-94bc-4568-a7c2-f7022dade8e1,1,1,fresh_ulong_01_qp1_T12024,False,2,1,1514,0.0012315878411754966,29.095346073106178,0.9793592095375061,0.12825432419776917,0.06769746541976929
fresh_ulong,0834e99f-94bc-4568-a7c2-f7022dade8e1,1,1,fresh_ulong_01_qp1_T12024,False,3,2,860,0.0011685388162732124,29.32356856730656,0.9805482625961304,0.12611925601959229,0.06934750080108643
fresh_ulong,0834e99f-94bc-4568-a7c2-f7022dade8e1,1,1,fresh_ulong_01_qp1_T12024,False,4,1,1200,0.0011342837242409587,29.452782995347047,0.9810080528259277,0.1226561889052391,0.06548070907592773
fresh_ulong,0834e99f-94bc-4568-a7c2-f7022dade8e1,1,1,fresh_ulong_01_qp1_T12024,False,5,2,900,0.0011034695198759437,29.572396584538488,0.981634795665741,0.12018318474292755,0.06648564338684082
fresh_ulong,0834e99f-94bc-4568-a7c2-f7022dade8e1,1,1,fresh_ulong_01_qp1_T12024,False,6,1,716,0.0010460386984050274,29.804522483627423,0.982273280620575,0.11956245452165604,0.06726729869842529
fresh_ulong,0834e99f-94bc-4568-a7c2-f7022dade8e1,1,1,fresh_ulong_01_qp1_T12024,False,7,2,630,0.0011323754442855716,29.460095569393122,0.9811552166938782,0.11977513879537582,0.06381732225418091
fresh_ulong,0834e99f-94bc-4568-a7c2-f7022dade8e1,1,1,fresh_ulong_01_qp1_T12024,False,8,1,398,0.0011367693077772856,29.44327660663719,0.9810056090354919,0.12727391719818115,0.0714259147644043
fresh_ulong,0834e99f-94bc-4568-a7c2-f7022dade8e1,1,1,fresh_ulong_01_qp1_T12024,False,9,3,633,0.001204623025842011,29.19148839737119,0.9802133440971375,0.12494754046201706,0.06642061471939087
fresh_ulong,0834e99f-94bc-4568-a7c2-f7022dade8e1,1,1,fresh_ulong_01_qp1_T12024,False,10,1,174,0.0011501215631142259,29.392562540815632,0.9808080792427063,0.13011296093463898,0.06962865591049194
fresh_ulong,0834e99f-94bc-4568-a7c2-f7022dade8e1,1,1,fresh_ulong_01_qp1_T12024,False,11,2,187,0.0012381556443870068,29.072247581837228,0.979756236076355,0.13040488958358765,0.07116007804870605
fresh_ulong,0834e99f-94bc-4568-a7c2-f7022dade8e1,1,1,fresh_ulong_01_qp1_T12024,False,12,1,247,0.0011768831172958016,29.292666671770256,0.9804452657699585,0.13306958973407745,0.07328402996063232
fresh_ulong,0834e99f-94bc-4568-a7c2-f7022dade8e1,1,1,fresh_ulong_01_qp1_T12024,False,13,2,245,0.001320111914537847,28.793892492441962,0.9783881306648254,0.13330772519111633,0.07403719425201416
fresh_ulong,0834e99f-94bc-4568-a7c2-f7022dade8e1,1,1,fresh_ulong_01_qp1_T12024,False,14,1,336,0.00126771186478436,28.96979444998447,0.9788699746131897,0.13396070897579193,0.07255572080612183
fresh_ulong,0834e99f-94bc-4568-a7c2-f7022dade8e1,1,1,fresh_ulong_01_qp1_T12024,False,15,2,338,0.0014013389591127634,28.53456803852474,0.9768359661102295,0.13933396339416504,0.07886195182800293
fresh_ulong,0834e99f-94bc-4568-a7c2-f7022dade8e1,1,1,fresh_ulong_01_qp1_T12024,False,16,1,687,0.0012495007831603289,29.032634673309662,0.9790487885475159,0.13221381604671478,0.07881498336791992
fresh_ulong,0834e99f-94bc-4568-a7c2-f7022dade8e1,1,1,fresh_ulong_01_qp1_T12024,False,17,3,1139,0.001314309542067349,28.81302339053275,0.9782875776290894,0.12780286371707916,0.07500463724136353
fresh_ulong,0834e99f-94bc-4568-a7c2-f7022dade8e1,1,1,fresh_ulong_01_qp1_T12024,False,18,1,315,0.0012621661880984902,28.988834582278997,0.9784649610519409,0.13208898901939392,0.0793573260307312
fresh_ulong,0834e99f-94bc-4568-a7c2-f7022dade8e1,1,1,fresh_ulong_01_qp1_T12024,False,19,2,266,0.0014671203680336475,28.33534253553904,0.9753852486610413,0.14283841848373413,0.08569824695587158
fresh_ulong,0834e99f-94bc-4568-a7c2-f7022dade8e1,1,1,fresh_ulong_01_qp1_T12024,False,20,1,1215,0.0012396951206028461,29.066851081603772,0.9790394306182861,0.13217075169086456,0.07925629615783691
fresh_ulong,0834e99f-94bc-4568-a7c2-f7022dade8e1,1,1,fresh_ulong_01_qp1_T12024,False,21,2,732,0.0013470472767949104,28.706171617448355,0.9774339199066162,0.13203400373458862,0.08025038242340088
fresh_ulong,0834e99f-94bc-4568-a7c2-f7022dade8e1,1,1,fresh_ulong_01_qp1_T12024,False,22,1,434,0.0012925484916195273,28.88553154812175,0.9778016805648804,0.13530349731445312,0.07953530550003052
fresh_ulong,0834e99f-94bc-4568-a7c2-f7022dade8e1,1,1,fresh_ulong_01_qp1_T12024,False,23,2,382,0.0014395734760910273,28.41766163751152,0.9754340052604675,0.14532074332237244,0.0872301459312439
fresh_ulong,0834e99f-94bc-4568-a7c2-f7022dade8e1,1,1,fresh_ulong_01_qp1_T12024,False,24,1,1152,0.0012566547375172377,29.007840271571276,0.9784896373748779,0.13545095920562744,0.08044296503067017
fresh_ulong,0834e99f-94bc-4568-a7c2-f7022dade8e1,1,1,fresh_ulong_01_qp1_T12024,False,25,3,1626,0.0012792625930160284,28.930402991551784,0.9785295724868774,0.13083571195602417,0.07830613851547241
fresh_ulong,0834e99f-94bc-4568-a7c2-f7022dade8e1,1,1,fresh_ulong_01_qp1_T12024,False,26,1,362,0.0011759055778384209,29.29627549577974,0.9797077178955078,0.1304558366537094,0.07827407121658325
fresh_ulong,0834e99f-94bc-4568-a7c2-f7022dade8e1,1,1,fresh_ulong_01_qp1_T12024,False,27,2,287,0.001305349636822939,28.842731473255228,0.9774061441421509,0.1358088254928589,0.07604217529296875
fresh_ulong,0834e99f-94bc-4568-a7c2-f7022dade8e1,1,1,fresh_ulong_01_qp1_T12024,False,28,1,1275,0.0011602852027863264,29.354352463142988,0.9797468185424805,0.12830843031406403,0.07433277368545532
fresh_ulong,0834e99f-94bc-4568-a7c2-f7022dade8e1,1,1,fresh_ulong_01_qp1_T12024,False,29,2,646,0.0012820332776755095,28.921007017101235,0.9782645106315613,0.1324463039636612,0.0772739052772522
fresh_ulong,0834e99f-94bc-4568-a7c2-f7022dade8e1,1,1,fresh_ulong_01_qp1_T12024,False,30,1,239,0.0012283973628655076,29.106611245752628,0.9787071347236633,0.13640794157981873,0.08118176460266113
fresh_ulong,0834e99f-94bc-4568-a7c2-f7022dade8e1,1,1,fresh_ulong_01_qp1_T12024,False,31,2,228,0.0012716591591015458,28.956292763897558,0.9780079126358032,0.13732630014419556,0.08185791969299316
fresh_ulong,0834e99f-94bc-4568-a7c2-f7022dade8e1,1,1,fresh_ulong_01_qp1_T12024,False,32,1,1491,0.0010998044162988663,29.586845407276282,0.9807534217834473,0.12657925486564636,0.07612884044647217
fresh_ulong,0834e99f-94bc-4568-a7c2-f7022dade8e1,1,1,fresh_ulong_01_qp1_T12024,False,33,3,1094,0.0012348961317911744,29.08369569762194,0.9792429208755493,0.12624821066856384,0.07426899671554565
fresh_ulong,0834e99f-94bc-4568-a7c2-f7022dade8e1,1,1,fresh_ulong_01_qp1_T12024,False,34,1,178,0.0011306252563372254,29.466813173321377,0.9803227186203003,0.12742917239665985,0.07662039995193481
fresh_ulong,0834e99f-94bc-4568-a7c2-f7022dade8e1,1,1,fresh_ulong_01_qp1_T12024,False,35,2,179,0.0012791585177183151,28.93075632922035,0.9780548214912415,0.13925543427467346,0.08324861526489258
fresh_ulong,0834e99f-94bc-4568-a7c2-f7022dade8e1,1,1,fresh_ulong_01_qp1_T12024,False,36,1,1334,0.0011135913664475083,29.532741447582445,0.9807053208351135,0.12840032577514648,0.07929223775863647
fresh_ulong,0834e99f-94bc-4568-a7c2-f7022dade8e1,1,1,fresh_ulong_01_qp1_T12024,False,37,2,484,0.0012701015220955014,28.96161563513575,0.9787736535072327,0.1307571828365326,0.07792598009109497
fresh_ulong,0834e99f-94bc-4568-a7c2-f7022dade8e1,1,1,fresh_ulong_01_qp1_T12024,False,38,1,217,0.0011759508633986115,29.296108246890235,0.9798400402069092,0.13132552802562714,0.07930350303649902
fresh_ulong,0834e99f-94bc-4568-a7c2-f7022dade8e1,1,1,fresh_ulong_01_qp1_T12024,False,39,2,176,0.0012752527836710215,28.94403719800975,0.9784052968025208,0.1376553475856781,0.08285266160964966
fresh_ulong,0834e99f-94bc-4568-a7c2-f7022dade8e1,1,1,fresh_ulong_01_qp1_T12024,False,40,1,1320,0.0011427691206336021,29.420415034307183,0.9803846478462219,0.13045528531074524,0.07452613115310669
fresh_ulong,0834e99f-94bc-4568-a7c2-f7022dade8e1,1,1,fresh_ulong_01_qp1_T12024,False,41,3,801,0.0012452935334295034,29.04728267103918,0.9793088436126709,0.1296483874320984,0.0738409161567688
fresh_ulong,0834e99f-94bc-4568-a7c2-f7022dade8e1,1,1,fresh_ulong_01_qp1_T12024,False,42,1,208,0.00113041908480227,29.467605189281223,0.9805682301521301,0.1275443285703659,0.07254129648208618
fresh_ulong,0834e99f-94bc-4568-a7c2-f7022dade8e1,1,1,fresh_ulong_01_qp1_T12024,False,43,2,193,0.0012916431296616793,28.88857461749221,0.9781264662742615,0.13083986937999725,0.07430398464202881
fresh_ulong,0834e99f-94bc-4568-a7c2-f7022dade8e1,1,1,fresh_ulong_01_qp1_T12024,False,44,1,1350,0.0011090993648394942,29.550295434195036,0.980820894241333,0.12342742085456848,0.07411319017410278
fresh_ulong,0834e99f-94bc-4568-a7c2-f7022dade8e1,1,1,fresh_ulong_01_qp1_T12024,False,45,2,735,0.001235880539752543,29.080235061352305,0.9790826439857483,0.12848244607448578,0.07865500450134277
fresh_ulong,0834e99f-94bc-4568-a7c2-f7022dade8e1,1,1,fresh_ulong_01_qp1_T12024,False,46,1,264,0.0011634102556854486,29.342671121312843,0.9798601269721985,0.1286185383796692,0.08048224449157715
fresh_ulong,0834e99f-94bc-4568-a7c2-f7022dade8e1,1,1,fresh_ulong_01_qp1_T12024,False,47,2,329,0.001276324037462473,28.94039051464261,0.9776234030723572,0.13385117053985596,0.07845950126647949
fresh_ulong,0834e99f-94bc-4568-a7c2-f7022dade8e1,1,1,fresh_ulong_01_qp1_T12024,False,48,1,1347,0.0011580920545384288,29.362569179927682,0.9795184135437012,0.12739652395248413,0.08063733577728271
fresh_ulong,0834e99f-94bc-4568-a7c2-f7022dade8e1,1,1,fresh_ulong_01_qp1_T12024,False,49,3,1779,0.0012078842846676707,29.179746691399018,0.9792963266372681,0.1226234957575798,0.07623112201690674
fresh_ulong,0834e99f-94bc-4568-a7c2-f7022dade8e1,1,1,fresh_ulong_01_qp1_T12024,False,50,1,185,0.0011159764835610986,29.523449569820027,0.9800985455513,0.12856987118721008,0.079745352268219
fresh_ulong,0834e99f-94bc-4568-a7c2-f7022dade8e1,1,1,fresh_ulong_01_qp1_T12024,False,51,2,308,0.0012238716008141637,29.122641426340053,0.9781100749969482,0.13200965523719788,0.0845038890838623
fresh_ulong,0834e99f-94bc-4568-a7c2-f7022dade8e1,1,1,fresh_ulong_01_qp1_T12024,False,52,1,1612,0.0010574816260486841,29.75727169839437,0.9807642698287964,0.12326233088970184,0.07813966274261475
fresh_ulong,0834e99f-94bc-4568-a7c2-f7022dade8e1,1,1,fresh_ulong_01_qp1_T12024,False,53,2,897,0.0012266000267118216,29.11297030190841,0.9785188436508179,0.1325184553861618,0.07990849018096924
fresh_ulong,0834e99f-94bc-4568-a7c2-f7022dade8e1,1,1,fresh_ulong_01_qp1_T12024,False,54,1,161,0.0011340075870975852,29.453840397785687,0.9795247316360474,0.1299833059310913,0.07565903663635254
fresh_ulong,0834e99f-94bc-4568-a7c2-f7022dade8e1,1,1,fresh_ulong_01_qp1_T12024,False,55,2,153,0.0012477372074499726,29.038768740864576,0.9775541424751282,0.13545796275138855,0.07819759845733643
fresh_ulong,0834e99f-94bc-4568-a7c2-f7022dade8e1,1,1,fresh_ulong_01_qp1_T12024,False,56,1,1365,0.0010825502686202526,29.65551927882212,0.9804421067237854,0.125602126121521,0.07653206586837769
fresh_ulong,0834e99f-94bc-4568-a7c2-f7022dade8e1,1,1,fresh_ulong_01_qp1_T12024,False,57,3,1120,0.0011884949635714293,29.25002654320968,0.9790464043617249,0.12787242233753204,0.07731544971466064
fresh_ulong,0834e99f-94bc-4568-a7c2-f7022dade8e1,1,1,fresh_ulong_01_qp1_T12024,False,58,1,121,0.0010850835824385285,29.645368074433264,0.9800911545753479,0.1268710494041443,0.07762616872787476
fresh_ulong,0834e99f-94bc-4568-a7c2-f7022dade8e1,1,1,fresh_ulong_01_qp1_T12024,False,59,2,153,0.0012574091088026762,29.005233978999314,0.9772058725357056,0.13265931606292725,0.0792703628540039
fresh_ulong,0834e99f-94bc-4568-a7c2-f7022dade8e1,1,1,fresh_ulong_01_qp1_T12024,False,60,1,1660,0.0011069504544138908,29.558718171124127,0.9796741008758545,0.12859098613262177,0.07799690961837769
fresh_ulong,0834e99f-94bc-4568-a7c2-f7022dade8e1,1,1,fresh_ulong_01_qp1_T12024,False,61,2,537,0.0012395819649100304,29.067247510815392,0.9779218435287476,0.13069717586040497,0.07964050769805908
fresh_ulong,0834e99f-94bc-4568-a7c2-f7022dade8e1,1,1,fresh_ulong_01_qp1_T12024,False,62,1,148,0.0011535166995599866,29.379761137789913,0.9786775708198547,0.1305209994316101,0.07952886819839478
fresh_ulong,0834e99f-94bc-4568-a7c2-f7022dade8e1,1,1,fresh_ulong_01_qp1_T12024,False,63,2,224,0.001288555795326829,28.89896771464704,0.9763961434364319,0.13756200671195984,0.08531129360198975
fresh_ulong,0834e99f-94bc-4568-a7c2-f7022dade8e1,1,1,fresh_ulong_01_qp1_T12055,False,0,1,5076,0.0015977397561073303,27.964939582452626,0.9731715321540833,0.1798853576183319,0.08330947160720825
fresh_ulong,0834e99f-94bc-4568-a7c2-f7022dade8e1,1,1,fresh_ulong_01_qp1_T12055,False,1,3,5754,0.0011709026293829083,29.31479218744835,0.9804723858833313,0.13118723034858704,0.07017910480499268
fresh_ulong,0834e99f-94bc-4568-a7c2-f7022dade8e1,1,1,fresh_ulong_01_qp1_T12055,False,2,1,1514,0.0012315878411754966,29.095346073106178,0.9793592095375061,0.12825432419776917,0.06769746541976929
fresh_ulong,0834e99f-94bc-4568-a7c2-f7022dade8e1,1,1,fresh_ulong_01_qp1_T12055,False,3,2,860,0.0011685388162732124,29.32356856730656,0.9805482625961304,0.12611925601959229,0.06934750080108643
fresh_ulong,0834e99f-94bc-4568-a7c2-f7022dade8e1,1,1,fresh_ulong_01_qp1_T12055,False,4,1,1200,0.0011342837242409587,29.452782995347047,0.9810080528259277,0.1226561889052391,0.06548070907592773
fresh_ulong,0834e99f-94bc-4568-a7c2-f7022dade8e1,1,1,fresh_ulong_01_qp1_T12055,False,5,2,900,0.0011034695198759437,29.572396584538488,0.981634795665741,0.12018318474292755,0.06648564338684082
fresh_ulong,0834e99f-94bc-4568-a7c2-f7022dade8e1,1,1,fresh_ulong_01_qp1_T12055,False,6,1,716,0.0010460386984050274,29.804522483627423,0.982273280620575,0.11956245452165604,0.06726729869842529
fresh_ulong,0834e99f-94bc-4568-a7c2-f7022dade8e1,1,1,fresh_ulong_01_qp1_T12055,False,7,2,630,0.0011323754442855716,29.460095569393122,0.9811552166938782,0.11977513879537582,0.06381732225418091
fresh_ulong,0834e99f-94bc-4568-a7c2-f7022dade8e1,1,1,fresh_ulong_01_qp1_T12055,False,8,1,398,0.0011367693077772856,29.44327660663719,0.9810056090354919,0.12727391719818115,0.0714259147644043
fresh_ulong,0834e99f-94bc-4568-a7c2-f7022dade8e1,1,1,fresh_ulong_01_qp1_T12055,False,9,3,633,0.001204623025842011,29.19148839737119,0.9802133440971375,0.12494754046201706,0.06642061471939087
fresh_ulong,0834e99f-94bc-4568-a7c2-f7022dade8e1,1,1,fresh_ulong_01_qp1_T12055,False,10,1,174,0.0011501215631142259,29.392562540815632,0.9808080792427063,0.13011296093463898,0.06962865591049194
fresh_ulong,0834e99f-94bc-4568-a7c2-f7022dade8e1,1,1,fresh_ulong_01_qp1_T12055,False,11,2,187,0.0012381556443870068,29.072247581837228,0.979756236076355,0.13040488958358765,0.07116007804870605
fresh_ulong,0834e99f-94bc-4568-a7c2-f7022dade8e1,1,1,fresh_ulong_01_qp1_T12055,False,12,1,247,0.0011768831172958016,29.292666671770256,0.9804452657699585,0.13306958973407745,0.07328402996063232
fresh_ulong,0834e99f-94bc-4568-a7c2-f7022dade8e1,1,1,fresh_ulong_01_qp1_T12055,False,13,2,245,0.001320111914537847,28.793892492441962,0.9783881306648254,0.13330772519111633,0.07403719425201416
fresh_ulong,0834e99f-94bc-4568-a7c2-f7022dade8e1,1,1,fresh_ulong_01_qp1_T12055,False,14,1,336,0.00126771186478436,28.96979444998447,0.9788699746131897,0.13396070897579193,0.07255572080612183
fresh_ulong,0834e99f-94bc-4568-a7c2-f7022dade8e1,1,1,fresh_ulong_01_qp1_T12055,False,15,2,338,0.0014013389591127634,28.53456803852474,0.9768359661102295,0.13933396339416504,0.07886195182800293
fresh_ulong,0834e99f-94bc-4568-a7c2-f7022dade8e1,1,1,fresh_ulong_01_qp1_T12055,False,16,1,687,0.0012495007831603289,29.032634673309662,0.9790487885475159,0.13221381604671478,0.07881498336791992
fresh_ulong,0834e99f-94bc-4568-a7c2-f7022dade8e1,1,1,fresh_ulong_01_qp1_T12055,False,17,3,1139,0.001314309542067349,28.81302339053275,0.9782875776290894,0.12780286371707916,0.07500463724136353
fresh_ulong,0834e99f-94bc-4568-a7c2-f7022dade8e1,1,1,fresh_ulong_01_qp1_T12055,False,18,1,315,0.0012621661880984902,28.988834582278997,0.9784649610519409,0.13208898901939392,0.0793573260307312
fresh_ulong,0834e99f-94bc-4568-a7c2-f7022dade8e1,1,1,fresh_ulong_01_qp1_T12055,False,19,2,266,0.0014671203680336475,28.33534253553904,0.9753852486610413,0.14283841848373413,0.08569824695587158
fresh_ulong,0834e99f-94bc-4568-a7c2-f7022dade8e1,1,1,fresh_ulong_01_qp1_T12055,False,20,1,1215,0.0012396951206028461,29.066851081603772,0.9790394306182861,0.13217075169086456,0.07925629615783691
fresh_ulong,0834e99f-94bc-4568-a7c2-f7022dade8e1,1,1,fresh_ulong_01_qp1_T12055,False,21,2,732,0.0013470472767949104,28.706171617448355,0.9774339199066162,0.13203400373458862,0.08025038242340088
fresh_ulong,0834e99f-94bc-4568-a7c2-f7022dade8e1,1,1,fresh_ulong_01_qp1_T12055,False,22,1,434,0.0012925484916195273,28.88553154812175,0.9778016805648804,0.13530349731445312,0.07953530550003052
fresh_ulong,0834e99f-94bc-4568-a7c2-f7022dade8e1,1,1,fresh_ulong_01_qp1_T12055,False,23,2,382,0.0014395734760910273,28.41766163751152,0.9754340052604675,0.14532074332237244,0.0872301459312439
fresh_ulong,0834e99f-94bc-4568-a7c2-f7022dade8e1,1,1,fresh_ulong_01_qp1_T12055,False,24,1,1152,0.0012566547375172377,29.007840271571276,0.9784896373748779,0.13545095920562744,0.08044296503067017
fresh_ulong,0834e99f-94bc-4568-a7c2-f7022dade8e1,1,1,fresh_ulong_01_qp1_T12055,False,25,3,1626,0.0012792625930160284,28.930402991551784,0.9785295724868774,0.13083571195602417,0.07830613851547241
fresh_ulong,0834e99f-94bc-4568-a7c2-f7022dade8e1,1,1,fresh_ulong_01_qp1_T12055,False,26,1,362,0.0011759055778384209,29.29627549577974,0.9797077178955078,0.1304558366537094,0.07827407121658325
fresh_ulong,0834e99f-94bc-4568-a7c2-f7022dade8e1,1,1,fresh_ulong_01_qp1_T12055,False,27,2,287,0.001305349636822939,28.842731473255228,0.9774061441421509,0.1358088254928589,0.07604217529296875
fresh_ulong,0834e99f-94bc-4568-a7c2-f7022dade8e1,1,1,fresh_ulong_01_qp1_T12055,False,28,1,1275,0.0011602852027863264,29.354352463142988,0.9797468185424805,0.12830843031406403,0.07433277368545532
fresh_ulong,0834e99f-94bc-4568-a7c2-f7022dade8e1,1,1,fresh_ulong_01_qp1_T12055,False,29,2,646,0.0012820332776755095,28.921007017101235,0.9782645106315613,0.1324463039636612,0.0772739052772522
fresh_ulong,0834e99f-94bc-4568-a7c2-f7022dade8e1,1,1,fresh_ulong_01_qp1_T12055,False,30,1,239,0.0012283973628655076,29.106611245752628,0.9787071347236633,0.13640794157981873,0.08118176460266113
fresh_ulong,0834e99f-94bc-4568-a7c2-f7022dade8e1,1,1,fresh_ulong_01_qp1_T12055,False,31,2,228,0.0012716591591015458,28.956292763897558,0.9780079126358032,0.13732630014419556,0.08185791969299316
fresh_ulong,0834e99f-94bc-4568-a7c2-f7022dade8e1,1,1,fresh_ulong_01_qp1_T12055,False,32,1,1491,0.0010998044162988663,29.586845407276282,0.9807534217834473,0.12657925486564636,0.07612884044647217
fresh_ulong,0834e99f-94bc-4568-a7c2-f7022dade8e1,1,1,fresh_ulong_01_qp1_T12055,False,33,3,1094,0.0012348961317911744,29.08369569762194,0.9792429208755493,0.12624821066856384,0.07426899671554565
fresh_ulong,0834e99f-94bc-4568-a7c2-f7022dade8e1,1,1,fresh_ulong_01_qp1_T12055,False,34,1,178,0.0011306252563372254,29.466813173321377,0.9803227186203003,0.12742917239665985,0.07662039995193481
fresh_ulong,0834e99f-94bc-4568-a7c2-f7022dade8e1,1,1,fresh_ulong_01_qp1_T12055,False,35,2,179,0.0012791585177183151,28.93075632922035,0.9780548214912415,0.13925543427467346,0.08324861526489258
fresh_ulong,0834e99f-94bc-4568-a7c2-f7022dade8e1,1,1,fresh_ulong_01_qp1_T12055,False,36,1,1334,0.0011135913664475083,29.532741447582445,0.9807053208351135,0.12840032577514648,0.07929223775863647
fresh_ulong,0834e99f-94bc-4568-a7c2-f7022dade8e1,1,1,fresh_ulong_01_qp1_T12055,False,37,2,484,0.0012701015220955014,28.96161563513575,0.9787736535072327,0.1307571828365326,0.07792598009109497
fresh_ulong,0834e99f-94bc-4568-a7c2-f7022dade8e1,1,1,fresh_ulong_01_qp1_T12055,False,38,1,217,0.0011759508633986115,29.296108246890235,0.9798400402069092,0.13132552802562714,0.07930350303649902
fresh_ulong,0834e99f-94bc-4568-a7c2-f7022dade8e1,1,1,fresh_ulong_01_qp1_T12055,False,39,2,176,0.0012752527836710215,28.94403719800975,0.9784052968025208,0.1376553475856781,0.08285266160964966
fresh_ulong,0834e99f-94bc-4568-a7c2-f7022dade8e1,1,1,fresh_ulong_01_qp1_T12055,False,40,1,1320,0.0011427691206336021,29.420415034307183,0.9803846478462219,0.13045528531074524,0.07452613115310669
fresh_ulong,0834e99f-94bc-4568-a7c2-f7022dade8e1,1,1,fresh_ulong_01_qp1_T12055,False,41,3,801,0.0012452935334295034,29.04728267103918,0.9793088436126709,0.1296483874320984,0.0738409161567688
fresh_ulong,0834e99f-94bc-4568-a7c2-f7022dade8e1,1,1,fresh_ulong_01_qp1_T12055,False,42,1,208,0.00113041908480227,29.467605189281223,0.9805682301521301,0.1275443285703659,0.07254129648208618
fresh_ulong,0834e99f-94bc-4568-a7c2-f7022dade8e1,1,1,fresh_ulong_01_qp1_T12055,False,43,2,193,0.0012916431296616793,28.88857461749221,0.9781264662742615,0.13083986937999725,0.07430398464202881
fresh_ulong,0834e99f-94bc-4568-a7c2-f7022dade8e1,1,1,fresh_ulong_01_qp1_T12055,False,44,1,1350,0.0011090993648394942,29.550295434195036,0.980820894241333,0.12342742085456848,0.07411319017410278
fresh_ulong,0834e99f-94bc-4568-a7c2-f7022dade8e1,1,1,fresh_ulong_01_qp1_T12055,False,45,2,735,0.001235880539752543,29.080235061352305,0.9790826439857483,0.12848244607448578,0.07865500450134277
fresh_ulong,0834e99f-94bc-4568-a7c2-f7022dade8e1,1,1,fresh_ulong_01_qp1_T12055,False,46,1,264,0.0011634102556854486,29.342671121312843,0.9798601269721985,0.1286185383796692,0.08048224449157715
fresh_ulong,0834e99f-94bc-4568-a7c2-f7022dade8e1,1,1,fresh_ulong_01_qp1_T12055,False,47,2,329,0.001276324037462473,28.94039051464261,0.9776234030723572,0.13385117053985596,0.07845950126647949
fresh_ulong,0834e99f-94bc-4568-a7c2-f7022dade8e1,1,1,fresh_ulong_01_qp1_T12055,False,48,1,1347,0.0011580920545384288,29.362569179927682,0.9795184135437012,0.12739652395248413,0.08063733577728271
fresh_ulong,0834e99f-94bc-4568-a7c2-f7022dade8e1,1,1,fresh_ulong_01_qp1_T12055,False,49,3,1779,0.0012078842846676707,29.179746691399018,0.9792963266372681,0.1226234957575798,0.07623112201690674
fresh_ulong,0834e99f-94bc-4568-a7c2-f7022dade8e1,1,1,fresh_ulong_01_qp1_T12055,False,50,1,185,0.0011159764835610986,29.523449569820027,0.9800985455513,0.12856987118721008,0.079745352268219
fresh_ulong,0834e99f-94bc-4568-a7c2-f7022dade8e1,1,1,fresh_ulong_01_qp1_T12055,False,51,2,308,0.0012238716008141637,29.122641426340053,0.9781100749969482,0.13200965523719788,0.0845038890838623
fresh_ulong,0834e99f-94bc-4568-a7c2-f7022dade8e1,1,1,fresh_ulong_01_qp1_T12055,False,52,1,1612,0.0010574816260486841,29.75727169839437,0.9807642698287964,0.12326233088970184,0.07813966274261475
fresh_ulong,0834e99f-94bc-4568-a7c2-f7022dade8e1,1,1,fresh_ulong_01_qp1_T12055,False,53,2,897,0.0012266000267118216,29.11297030190841,0.9785188436508179,0.1325184553861618,0.07990849018096924
fresh_ulong,0834e99f-94bc-4568-a7c2-f7022dade8e1,1,1,fresh_ulong_01_qp1_T12055,False,54,1,161,0.0011340075870975852,29.453840397785687,0.9795247316360474,0.1299833059310913,0.07565903663635254
fresh_ulong,0834e99f-94bc-4568-a7c2-f7022dade8e1,1,1,fresh_ulong_01_qp1_T12055,False,55,2,153,0.0012477372074499726,29.038768740864576,0.9775541424751282,0.13545796275138855,0.07819759845733643
fresh_ulong,0834e99f-94bc-4568-a7c2-f7022dade8e1,1,1,fresh_ulong_01_qp1_T12055,False,56,1,1365,0.0010825502686202526,29.65551927882212,0.9804421067237854,0.125602126121521,0.07653206586837769
fresh_ulong,0834e99f-94bc-4568-a7c2-f7022dade8e1,1,1,fresh_ulong_01_qp1_T12055,False,57,3,1120,0.0011884949635714293,29.25002654320968,0.9790464043617249,0.12787242233753204,0.07731544971466064
fresh_ulong,0834e99f-94bc-4568-a7c2-f7022dade8e1,1,1,fresh_ulong_01_qp1_T12055,False,58,1,121,0.0010850835824385285,29.645368074433264,0.9800911545753479,0.1268710494041443,0.07762616872787476
fresh_ulong,0834e99f-94bc-4568-a7c2-f7022dade8e1,1,1,fresh_ulong_01_qp1_T12055,False,59,2,153,0.0012574091088026762,29.005233978999314,0.9772058725357056,0.13265931606292725,0.0792703628540039
fresh_ulong,0834e99f-94bc-4568-a7c2-f7022dade8e1,1,1,fresh_ulong_01_qp1_T12055,False,60,1,1660,0.0011069504544138908,29.558718171124127,0.9796741008758545,0.12859098613262177,0.07799690961837769
fresh_ulong,0834e99f-94bc-4568-a7c2-f7022dade8e1,1,1,fresh_ulong_01_qp1_T12055,False,61,2,537,0.0012395819649100304,29.067247510815392,0.9779218435287476,0.13069717586040497,0.07964050769805908
fresh_ulong,0834e99f-94bc-4568-a7c2-f7022dade8e1,1,1,fresh_ulong_01_qp1_T12055,False,62,1,148,0.0011535166995599866,29.379761137789913,0.9786775708198547,0.1305209994316101,0.07952886819839478
fresh_ulong,0834e99f-94bc-4568-a7c2-f7022dade8e1,1,1,fresh_ulong_01_qp1_T12055,False,63,2,224,0.001288555795326829,28.89896771464704,0.9763961434364319,0.13756200671195984,0.08531129360198975
fresh_ulong,0834e99f-94bc-4568-a7c2-f7022dade8e1,1,1,fresh_ulong_01_qp1_T12086,False,0,1,5076,0.0015977397561073303,27.964939582452626,0.9731715321540833,0.1798853576183319,0.08330947160720825
fresh_ulong,0834e99f-94bc-4568-a7c2-f7022dade8e1,1,1,fresh_ulong_01_qp1_T12086,False,1,3,5754,0.0011709026293829083,29.31479218744835,0.9804723858833313,0.13118723034858704,0.07017910480499268
fresh_ulong,0834e99f-94bc-4568-a7c2-f7022dade8e1,1,1,fresh_ulong_01_qp1_T12086,False,2,1,1514,0.0012315878411754966,29.095346073106178,0.9793592095375061,0.12825432419776917,0.06769746541976929
fresh_ulong,0834e99f-94bc-4568-a7c2-f7022dade8e1,1,1,fresh_ulong_01_qp1_T12086,False,3,2,860,0.0011685388162732124,29.32356856730656,0.9805482625961304,0.12611925601959229,0.06934750080108643
fresh_ulong,0834e99f-94bc-4568-a7c2-f7022dade8e1,1,1,fresh_ulong_01_qp1_T12086,False,4,1,1200,0.0011342837242409587,29.452782995347047,0.9810080528259277,0.1226561889052391,0.06548070907592773
fresh_ulong,0834e99f-94bc-4568-a7c2-f7022dade8e1,1,1,fresh_ulong_01_qp1_T12086,False,5,2,900,0.0011034695198759437,29.572396584538488,0.981634795665741,0.12018318474292755,0.06648564338684082
fresh_ulong,0834e99f-94bc-4568-a7c2-f7022dade8e1,1,1,fresh_ulong_01_qp1_T12086,False,6,1,716,0.0010460386984050274,29.804522483627423,0.982273280620575,0.11956245452165604,0.06726729869842529
fresh_ulong,0834e99f-94bc-4568-a7c2-f7022dade8e1,1,1,fresh_ulong_01_qp1_T12086,False,7,2,630,0.0011323754442855716,29.460095569393122,0.9811552166938782,0.11977513879537582,0.06381732225418091
fresh_ulong,0834e99f-94bc-4568-a7c2-f7022dade8e1,1,1,fresh_ulong_01_qp1_T12086,False,8,1,398,0.0011367693077772856,29.44327660663719,0.9810056090354919,0.12727391719818115,0.0714259147644043
fresh_ulong,0834e99f-94bc-4568-a7c2-f7022dade8e1,1,1,fresh_ulong_01_qp1_T12086,False,9,3,633,0.001204623025842011,29.19148839737119,0.9802133440971375,0.12494754046201706,0.06642061471939087
fresh_ulong,0834e99f-94bc-4568-a7c2-f7022dade8e1,1,1,fresh_ulong_01_qp1_T12086,False,10,1,174,0.0011501215631142259,29.392562540815632,0.9808080792427063,0.13011296093463898,0.06962865591049194
fresh_ulong,0834e99f-94bc-4568-a7c2-f7022dade8e1,1,1,fresh_ulong_01_qp1_T12086,False,11,2,187,0.0012381556443870068,29.072247581837228,0.979756236076355,0.13040488958358765,0.07116007804870605
fresh_ulong,0834e99f-94bc-4568-a7c2-f7022dade8e1,1,1,fresh_ulong_01_qp1_T12086,False,12,1,247,0.0011768831172958016,29.292666671770256,0.9804452657699585,0.13306958973407745,0.07328402996063232
fresh_ulong,0834e99f-94bc-4568-a7c2-f7022dade8e1,1,1,fresh_ulong_01_qp1_T12086,False,13,2,245,0.001320111914537847,28.793892492441962,0.9783881306648254,0.13330772519111633,0.07403719425201416
fresh_ulong,0834e99f-94bc-4568-a7c2-f7022dade8e1,1,1,fresh_ulong_01_qp1_T12086,False,14,1,336,0.00126771186478436,28.96979444998447,0.9788699746131897,0.13396070897579193,0.07255572080612183
fresh_ulong,0834e99f-94bc-4568-a7c2-f7022dade8e1,1,1,fresh_ulong_01_qp1_T12086,False,15,2,338,0.0014013389591127634,28.53456803852474,0.9768359661102295,0.13933396339416504,0.07886195182800293
fresh_ulong,0834e99f-94bc-4568-a7c2-f7022dade8e1,1,1,fresh_ulong_01_qp1_T12086,False,16,1,687,0.0012495007831603289,29.032634673309662,0.9790487885475159,0.13221381604671478,0.07881498336791992
fresh_ulong,0834e99f-94bc-4568-a7c2-f7022dade8e1,1,1,fresh_ulong_01_qp1_T12086,False,17,3,1139,0.001314309542067349,28.81302339053275,0.9782875776290894,0.12780286371707916,0.07500463724136353
fresh_ulong,0834e99f-94bc-4568-a7c2-f7022dade8e1,1,1,fresh_ulong_01_qp1_T12086,False,18,1,315,0.0012621661880984902,28.988834582278997,0.9784649610519409,0.13208898901939392,0.0793573260307312
fresh_ulong,0834e99f-94bc-4568-a7c2-f7022dade8e1,1,1,fresh_ulong_01_qp1_T12086,False,19,2,266,0.0014671203680336475,28.33534253553904,0.9753852486610413,0.14283841848373413,0.08569824695587158
fresh_ulong,0834e99f-94bc-4568-a7c2-f7022dade8e1,1,1,fresh_ulong_01_qp1_T12086,False,20,1,1215,0.0012396951206028461,29.066851081603772,0.9790394306182861,0.13217075169086456,0.07925629615783691
fresh_ulong,0834e99f-94bc-4568-a7c2-f7022dade8e1,1,1,fresh_ulong_01_qp1_T12086,False,21,2,732,0.0013470472767949104,28.706171617448355,0.9774339199066162,0.13203400373458862,0.08025038242340088
fresh_ulong,0834e99f-94bc-4568-a7c2-f7022dade8e1,1,1,fresh_ulong_01_qp1_T12086,False,22,1,434,0.0012925484916195273,28.88553154812175,0.9778016805648804,0.13530349731445312,0.07953530550003052
fresh_ulong,0834e99f-94bc-4568-a7c2-f7022dade8e1,1,1,fresh_ulong_01_qp1_T12086,False,23,2,382,0.0014395734760910273,28.41766163751152,0.9754340052604675,0.14532074332237244,0.0872301459312439
fresh_ulong,0834e99f-94bc-4568-a7c2-f7022dade8e1,1,1,fresh_ulong_01_qp1_T12086,False,24,1,1152,0.0012566547375172377,29.007840271571276,0.9784896373748779,0.13545095920562744,0.08044296503067017
fresh_ulong,0834e99f-94bc-4568-a7c2-f7022dade8e1,1,1,fresh_ulong_01_qp1_T12086,False,25,3,1626,0.0012792625930160284,28.930402991551784,0.9785295724868774,0.13083571195602417,0.07830613851547241
fresh_ulong,0834e99f-94bc-4568-a7c2-f7022dade8e1,1,1,fresh_ulong_01_qp1_T12086,False,26,1,362,0.0011759055778384209,29.29627549577974,0.9797077178955078,0.1304558366537094,0.07827407121658325
fresh_ulong,0834e99f-94bc-4568-a7c2-f7022dade8e1,1,1,fresh_ulong_01_qp1_T12086,False,27,2,287,0.001305349636822939,28.842731473255228,0.9774061441421509,0.1358088254928589,0.07604217529296875
fresh_ulong,0834e99f-94bc-4568-a7c2-f7022dade8e1,1,1,fresh_ulong_01_qp1_T12086,False,28,1,1275,0.0011602852027863264,29.354352463142988,0.9797468185424805,0.12830843031406403,0.07433277368545532
fresh_ulong,0834e99f-94bc-4568-a7c2-f7022dade8e1,1,1,fresh_ulong_01_qp1_T12086,False,29,2,646,0.0012820332776755095,28.921007017101235,0.9782645106315613,0.1324463039636612,0.0772739052772522
fresh_ulong,0834e99f-94bc-4568-a7c2-f7022dade8e1,1,1,fresh_ulong_01_qp1_T12086,False,30,1,239,0.0012283973628655076,29.106611245752628,0.9787071347236633,0.13640794157981873,0.08118176460266113
fresh_ulong,0834e99f-94bc-4568-a7c2-f7022dade8e1,1,1,fresh_ulong_01_qp1_T12086,False,31,2,228,0.0012716591591015458,28.956292763897558,0.9780079126358032,0.13732630014419556,0.08185791969299316
fresh_ulong,0834e99f-94bc-4568-a7c2-f7022dade8e1,1,1,fresh_ulong_01_qp1_T12086,False,32,1,1491,0.0010998044162988663,29.586845407276282,0.9807534217834473,0.12657925486564636,0.07612884044647217
fresh_ulong,0834e99f-94bc-4568-a7c2-f7022dade8e1,1,1,fresh_ulong_01_qp1_T12086,False,33,3,1094,0.0012348961317911744,29.08369569762194,0.9792429208755493,0.12624821066856384,0.07426899671554565
fresh_ulong,0834e99f-94bc-4568-a7c2-f7022dade8e1,1,1,fresh_ulong_01_qp1_T12086,False,34,1,178,0.0011306252563372254,29.466813173321377,0.9803227186203003,0.12742917239665985,0.07662039995193481
fresh_ulong,0834e99f-94bc-4568-a7c2-f7022dade8e1,1,1,fresh_ulong_01_qp1_T12086,False,35,2,179,0.0012791585177183151,28.93075632922035,0.9780548214912415,0.13925543427467346,0.08324861526489258
fresh_ulong,0834e99f-94bc-4568-a7c2-f7022dade8e1,1,1,fresh_ulong_01_qp1_T12086,False,36,1,1334,0.0011135913664475083,29.532741447582445,0.9807053208351135,0.12840032577514648,0.07929223775863647
fresh_ulong,0834e99f-94bc-4568-a7c2-f7022dade8e1,1,1,fresh_ulong_01_qp1_T12086,False,37,2,484,0.0012701015220955014,28.96161563513575,0.9787736535072327,0.1307571828365326,0.07792598009109497
fresh_ulong,0834e99f-94bc-4568-a7c2-f7022dade8e1,1,1,fresh_ulong_01_qp1_T12086,False,38,1,217,0.0011759508633986115,29.296108246890235,0.9798400402069092,0.13132552802562714,0.07930350303649902
fresh_ulong,0834e99f-94bc-4568-a7c2-f7022dade8e1,1,1,fresh_ulong_01_qp1_T12086,False,39,2,176,0.0012752527836710215,28.94403719800975,0.9784052968025208,0.1376553475856781,0.08285266160964966
fresh_ulong,0834e99f-94bc-4568-a7c2-f7022dade8e1,1,1,fresh_ulong_01_qp1_T12086,False,40,1,1320,0.0011427691206336021,29.420415034307183,0.9803846478462219,0.13045528531074524,0.07452613115310669
fresh_ulong,0834e99f-94bc-4568-a7c2-f7022dade8e1,1,1,fresh_ulong_01_qp1_T12086,False,41,3,801,0.0012452935334295034,29.04728267103918,0.9793088436126709,0.1296483874320984,0.0738409161567688
fresh_ulong,0834e99f-94bc-4568-a7c2-f7022dade8e1,1,1,fresh_ulong_01_qp1_T12086,False,42,1,208,0.00113041908480227,29.467605189281223,0.9805682301521301,0.1275443285703659,0.07254129648208618
fresh_ulong,0834e99f-94bc-4568-a7c2-f7022dade8e1,1,1,fresh_ulong_01_qp1_T12086,False,43,2,193,0.0012916431296616793,28.88857461749221,0.9781264662742615,0.13083986937999725,0.07430398464202881
fresh_ulong,0834e99f-94bc-4568-a7c2-f7022dade8e1,1,1,fresh_ulong_01_qp1_T12086,False,44,1,1350,0.0011090993648394942,29.550295434195036,0.980820894241333,0.12342742085456848,0.07411319017410278
fresh_ulong,0834e99f-94bc-4568-a7c2-f7022dade8e1,1,1,fresh_ulong_01_qp1_T12086,False,45,2,735,0.001235880539752543,29.080235061352305,0.9790826439857483,0.12848244607448578,0.07865500450134277
fresh_ulong,0834e99f-94bc-4568-a7c2-f7022dade8e1,1,1,fresh_ulong_01_qp1_T12086,False,46,1,264,0.0011634102556854486,29.342671121312843,0.9798601269721985,0.1286185383796692,0.08048224449157715
fresh_ulong,0834e99f-94bc-4568-a7c2-f7022dade8e1,1,1,fresh_ulong_01_qp1_T12086,False,47,2,329,0.001276324037462473,28.94039051464261,0.9776234030723572,0.13385117053985596,0.07845950126647949
fresh_ulong,0834e99f-94bc-4568-a7c2-f7022dade8e1,1,1,fresh_ulong_01_qp1_T12086,False,48,1,1347,0.0011580920545384288,29.362569179927682,0.9795184135437012,0.12739652395248413,0.08063733577728271
fresh_ulong,0834e99f-94bc-4568-a7c2-f7022dade8e1,1,1,fresh_ulong_01_qp1_T12086,False,49,3,1779,0.0012078842846676707,29.179746691399018,0.9792963266372681,0.1226234957575798,0.07623112201690674
fresh_ulong,0834e99f-94bc-4568-a7c2-f7022dade8e1,1,1,fresh_ulong_01_qp1_T12086,False,50,1,185,0.0011159764835610986,29.523449569820027,0.9800985455513,0.12856987118721008,0.079745352268219
fresh_ulong,0834e99f-94bc-4568-a7c2-f7022dade8e1,1,1,fresh_ulong_01_qp1_T12086,False,51,2,308,0.0012238716008141637,29.122641426340053,0.9781100749969482,0.13200965523719788,0.0845038890838623
fresh_ulong,0834e99f-94bc-4568-a7c2-f7022dade8e1,1,1,fresh_ulong_01_qp1_T12086,False,52,1,1612,0.0010574816260486841,29.75727169839437,0.9807642698287964,0.12326233088970184,0.07813966274261475
fresh_ulong,0834e99f-94bc-4568-a7c2-f7022dade8e1,1,1,fresh_ulong_01_qp1_T12086,False,53,2,897,0.0012266000267118216,29.11297030190841,0.9785188436508179,0.1325184553861618,0.07990849018096924
fresh_ulong,0834e99f-94bc-4568-a7c2-f7022dade8e1,1,1,fresh_ulong_01_qp1_T12086,False,54,1,161,0.0011340075870975852,29.453840397785687,0.9795247316360474,0.1299833059310913,0.07565903663635254
fresh_ulong,0834e99f-94bc-4568-a7c2-f7022dade8e1,1,1,fresh_ulong_01_qp1_T12086,False,55,2,153,0.0012477372074499726,29.038768740864576,0.9775541424751282,0.13545796275138855,0.07819759845733643
fresh_ulong,0834e99f-94bc-4568-a7c2-f7022dade8e1,1,1,fresh_ulong_01_qp1_T12086,False,56,1,1365,0.0010825502686202526,29.65551927882212,0.9804421067237854,0.125602126121521,0.07653206586837769
fresh_ulong,0834e99f-94bc-4568-a7c2-f7022dade8e1,1,1,fresh_ulong_01_qp1_T12086,False,57,3,1120,0.0011884949635714293,29.25002654320968,0.9790464043617249,0.12787242233753204,0.07731544971466064
fresh_ulong,0834e99f-94bc-4568-a7c2-f7022dade8e1,1,1,fresh_ulong_01_qp1_T12086,False,58,1,121,0.0010850835824385285,29.645368074433264,0.9800911545753479,0.1268710494041443,0.07762616872787476
fresh_ulong,0834e99f-94bc-4568-a7c2-f7022dade8e1,1,1,fresh_ulong_01_qp1_T12086,False,59,2,153,0.0012574091088026762,29.005233978999314,0.9772058725357056,0.13265931606292725,0.0792703628540039
fresh_ulong,0834e99f-94bc-4568-a7c2-f7022dade8e1,1,1,fresh_ulong_01_qp1_T12086,False,60,1,1660,0.0011069504544138908,29.558718171124127,0.9796741008758545,0.12859098613262177,0.07799690961837769
fresh_ulong,0834e99f-94bc-4568-a7c2-f7022dade8e1,1,1,fresh_ulong_01_qp1_T12086,False,61,2,537,0.0012395819649100304,29.067247510815392,0.9779218435287476,0.13069717586040497,0.07964050769805908
fresh_ulong,0834e99f-94bc-4568-a7c2-f7022dade8e1,1,1,fresh_ulong_01_qp1_T12086,False,62,1,148,0.0011535166995599866,29.379761137789913,0.9786775708198547,0.1305209994316101,0.07952886819839478
fresh_ulong,0834e99f-94bc-4568-a7c2-f7022dade8e1,1,1,fresh_ulong_01_qp1_T12086,False,63,2,224,0.001288555795326829,28.89896771464704,0.9763961434364319,0.13756200671195984,0.08531129360198975
fresh_ulong,0834e99f-94bc-4568-a7c2-f7022dade8e1,1,3,fresh_ulong_01_qp3_BASELINE,True,0,3,7837,0.0010920932982116938,29.617402579978716,0.9816411137580872,0.12984858453273773,0.062172114849090576
fresh_ulong,0834e99f-94bc-4568-a7c2-f7022dade8e1,1,3,fresh_ulong_01_qp3_BASELINE,True,1,5,7105,0.0009554006392136216,30.198144724865614,0.9841369390487671,0.10319019109010696,0.05747181177139282
fresh_ulong,0834e99f-94bc-4568-a7c2-f7022dade8e1,1,3,fresh_ulong_01_qp3_BASELINE,True,2,3,1735,0.0010045852977782488,29.980131820798157,0.9833720326423645,0.10188035666942596,0.054244160652160645
fresh_ulong,0834e99f-94bc-4568-a7c2-f7022dade8e1,1,3,fresh_ulong_01_qp3_BASELINE,True,3,4,1687,0.0009181041968986392,30.37108027328006,0.9847884774208069,0.09736733138561249,0.05481314659118652
fresh_ulong,0834e99f-94bc-4568-a7c2-f7022dade8e1,1,3,fresh_ulong_01_qp3_BASELINE,True,4,3,1651,0.0009223408997058868,30.351085328533365,0.9847423434257507,0.09736627340316772,0.05558359622955322
fresh_ulong,0834e99f-94bc-4568-a7c2-f7022dade8e1,1,3,fresh_ulong_01_qp3_BASELINE,True,5,4,1513,0.0008693739655427635,30.607933694251575,0.9856379628181458,0.09434451162815094,0.053364336490631104
fresh_ulong,0834e99f-94bc-4568-a7c2-f7022dade8e1,1,3,fresh_ulong_01_qp3_BASELINE,True,6,3,1063,0.0008651022799313068,30.629325434209246,0.9855303168296814,0.0944383442401886,0.0542454719543457
fresh_ulong,0834e99f-94bc-4568-a7c2-f7022dade8e1,1,3,fresh_ulong_01_qp3_BASELINE,True,7,4,1407,0.0008555484237149358,30.677554045249504,0.9858095645904541,0.09262676537036896,0.05243867635726929
fresh_ulong,0834e99f-94bc-4568-a7c2-f7022dade8e1,1,3,fresh_ulong_01_qp3_BASELINE,True,8,3,1026,0.0008731724228709936,30.588999889318387,0.9855012893676758,0.09891889244318008,0.057553112506866455
fresh_ulong,0834e99f-94bc-4568-a7c2-f7022dade8e1,1,3,fresh_ulong_01_qp3_BASELINE,True,9,5,1478,0.0009006186155602336,30.454590805226168,0.9852592349052429,0.09401319921016693,0.053082406520843506
fresh_ulong,0834e99f-94bc-4568-a7c2-f7022dade8e1,1,3,fresh_ulong_01_qp3_BASELINE,True,10,3,454,0.000867578899487853,30.616910190684337,0.9855725169181824,0.09845595061779022,0.056835830211639404
fresh_ulong,0834e99f-94bc-4568-a7c2-f7022dade8e1,1,3,fresh_ulong_01_qp3_BASELINE,True,11,4,299,0.0009435004321858287,30.252578965633028,0.9846323728561401,0.09990120679140091,0.057727694511413574
fresh_ulong,0834e99f-94bc-4568-a7c2-f7022dade8e1,1,3,fresh_ulong_01_qp3_BASELINE,True,12,3,286,0.0009066272177733481,30.425712471664315,0.9849927425384521,0.10321804881095886,0.05888044834136963
fresh_ulong,0834e99f-94bc-4568-a7c2-f7022dade8e1,1,3,fresh_ulong_01_qp3_BASELINE,True,13,4,341,0.0009859943529590964,30.061255723668275,0.9838855862617493,0.10246392339468002,0.05812114477157593
fresh_ulong,0834e99f-94bc-4568-a7c2-f7022dade8e1,1,3,fresh_ulong_01_qp3_BASELINE,True,14,3,790,0.0008839896181598306,30.535528354421007,0.9852447509765625,0.09994706511497498,0.05758935213088989
fresh_ulong,0834e99f-94bc-4568-a7c2-f7022dade8e1,1,3,fresh_ulong_01_qp3_BASELINE,True,15,4,680,0.0010508734267205,29.78449589763544,0.9828667044639587,0.10757657885551453,0.06368637084960938
fresh_ulong,0834e99f-94bc-4568-a7c2-f7022dade8e1,1,3,fresh_ulong_01_qp3_BASELINE,True,16,3,679,0.0009241972002200782,30.342353514749767,0.984554648399353,0.10394313931465149,0.06356358528137207
fresh_ulong,0834e99f-94bc-4568-a7c2-f7022dade8e1,1,3,fresh_ulong_01_qp3_BASELINE,True,17,5,1482,0.0010302021401003003,29.87077552268694,0.9830578565597534,0.10235639661550522,0.05819135904312134
fresh_ulong,0834e99f-94bc-4568-a7c2-f7022dade8e1,1,3,fresh_ulong_01_qp3_BASELINE,True,18,3,711,0.0009527505608275533,30.21020786912405,0.9838498830795288,0.10603870451450348,0.06521207094192505
fresh_ulong,0834e99f-94bc-4568-a7c2-f7022dade8e1,1,3,fresh_ulong_01_qp3_BASELINE,True,19,4,573,0.0011349490378051996,29.450236389967493,0.9813090562820435,0.1159706711769104,0.06976091861724854
fresh_ulong,0834e99f-94bc-4568-a7c2-f7022dade8e1,1,3,fresh_ulong_01_qp3_BASELINE,True,20,3,1151,0.0010274051455780864,29.882582635186576,0.9828122854232788,0.10972481966018677,0.0671047568321228
fresh_ulong,0834e99f-94bc-4568-a7c2-f7022dade8e1,1,3,fresh_ulong_01_qp3_BASELINE,True,21,4,820,0.001078746747225523,29.67080500814751,0.9820408821105957,0.1096564456820488,0.06707555055618286
fresh_ulong,0834e99f-94bc-4568-a7c2-f7022dade8e1,1,3,fresh_ulong_01_qp3_BASELINE,True,22,3,1180,0.001007846905849874,29.966054331625052,0.9828968048095703,0.10855846852064133,0.066739022731781
fresh_ulong,0834e99f-94bc-4568-a7c2-f7022dade8e1,1,3,fresh_ulong_01_qp3_BASELINE,True,23,4,1180,0.0011190306395292282,29.5115802214341,0.9813111424446106,0.11752589046955109,0.0720968246459961
fresh_ulong,0834e99f-94bc-4568-a7c2-f7022dade8e1,1,3,fresh_ulong_01_qp3_BASELINE,True,24,3,1118,0.0009931586682796478,30.029813625282486,0.9832149744033813,0.11059608310461044,0.06493902206420898
fresh_ulong,0834e99f-94bc-4568-a7c2-f7022dade8e1,1,3,fresh_ulong_01_qp3_BASELINE,True,25,5,1946,0.0010205473517999053,29.911668398961552,0.9829748868942261,0.10621543973684311,0.06420493125915527
fresh_ulong,0834e99f-94bc-4568-a7c2-f7022dade8e1,1,3,fresh_ulong_01_qp3_BASELINE,True,26,3,831,0.0009248500573448837,30.339286721757905,0.9841364026069641,0.10452787578105927,0.06535005569458008
fresh_ulong,0834e99f-94bc-4568-a7c2-f7022dade8e1,1,3,fresh_ulong_01_qp3_BASELINE,True,27,4,573,0.0010563262039795518,29.762019466585407,0.9820548295974731,0.11040644347667694,0.06386148929595947
fresh_ulong,0834e99f-94bc-4568-a7c2-f7022dade8e1,1,3,fresh_ulong_01_qp3_BASELINE,True,28,3,1294,0.0009385501616634429,30.2754251116041,0.9838164448738098,0.10605081915855408,0.0657355785369873
fresh_ulong,0834e99f-94bc-4568-a7c2-f7022dade8e1,1,3,fresh_ulong_01_qp3_BASELINE,True,29,4,879,0.001047572703100741,29.798158266339506,0.9823810458183289,0.11047086864709854,0.06792652606964111
fresh_ulong,0834e99f-94bc-4568-a7c2-f7022dade8e1,1,3,fresh_ulong_01_qp3_BASELINE,True,30,3,876,0.0009885251056402922,30.050122964033314,0.983062207698822,0.11094756424427032,0.06964719295501709
fresh_ulong,0834e99f-94bc-4568-a7c2-f7022dade8e1,1,3,fresh_ulong_01_qp3_BASELINE,True,31,4,443,0.001055252505466342,29.76643608035042,0.982147753238678,0.11202463507652283,0.0721624493598938
fresh_ulong,0834e99f-94bc-4568-a7c2-f7022dade8e1,1,3,fresh_ulong_01_qp3_BASELINE,True,32,3,1565,0.0009209440322592854,30.35766762006756,0.9840182065963745,0.1058768481016159,0.06674802303314209
fresh_ulong,0834e99f-94bc-4568-a7c2-f7022dade8e1,1,3,fresh_ulong_01_qp3_BASELINE,True,33,5,1825,0.0010021833004429936,29.990528382587613,0.9832270741462708,0.1046530082821846,0.06527441740036011
fresh_ulong,0834e99f-94bc-4568-a7c2-f7022dade8e1,1,3,fresh_ulong_01_qp3_BASELINE,True,34,3,648,0.0009077583090402186,30.42029767142361,0.9842826724052429,0.10426421463489532,0.06616926193237305
fresh_ulong,0834e99f-94bc-4568-a7c2-f7022dade8e1,1,3,fresh_ulong_01_qp3_BASELINE,True,35,4,378,0.0010602088877931237,29.74608559378286,0.9821157455444336,0.11277309060096741,0.07008087635040283
fresh_ulong,0834e99f-94bc-4568-a7c2-f7022dade8e1,1,3,fresh_ulong_01_qp3_BASELINE,True,36,3,1560,0.0009299382800236344,30.315458746016034,0.984061062335968,0.10469916462898254,0.06307798624038696
fresh_ulong,0834e99f-94bc-4568-a7c2-f7022dade8e1,1,3,fresh_ulong_01_qp3_BASELINE,True,37,4,797,0.0010165366111323237,29.92876975386575,0.9829990267753601,0.1072339341044426,0.061639368534088135
fresh_ulong,0834e99f-94bc-4568-a7c2-f7022dade8e1,1,3,fresh_ulong_01_qp3_BASELINE,True,38,3,664,0.0009222886292263865,30.351331456880153,0.9842240214347839,0.10475362092256546,0.0638728141784668
fresh_ulong,0834e99f-94bc-4568-a7c2-f7022dade8e1,1,3,fresh_ulong_01_qp3_BASELINE,True,39,4,405,0.0010242961579933763,29.895744562641138,0.9828176498413086,0.11106482893228531,0.06657207012176514
fresh_ulong,0834e99f-94bc-4568-a7c2-f7022dade8e1,1,3,fresh_ulong_01_qp3_BASELINE,True,40,3,1643,0.0009583676583133638,30.184678506862316,0.9837730526924133,0.10777662694454193,0.06407463550567627
fresh_ulong,0834e99f-94bc-4568-a7c2-f7022dade8e1,1,3,fresh_ulong_01_qp3_BASELINE,True,41,5,1395,0.0009849000489339232,30.06607840973444,0.9836339950561523,0.10559409111738205,0.06372374296188354
fresh_ulong,0834e99f-94bc-4568-a7c2-f7022dade8e1,1,3,fresh_ulong_01_qp3_BASELINE,True,42,3,627,0.0008966340683400631,30.473847637849648,0.9846460223197937,0.10121119022369385,0.05994689464569092
fresh_ulong,0834e99f-94bc-4568-a7c2-f7022dade8e1,1,3,fresh_ulong_01_qp3_BASELINE,True,43,4,293,0.001038141781464219,29.83743329818351,0.9826380610466003,0.10534201562404633,0.06233835220336914
fresh_ulong,0834e99f-94bc-4568-a7c2-f7022dade8e1,1,3,fresh_ulong_01_qp3_BASELINE,True,44,3,1682,0.0009034977992996573,30.440729009372266,0.9845059514045715,0.09991839528083801,0.06185370683670044
fresh_ulong,0834e99f-94bc-4568-a7c2-f7022dade8e1,1,3,fresh_ulong_01_qp3_BASELINE,True,45,4,1259,0.0010013356804847717,29.994203083911373,0.9830907583236694,0.10346593707799911,0.06266409158706665
fresh_ulong,0834e99f-94bc-4568-a7c2-f7022dade8e1,1,3,fresh_ulong_01_qp3_BASELINE,True,46,3,711,0.0009229840361513197,30.34805810427336,0.9841418266296387,0.10184856504201889,0.06176400184631348
fresh_ulong,0834e99f-94bc-4568-a7c2-f7022dade8e1,1,3,fresh_ulong_01_qp3_BASELINE,True,47,4,671,0.0010106833651661873,29.953848822916832,0.9825554490089417,0.10484069585800171,0.060665905475616455
fresh_ulong,0834e99f-94bc-4568-a7c2-f7022dade8e1,1,3,fresh_ulong_01_qp3_BASELINE,True,48,3,1483,0.000931573857087642,30.3078270764475,0.9836825728416443,0.10251200199127197,0.06233060359954834
fresh_ulong,0834e99f-94bc-4568-a7c2-f7022dade8e1,1,3,fresh_ulong_01_qp3_BASELINE,True,49,5,2566,0.0009904077742248774,30.04185959307687,0.9831185936927795,0.1002478078007698,0.06061595678329468
fresh_ulong,0834e99f-94bc-4568-a7c2-f7022dade8e1,1,3,fresh_ulong_01_qp3_BASELINE,True,50,3,585,0.0009210690041072667,30.35707832365127,0.983810544013977,0.10438067466020584,0.06480544805526733
fresh_ulong,0834e99f-94bc-4568-a7c2-f7022dade8e1,1,3,fresh_ulong_01_qp3_BASELINE,True,51,4,495,0.0010152157628908753,29.934416477264133,0.9822285771369934,0.10640690475702286,0.06890958547592163
fresh_ulong,0834e99f-94bc-4568-a7c2-f7022dade8e1,1,3,fresh_ulong_01_qp3_BASELINE,True,52,3,1957,0.0008851898019202054,30.529635981285274,0.9840289950370789,0.10041742771863937,0.06181877851486206
fresh_ulong,0834e99f-94bc-4568-a7c2-f7022dade8e1,1,3,fresh_ulong_01_qp3_BASELINE,True,53,4,1501,0.0010027902899309993,29.987898799888537,0.9825490713119507,0.10727380961179733,0.06541097164154053
fresh_ulong,0834e99f-94bc-4568-a7c2-f7022dade8e1,1,3,fresh_ulong_01_qp3_BASELINE,True,54,3,461,0.0009199572377838194,30.36232359421988,0.9836072325706482,0.10509176552295685,0.0625993013381958
fresh_ulong,0834e99f-94bc-4568-a7c2-f7022dade8e1,1,3,fresh_ulong_01_qp3_BASELINE,True,55,4,354,0.0010129421716555953,29.944153475792525,0.9820838570594788,0.11006312072277069,0.06509560346603394
fresh_ulong,0834e99f-94bc-4568-a7c2-f7022dade8e1,1,3,fresh_ulong_01_qp3_BASELINE,True,56,3,1595,0.0009183331276290119,30.369997488127247,0.9836393594741821,0.10384343564510345,0.06363606452941895
fresh_ulong,0834e99f-94bc-4568-a7c2-f7022dade8e1,1,3,fresh_ulong_01_qp3_BASELINE,True,57,5,2043,0.00099644111469388,30.01548361107137,0.982623279094696,0.10277820378541946,0.06251651048660278
fresh_ulong,0834e99f-94bc-4568-a7c2-f7022dade8e1,1,3,fresh_ulong_01_qp3_BASELINE,True,58,3,384,0.0008894882048480213,30.50859806549569,0.983847439289093,0.10131116211414337,0.06156933307647705
fresh_ulong,0834e99f-94bc-4568-a7c2-f7022dade8e1,1,3,fresh_ulong_01_qp3_BASELINE,True,59,4,308,0.001013620407320559,29.9412465434256,0.9819515347480774,0.10667957365512848,0.06551873683929443
fresh_ulong,0834e99f-94bc-4568-a7c2-f7022dade8e1,1,3,fresh_ulong_01_qp3_BASELINE,True,60,3,2243,0.0009070317028090358,30.423775331004286,0.9835095405578613,0.1041077971458435,0.06353020668029785
fresh_ulong,0834e99f-94bc-4568-a7c2-f7022dade8e1,1,3,fresh_ulong_01_qp3_BASELINE,True,61,4,890,0.0009820990962907672,30.078446885868644,0.9825156927108765,0.1049107164144516,0.06420689821243286
fresh_ulong,0834e99f-94bc-4568-a7c2-f7022dade8e1,1,3,fresh_ulong_01_qp3_BASELINE,True,62,3,501,0.0008823336684145033,30.5436714848759,0.9837402701377869,0.10380779951810837,0.062275230884552
fresh_ulong,0834e99f-94bc-4568-a7c2-f7022dade8e1,1,3,fresh_ulong_01_qp3_BASELINE,True,63,4,403,0.0010049997363239527,29.97834052186843,0.981781542301178,0.10919240862131119,0.06694340705871582
fresh_ulong,0834e99f-94bc-4568-a7c2-f7022dade8e1,1,3,fresh_ulong_01_qp3_T12185,False,0,3,7837,0.0010920932982116938,29.617402579978716,0.9816411137580872,0.12984858453273773,0.062172114849090576
fresh_ulong,0834e99f-94bc-4568-a7c2-f7022dade8e1,1,3,fresh_ulong_01_qp3_T12185,False,1,5,7104,0.0009541363106109202,30.20389576326008,0.9841533303260803,0.10315554589033127,0.057458698749542236
fresh_ulong,0834e99f-94bc-4568-a7c2-f7022dade8e1,1,3,fresh_ulong_01_qp3_T12185,False,2,3,1737,0.0010023805079981685,29.989673870968502,0.983396053314209,0.1018887609243393,0.054273903369903564
fresh_ulong,0834e99f-94bc-4568-a7c2-f7022dade8e1,1,3,fresh_ulong_01_qp3_T12185,False,3,4,1680,0.000915577111300081,30.38305072878582,0.9848172664642334,0.0974251851439476,0.05479753017425537
fresh_ulong,0834e99f-94bc-4568-a7c2-f7022dade8e1,1,3,fresh_ulong_01_qp3_T12185,False,4,3,1642,0.0009218165650963783,30.35355491844706,0.9847464561462402,0.09724965691566467,0.05563265085220337
fresh_ulong,0834e99f-94bc-4568-a7c2-f7022dade8e1,1,3,fresh_ulong_01_qp3_T12185,False,5,4,1506,0.0008650832460261881,30.629420988354607,0.9856714606285095,0.09435199201107025,0.0534210205078125
fresh_ulong,0834e99f-94bc-4568-a7c2-f7022dade8e1,1,3,fresh_ulong_01_qp3_T12185,False,6,3,1049,0.0008631189703010023,30.639293380227237,0.9855554103851318,0.09472775459289551,0.054810166358947754
fresh_ulong,0834e99f-94bc-4568-a7c2-f7022dade8e1,1,3,fresh_ulong_01_qp3_T12185,False,7,4,1438,0.0008629004005342722,30.640393294234144,0.9857075214385986,0.09333154559135437,0.05252426862716675
fresh_ulong,0834e99f-94bc-4568-a7c2-f7022dade8e1,1,3,fresh_ulong_01_qp3_T12185,False,8,3,1030,0.0008752088178880513,30.578883153926935,0.9854611158370972,0.09923628717660904,0.05837404727935791
fresh_ulong,0834e99f-94bc-4568-a7c2-f7022dade8e1,1,3,fresh_ulong_01_qp3_T12185,False,9,5,1497,0.0009063915349543095,30.426841591241377,0.9851775765419006,0.09449321031570435,0.05274677276611328
fresh_ulong,0834e99f-94bc-4568-a7c2-f7022dade8e1,1,3,fresh_ulong_01_qp3_T12185,False,10,3,472,0.0008776874165050685,30.566601281235137,0.9854234457015991,0.0991678461432457,0.05691248178482056
fresh_ulong,0834e99f-94bc-4568-a7c2-f7022dade8e1,1,3,fresh_ulong_01_qp3_T12185,False,11,4,297,0.0009537339792586863,30.20572744217127,0.9845119714736938,0.1000962108373642,0.05736130475997925
fresh_ulong,0834e99f-94bc-4568-a7c2-f7022dade8e1,1,3,fresh_ulong_01_qp3_T12185,False,12,3,314,0.000899621460121125,30.45940193186359,0.9851131439208984,0.10341443866491318,0.057596445083618164
fresh_ulong,0834e99f-94bc-4568-a7c2-f7022dade8e1,1,3,fresh_ulong_01_qp3_T12185,False,13,4,361,0.000974866037722677,30.110550592501934,0.9840479493141174,0.10175498574972153,0.05744200944900513
fresh_ulong,0834e99f-94bc-4568-a7c2-f7022dade8e1,1,3,fresh_ulong_01_qp3_T12185,False,14,3,787,0.0008990743663161993,30.462043844124654,0.9849909543991089,0.10004261136054993,0.05769103765487671
fresh_ulong,0834e99f-94bc-4568-a7c2-f7022dade8e1,1,3,fresh_ulong_01_qp3_T12185,False,15,4,688,0.0010474181035533547,29.798799240326055,0.9828683733940125,0.10808666795492172,0.06292581558227539
fresh_ulong,0834e99f-94bc-4568-a7c2-f7022dade8e1,1,3,fresh_ulong_01_qp3_T12185,False,16,3,687,0.000925673870369792,30.335419952254256,0.9844925999641418,0.10314975678920746,0.06202727556228638
fresh_ulong,0834e99f-94bc-4568-a7c2-f7022dade8e1,1,3,fresh_ulong_01_qp3_T12185,False,17,5,1537,0.0010266059543937445,29.885962211264477,0.9830806851387024,0.10196002572774887,0.059455811977386475
fresh_ulong,0834e99f-94bc-4568-a7c2-f7022dade8e1,1,3,fresh_ulong_01_qp3_T12185,False,18,3,742,0.0009548059897497296,30.20084865212941,0.9837886691093445,0.10491450875997543,0.0665084719657898
fresh_ulong,0834e99f-94bc-4568-a7c2-f7022dade8e1,1,3,fresh_ulong_01_qp3_T12185,False,19,4,598,0.001133422483690083,29.456081765139285,0.9811946749687195,0.11478589475154877,0.0713205337524414
fresh_ulong,0834e99f-94bc-4568-a7c2-f7022dade8e1,1,3,fresh_ulong_01_qp3_T12185,False,20,3,1195,0.0010130653390660882,29.943625433063062,0.9830396175384521,0.10865765064954758,0.06687545776367188
fresh_ulong,0834e99f-94bc-4568-a7c2-f7022dade8e1,1,3,fresh_ulong_01_qp3_T12185,False,21,4,852,0.0010891514830291271,29.629117128352178,0.9818827509880066,0.10841876268386841,0.06713986396789551
fresh_ulong,0834e99f-94bc-4568-a7c2-f7022dade8e1,1,3,fresh_ulong_01_qp3_T12185,False,22,3,1142,0.0010090278228744864,29.960968583872063,0.9829086065292358,0.10789857804775238,0.06723201274871826
fresh_ulong,0834e99f-94bc-4568-a7c2-f7022dade8e1,1,3,fresh_ulong_01_qp3_T12185,False,23,4,1191,0.0011018861550837755,29.57863273699263,0.9816184043884277,0.11569894850254059,0.0742231011390686
fresh_ulong,0834e99f-94bc-4568-a7c2-f7022dade8e1,1,3,fresh_ulong_01_qp3_T12185,False,24,3,1135,0.0010017636232078075,29.99234742787205,0.9830514788627625,0.10898140072822571,0.06637096405029297
fresh_ulong,0834e99f-94bc-4568-a7c2-f7022dade8e1,1,3,fresh_ulong_01_qp3_T12185,False,25,5,1960,0.001014176057651639,29.9388664635422,0.983057975769043,0.10516507923603058,0.06408017873764038
fresh_ulong,0834e99f-94bc-4568-a7c2-f7022dade8e1,1,3,fresh_ulong_01_qp3_T12185,False,26,3,757,0.0009306124993599951,30.312311186127477,0.984043538570404,0.10380353033542633,0.06340962648391724
fresh_ulong,0834e99f-94bc-4568-a7c2-f7022dade8e1,1,3,fresh_ulong_01_qp3_T12185,False,27,4,605,0.001050459803082049,29.78620561662276,0.9821068644523621,0.11011378467082977,0.06364703178405762
fresh_ulong,0834e99f-94bc-4568-a7c2-f7022dade8e1,1,3,fresh_ulong_01_qp3_T12185,False,28,3,1282,0.0009269516449421644,30.329429205292126,0.9839628338813782,0.10338940471410751,0.06280273199081421
fresh_ulong,0834e99f-94bc-4568-a7c2-f7022dade8e1,1,3,fresh_ulong_01_qp3_T12185,False,29,4,870,0.0010562737006694078,29.762235332332928,0.9822036027908325,0.10919734835624695,0.06488209962844849
fresh_ulong,0834e99f-94bc-4568-a7c2-f7022dade8e1,1,3,fresh_ulong_01_qp3_T12185,False,30,3,847,0.000973314221482724,30.117469309281777,0.9832869172096252,0.1088390126824379,0.06937116384506226
fresh_ulong,0834e99f-94bc-4568-a7c2-f7022dade8e1,1,3,fresh_ulong_01_qp3_T12185,False,31,4,456,0.0010220695985481143,29.905195296061674,0.9826213121414185,0.10948525369167328,0.07159388065338135
fresh_ulong,0834e99f-94bc-4568-a7c2-f7022dade8e1,1,3,fresh_ulong_01_qp3_T12185,False,32,3,1579,0.0008950166520662606,30.481688844235148,0.9844084978103638,0.10452712327241898,0.06673753261566162
fresh_ulong,0834e99f-94bc-4568-a7c2-f7022dade8e1,1,3,fresh_ulong_01_qp3_T12185,False,33,5,1819,0.000988696818239987,30.049368634599603,0.9833993315696716,0.10326217859983444,0.06305545568466187
fresh_ulong,0834e99f-94bc-4568-a7c2-f7022dade8e1,1,3,fresh_ulong_01_qp3_T12185,False,34,3,605,0.0009065384510904551,30.4261377045181,0.9843544960021973,0.10389995574951172,0.06514066457748413
fresh_ulong,0834e99f-94bc-4568-a7c2-f7022dade8e1,1,3,fresh_ulong_01_qp3_T12185,False,35,4,378,0.0010379737941548228,29.83813611032477,0.9824777245521545,0.11247317492961884,0.06902515888214111
fresh_ulong,0834e99f-94bc-4568-a7c2-f7022dade8e1,1,3,fresh_ulong_01_qp3_T12185,False,36,3,1549,0.0009181980858556926,30.370636169317677,0.9842668175697327,0.10450411587953568,0.06285417079925537
fresh_ulong,0834e99f-94bc-4568-a7c2-f7022dade8e1,1,3,fresh_ulong_01_qp3_T12185,False,37,4,771,0.0010194682981818914,29.916262746810695,0.9829407930374146,0.10764423757791519,0.062490642070770264
fresh_ulong,0834e99f-94bc-4568-a7c2-f7022dade8e1,1,3,fresh_ulong_01_qp3_T12185,False,38,3,651,0.0009398956317454576,30.26920368818945,0.9839629530906677,0.1051732525229454,0.06385034322738647
fresh_ulong,0834e99f-94bc-4568-a7c2-f7022dade8e1,1,3,fresh_ulong_01_qp3_T12185,False,39,4,372,0.0010374264093115926,29.840427005565186,0.982634961605072,0.11079546809196472,0.0662960410118103
fresh_ulong,0834e99f-94bc-4568-a7c2-f7022dade8e1,1,3,fresh_ulong_01_qp3_T12185,False,40,3,1640,0.0009352713241241872,30.29062381131478,0.9840990900993347,0.10696800798177719,0.061773061752319336
fresh_ulong,0834e99f-94bc-4568-a7c2-f7022dade8e1,1,3,fresh_ulong_01_qp3_T12185,False,41,5,1344,0.0009937623981386423,30.027174400616516,0.9835107922554016,0.10599777102470398,0.06047487258911133
fresh_ulong,0834e99f-94bc-4568-a7c2-f7022dade8e1,1,3,fresh_ulong_01_qp3_T12185,False,42,3,614,0.0008873662445694208,30.518970958764626,0.9847665429115295,0.10157079994678497,0.05725151300430298
fresh_ulong,0834e99f-94bc-4568-a7c2-f7022dade8e1,1,3,fresh_ulong_01_qp3_T12185,False,43,4,304,0.0010153476614505053,29.933852271132846,0.9829248785972595,0.1058565154671669,0.0616985559463501
fresh_ulong,0834e99f-94bc-4568-a7c2-f7022dade8e1,1,3,fresh_ulong_01_qp3_T12185,False,44,3,1695,0.0008977885008789599,30.468259614614283,0.9846307635307312,0.09910531342029572,0.0570683479309082
fresh_ulong,0834e99f-94bc-4568-a7c2-f7022dade8e1,1,3,fresh_ulong_01_qp3_T12185,False,45,4,1221,0.0009816421661525965,30.080467948877295,0.9834436178207397,0.10443709045648575,0.060942769050598145
fresh_ulong,0834e99f-94bc-4568-a7c2-f7022dade8e1,1,3,fresh_ulong_01_qp3_T12185,False,46,3,677,0.0009258621139451861,30.334536867647515,0.9841510057449341,0.10305086523294449,0.06415754556655884
fresh_ulong,0834e99f-94bc-4568-a7c2-f7022dade8e1,1,3,fresh_ulong_01_qp3_T12185,False,47,4,718,0.0010011836420744658,29.99486254763805,0.982764720916748,0.10503106564283371,0.06286251544952393
fresh_ulong,0834e99f-94bc-4568-a7c2-f7022dade8e1,1,3,fresh_ulong_01_qp3_T12185,False,48,3,1473,0.0009561963379383087,30.194529239075692,0.9833258986473083,0.10385318100452423,0.0627172589302063
fresh_ulong,0834e99f-94bc-4568-a7c2-f7022dade8e1,1,3,fresh_ulong_01_qp3_T12185,False,49,5,2619,0.0009856080869212747,30.06295741775757,0.9831910729408264,0.10110889375209808,0.0613972544670105
fresh_ulong,0834e99f-94bc-4568-a7c2-f7022dade8e1,1,3,fresh_ulong_01_qp3_T12185,False,50,3,544,0.0009140816982835531,30.390149864017534,0.983944296836853,0.10418059676885605,0.0637170672416687
fresh_ulong,0834e99f-94bc-4568-a7c2-f7022dade8e1,1,3,fresh_ulong_01_qp3_T12185,False,51,4,498,0.0010173422051593661,29.925329381154334,0.9822109341621399,0.10626831650733948,0.06757450103759766
fresh_ulong,0834e99f-94bc-4568-a7c2-f7022dade8e1,1,3,fresh_ulong_01_qp3_T12185,False,52,3,1997,0.0008919911924749613,30.4963943382837,0.9839767813682556,0.1011001244187355,0.0607684850692749
fresh_ulong,0834e99f-94bc-4568-a7c2-f7022dade8e1,1,3,fresh_ulong_01_qp3_T12185,False,53,4,1555,0.0010002846829593182,29.99876381356902,0.9825895428657532,0.10778720676898956,0.06258183717727661
fresh_ulong,0834e99f-94bc-4568-a7c2-f7022dade8e1,1,3,fresh_ulong_01_qp3_T12185,False,54,3,362,0.0009336101938970387,30.29834414964975,0.9834105372428894,0.10602747648954391,0.0623210072517395
fresh_ulong,0834e99f-94bc-4568-a7c2-f7022dade8e1,1,3,fresh_ulong_01_qp3_T12185,False,55,4,301,0.0010302814189344645,29.870441325793443,0.9818236231803894,0.11103828251361847,0.06464999914169312
fresh_ulong,0834e99f-94bc-4568-a7c2-f7022dade8e1,1,3,fresh_ulong_01_qp3_T12185,False,56,3,1702,0.0009108389494940639,30.405584062643317,0.9837675094604492,0.1032918244600296,0.06405693292617798
fresh_ulong,0834e99f-94bc-4568-a7c2-f7022dade8e1,1,3,fresh_ulong_01_qp3_T12185,False,57,5,2006,0.0009991476545110345,30.003703267881463,0.9826520085334778,0.10279989242553711,0.06267625093460083
fresh_ulong,0834e99f-94bc-4568-a7c2-f7022dade8e1,1,3,fresh_ulong_01_qp3_T12185,False,58,3,286,0.0009054943802766502,30.431142406811365,0.9835856556892395,0.10182034969329834,0.06224489212036133
fresh_ulong,0834e99f-94bc-4568-a7c2-f7022dade8e1,1,3,fresh_ulong_01_qp3_T12185,False,59,4,257,0.001038084039464593,29.837674861808864,0.9815201163291931,0.10669712722301483,0.06437402963638306
fresh_ulong,0834e99f-94bc-4568-a7c2-f7022dade8e1,1,3,fresh_ulong_01_qp3_T12185,False,60,3,2330,0.0009160451591014862,30.380831159990148,0.9833731055259705,0.10424350202083588,0.06133204698562622
fresh_ulong,0834e99f-94bc-4568-a7c2-f7022dade8e1,1,3,fresh_ulong_01_qp3_T12185,False,61,4,896,0.00097780826035887,30.097462982103274,0.9826275706291199,0.10537759959697723,0.06241929531097412
fresh_ulong,0834e99f-94bc-4568-a7c2-f7022dade8e1,1,3,fresh_ulong_01_qp3_T12185,False,62,3,405,0.000890709983650595,30.502636798050258,0.9836153388023376,0.10341595113277435,0.058863282203674316
fresh_ulong,0834e99f-94bc-4568-a7c2-f7022dade8e1,1,3,fresh_ulong_01_qp3_T12185,False,63,4,364,0.0010107604321092367,29.95351767595974,0.9816732406616211,0.10949225723743439,0.0658605694770813
fresh_ulong,0834e99f-94bc-4568-a7c2-f7022dade8e1,1,3,fresh_ulong_01_qp3_T12223,False,0,3,7837,0.0010920932982116938,29.617402579978716,0.9816411137580872,0.12984858453273773,0.062172114849090576
fresh_ulong,0834e99f-94bc-4568-a7c2-f7022dade8e1,1,3,fresh_ulong_01_qp3_T12223,False,1,5,7104,0.0009541363106109202,30.20389576326008,0.9841533303260803,0.10315554589033127,0.057458698749542236
fresh_ulong,0834e99f-94bc-4568-a7c2-f7022dade8e1,1,3,fresh_ulong_01_qp3_T12223,False,2,3,1737,0.0010023805079981685,29.989673870968502,0.983396053314209,0.1018887609243393,0.054273903369903564
fresh_ulong,0834e99f-94bc-4568-a7c2-f7022dade8e1,1,3,fresh_ulong_01_qp3_T12223,False,3,4,1680,0.000915577111300081,30.38305072878582,0.9848172664642334,0.0974251851439476,0.05479753017425537
fresh_ulong,0834e99f-94bc-4568-a7c2-f7022dade8e1,1,3,fresh_ulong_01_qp3_T12223,False,4,3,1642,0.0009218165650963783,30.35355491844706,0.9847464561462402,0.09724965691566467,0.05563265085220337
fresh_ulong,0834e99f-94bc-4568-a7c2-f7022dade8e1,1,3,fresh_ulong_01_qp3_T12223,False,5,4,1506,0.0008650832460261881,30.629420988354607,0.9856714606285095,0.09435199201107025,0.0534210205078125
fresh_ulong,0834e99f-94bc-4568-a7c2-f7022dade8e1,1,3,fresh_ulong_01_qp3_T12223,False,6,3,1049,0.0008631189703010023,30.639293380227237,0.9855554103851318,0.09472775459289551,0.054810166358947754
fresh_ulong,0834e99f-94bc-4568-a7c2-f7022dade8e1,1,3,fresh_ulong_01_qp3_T12223,False,7,4,1438,0.0008629004005342722,30.640393294234144,0.9857075214385986,0.09333154559135437,0.05252426862716675
fresh_ulong,0834e99f-94bc-4568-a7c2-f7022dade8e1,1,3,fresh_ulong_01_qp3_T12223,False,8,3,1030,0.0008752088178880513,30.578883153926935,0.9854611158370972,0.09923628717660904,0.05837404727935791
fresh_ulong,0834e99f-94bc-4568-a7c2-f7022dade8e1,1,3,fresh_ulong_01_qp3_T12223,False,9,5,1497,0.0009063915349543095,30.426841591241377,0.9851775765419006,0.09449321031570435,0.05274677276611328
fresh_ulong,0834e99f-94bc-4568-a7c2-f7022dade8e1,1,3,fresh_ulong_01_qp3_T12223,False,10,3,472,0.0008776874165050685,30.566601281235137,0.9854234457015991,0.0991678461432457,0.05691248178482056
fresh_ulong,0834e99f-94bc-4568-a7c2-f7022dade8e1,1,3,fresh_ulong_01_qp3_T12223,False,11,4,297,0.0009537339792586863,30.20572744217127,0.9845119714736938,0.1000962108373642,0.05736130475997925
fresh_ulong,0834e99f-94bc-4568-a7c2-f7022dade8e1,1,3,fresh_ulong_01_qp3_T12223,False,12,3,314,0.000899621460121125,30.45940193186359,0.9851131439208984,0.10341443866491318,0.057596445083618164
fresh_ulong,0834e99f-94bc-4568-a7c2-f7022dade8e1,1,3,fresh_ulong_01_qp3_T12223,False,13,4,361,0.000974866037722677,30.110550592501934,0.9840479493141174,0.10175498574972153,0.05744200944900513
fresh_ulong,0834e99f-94bc-4568-a7c2-f7022dade8e1,1,3,fresh_ulong_01_qp3_T12223,False,14,3,787,0.0008990743663161993,30.462043844124654,0.9849909543991089,0.10004261136054993,0.05769103765487671
fresh_ulong,0834e99f-94bc-4568-a7c2-f7022dade8e1,1,3,fresh_ulong_01_qp3_T12223,False,15,4,688,0.0010474181035533547,29.798799240326055,0.9828683733940125,0.10808666795492172,0.06292581558227539
fresh_ulong,0834e99f-94bc-4568-a7c2-f7022dade8e1,1,3,fresh_ulong_01_qp3_T12223,False,16,3,687,0.000925673870369792,30.335419952254256,0.9844925999641418,0.10314975678920746,0.06202727556228638
fresh_ulong,0834e99f-94bc-4568-a7c2-f7022dade8e1,1,3,fresh_ulong_01_qp3_T12223,False,17,5,1537,0.0010266059543937445,29.885962211264477,0.9830806851387024,0.10196002572774887,0.059455811977386475
fresh_ulong,0834e99f-94bc-4568-a7c2-f7022dade8e1,1,3,fresh_ulong_01_qp3_T12223,False,18,3,742,0.0009548059897497296,30.20084865212941,0.9837886691093445,0.10491450875997543,0.0665084719657898
fresh_ulong,0834e99f-94bc-4568-a7c2-f7022dade8e1,1,3,fresh_ulong_01_qp3_T12223,False,19,4,598,0.001133422483690083,29.456081765139285,0.9811946749687195,0.11478589475154877,0.0713205337524414
fresh_ulong,0834e99f-94bc-4568-a7c2-f7022dade8e1,1,3,fresh_ulong_01_qp3_T12223,False,20,3,1195,0.0010130653390660882,29.943625433063062,0.9830396175384521,0.10865765064954758,0.06687545776367188
fresh_ulong,0834e99f-94bc-4568-a7c2-f7022dade8e1,1,3,fresh_ulong_01_qp3_T12223,False,21,4,852,0.0010891514830291271,29.629117128352178,0.9818827509880066,0.10841876268386841,0.06713986396789551
fresh_ulong,0834e99f-94bc-4568-a7c2-f7022dade8e1,1,3,fresh_ulong_01_qp3_T12223,False,22,3,1142,0.0010090278228744864,29.960968583872063,0.9829086065292358,0.10789857804775238,0.06723201274871826
fresh_ulong,0834e99f-94bc-4568-a7c2-f7022dade8e1,1,3,fresh_ulong_01_qp3_T12223,False,23,4,1191,0.0011018861550837755,29.57863273699263,0.9816184043884277,0.11569894850254059,0.0742231011390686
fresh_ulong,0834e99f-94bc-4568-a7c2-f7022dade8e1,1,3,fresh_ulong_01_qp3_T12223,False,24,3,1135,0.0010017636232078075,29.99234742787205,0.9830514788627625,0.10898140072822571,0.06637096405029297
fresh_ulong,0834e99f-94bc-4568-a7c2-f7022dade8e1,1,3,fresh_ulong_01_qp3_T12223,False,25,5,1960,0.001014176057651639,29.9388664635422,0.983057975769043,0.10516507923603058,0.06408017873764038
fresh_ulong,0834e99f-94bc-4568-a7c2-f7022dade8e1,1,3,fresh_ulong_01_qp3_T12223,False,26,3,757,0.0009306124993599951,30.312311186127477,0.984043538570404,0.10380353033542633,0.06340962648391724
fresh_ulong,0834e99f-94bc-4568-a7c2-f7022dade8e1,1,3,fresh_ulong_01_qp3_T12223,False,27,4,605,0.001050459803082049,29.78620561662276,0.9821068644523621,0.11011378467082977,0.06364703178405762
fresh_ulong,0834e99f-94bc-4568-a7c2-f7022dade8e1,1,3,fresh_ulong_01_qp3_T12223,False,28,3,1282,0.0009269516449421644,30.329429205292126,0.9839628338813782,0.10338940471410751,0.06280273199081421
fresh_ulong,0834e99f-94bc-4568-a7c2-f7022dade8e1,1,3,fresh_ulong_01_qp3_T12223,False,29,4,870,0.0010562737006694078,29.762235332332928,0.9822036027908325,0.10919734835624695,0.06488209962844849
fresh_ulong,0834e99f-94bc-4568-a7c2-f7022dade8e1,1,3,fresh_ulong_01_qp3_T12223,False,30,3,847,0.000973314221482724,30.117469309281777,0.9832869172096252,0.1088390126824379,0.06937116384506226
fresh_ulong,0834e99f-94bc-4568-a7c2-f7022dade8e1,1,3,fresh_ulong_01_qp3_T12223,False,31,4,456,0.0010220695985481143,29.905195296061674,0.9826213121414185,0.10948525369167328,0.07159388065338135
fresh_ulong,0834e99f-94bc-4568-a7c2-f7022dade8e1,1,3,fresh_ulong_01_qp3_T12223,False,32,3,1579,0.0008950166520662606,30.481688844235148,0.9844084978103638,0.10452712327241898,0.06673753261566162
fresh_ulong,0834e99f-94bc-4568-a7c2-f7022dade8e1,1,3,fresh_ulong_01_qp3_T12223,False,33,5,1819,0.000988696818239987,30.049368634599603,0.9833993315696716,0.10326217859983444,0.06305545568466187
fresh_ulong,0834e99f-94bc-4568-a7c2-f7022dade8e1,1,3,fresh_ulong_01_qp3_T12223,False,34,3,605,0.0009065384510904551,30.4261377045181,0.9843544960021973,0.10389995574951172,0.06514066457748413
fresh_ulong,0834e99f-94bc-4568-a7c2-f7022dade8e1,1,3,fresh_ulong_01_qp3_T12223,False,35,4,378,0.0010379737941548228,29.83813611032477,0.9824777245521545,0.11247317492961884,0.06902515888214111
fresh_ulong,0834e99f-94bc-4568-a7c2-f7022dade8e1,1,3,fresh_ulong_01_qp3_T12223,False,36,3,1549,0.0009181980858556926,30.370636169317677,0.9842668175697327,0.10450411587953568,0.06285417079925537
fresh_ulong,0834e99f-94bc-4568-a7c2-f7022dade8e1,1,3,fresh_ulong_01_qp3_T12223,False,37,4,771,0.0010194682981818914,29.916262746810695,0.9829407930374146,0.10764423757791519,0.062490642070770264
fresh_ulong,0834e99f-94bc-4568-a7c2-f7022dade8e1,1,3,fresh_ulong_01_qp3_T12223,False,38,3,651,0.0009398956317454576,30.26920368818945,0.9839629530906677,0.1051732525229454,0.06385034322738647
fresh_ulong,0834e99f-94bc-4568-a7c2-f7022dade8e1,1,3,fresh_ulong_01_qp3_T12223,False,39,4,372,0.0010374264093115926,29.840427005565186,0.982634961605072,0.11079546809196472,0.0662960410118103
fresh_ulong,0834e99f-94bc-4568-a7c2-f7022dade8e1,1,3,fresh_ulong_01_qp3_T12223,False,40,3,1640,0.0009352713241241872,30.29062381131478,0.9840990900993347,0.10696800798177719,0.061773061752319336
fresh_ulong,0834e99f-94bc-4568-a7c2-f7022dade8e1,1,3,fresh_ulong_01_qp3_T12223,False,41,5,1344,0.0009937623981386423,30.027174400616516,0.9835107922554016,0.10599777102470398,0.06047487258911133
fresh_ulong,0834e99f-94bc-4568-a7c2-f7022dade8e1,1,3,fresh_ulong_01_qp3_T12223,False,42,3,614,0.0008873662445694208,30.518970958764626,0.9847665429115295,0.10157079994678497,0.05725151300430298
fresh_ulong,0834e99f-94bc-4568-a7c2-f7022dade8e1,1,3,fresh_ulong_01_qp3_T12223,False,43,4,304,0.0010153476614505053,29.933852271132846,0.9829248785972595,0.1058565154671669,0.0616985559463501
fresh_ulong,0834e99f-94bc-4568-a7c2-f7022dade8e1,1,3,fresh_ulong_01_qp3_T12223,False,44,3,1695,0.0008977885008789599,30.468259614614283,0.9846307635307312,0.09910531342029572,0.0570683479309082
fresh_ulong,0834e99f-94bc-4568-a7c2-f7022dade8e1,1,3,fresh_ulong_01_qp3_T12223,False,45,4,1221,0.0009816421661525965,30.080467948877295,0.9834436178207397,0.10443709045648575,0.060942769050598145
fresh_ulong,0834e99f-94bc-4568-a7c2-f7022dade8e1,1,3,fresh_ulong_01_qp3_T12223,False,46,3,677,0.0009258621139451861,30.334536867647515,0.9841510057449341,0.10305086523294449,0.06415754556655884
fresh_ulong,0834e99f-94bc-4568-a7c2-f7022dade8e1,1,3,fresh_ulong_01_qp3_T12223,False,47,4,718,0.0010011836420744658,29.99486254763805,0.982764720916748,0.10503106564283371,0.06286251544952393
fresh_ulong,0834e99f-94bc-4568-a7c2-f7022dade8e1,1,3,fresh_ulong_01_qp3_T12223,False,48,3,1473,0.0009561963379383087,30.194529239075692,0.9833258986473083,0.10385318100452423,0.0627172589302063
fresh_ulong,0834e99f-94bc-4568-a7c2-f7022dade8e1,1,3,fresh_ulong_01_qp3_T12223,False,49,5,2619,0.0009856080869212747,30.06295741775757,0.9831910729408264,0.10110889375209808,0.0613972544670105
fresh_ulong,0834e99f-94bc-4568-a7c2-f7022dade8e1,1,3,fresh_ulong_01_qp3_T12223,False,50,3,544,0.0009140816982835531,30.390149864017534,0.983944296836853,0.10418059676885605,0.0637170672416687
fresh_ulong,0834e99f-94bc-4568-a7c2-f7022dade8e1,1,3,fresh_ulong_01_qp3_T12223,False,51,4,498,0.0010173422051593661,29.925329381154334,0.9822109341621399,0.10626831650733948,0.06757450103759766
fresh_ulong,0834e99f-94bc-4568-a7c2-f7022dade8e1,1,3,fresh_ulong_01_qp3_T12223,False,52,3,1997,0.0008919911924749613,30.4963943382837,0.9839767813682556,0.1011001244187355,0.0607684850692749
fresh_ulong,0834e99f-94bc-4568-a7c2-f7022dade8e1,1,3,fresh_ulong_01_qp3_T12223,False,53,4,1555,0.0010002846829593182,29.99876381356902,0.9825895428657532,0.10778720676898956,0.06258183717727661
fresh_ulong,0834e99f-94bc-4568-a7c2-f7022dade8e1,1,3,fresh_ulong_01_qp3_T12223,False,54,3,362,0.0009336101938970387,30.29834414964975,0.9834105372428894,0.10602747648954391,0.0623210072517395
fresh_ulong,0834e99f-94bc-4568-a7c2-f7022dade8e1,1,3,fresh_ulong_01_qp3_T12223,False,55,4,301,0.0010302814189344645,29.870441325793443,0.9818236231803894,0.11103828251361847,0.06464999914169312
fresh_ulong,0834e99f-94bc-4568-a7c2-f7022dade8e1,1,3,fresh_ulong_01_qp3_T12223,False,56,3,1702,0.0009108389494940639,30.405584062643317,0.9837675094604492,0.1032918244600296,0.06405693292617798
fresh_ulong,0834e99f-94bc-4568-a7c2-f7022dade8e1,1,3,fresh_ulong_01_qp3_T12223,False,57,5,2006,0.0009991476545110345,30.003703267881463,0.9826520085334778,0.10279989242553711,0.06267625093460083
fresh_ulong,0834e99f-94bc-4568-a7c2-f7022dade8e1,1,3,fresh_ulong_01_qp3_T12223,False,58,3,286,0.0009054943802766502,30.431142406811365,0.9835856556892395,0.10182034969329834,0.06224489212036133
fresh_ulong,0834e99f-94bc-4568-a7c2-f7022dade8e1,1,3,fresh_ulong_01_qp3_T12223,False,59,4,257,0.001038084039464593,29.837674861808864,0.9815201163291931,0.10669712722301483,0.06437402963638306
fresh_ulong,0834e99f-94bc-4568-a7c2-f7022dade8e1,1,3,fresh_ulong_01_qp3_T12223,False,60,3,2330,0.0009160451591014862,30.380831159990148,0.9833731055259705,0.10424350202083588,0.06133204698562622
fresh_ulong,0834e99f-94bc-4568-a7c2-f7022dade8e1,1,3,fresh_ulong_01_qp3_T12223,False,61,4,896,0.00097780826035887,30.097462982103274,0.9826275706291199,0.10537759959697723,0.06241929531097412
fresh_ulong,0834e99f-94bc-4568-a7c2-f7022dade8e1,1,3,fresh_ulong_01_qp3_T12223,False,62,3,405,0.000890709983650595,30.502636798050258,0.9836153388023376,0.10341595113277435,0.058863282203674316
fresh_ulong,0834e99f-94bc-4568-a7c2-f7022dade8e1,1,3,fresh_ulong_01_qp3_T12223,False,63,4,364,0.0010107604321092367,29.95351767595974,0.9816732406616211,0.10949225723743439,0.0658605694770813
fresh_ulong,0834e99f-94bc-4568-a7c2-f7022dade8e1,1,3,fresh_ulong_01_qp3_T12187,False,0,3,7837,0.0010920932982116938,29.617402579978716,0.9816411137580872,0.12984858453273773,0.062172114849090576
fresh_ulong,0834e99f-94bc-4568-a7c2-f7022dade8e1,1,3,fresh_ulong_01_qp3_T12187,False,1,5,7104,0.0009541363106109202,30.20389576326008,0.9841533303260803,0.10315554589033127,0.057458698749542236
fresh_ulong,0834e99f-94bc-4568-a7c2-f7022dade8e1,1,3,fresh_ulong_01_qp3_T12187,False,2,3,1737,0.0010023805079981685,29.989673870968502,0.983396053314209,0.1018887609243393,0.054273903369903564
fresh_ulong,0834e99f-94bc-4568-a7c2-f7022dade8e1,1,3,fresh_ulong_01_qp3_T12187,False,3,4,1680,0.000915577111300081,30.38305072878582,0.9848172664642334,0.0974251851439476,0.05479753017425537
fresh_ulong,0834e99f-94bc-4568-a7c2-f7022dade8e1,1,3,fresh_ulong_01_qp3_T12187,False,4,3,1642,0.0009218165650963783,30.35355491844706,0.9847464561462402,0.09724965691566467,0.05563265085220337
fresh_ulong,0834e99f-94bc-4568-a7c2-f7022dade8e1,1,3,fresh_ulong_01_qp3_T12187,False,5,4,1506,0.0008650832460261881,30.629420988354607,0.9856714606285095,0.09435199201107025,0.0534210205078125
fresh_ulong,0834e99f-94bc-4568-a7c2-f7022dade8e1,1,3,fresh_ulong_01_qp3_T12187,False,6,3,1049,0.0008631189703010023,30.639293380227237,0.9855554103851318,0.09472775459289551,0.054810166358947754
fresh_ulong,0834e99f-94bc-4568-a7c2-f7022dade8e1,1,3,fresh_ulong_01_qp3_T12187,False,7,4,1438,0.0008629004005342722,30.640393294234144,0.9857075214385986,0.09333154559135437,0.05252426862716675
fresh_ulong,0834e99f-94bc-4568-a7c2-f7022dade8e1,1,3,fresh_ulong_01_qp3_T12187,False,8,3,1030,0.0008752088178880513,30.578883153926935,0.9854611158370972,0.09923628717660904,0.05837404727935791
fresh_ulong,0834e99f-94bc-4568-a7c2-f7022dade8e1,1,3,fresh_ulong_01_qp3_T12187,False,9,5,1497,0.0009063915349543095,30.426841591241377,0.9851775765419006,0.09449321031570435,0.05274677276611328
fresh_ulong,0834e99f-94bc-4568-a7c2-f7022dade8e1,1,3,fresh_ulong_01_qp3_T12187,False,10,3,472,0.0008776874165050685,30.566601281235137,0.9854234457015991,0.0991678461432457,0.05691248178482056
fresh_ulong,0834e99f-94bc-4568-a7c2-f7022dade8e1,1,3,fresh_ulong_01_qp3_T12187,False,11,4,297,0.0009537339792586863,30.20572744217127,0.9845119714736938,0.1000962108373642,0.05736130475997925
fresh_ulong,0834e99f-94bc-4568-a7c2-f7022dade8e1,1,3,fresh_ulong_01_qp3_T12187,False,12,3,314,0.000899621460121125,30.45940193186359,0.9851131439208984,0.10341443866491318,0.057596445083618164
fresh_ulong,0834e99f-94bc-4568-a7c2-f7022dade8e1,1,3,fresh_ulong_01_qp3_T12187,False,13,4,361,0.000974866037722677,30.110550592501934,0.9840479493141174,0.10175498574972153,0.05744200944900513
fresh_ulong,0834e99f-94bc-4568-a7c2-f7022dade8e1,1,3,fresh_ulong_01_qp3_T12187,False,14,3,787,0.0008990743663161993,30.462043844124654,0.9849909543991089,0.10004261136054993,0.05769103765487671
fresh_ulong,0834e99f-94bc-4568-a7c2-f7022dade8e1,1,3,fresh_ulong_01_qp3_T12187,False,15,4,688,0.0010474181035533547,29.798799240326055,0.9828683733940125,0.10808666795492172,0.06292581558227539
fresh_ulong,0834e99f-94bc-4568-a7c2-f7022dade8e1,1,3,fresh_ulong_01_qp3_T12187,False,16,3,687,0.000925673870369792,30.335419952254256,0.9844925999641418,0.10314975678920746,0.06202727556228638
fresh_ulong,0834e99f-94bc-4568-a7c2-f7022dade8e1,1,3,fresh_ulong_01_qp3_T12187,False,17,5,1537,0.0010266059543937445,29.885962211264477,0.9830806851387024,0.10196002572774887,0.059455811977386475
fresh_ulong,0834e99f-94bc-4568-a7c2-f7022dade8e1,1,3,fresh_ulong_01_qp3_T12187,False,18,3,742,0.0009548059897497296,30.20084865212941,0.9837886691093445,0.10491450875997543,0.0665084719657898
fresh_ulong,0834e99f-94bc-4568-a7c2-f7022dade8e1,1,3,fresh_ulong_01_qp3_T12187,False,19,4,598,0.001133422483690083,29.456081765139285,0.9811946749687195,0.11478589475154877,0.0713205337524414
fresh_ulong,0834e99f-94bc-4568-a7c2-f7022dade8e1,1,3,fresh_ulong_01_qp3_T12187,False,20,3,1195,0.0010130653390660882,29.943625433063062,0.9830396175384521,0.10865765064954758,0.06687545776367188
fresh_ulong,0834e99f-94bc-4568-a7c2-f7022dade8e1,1,3,fresh_ulong_01_qp3_T12187,False,21,4,852,0.0010891514830291271,29.629117128352178,0.9818827509880066,0.10841876268386841,0.06713986396789551
fresh_ulong,0834e99f-94bc-4568-a7c2-f7022dade8e1,1,3,fresh_ulong_01_qp3_T12187,False,22,3,1142,0.0010090278228744864,29.960968583872063,0.9829086065292358,0.10789857804775238,0.06723201274871826
fresh_ulong,0834e99f-94bc-4568-a7c2-f7022dade8e1,1,3,fresh_ulong_01_qp3_T12187,False,23,4,1191,0.0011018861550837755,29.57863273699263,0.9816184043884277,0.11569894850254059,0.0742231011390686
fresh_ulong,0834e99f-94bc-4568-a7c2-f7022dade8e1,1,3,fresh_ulong_01_qp3_T12187,False,24,3,1135,0.0010017636232078075,29.99234742787205,0.9830514788627625,0.10898140072822571,0.06637096405029297
fresh_ulong,0834e99f-94bc-4568-a7c2-f7022dade8e1,1,3,fresh_ulong_01_qp3_T12187,False,25,5,1960,0.001014176057651639,29.9388664635422,0.983057975769043,0.10516507923603058,0.06408017873764038
fresh_ulong,0834e99f-94bc-4568-a7c2-f7022dade8e1,1,3,fresh_ulong_01_qp3_T12187,False,26,3,757,0.0009306124993599951,30.312311186127477,0.984043538570404,0.10380353033542633,0.06340962648391724
fresh_ulong,0834e99f-94bc-4568-a7c2-f7022dade8e1,1,3,fresh_ulong_01_qp3_T12187,False,27,4,605,0.001050459803082049,29.78620561662276,0.9821068644523621,0.11011378467082977,0.06364703178405762
fresh_ulong,0834e99f-94bc-4568-a7c2-f7022dade8e1,1,3,fresh_ulong_01_qp3_T12187,False,28,3,1282,0.0009269516449421644,30.329429205292126,0.9839628338813782,0.10338940471410751,0.06280273199081421
fresh_ulong,0834e99f-94bc-4568-a7c2-f7022dade8e1,1,3,fresh_ulong_01_qp3_T12187,False,29,4,870,0.0010562737006694078,29.762235332332928,0.9822036027908325,0.10919734835624695,0.06488209962844849
fresh_ulong,0834e99f-94bc-4568-a7c2-f7022dade8e1,1,3,fresh_ulong_01_qp3_T12187,False,30,3,847,0.000973314221482724,30.117469309281777,0.9832869172096252,0.1088390126824379,0.06937116384506226
fresh_ulong,0834e99f-94bc-4568-a7c2-f7022dade8e1,1,3,fresh_ulong_01_qp3_T12187,False,31,4,456,0.0010220695985481143,29.905195296061674,0.9826213121414185,0.10948525369167328,0.07159388065338135
fresh_ulong,0834e99f-94bc-4568-a7c2-f7022dade8e1,1,3,fresh_ulong_01_qp3_T12187,False,32,3,1579,0.0008950166520662606,30.481688844235148,0.9844084978103638,0.10452712327241898,0.06673753261566162
fresh_ulong,0834e99f-94bc-4568-a7c2-f7022dade8e1,1,3,fresh_ulong_01_qp3_T12187,False,33,5,1819,0.000988696818239987,30.049368634599603,0.9833993315696716,0.10326217859983444,0.06305545568466187
fresh_ulong,0834e99f-94bc-4568-a7c2-f7022dade8e1,1,3,fresh_ulong_01_qp3_T12187,False,34,3,605,0.0009065384510904551,30.4261377045181,0.9843544960021973,0.10389995574951172,0.06514066457748413
fresh_ulong,0834e99f-94bc-4568-a7c2-f7022dade8e1,1,3,fresh_ulong_01_qp3_T12187,False,35,4,378,0.0010379737941548228,29.83813611032477,0.9824777245521545,0.11247317492961884,0.06902515888214111
fresh_ulong,0834e99f-94bc-4568-a7c2-f7022dade8e1,1,3,fresh_ulong_01_qp3_T12187,False,36,3,1549,0.0009181980858556926,30.370636169317677,0.9842668175697327,0.10450411587953568,0.06285417079925537
fresh_ulong,0834e99f-94bc-4568-a7c2-f7022dade8e1,1,3,fresh_ulong_01_qp3_T12187,False,37,4,771,0.0010194682981818914,29.916262746810695,0.9829407930374146,0.10764423757791519,0.062490642070770264
fresh_ulong,0834e99f-94bc-4568-a7c2-f7022dade8e1,1,3,fresh_ulong_01_qp3_T12187,False,38,3,651,0.0009398956317454576,30.26920368818945,0.9839629530906677,0.1051732525229454,0.06385034322738647
fresh_ulong,0834e99f-94bc-4568-a7c2-f7022dade8e1,1,3,fresh_ulong_01_qp3_T12187,False,39,4,372,0.0010374264093115926,29.840427005565186,0.982634961605072,0.11079546809196472,0.0662960410118103
fresh_ulong,0834e99f-94bc-4568-a7c2-f7022dade8e1,1,3,fresh_ulong_01_qp3_T12187,False,40,3,1640,0.0009352713241241872,30.29062381131478,0.9840990900993347,0.10696800798177719,0.061773061752319336
fresh_ulong,0834e99f-94bc-4568-a7c2-f7022dade8e1,1,3,fresh_ulong_01_qp3_T12187,False,41,5,1344,0.0009937623981386423,30.027174400616516,0.9835107922554016,0.10599777102470398,0.06047487258911133
fresh_ulong,0834e99f-94bc-4568-a7c2-f7022dade8e1,1,3,fresh_ulong_01_qp3_T12187,False,42,3,614,0.0008873662445694208,30.518970958764626,0.9847665429115295,0.10157079994678497,0.05725151300430298
fresh_ulong,0834e99f-94bc-4568-a7c2-f7022dade8e1,1,3,fresh_ulong_01_qp3_T12187,False,43,4,304,0.0010153476614505053,29.933852271132846,0.9829248785972595,0.1058565154671669,0.0616985559463501
fresh_ulong,0834e99f-94bc-4568-a7c2-f7022dade8e1,1,3,fresh_ulong_01_qp3_T12187,False,44,3,1695,0.0008977885008789599,30.468259614614283,0.9846307635307312,0.09910531342029572,0.0570683479309082
fresh_ulong,0834e99f-94bc-4568-a7c2-f7022dade8e1,1,3,fresh_ulong_01_qp3_T12187,False,45,4,1221,0.0009816421661525965,30.080467948877295,0.9834436178207397,0.10443709045648575,0.060942769050598145
fresh_ulong,0834e99f-94bc-4568-a7c2-f7022dade8e1,1,3,fresh_ulong_01_qp3_T12187,False,46,3,677,0.0009258621139451861,30.334536867647515,0.9841510057449341,0.10305086523294449,0.06415754556655884
fresh_ulong,0834e99f-94bc-4568-a7c2-f7022dade8e1,1,3,fresh_ulong_01_qp3_T12187,False,47,4,718,0.0010011836420744658,29.99486254763805,0.982764720916748,0.10503106564283371,0.06286251544952393
fresh_ulong,0834e99f-94bc-4568-a7c2-f7022dade8e1,1,3,fresh_ulong_01_qp3_T12187,False,48,3,1473,0.0009561963379383087,30.194529239075692,0.9833258986473083,0.10385318100452423,0.0627172589302063
fresh_ulong,0834e99f-94bc-4568-a7c2-f7022dade8e1,1,3,fresh_ulong_01_qp3_T12187,False,49,5,2619,0.0009856080869212747,30.06295741775757,0.9831910729408264,0.10110889375209808,0.0613972544670105
fresh_ulong,0834e99f-94bc-4568-a7c2-f7022dade8e1,1,3,fresh_ulong_01_qp3_T12187,False,50,3,544,0.0009140816982835531,30.390149864017534,0.983944296836853,0.10418059676885605,0.0637170672416687
fresh_ulong,0834e99f-94bc-4568-a7c2-f7022dade8e1,1,3,fresh_ulong_01_qp3_T12187,False,51,4,498,0.0010173422051593661,29.925329381154334,0.9822109341621399,0.10626831650733948,0.06757450103759766
fresh_ulong,0834e99f-94bc-4568-a7c2-f7022dade8e1,1,3,fresh_ulong_01_qp3_T12187,False,52,3,1997,0.0008919911924749613,30.4963943382837,0.9839767813682556,0.1011001244187355,0.0607684850692749
fresh_ulong,0834e99f-94bc-4568-a7c2-f7022dade8e1,1,3,fresh_ulong_01_qp3_T12187,False,53,4,1555,0.0010002846829593182,29.99876381356902,0.9825895428657532,0.10778720676898956,0.06258183717727661
fresh_ulong,0834e99f-94bc-4568-a7c2-f7022dade8e1,1,3,fresh_ulong_01_qp3_T12187,False,54,3,362,0.0009336101938970387,30.29834414964975,0.9834105372428894,0.10602747648954391,0.0623210072517395
fresh_ulong,0834e99f-94bc-4568-a7c2-f7022dade8e1,1,3,fresh_ulong_01_qp3_T12187,False,55,4,301,0.0010302814189344645,29.870441325793443,0.9818236231803894,0.11103828251361847,0.06464999914169312
fresh_ulong,0834e99f-94bc-4568-a7c2-f7022dade8e1,1,3,fresh_ulong_01_qp3_T12187,False,56,3,1702,0.0009108389494940639,30.405584062643317,0.9837675094604492,0.1032918244600296,0.06405693292617798
fresh_ulong,0834e99f-94bc-4568-a7c2-f7022dade8e1,1,3,fresh_ulong_01_qp3_T12187,False,57,5,2006,0.0009991476545110345,30.003703267881463,0.9826520085334778,0.10279989242553711,0.06267625093460083
fresh_ulong,0834e99f-94bc-4568-a7c2-f7022dade8e1,1,3,fresh_ulong_01_qp3_T12187,False,58,3,286,0.0009054943802766502,30.431142406811365,0.9835856556892395,0.10182034969329834,0.06224489212036133
fresh_ulong,0834e99f-94bc-4568-a7c2-f7022dade8e1,1,3,fresh_ulong_01_qp3_T12187,False,59,4,257,0.001038084039464593,29.837674861808864,0.9815201163291931,0.10669712722301483,0.06437402963638306
fresh_ulong,0834e99f-94bc-4568-a7c2-f7022dade8e1,1,3,fresh_ulong_01_qp3_T12187,False,60,3,2330,0.0009160451591014862,30.380831159990148,0.9833731055259705,0.10424350202083588,0.06133204698562622
fresh_ulong,0834e99f-94bc-4568-a7c2-f7022dade8e1,1,3,fresh_ulong_01_qp3_T12187,False,61,4,896,0.00097780826035887,30.097462982103274,0.9826275706291199,0.10537759959697723,0.06241929531097412
fresh_ulong,0834e99f-94bc-4568-a7c2-f7022dade8e1,1,3,fresh_ulong_01_qp3_T12187,False,62,3,405,0.000890709983650595,30.502636798050258,0.9836153388023376,0.10341595113277435,0.058863282203674316
fresh_ulong,0834e99f-94bc-4568-a7c2-f7022dade8e1,1,3,fresh_ulong_01_qp3_T12187,False,63,4,363,0.0010126130655407906,29.945564732995024,0.981648862361908,0.10951152443885803,0.06583863496780396
fresh_ulong,0834e99f-94bc-4568-a7c2-f7022dade8e1,1,3,fresh_ulong_01_qp3_T12225,False,0,3,7837,0.0010920932982116938,29.617402579978716,0.9816411137580872,0.12984858453273773,0.062172114849090576
fresh_ulong,0834e99f-94bc-4568-a7c2-f7022dade8e1,1,3,fresh_ulong_01_qp3_T12225,False,1,5,7104,0.0009541363106109202,30.20389576326008,0.9841533303260803,0.10315554589033127,0.057458698749542236
fresh_ulong,0834e99f-94bc-4568-a7c2-f7022dade8e1,1,3,fresh_ulong_01_qp3_T12225,False,2,3,1737,0.0010023805079981685,29.989673870968502,0.983396053314209,0.1018887609243393,0.054273903369903564
fresh_ulong,0834e99f-94bc-4568-a7c2-f7022dade8e1,1,3,fresh_ulong_01_qp3_T12225,False,3,4,1680,0.000915577111300081,30.38305072878582,0.9848172664642334,0.0974251851439476,0.05479753017425537
fresh_ulong,0834e99f-94bc-4568-a7c2-f7022dade8e1,1,3,fresh_ulong_01_qp3_T12225,False,4,3,1642,0.0009218165650963783,30.35355491844706,0.9847464561462402,0.09724965691566467,0.05563265085220337
fresh_ulong,0834e99f-94bc-4568-a7c2-f7022dade8e1,1,3,fresh_ulong_01_qp3_T12225,False,5,4,1506,0.0008650832460261881,30.629420988354607,0.9856714606285095,0.09435199201107025,0.0534210205078125
fresh_ulong,0834e99f-94bc-4568-a7c2-f7022dade8e1,1,3,fresh_ulong_01_qp3_T12225,False,6,3,1049,0.0008631189703010023,30.639293380227237,0.9855554103851318,0.09472775459289551,0.054810166358947754
fresh_ulong,0834e99f-94bc-4568-a7c2-f7022dade8e1,1,3,fresh_ulong_01_qp3_T12225,False,7,4,1438,0.0008629004005342722,30.640393294234144,0.9857075214385986,0.09333154559135437,0.05252426862716675
fresh_ulong,0834e99f-94bc-4568-a7c2-f7022dade8e1,1,3,fresh_ulong_01_qp3_T12225,False,8,3,1030,0.0008752088178880513,30.578883153926935,0.9854611158370972,0.09923628717660904,0.05837404727935791
fresh_ulong,0834e99f-94bc-4568-a7c2-f7022dade8e1,1,3,fresh_ulong_01_qp3_T12225,False,9,5,1497,0.0009063915349543095,30.426841591241377,0.9851775765419006,0.09449321031570435,0.05274677276611328
fresh_ulong,0834e99f-94bc-4568-a7c2-f7022dade8e1,1,3,fresh_ulong_01_qp3_T12225,False,10,3,472,0.0008776874165050685,30.566601281235137,0.9854234457015991,0.0991678461432457,0.05691248178482056
fresh_ulong,0834e99f-94bc-4568-a7c2-f7022dade8e1,1,3,fresh_ulong_01_qp3_T12225,False,11,4,297,0.0009537339792586863,30.20572744217127,0.9845119714736938,0.1000962108373642,0.05736130475997925
fresh_ulong,0834e99f-94bc-4568-a7c2-f7022dade8e1,1,3,fresh_ulong_01_qp3_T12225,False,12,3,314,0.000899621460121125,30.45940193186359,0.9851131439208984,0.10341443866491318,0.057596445083618164
fresh_ulong,0834e99f-94bc-4568-a7c2-f7022dade8e1,1,3,fresh_ulong_01_qp3_T12225,False,13,4,361,0.000974866037722677,30.110550592501934,0.9840479493141174,0.10175498574972153,0.05744200944900513
fresh_ulong,0834e99f-94bc-4568-a7c2-f7022dade8e1,1,3,fresh_ulong_01_qp3_T12225,False,14,3,787,0.0008990743663161993,30.462043844124654,0.9849909543991089,0.10004261136054993,0.05769103765487671
fresh_ulong,0834e99f-94bc-4568-a7c2-f7022dade8e1,1,3,fresh_ulong_01_qp3_T12225,False,15,4,688,0.0010474181035533547,29.798799240326055,0.9828683733940125,0.10808666795492172,0.06292581558227539
fresh_ulong,0834e99f-94bc-4568-a7c2-f7022dade8e1,1,3,fresh_ulong_01_qp3_T12225,False,16,3,687,0.000925673870369792,30.335419952254256,0.9844925999641418,0.10314975678920746,0.06202727556228638
fresh_ulong,0834e99f-94bc-4568-a7c2-f7022dade8e1,1,3,fresh_ulong_01_qp3_T12225,False,17,5,1537,0.0010266059543937445,29.885962211264477,0.9830806851387024,0.10196002572774887,0.059455811977386475
fresh_ulong,0834e99f-94bc-4568-a7c2-f7022dade8e1,1,3,fresh_ulong_01_qp3_T12225,False,18,3,742,0.0009548059897497296,30.20084865212941,0.9837886691093445,0.10491450875997543,0.0665084719657898
fresh_ulong,0834e99f-94bc-4568-a7c2-f7022dade8e1,1,3,fresh_ulong_01_qp3_T12225,False,19,4,598,0.001133422483690083,29.456081765139285,0.9811946749687195,0.11478589475154877,0.0713205337524414
fresh_ulong,0834e99f-94bc-4568-a7c2-f7022dade8e1,1,3,fresh_ulong_01_qp3_T12225,False,20,3,1195,0.0010130653390660882,29.943625433063062,0.9830396175384521,0.10865765064954758,0.06687545776367188
fresh_ulong,0834e99f-94bc-4568-a7c2-f7022dade8e1,1,3,fresh_ulong_01_qp3_T12225,False,21,4,852,0.0010891514830291271,29.629117128352178,0.9818827509880066,0.10841876268386841,0.06713986396789551
fresh_ulong,0834e99f-94bc-4568-a7c2-f7022dade8e1,1,3,fresh_ulong_01_qp3_T12225,False,22,3,1142,0.0010090278228744864,29.960968583872063,0.9829086065292358,0.10789857804775238,0.06723201274871826
fresh_ulong,0834e99f-94bc-4568-a7c2-f7022dade8e1,1,3,fresh_ulong_01_qp3_T12225,False,23,4,1191,0.0011018861550837755,29.57863273699263,0.9816184043884277,0.11569894850254059,0.0742231011390686
fresh_ulong,0834e99f-94bc-4568-a7c2-f7022dade8e1,1,3,fresh_ulong_01_qp3_T12225,False,24,3,1135,0.0010017636232078075,29.99234742787205,0.9830514788627625,0.10898140072822571,0.06637096405029297
fresh_ulong,0834e99f-94bc-4568-a7c2-f7022dade8e1,1,3,fresh_ulong_01_qp3_T12225,False,25,5,1960,0.001014176057651639,29.9388664635422,0.983057975769043,0.10516507923603058,0.06408017873764038
fresh_ulong,0834e99f-94bc-4568-a7c2-f7022dade8e1,1,3,fresh_ulong_01_qp3_T12225,False,26,3,757,0.0009306124993599951,30.312311186127477,0.984043538570404,0.10380353033542633,0.06340962648391724
fresh_ulong,0834e99f-94bc-4568-a7c2-f7022dade8e1,1,3,fresh_ulong_01_qp3_T12225,False,27,4,605,0.001050459803082049,29.78620561662276,0.9821068644523621,0.11011378467082977,0.06364703178405762
fresh_ulong,0834e99f-94bc-4568-a7c2-f7022dade8e1,1,3,fresh_ulong_01_qp3_T12225,False,28,3,1282,0.0009269516449421644,30.329429205292126,0.9839628338813782,0.10338940471410751,0.06280273199081421
fresh_ulong,0834e99f-94bc-4568-a7c2-f7022dade8e1,1,3,fresh_ulong_01_qp3_T12225,False,29,4,870,0.0010562737006694078,29.762235332332928,0.9822036027908325,0.10919734835624695,0.06488209962844849
fresh_ulong,0834e99f-94bc-4568-a7c2-f7022dade8e1,1,3,fresh_ulong_01_qp3_T12225,False,30,3,847,0.000973314221482724,30.117469309281777,0.9832869172096252,0.1088390126824379,0.06937116384506226
fresh_ulong,0834e99f-94bc-4568-a7c2-f7022dade8e1,1,3,fresh_ulong_01_qp3_T12225,False,31,4,456,0.0010220695985481143,29.905195296061674,0.9826213121414185,0.10948525369167328,0.07159388065338135
fresh_ulong,0834e99f-94bc-4568-a7c2-f7022dade8e1,1,3,fresh_ulong_01_qp3_T12225,False,32,3,1579,0.0008950166520662606,30.481688844235148,0.9844084978103638,0.10452712327241898,0.06673753261566162
fresh_ulong,0834e99f-94bc-4568-a7c2-f7022dade8e1,1,3,fresh_ulong_01_qp3_T12225,False,33,5,1819,0.000988696818239987,30.049368634599603,0.9833993315696716,0.10326217859983444,0.06305545568466187
fresh_ulong,0834e99f-94bc-4568-a7c2-f7022dade8e1,1,3,fresh_ulong_01_qp3_T12225,False,34,3,605,0.0009065384510904551,30.4261377045181,0.9843544960021973,0.10389995574951172,0.06514066457748413
fresh_ulong,0834e99f-94bc-4568-a7c2-f7022dade8e1,1,3,fresh_ulong_01_qp3_T12225,False,35,4,378,0.0010379737941548228,29.83813611032477,0.9824777245521545,0.11247317492961884,0.06902515888214111
fresh_ulong,0834e99f-94bc-4568-a7c2-f7022dade8e1,1,3,fresh_ulong_01_qp3_T12225,False,36,3,1549,0.0009181980858556926,30.370636169317677,0.9842668175697327,0.10450411587953568,0.06285417079925537
fresh_ulong,0834e99f-94bc-4568-a7c2-f7022dade8e1,1,3,fresh_ulong_01_qp3_T12225,False,37,4,771,0.0010194682981818914,29.916262746810695,0.9829407930374146,0.10764423757791519,0.062490642070770264
fresh_ulong,0834e99f-94bc-4568-a7c2-f7022dade8e1,1,3,fresh_ulong_01_qp3_T12225,False,38,3,651,0.0009398956317454576,30.26920368818945,0.9839629530906677,0.1051732525229454,0.06385034322738647
fresh_ulong,0834e99f-94bc-4568-a7c2-f7022dade8e1,1,3,fresh_ulong_01_qp3_T12225,False,39,4,372,0.0010374264093115926,29.840427005565186,0.982634961605072,0.11079546809196472,0.0662960410118103
fresh_ulong,0834e99f-94bc-4568-a7c2-f7022dade8e1,1,3,fresh_ulong_01_qp3_T12225,False,40,3,1640,0.0009352713241241872,30.29062381131478,0.9840990900993347,0.10696800798177719,0.061773061752319336
fresh_ulong,0834e99f-94bc-4568-a7c2-f7022dade8e1,1,3,fresh_ulong_01_qp3_T12225,False,41,5,1344,0.0009937623981386423,30.027174400616516,0.9835107922554016,0.10599777102470398,0.06047487258911133
fresh_ulong,0834e99f-94bc-4568-a7c2-f7022dade8e1,1,3,fresh_ulong_01_qp3_T12225,False,42,3,614,0.0008873662445694208,30.518970958764626,0.9847665429115295,0.10157079994678497,0.05725151300430298
fresh_ulong,0834e99f-94bc-4568-a7c2-f7022dade8e1,1,3,fresh_ulong_01_qp3_T12225,False,43,4,304,0.0010153476614505053,29.933852271132846,0.9829248785972595,0.1058565154671669,0.0616985559463501
fresh_ulong,0834e99f-94bc-4568-a7c2-f7022dade8e1,1,3,fresh_ulong_01_qp3_T12225,False,44,3,1695,0.0008977885008789599,30.468259614614283,0.9846307635307312,0.09910531342029572,0.0570683479309082
fresh_ulong,0834e99f-94bc-4568-a7c2-f7022dade8e1,1,3,fresh_ulong_01_qp3_T12225,False,45,4,1221,0.0009816421661525965,30.080467948877295,0.9834436178207397,0.10443709045648575,0.060942769050598145
fresh_ulong,0834e99f-94bc-4568-a7c2-f7022dade8e1,1,3,fresh_ulong_01_qp3_T12225,False,46,3,677,0.0009258621139451861,30.334536867647515,0.9841510057449341,0.10305086523294449,0.06415754556655884
fresh_ulong,0834e99f-94bc-4568-a7c2-f7022dade8e1,1,3,fresh_ulong_01_qp3_T12225,False,47,4,718,0.0010011836420744658,29.99486254763805,0.982764720916748,0.10503106564283371,0.06286251544952393
fresh_ulong,0834e99f-94bc-4568-a7c2-f7022dade8e1,1,3,fresh_ulong_01_qp3_T12225,False,48,3,1473,0.0009561963379383087,30.194529239075692,0.9833258986473083,0.10385318100452423,0.0627172589302063
fresh_ulong,0834e99f-94bc-4568-a7c2-f7022dade8e1,1,3,fresh_ulong_01_qp3_T12225,False,49,5,2619,0.0009856080869212747,30.06295741775757,0.9831910729408264,0.10110889375209808,0.0613972544670105
fresh_ulong,0834e99f-94bc-4568-a7c2-f7022dade8e1,1,3,fresh_ulong_01_qp3_T12225,False,50,3,544,0.0009140816982835531,30.390149864017534,0.983944296836853,0.10418059676885605,0.0637170672416687
fresh_ulong,0834e99f-94bc-4568-a7c2-f7022dade8e1,1,3,fresh_ulong_01_qp3_T12225,False,51,4,498,0.0010173422051593661,29.925329381154334,0.9822109341621399,0.10626831650733948,0.06757450103759766
fresh_ulong,0834e99f-94bc-4568-a7c2-f7022dade8e1,1,3,fresh_ulong_01_qp3_T12225,False,52,3,1997,0.0008919911924749613,30.4963943382837,0.9839767813682556,0.1011001244187355,0.0607684850692749
fresh_ulong,0834e99f-94bc-4568-a7c2-f7022dade8e1,1,3,fresh_ulong_01_qp3_T12225,False,53,4,1555,0.0010002846829593182,29.99876381356902,0.9825895428657532,0.10778720676898956,0.06258183717727661
fresh_ulong,0834e99f-94bc-4568-a7c2-f7022dade8e1,1,3,fresh_ulong_01_qp3_T12225,False,54,3,362,0.0009336101938970387,30.29834414964975,0.9834105372428894,0.10602747648954391,0.0623210072517395
fresh_ulong,0834e99f-94bc-4568-a7c2-f7022dade8e1,1,3,fresh_ulong_01_qp3_T12225,False,55,4,301,0.0010302814189344645,29.870441325793443,0.9818236231803894,0.11103828251361847,0.06464999914169312
fresh_ulong,0834e99f-94bc-4568-a7c2-f7022dade8e1,1,3,fresh_ulong_01_qp3_T12225,False,56,3,1702,0.0009108389494940639,30.405584062643317,0.9837675094604492,0.1032918244600296,0.06405693292617798
fresh_ulong,0834e99f-94bc-4568-a7c2-f7022dade8e1,1,3,fresh_ulong_01_qp3_T12225,False,57,5,2006,0.0009991476545110345,30.003703267881463,0.9826520085334778,0.10279989242553711,0.06267625093460083
fresh_ulong,0834e99f-94bc-4568-a7c2-f7022dade8e1,1,3,fresh_ulong_01_qp3_T12225,False,58,3,286,0.0009054943802766502,30.431142406811365,0.9835856556892395,0.10182034969329834,0.06224489212036133
fresh_ulong,0834e99f-94bc-4568-a7c2-f7022dade8e1,1,3,fresh_ulong_01_qp3_T12225,False,59,4,257,0.001038084039464593,29.837674861808864,0.9815201163291931,0.10669712722301483,0.06437402963638306
fresh_ulong,0834e99f-94bc-4568-a7c2-f7022dade8e1,1,3,fresh_ulong_01_qp3_T12225,False,60,3,2330,0.0009160451591014862,30.380831159990148,0.9833731055259705,0.10424350202083588,0.06133204698562622
fresh_ulong,0834e99f-94bc-4568-a7c2-f7022dade8e1,1,3,fresh_ulong_01_qp3_T12225,False,61,4,896,0.00097780826035887,30.097462982103274,0.9826275706291199,0.10537759959697723,0.06241929531097412
fresh_ulong,0834e99f-94bc-4568-a7c2-f7022dade8e1,1,3,fresh_ulong_01_qp3_T12225,False,62,3,405,0.000890709983650595,30.502636798050258,0.9836153388023376,0.10341595113277435,0.058863282203674316
fresh_ulong,0834e99f-94bc-4568-a7c2-f7022dade8e1,1,3,fresh_ulong_01_qp3_T12225,False,63,4,363,0.0010126130655407906,29.945564732995024,0.981648862361908,0.10951152443885803,0.06583863496780396
fresh_ulong,98881c99-ebda-4469-bbe4-0ee789ff217d,10,1,fresh_ulong_10_qp1_BASELINE,True,0,1,3263,0.0010389668168500066,29.83398322980907,0.9722991585731506,0.07660476118326187,0.07413256168365479
fresh_ulong,98881c99-ebda-4469-bbe4-0ee789ff217d,10,1,fresh_ulong_10_qp1_BASELINE,True,1,3,1717,0.0015878543490543962,27.991893371123368,0.9710007309913635,0.07475720345973969,0.07804697751998901
fresh_ulong,98881c99-ebda-4469-bbe4-0ee789ff217d,10,1,fresh_ulong_10_qp1_BASELINE,True,2,1,890,0.0014783263904973865,28.3022967017475,0.9750620722770691,0.06964485347270966,0.07399898767471313
fresh_ulong,98881c99-ebda-4469-bbe4-0ee789ff217d,10,1,fresh_ulong_10_qp1_BASELINE,True,3,2,785,0.0013306577457115054,28.759336336784173,0.978891909122467,0.06289028376340866,0.06651902198791504
fresh_ulong,98881c99-ebda-4469-bbe4-0ee789ff217d,10,1,fresh_ulong_10_qp1_BASELINE,True,4,1,677,0.0013370674569159746,28.73846681423621,0.9786043167114258,0.06400733441114426,0.06843537092208862
fresh_ulong,98881c99-ebda-4469-bbe4-0ee789ff217d,10,1,fresh_ulong_10_qp1_BASELINE,True,5,2,728,0.0013468259712681174,28.706885175663363,0.9801893830299377,0.061126261949539185,0.060035884380340576
fresh_ulong,98881c99-ebda-4469-bbe4-0ee789ff217d,10,1,fresh_ulong_10_qp1_BASELINE,True,6,1,621,0.0013520956272259355,28.689925917465374,0.9797651171684265,0.06493251025676727,0.0641787052154541
fresh_ulong,98881c99-ebda-4469-bbe4-0ee789ff217d,10,1,fresh_ulong_10_qp1_BASELINE,True,7,2,720,0.0013463441282510757,28.708439193849703,0.9809162020683289,0.06263884902000427,0.06251370906829834
fresh_ulong,98881c99-ebda-4469-bbe4-0ee789ff217d,10,1,fresh_ulong_10_qp1_BASELINE,True,8,1,383,0.0013751666992902756,28.616446529655526,0.9802954196929932,0.0684577152132988,0.06588846445083618
fresh_ulong,98881c99-ebda-4469-bbe4-0ee789ff217d,10,1,fresh_ulong_10_qp1_BASELINE,True,9,3,900,0.001290474901907146,28.892504375123846,0.9822744131088257,0.06447155028581619,0.06265395879745483
fresh_ulong,98881c99-ebda-4469-bbe4-0ee789ff217d,10,1,fresh_ulong_10_qp1_BASELINE,True,10,1,190,0.001419626991264522,28.478257520366142,0.9803743362426758,0.074418805539608,0.06889551877975464
fresh_ulong,98881c99-ebda-4469-bbe4-0ee789ff217d,10,1,fresh_ulong_10_qp1_BASELINE,True,11,2,345,0.001536400057375431,28.134956852885374,0.9788861870765686,0.07585252821445465,0.06331932544708252
fresh_ulong,98881c99-ebda-4469-bbe4-0ee789ff217d,10,1,fresh_ulong_10_qp1_BASELINE,True,12,1,591,0.0015974828274920583,27.965638016925823,0.9787463545799255,0.07909075915813446,0.07197636365890503
fresh_ulong,98881c99-ebda-4469-bbe4-0ee789ff217d,10,1,fresh_ulong_10_qp1_BASELINE,True,13,2,643,0.0015640929341316223,28.057374459171832,0.9799239635467529,0.0738363191485405,0.07105386257171631
fresh_ulong,98881c99-ebda-4469-bbe4-0ee789ff217d,10,1,fresh_ulong_10_qp1_BASELINE,True,14,1,241,0.0017594597302377224,27.546206686615164,0.9775785207748413,0.07671482861042023,0.07146906852722168
fresh_ulong,98881c99-ebda-4469-bbe4-0ee789ff217d,10,1,fresh_ulong_10_qp1_BASELINE,True,15,2,342,0.001634495216421783,27.866163461051254,0.9785024523735046,0.07973229885101318,0.07480299472808838
fresh_ulong,98881c99-ebda-4469-bbe4-0ee789ff217d,10,1,fresh_ulong_10_qp1_BASELINE,True,16,1,674,0.001539495773613453,28.1262149903027,0.980619490146637,0.07991057634353638,0.07540315389633179
fresh_ulong,98881c99-ebda-4469-bbe4-0ee789ff217d,10,1,fresh_ulong_10_qp1_BASELINE,True,17,3,1245,0.0013352460227906704,28.7443870696125,0.9837929606437683,0.07017798721790314,0.06479108333587646
fresh_ulong,98881c99-ebda-4469-bbe4-0ee789ff217d,10,1,fresh_ulong_10_qp1_BASELINE,True,18,1,141,0.001499478006735444,28.240598997767336,0.9815527200698853,0.07832325249910355,0.07806503772735596
fresh_ulong,98881c99-ebda-4469-bbe4-0ee789ff217d,10,1,fresh_ulong_10_qp1_BASELINE,True,19,2,178,0.0015534317353740335,28.0870782680023,0.9809462428092957,0.08231328427791595,0.0770336389541626
fresh_ulong,98881c99-ebda-4469-bbe4-0ee789ff217d,10,1,fresh_ulong_10_qp1_BASELINE,True,20,1,848,0.0014562434516847134,28.36766014525074,0.9830721616744995,0.0795779898762703,0.07430762052536011
fresh_ulong,98881c99-ebda-4469-bbe4-0ee789ff217d,10,1,fresh_ulong_10_qp1_BASELINE,True,21,2,654,0.0014333792496472597,28.43638886896562,0.9837384819984436,0.07607409358024597,0.07285857200622559
fresh_ulong,98881c99-ebda-4469-bbe4-0ee789ff217d,10,1,fresh_ulong_10_qp1_BASELINE,True,22,1,183,0.001619831775315106,27.905300859795577,0.9817895889282227,0.08469916135072708,0.07843673229217529
fresh_ulong,98881c99-ebda-4469-bbe4-0ee789ff217d,10,1,fresh_ulong_10_qp1_BASELINE,True,23,2,258,0.001619155053049326,27.90711560474923,0.9816129207611084,0.08615357428789139,0.0785871148109436
fresh_ulong,98881c99-ebda-4469-bbe4-0ee789ff217d,10,1,fresh_ulong_10_qp1_BASELINE,True,24,1,804,0.0015813199570402503,28.009802480195553,0.9826323986053467,0.08581356704235077,0.0762220025062561
fresh_ulong,98881c99-ebda-4469-bbe4-0ee789ff217d,10,1,fresh_ulong_10_qp1_BASELINE,True,25,3,1147,0.001336154993623495,28.741431608940616,0.9858411550521851,0.0711280107498169,0.06845319271087646
fresh_ulong,98881c99-ebda-4469-bbe4-0ee789ff217d,10,1,fresh_ulong_10_qp1_BASELINE,True,26,1,144,0.001506370259448886,28.220682672643203,0.983814537525177,0.08041665703058243,0.07483309507369995
fresh_ulong,98881c99-ebda-4469-bbe4-0ee789ff217d,10,1,fresh_ulong_10_qp1_BASELINE,True,27,2,207,0.0015454007079824805,28.109588931309702,0.9834445118904114,0.08203582465648651,0.07378202676773071
fresh_ulong,98881c99-ebda-4469-bbe4-0ee789ff217d,10,1,fresh_ulong_10_qp1_BASELINE,True,28,1,799,0.001430913689546287,28.44386561407413,0.9849738478660583,0.07941095530986786,0.07861793041229248
fresh_ulong,98881c99-ebda-4469-bbe4-0ee789ff217d,10,1,fresh_ulong_10_qp1_BASELINE,True,29,2,613,0.0013840579194948077,28.588457353195338,0.9858155846595764,0.07385209202766418,0.07088971138000488
fresh_ulong,98881c99-ebda-4469-bbe4-0ee789ff217d,10,1,fresh_ulong_10_qp1_BASELINE,True,30,1,171,0.0015515632694587111,28.092305101110465,0.9838843941688538,0.08029653877019882,0.07580149173736572
fresh_ulong,98881c99-ebda-4469-bbe4-0ee789ff217d,10,1,fresh_ulong_10_qp1_BASELINE,True,31,2,220,0.0015452239895239472,28.110085580751075,0.983791172504425,0.07832857966423035,0.07572132349014282
fresh_ulong,98881c99-ebda-4469-bbe4-0ee789ff217d,10,1,fresh_ulong_10_qp1_BASELINE,True,32,1,684,0.0014543691650032997,28.373253417753503,0.9848792552947998,0.07905107736587524,0.08070886135101318
fresh_ulong,98881c99-ebda-4469-bbe4-0ee789ff217d,10,1,fresh_ulong_10_qp1_BASELINE,True,33,3,1030,0.0012690165312960744,28.965327203766105,0.987042248249054,0.07019254565238953,0.07022285461425781
fresh_ulong,98881c99-ebda-4469-bbe4-0ee789ff217d,10,1,fresh_ulong_10_qp1_BASELINE,True,34,1,111,0.0015026060864329338,28.231548563461985,0.9840043187141418,0.07776962965726852,0.07531994581222534
fresh_ulong,98881c99-ebda-4469-bbe4-0ee789ff217d,10,1,fresh_ulong_10_qp1_BASELINE,True,35,2,173,0.0015543248737230897,28.084582029615326,0.9831046462059021,0.08100441843271255,0.07504856586456299
fresh_ulong,98881c99-ebda-4469-bbe4-0ee789ff217d,10,1,fresh_ulong_10_qp1_BASELINE,True,36,1,765,0.0014561928110197186,28.367811173183274,0.9841417670249939,0.08141361176967621,0.07760632038116455
fresh_ulong,98881c99-ebda-4469-bbe4-0ee789ff217d,10,1,fresh_ulong_10_qp1_BASELINE,True,37,2,653,0.0013923373771831393,28.56255518104932,0.9849435091018677,0.07565979659557343,0.07140827178955078
fresh_ulong,98881c99-ebda-4469-bbe4-0ee789ff217d,10,1,fresh_ulong_10_qp1_BASELINE,True,38,1,144,0.0014864581171423197,28.278473230888657,0.9835619330406189,0.08210204541683197,0.07992815971374512
fresh_ulong,98881c99-ebda-4469-bbe4-0ee789ff217d,10,1,fresh_ulong_10_qp1_BASELINE,True,39,2,225,0.0014815866015851498,28.2927295809461,0.9836370348930359,0.07884828746318817,0.07680398225784302
fresh_ulong,98881c99-ebda-4469-bbe4-0ee789ff217d,10,1,fresh_ulong_10_qp1_BASELINE,True,40,1,727,0.0014442940009757876,28.403443926355077,0.9839360117912292,0.07681473344564438,0.077839195728302
fresh_ulong,98881c99-ebda-4469-bbe4-0ee789ff217d,10,1,fresh_ulong_10_qp1_BASELINE,True,41,3,1145,0.0012726571876555681,28.95288565364119,0.9863710403442383,0.06808145344257355,0.06837451457977295
fresh_ulong,98881c99-ebda-4469-bbe4-0ee789ff217d,10,1,fresh_ulong_10_qp1_BASELINE,True,42,1,129,0.0014453171752393246,28.400368364086294,0.9832070469856262,0.07869281619787216,0.07907283306121826
fresh_ulong,98881c99-ebda-4469-bbe4-0ee789ff217d,10,1,fresh_ulong_10_qp1_BASELINE,True,43,2,213,0.0014207864878699183,28.474711818240873,0.9830650687217712,0.07885077595710754,0.07641226053237915
fresh_ulong,98881c99-ebda-4469-bbe4-0ee789ff217d,10,1,fresh_ulong_10_qp1_BASELINE,True,44,1,762,0.001330172992311418,28.760918742805437,0.9841650724411011,0.07531595975160599,0.07663524150848389
fresh_ulong,98881c99-ebda-4469-bbe4-0ee789ff217d,10,1,fresh_ulong_10_qp1_BASELINE,True,45,2,710,0.0013003334170207381,28.859452764573632,0.9849473834037781,0.07096125185489655,0.07054388523101807
fresh_ulong,98881c99-ebda-4469-bbe4-0ee789ff217d,10,1,fresh_ulong_10_qp1_BASELINE,True,46,1,146,0.0013947789557278156,28.55494613834226,0.9834653735160828,0.08004631847143173,0.08117938041687012
fresh_ulong,98881c99-ebda-4469-bbe4-0ee789ff217d,10,1,fresh_ulong_10_qp1_BASELINE,True,47,2,187,0.0014331405982375145,28.43711201058745,0.9825910925865173,0.0779929906129837,0.07761794328689575
fresh_ulong,98881c99-ebda-4469-bbe4-0ee789ff217d,10,1,fresh_ulong_10_qp1_BASELINE,True,48,1,622,0.0013256623642519116,28.77567073226782,0.9835906624794006,0.07544045150279999,0.07832515239715576
fresh_ulong,98881c99-ebda-4469-bbe4-0ee789ff217d,10,1,fresh_ulong_10_qp1_BASELINE,True,49,3,954,0.0012160686310380697,29.150419141751055,0.9855287671089172,0.07074199616909027,0.06892967224121094
fresh_ulong,98881c99-ebda-4469-bbe4-0ee789ff217d,10,1,fresh_ulong_10_qp1_BASELINE,True,50,1,80,0.0013085060054436326,28.832242798066407,0.9839723706245422,0.07778868824243546,0.07576709985733032
fresh_ulong,98881c99-ebda-4469-bbe4-0ee789ff217d,10,1,fresh_ulong_10_qp1_BASELINE,True,51,2,112,0.001408601296134293,28.512119163244115,0.9821588397026062,0.07869735360145569,0.0731346607208252
fresh_ulong,98881c99-ebda-4469-bbe4-0ee789ff217d,10,1,fresh_ulong_10_qp1_BASELINE,True,52,1,663,0.0013465610099956393,28.707739647892765,0.9830951690673828,0.07562489807605743,0.0693238377571106
fresh_ulong,98881c99-ebda-4469-bbe4-0ee789ff217d,10,1,fresh_ulong_10_qp1_BASELINE,True,53,2,475,0.0013224512804299593,28.78620318559446,0.9833101034164429,0.0757443979382515,0.07014346122741699
fresh_ulong,98881c99-ebda-4469-bbe4-0ee789ff217d,10,1,fresh_ulong_10_qp1_BASELINE,True,54,1,102,0.0013994636246934533,28.540383853723217,0.9817435145378113,0.08182869851589203,0.07703763246536255
fresh_ulong,98881c99-ebda-4469-bbe4-0ee789ff217d,10,1,fresh_ulong_10_qp1_BASELINE,True,55,2,141,0.0014764623483642936,28.3077762360992,0.9801433682441711,0.08082957565784454,0.07610756158828735
fresh_ulong,98881c99-ebda-4469-bbe4-0ee789ff217d,10,1,fresh_ulong_10_qp1_BASELINE,True,56,1,584,0.0013371204258874059,28.73829476849361,0.9821264147758484,0.07931879907846451,0.08069729804992676
fresh_ulong,98881c99-ebda-4469-bbe4-0ee789ff217d,10,1,fresh_ulong_10_qp1_BASELINE,True,57,3,886,0.001278767711482942,28.932083380727146,0.983258843421936,0.07678524404764175,0.0756329894065857
fresh_ulong,98881c99-ebda-4469-bbe4-0ee789ff217d,10,1,fresh_ulong_10_qp1_BASELINE,True,58,1,84,0.0013594689080491662,28.666307205642262,0.981246292591095,0.08221598714590073,0.08333033323287964
fresh_ulong,98881c99-ebda-4469-bbe4-0ee789ff217d,10,1,fresh_ulong_10_qp1_BASELINE,True,59,2,106,0.001425283495336771,28.46098743925657,0.9792604446411133,0.07999813556671143,0.07921469211578369
fresh_ulong,98881c99-ebda-4469-bbe4-0ee789ff217d,10,1,fresh_ulong_10_qp1_BASELINE,True,60,1,688,0.0013206142466515303,28.792240219132495,0.9809736013412476,0.07629542052745819,0.08203178644180298
fresh_ulong,98881c99-ebda-4469-bbe4-0ee789ff217d,10,1,fresh_ulong_10_qp1_BASELINE,True,61,2,479,0.0012901847949251533,28.89348080655435,0.981220006942749,0.07322439551353455,0.08006519079208374
fresh_ulong,98881c99-ebda-4469-bbe4-0ee789ff217d,10,1,fresh_ulong_10_qp1_BASELINE,True,62,1,83,0.0013969477731734514,28.54819830282789,0.9789264798164368,0.0795588344335556,0.08400923013687134
fresh_ulong,98881c99-ebda-4469-bbe4-0ee789ff217d,10,1,fresh_ulong_10_qp1_BASELINE,True,63,2,121,0.0015425602905452251,28.11757852682467,0.9755862951278687,0.07753085345029831,0.08340752124786377
fresh_ulong,98881c99-ebda-4469-bbe4-0ee789ff217d,10,1,fresh_ulong_10_qp1_T13240,False,0,1,3263,0.0010389668168500066,29.83398322980907,0.9722991585731506,0.07660476118326187,0.07413256168365479
fresh_ulong,98881c99-ebda-4469-bbe4-0ee789ff217d,10,1,fresh_ulong_10_qp1_T13240,False,1,3,1718,0.0015865915920585394,27.995348515324178,0.9710150957107544,0.0747271329164505,0.07807368040084839
fresh_ulong,98881c99-ebda-4469-bbe4-0ee789ff217d,10,1,fresh_ulong_10_qp1_T13240,False,2,1,888,0.001470818417146802,28.324409406639646,0.9752151966094971,0.06963128596544266,0.07381546497344971
fresh_ulong,98881c99-ebda-4469-bbe4-0ee789ff217d,10,1,fresh_ulong_10_qp1_T13240,False,3,2,786,0.0013239564141258597,28.781263120384686,0.9790036082267761,0.06292053312063217,0.06621932983398438
fresh_ulong,98881c99-ebda-4469-bbe4-0ee789ff217d,10,1,fresh_ulong_10_qp1_T13240,False,4,1,668,0.0013313012896105647,28.757236472992428,0.9786681532859802,0.06404745578765869,0.06868737936019897
fresh_ulong,98881c99-ebda-4469-bbe4-0ee789ff217d,10,1,fresh_ulong_10_qp1_T13240,False,5,2,720,0.001329432358033955,28.763337548197626,0.9803856015205383,0.06076494976878166,0.06079190969467163
fresh_ulong,98881c99-ebda-4469-bbe4-0ee789ff217d,10,1,fresh_ulong_10_qp1_T13240,False,6,1,608,0.001347485464066267,28.704759110464995,0.979748547077179,0.06552974879741669,0.06420516967773438
fresh_ulong,98881c99-ebda-4469-bbe4-0ee789ff217d,10,1,fresh_ulong_10_qp1_T13240,False,7,2,717,0.0013347945641726255,28.745855706377426,0.9810366630554199,0.06314589828252792,0.06117326021194458
fresh_ulong,98881c99-ebda-4469-bbe4-0ee789ff217d,10,1,fresh_ulong_10_qp1_T13240,False,8,1,377,0.0013744115130975842,28.618832155225768,0.9802933931350708,0.0686342641711235,0.06593930721282959
fresh_ulong,98881c99-ebda-4469-bbe4-0ee789ff217d,10,1,fresh_ulong_10_qp1_T13240,False,9,3,926,0.001294021843932569,28.880583924313783,0.9824257493019104,0.06396570801734924,0.06101667881011963
fresh_ulong,98881c99-ebda-4469-bbe4-0ee789ff217d,10,1,fresh_ulong_10_qp1_T13240,False,10,1,198,0.0014294068096205592,28.448441532733376,0.9804167151451111,0.07425203174352646,0.06702244281768799
fresh_ulong,98881c99-ebda-4469-bbe4-0ee789ff217d,10,1,fresh_ulong_10_qp1_T13240,False,11,2,309,0.001517947530373931,28.187432400761768,0.9788283705711365,0.07614674419164658,0.0637553334236145
fresh_ulong,98881c99-ebda-4469-bbe4-0ee789ff217d,10,1,fresh_ulong_10_qp1_T13240,False,12,1,563,0.001650995691306889,27.822540601376208,0.9784346222877502,0.07871118187904358,0.06963545083999634
fresh_ulong,98881c99-ebda-4469-bbe4-0ee789ff217d,10,1,fresh_ulong_10_qp1_T13240,False,13,2,636,0.0015584606444463134,28.07304160416725,0.9797841906547546,0.074629046022892,0.07074964046478271
fresh_ulong,98881c99-ebda-4469-bbe4-0ee789ff217d,10,1,fresh_ulong_10_qp1_T13240,False,14,1,285,0.0016569324070587754,27.80695207839046,0.9785845279693604,0.07831452786922455,0.07387268543243408
fresh_ulong,98881c99-ebda-4469-bbe4-0ee789ff217d,10,1,fresh_ulong_10_qp1_T13240,False,15,2,345,0.0015791697660461068,28.015711793686098,0.9794641137123108,0.07948234677314758,0.07542657852172852
fresh_ulong,98881c99-ebda-4469-bbe4-0ee789ff217d,10,1,fresh_ulong_10_qp1_T13240,False,16,1,602,0.001510928850620985,28.207559860317346,0.9808693528175354,0.08053790032863617,0.07896387577056885
fresh_ulong,98881c99-ebda-4469-bbe4-0ee789ff217d,10,1,fresh_ulong_10_qp1_T13240,False,17,3,1210,0.0013423505006358027,28.721340708904357,0.9838669896125793,0.07155174762010574,0.06916272640228271
fresh_ulong,98881c99-ebda-4469-bbe4-0ee789ff217d,10,1,fresh_ulong_10_qp1_T13240,False,18,1,170,0.001505266409367323,28.223866297186646,0.981593132019043,0.07911490648984909,0.07823330163955688
fresh_ulong,98881c99-ebda-4469-bbe4-0ee789ff217d,10,1,fresh_ulong_10_qp1_T13240,False,19,2,200,0.0015504808397963643,28.09533596225833,0.9810360074043274,0.08412875980138779,0.0780794620513916
fresh_ulong,98881c99-ebda-4469-bbe4-0ee789ff217d,10,1,fresh_ulong_10_qp1_T13240,False,20,1,825,0.0015166107332333922,28.19125874785207,0.9822839498519897,0.0818319022655487,0.07541781663894653
fresh_ulong,98881c99-ebda-4469-bbe4-0ee789ff217d,10,1,fresh_ulong_10_qp1_T13240,False,21,2,663,0.0014373246813192964,28.424451167802633,0.9835445880889893,0.07801809161901474,0.0723876953125
fresh_ulong,98881c99-ebda-4469-bbe4-0ee789ff217d,10,1,fresh_ulong_10_qp1_T13240,False,22,1,182,0.001618650509044528,27.908469118261586,0.9815300107002258,0.0864301547408104,0.07776576280593872
fresh_ulong,98881c99-ebda-4469-bbe4-0ee789ff217d,10,1,fresh_ulong_10_qp1_T13240,False,23,2,253,0.001590214902535081,27.98544180913229,0.9817445874214172,0.08754505962133408,0.07822227478027344
fresh_ulong,98881c99-ebda-4469-bbe4-0ee789ff217d,10,1,fresh_ulong_10_qp1_T13240,False,24,1,799,0.0015882807783782482,27.990727199685736,0.9824684262275696,0.08762091398239136,0.07863461971282959
fresh_ulong,98881c99-ebda-4469-bbe4-0ee789ff217d,10,1,fresh_ulong_10_qp1_T13240,False,25,3,1140,0.001311573083512485,28.822075046299584,0.9860047698020935,0.07084092497825623,0.06811785697937012
fresh_ulong,98881c99-ebda-4469-bbe4-0ee789ff217d,10,1,fresh_ulong_10_qp1_T13240,False,26,1,139,0.0014862938551232219,28.27895317734378,0.9840888977050781,0.08108953386545181,0.07399564981460571
fresh_ulong,98881c99-ebda-4469-bbe4-0ee789ff217d,10,1,fresh_ulong_10_qp1_T13240,False,27,2,213,0.0015333857154473662,28.143485868155878,0.9833711981773376,0.0817267969250679,0.07529401779174805
fresh_ulong,98881c99-ebda-4469-bbe4-0ee789ff217d,10,1,fresh_ulong_10_qp1_T13240,False,28,1,745,0.001483801519498229,28.28624188512265,0.984326958656311,0.08160676062107086,0.07773888111114502
fresh_ulong,98881c99-ebda-4469-bbe4-0ee789ff217d,10,1,fresh_ulong_10_qp1_T13240,False,29,2,611,0.0013698561815544963,28.633250261544802,0.9857662320137024,0.07464060932397842,0.069546639919281
fresh_ulong,98881c99-ebda-4469-bbe4-0ee789ff217d,10,1,fresh_ulong_10_qp1_T13240,False,30,1,164,0.0015240004286170006,28.17014910853392,0.9840272068977356,0.08078017830848694,0.07261353731155396
fresh_ulong,98881c99-ebda-4469-bbe4-0ee789ff217d,10,1,fresh_ulong_10_qp1_T13240,False,31,2,237,0.0015289655420929193,28.156023020615393,0.9838182926177979,0.07977324724197388,0.07061523199081421
fresh_ulong,98881c99-ebda-4469-bbe4-0ee789ff217d,10,1,fresh_ulong_10_qp1_T13240,False,32,1,691,0.0014592258958145976,28.358774718407737,0.9845530390739441,0.07983147352933884,0.07979875802993774
fresh_ulong,98881c99-ebda-4469-bbe4-0ee789ff217d,10,1,fresh_ulong_10_qp1_T13240,False,33,3,1080,0.0012548364466056228,29.014128757490496,0.9871119260787964,0.06925635039806366,0.07129961252212524
fresh_ulong,98881c99-ebda-4469-bbe4-0ee789ff217d,10,1,fresh_ulong_10_qp1_T13240,False,34,1,112,0.0014576027169823647,28.363608308421604,0.9842535853385925,0.07763465493917465,0.07323294878005981
fresh_ulong,98881c99-ebda-4469-bbe4-0ee789ff217d,10,1,fresh_ulong_10_qp1_T13240,False,35,2,154,0.00158743339125067,27.993044886622407,0.9826592206954956,0.08239626884460449,0.07319062948226929
fresh_ulong,98881c99-ebda-4469-bbe4-0ee789ff217d,10,1,fresh_ulong_10_qp1_T13240,False,36,1,767,0.0015150787075981498,28.19564805189618,0.9833537340164185,0.08162226527929306,0.0765233039855957
fresh_ulong,98881c99-ebda-4469-bbe4-0ee789ff217d,10,1,fresh_ulong_10_qp1_T13240,False,37,2,671,0.0013972001615911722,28.547413728066854,0.9849339723587036,0.07619404047727585,0.06836116313934326
fresh_ulong,98881c99-ebda-4469-bbe4-0ee789ff217d,10,1,fresh_ulong_10_qp1_T13240,False,38,1,149,0.0015004865126684308,28.237679039378968,0.9833621382713318,0.08208908885717392,0.07517671585083008
fresh_ulong,98881c99-ebda-4469-bbe4-0ee789ff217d,10,1,fresh_ulong_10_qp1_T13240,False,39,2,211,0.0014971293276175857,28.247406820586317,0.9831783175468445,0.07898888736963272,0.07250773906707764
fresh_ulong,98881c99-ebda-4469-bbe4-0ee789ff217d,10,1,fresh_ulong_10_qp1_T13240,False,40,1,670,0.0014716207515448332,28.322040967461362,0.98378586769104,0.07762973010540009,0.07488977909088135
fresh_ulong,98881c99-ebda-4469-bbe4-0ee789ff217d,10,1,fresh_ulong_10_qp1_T13240,False,41,3,1179,0.001280780415982008,28.925253217008525,0.9862168431282043,0.06918585300445557,0.06845355033874512
fresh_ulong,98881c99-ebda-4469-bbe4-0ee789ff217d,10,1,fresh_ulong_10_qp1_T13240,False,42,1,150,0.001462138257920742,28.35011559106547,0.9832093715667725,0.07831985503435135,0.07798832654953003
fresh_ulong,98881c99-ebda-4469-bbe4-0ee789ff217d,10,1,fresh_ulong_10_qp1_T13240,False,43,2,198,0.0014912039041519165,28.264629679532014,0.9823592901229858,0.07879078388214111,0.07498323917388916
fresh_ulong,98881c99-ebda-4469-bbe4-0ee789ff217d,10,1,fresh_ulong_10_qp1_T13240,False,44,1,751,0.0013516552280634642,28.69134071444945,0.9841910004615784,0.07465759664773941,0.07474762201309204
fresh_ulong,98881c99-ebda-4469-bbe4-0ee789ff217d,10,1,fresh_ulong_10_qp1_T13240,False,45,2,690,0.0013155005872249603,28.80908953713966,0.9848211407661438,0.07146216928958893,0.0681312084197998
fresh_ulong,98881c99-ebda-4469-bbe4-0ee789ff217d,10,1,fresh_ulong_10_qp1_T13240,False,46,1,138,0.001401358051225543,28.53450886980834,0.9834321141242981,0.080204077064991,0.07950335741043091
fresh_ulong,98881c99-ebda-4469-bbe4-0ee789ff217d,10,1,fresh_ulong_10_qp1_T13240,False,47,2,207,0.0014263711636886,28.457674496823294,0.982616126537323,0.07869423925876617,0.07640302181243896
fresh_ulong,98881c99-ebda-4469-bbe4-0ee789ff217d,10,1,fresh_ulong_10_qp1_T13240,False,48,1,647,0.001343835610896349,28.716538545315473,0.9836991429328918,0.0753617137670517,0.07601642608642578
fresh_ulong,98881c99-ebda-4469-bbe4-0ee789ff217d,10,1,fresh_ulong_10_qp1_T13240,False,49,3,920,0.0011944484431296587,29.228325912866637,0.9860295057296753,0.06944417208433151,0.06983131170272827
fresh_ulong,98881c99-ebda-4469-bbe4-0ee789ff217d,10,1,fresh_ulong_10_qp1_T13240,False,50,1,96,0.0013026291271671653,28.851792151020973,0.9838722944259644,0.0767718106508255,0.07439225912094116
fresh_ulong,98881c99-ebda-4469-bbe4-0ee789ff217d,10,1,fresh_ulong_10_qp1_T13240,False,51,2,128,0.001413484220393002,28.497090354478946,0.9821226000785828,0.077212393283844,0.07229810953140259
fresh_ulong,98881c99-ebda-4469-bbe4-0ee789ff217d,10,1,fresh_ulong_10_qp1_T13240,False,52,1,690,0.0012993711279705167,28.862667874878372,0.983529806137085,0.07351668924093246,0.07211160659790039
fresh_ulong,98881c99-ebda-4469-bbe4-0ee789ff217d,10,1,fresh_ulong_10_qp1_T13240,False,53,2,483,0.0013025414664298296,28.852084420361127,0.9836012125015259,0.07456903159618378,0.0686483383178711
fresh_ulong,98881c99-ebda-4469-bbe4-0ee789ff217d,10,1,fresh_ulong_10_qp1_T13240,False,54,1,97,0.0014294880675151944,28.448194655133623,0.9815256595611572,0.08072804659605026,0.07779538631439209
fresh_ulong,98881c99-ebda-4469-bbe4-0ee789ff217d,10,1,fresh_ulong_10_qp1_T13240,False,55,2,135,0.001489924849011004,28.26835636609826,0.9801435470581055,0.0803414061665535,0.07580506801605225
fresh_ulong,98881c99-ebda-4469-bbe4-0ee789ff217d,10,1,fresh_ulong_10_qp1_T13240,False,56,1,593,0.0013148101279512048,28.811369592174437,0.9823421835899353,0.07912507653236389,0.07735598087310791
fresh_ulong,98881c99-ebda-4469-bbe4-0ee789ff217d,10,1,fresh_ulong_10_qp1_T13240,False,57,3,849,0.001250399393029511,29.029512458046067,0.9834345579147339,0.07622144371271133,0.07335269451141357
fresh_ulong,98881c99-ebda-4469-bbe4-0ee789ff217d,10,1,fresh_ulong_10_qp1_T13240,False,58,1,87,0.0013007000088691711,28.858228567941985,0.9817053079605103,0.08107047528028488,0.08135145902633667
fresh_ulong,98881c99-ebda-4469-bbe4-0ee789ff217d,10,1,fresh_ulong_10_qp1_T13240,False,59,2,106,0.0013643603306263685,28.65070916383172,0.9801211357116699,0.07975414395332336,0.08026999235153198
fresh_ulong,98881c99-ebda-4469-bbe4-0ee789ff217d,10,1,fresh_ulong_10_qp1_T13240,False,60,1,697,0.0012757236836478114,28.94243381776386,0.9813822507858276,0.07554760575294495,0.08198314905166626
fresh_ulong,98881c99-ebda-4469-bbe4-0ee789ff217d,10,1,fresh_ulong_10_qp1_T13240,False,61,2,459,0.0012913895770907402,28.88942723141767,0.9812942147254944,0.07340268790721893,0.08025991916656494
fresh_ulong,98881c99-ebda-4469-bbe4-0ee789ff217d,10,1,fresh_ulong_10_qp1_T13240,False,62,1,84,0.0014113280922174454,28.503720138316886,0.9787887334823608,0.08026455342769623,0.08499294519424438
fresh_ulong,98881c99-ebda-4469-bbe4-0ee789ff217d,10,1,fresh_ulong_10_qp1_T13240,False,63,2,127,0.001486819819547236,28.27741658322459,0.9762952923774719,0.07815531641244888,0.08435583114624023
fresh_ulong,98881c99-ebda-4469-bbe4-0ee789ff217d,10,1,fresh_ulong_10_qp1_T13277,False,0,1,3263,0.0010389668168500066,29.83398322980907,0.9722991585731506,0.07660476118326187,0.07413256168365479
fresh_ulong,98881c99-ebda-4469-bbe4-0ee789ff217d,10,1,fresh_ulong_10_qp1_T13277,False,1,3,1718,0.0015865915920585394,27.995348515324178,0.9710150957107544,0.0747271329164505,0.07807368040084839
fresh_ulong,98881c99-ebda-4469-bbe4-0ee789ff217d,10,1,fresh_ulong_10_qp1_T13277,False,2,1,888,0.001470818417146802,28.324409406639646,0.9752151966094971,0.06963128596544266,0.07381546497344971
fresh_ulong,98881c99-ebda-4469-bbe4-0ee789ff217d,10,1,fresh_ulong_10_qp1_T13277,False,3,2,786,0.0013239564141258597,28.781263120384686,0.9790036082267761,0.06292053312063217,0.06621932983398438
fresh_ulong,98881c99-ebda-4469-bbe4-0ee789ff217d,10,1,fresh_ulong_10_qp1_T13277,False,4,1,668,0.0013313012896105647,28.757236472992428,0.9786681532859802,0.06404745578765869,0.06868737936019897
fresh_ulong,98881c99-ebda-4469-bbe4-0ee789ff217d,10,1,fresh_ulong_10_qp1_T13277,False,5,2,720,0.001329432358033955,28.763337548197626,0.9803856015205383,0.06076494976878166,0.06079190969467163
fresh_ulong,98881c99-ebda-4469-bbe4-0ee789ff217d,10,1,fresh_ulong_10_qp1_T13277,False,6,1,608,0.001347485464066267,28.704759110464995,0.979748547077179,0.06552974879741669,0.06420516967773438
fresh_ulong,98881c99-ebda-4469-bbe4-0ee789ff217d,10,1,fresh_ulong_10_qp1_T13277,False,7,2,717,0.0013347945641726255,28.745855706377426,0.9810366630554199,0.06314589828252792,0.06117326021194458
fresh_ulong,98881c99-ebda-4469-bbe4-0ee789ff217d,10,1,fresh_ulong_10_qp1_T13277,False,8,1,377,0.0013744115130975842,28.618832155225768,0.9802933931350708,0.0686342641711235,0.06593930721282959
fresh_ulong,98881c99-ebda-4469-bbe4-0ee789ff217d,10,1,fresh_ulong_10_qp1_T13277,False,9,3,926,0.001294021843932569,28.880583924313783,0.9824257493019104,0.06396570801734924,0.06101667881011963
fresh_ulong,98881c99-ebda-4469-bbe4-0ee789ff217d,10,1,fresh_ulong_10_qp1_T13277,False,10,1,198,0.0014294068096205592,28.448441532733376,0.9804167151451111,0.07425203174352646,0.06702244281768799
fresh_ulong,98881c99-ebda-4469-bbe4-0ee789ff217d,10,1,fresh_ulong_10_qp1_T13277,False,11,2,309,0.001517947530373931,28.187432400761768,0.9788283705711365,0.07614674419164658,0.0637553334236145
fresh_ulong,98881c99-ebda-4469-bbe4-0ee789ff217d,10,1,fresh_ulong_10_qp1_T13277,False,12,1,563,0.001650995691306889,27.822540601376208,0.9784346222877502,0.07871118187904358,0.06963545083999634
fresh_ulong,98881c99-ebda-4469-bbe4-0ee789ff217d,10,1,fresh_ulong_10_qp1_T13277,False,13,2,636,0.0015584606444463134,28.07304160416725,0.9797841906547546,0.074629046022892,0.07074964046478271
fresh_ulong,98881c99-ebda-4469-bbe4-0ee789ff217d,10,1,fresh_ulong_10_qp1_T13277,False,14,1,285,0.0016569324070587754,27.80695207839046,0.9785845279693604,0.07831452786922455,0.07387268543243408
fresh_ulong,98881c99-ebda-4469-bbe4-0ee789ff217d,10,1,fresh_ulong_10_qp1_T13277,False,15,2,345,0.0015791697660461068,28.015711793686098,0.9794641137123108,0.07948234677314758,0.07542657852172852
fresh_ulong,98881c99-ebda-4469-bbe4-0ee789ff217d,10,1,fresh_ulong_10_qp1_T13277,False,16,1,602,0.001510928850620985,28.207559860317346,0.9808693528175354,0.08053790032863617,0.07896387577056885
fresh_ulong,98881c99-ebda-4469-bbe4-0ee789ff217d,10,1,fresh_ulong_10_qp1_T13277,False,17,3,1210,0.0013423505006358027,28.721340708904357,0.9838669896125793,0.07155174762010574,0.06916272640228271
fresh_ulong,98881c99-ebda-4469-bbe4-0ee789ff217d,10,1,fresh_ulong_10_qp1_T13277,False,18,1,170,0.001505266409367323,28.223866297186646,0.981593132019043,0.07911490648984909,0.07823330163955688
fresh_ulong,98881c99-ebda-4469-bbe4-0ee789ff217d,10,1,fresh_ulong_10_qp1_T13277,False,19,2,200,0.0015504808397963643,28.09533596225833,0.9810360074043274,0.08412875980138779,0.0780794620513916
fresh_ulong,98881c99-ebda-4469-bbe4-0ee789ff217d,10,1,fresh_ulong_10_qp1_T13277,False,20,1,825,0.0015166107332333922,28.19125874785207,0.9822839498519897,0.0818319022655487,0.07541781663894653
fresh_ulong,98881c99-ebda-4469-bbe4-0ee789ff217d,10,1,fresh_ulong_10_qp1_T13277,False,21,2,663,0.0014373246813192964,28.424451167802633,0.9835445880889893,0.07801809161901474,0.0723876953125
fresh_ulong,98881c99-ebda-4469-bbe4-0ee789ff217d,10,1,fresh_ulong_10_qp1_T13277,False,22,1,182,0.001618650509044528,27.908469118261586,0.9815300107002258,0.0864301547408104,0.07776576280593872
fresh_ulong,98881c99-ebda-4469-bbe4-0ee789ff217d,10,1,fresh_ulong_10_qp1_T13277,False,23,2,253,0.001590214902535081,27.98544180913229,0.9817445874214172,0.08754505962133408,0.07822227478027344
fresh_ulong,98881c99-ebda-4469-bbe4-0ee789ff217d,10,1,fresh_ulong_10_qp1_T13277,False,24,1,799,0.0015882807783782482,27.990727199685736,0.9824684262275696,0.08762091398239136,0.07863461971282959
fresh_ulong,98881c99-ebda-4469-bbe4-0ee789ff217d,10,1,fresh_ulong_10_qp1_T13277,False,25,3,1140,0.001311573083512485,28.822075046299584,0.9860047698020935,0.07084092497825623,0.06811785697937012
fresh_ulong,98881c99-ebda-4469-bbe4-0ee789ff217d,10,1,fresh_ulong_10_qp1_T13277,False,26,1,139,0.0014862938551232219,28.27895317734378,0.9840888977050781,0.08108953386545181,0.07399564981460571
fresh_ulong,98881c99-ebda-4469-bbe4-0ee789ff217d,10,1,fresh_ulong_10_qp1_T13277,False,27,2,213,0.0015333857154473662,28.143485868155878,0.9833711981773376,0.0817267969250679,0.07529401779174805
fresh_ulong,98881c99-ebda-4469-bbe4-0ee789ff217d,10,1,fresh_ulong_10_qp1_T13277,False,28,1,745,0.001483801519498229,28.28624188512265,0.984326958656311,0.08160676062107086,0.07773888111114502
fresh_ulong,98881c99-ebda-4469-bbe4-0ee789ff217d,10,1,fresh_ulong_10_qp1_T13277,False,29,2,611,0.0013698561815544963,28.633250261544802,0.9857662320137024,0.07464060932397842,0.069546639919281
fresh_ulong,98881c99-ebda-4469-bbe4-0ee789ff217d,10,1,fresh_ulong_10_qp1_T13277,False,30,1,164,0.0015240004286170006,28.17014910853392,0.9840272068977356,0.08078017830848694,0.07261353731155396
fresh_ulong,98881c99-ebda-4469-bbe4-0ee789ff217d,10,1,fresh_ulong_10_qp1_T13277,False,31,2,237,0.0015289655420929193,28.156023020615393,0.9838182926177979,0.07977324724197388,0.07061523199081421
fresh_ulong,98881c99-ebda-4469-bbe4-0ee789ff217d,10,1,fresh_ulong_10_qp1_T13277,False,32,1,691,0.0014592258958145976,28.358774718407737,0.9845530390739441,0.07983147352933884,0.07979875802993774
fresh_ulong,98881c99-ebda-4469-bbe4-0ee789ff217d,10,1,fresh_ulong_10_qp1_T13277,False,33,3,1080,0.0012548364466056228,29.014128757490496,0.9871119260787964,0.06925635039806366,0.07129961252212524
fresh_ulong,98881c99-ebda-4469-bbe4-0ee789ff217d,10,1,fresh_ulong_10_qp1_T13277,False,34,1,112,0.0014576027169823647,28.363608308421604,0.9842535853385925,0.07763465493917465,0.07323294878005981
fresh_ulong,98881c99-ebda-4469-bbe4-0ee789ff217d,10,1,fresh_ulong_10_qp1_T13277,False,35,2,154,0.00158743339125067,27.993044886622407,0.9826592206954956,0.08239626884460449,0.07319062948226929
fresh_ulong,98881c99-ebda-4469-bbe4-0ee789ff217d,10,1,fresh_ulong_10_qp1_T13277,False,36,1,767,0.0015150787075981498,28.19564805189618,0.9833537340164185,0.08162226527929306,0.0765233039855957
fresh_ulong,98881c99-ebda-4469-bbe4-0ee789ff217d,10,1,fresh_ulong_10_qp1_T13277,False,37,2,671,0.0013972001615911722,28.547413728066854,0.9849339723587036,0.07619404047727585,0.06836116313934326
fresh_ulong,98881c99-ebda-4469-bbe4-0ee789ff217d,10,1,fresh_ulong_10_qp1_T13277,False,38,1,149,0.0015004865126684308,28.237679039378968,0.9833621382713318,0.08208908885717392,0.07517671585083008
fresh_ulong,98881c99-ebda-4469-bbe4-0ee789ff217d,10,1,fresh_ulong_10_qp1_T13277,False,39,2,211,0.0014971293276175857,28.247406820586317,0.9831783175468445,0.07898888736963272,0.07250773906707764
fresh_ulong,98881c99-ebda-4469-bbe4-0ee789ff217d,10,1,fresh_ulong_10_qp1_T13277,False,40,1,670,0.0014716207515448332,28.322040967461362,0.98378586769104,0.07762973010540009,0.07488977909088135
fresh_ulong,98881c99-ebda-4469-bbe4-0ee789ff217d,10,1,fresh_ulong_10_qp1_T13277,False,41,3,1179,0.001280780415982008,28.925253217008525,0.9862168431282043,0.06918585300445557,0.06845355033874512
fresh_ulong,98881c99-ebda-4469-bbe4-0ee789ff217d,10,1,fresh_ulong_10_qp1_T13277,False,42,1,150,0.001462138257920742,28.35011559106547,0.9832093715667725,0.07831985503435135,0.07798832654953003
fresh_ulong,98881c99-ebda-4469-bbe4-0ee789ff217d,10,1,fresh_ulong_10_qp1_T13277,False,43,2,198,0.0014912039041519165,28.264629679532014,0.9823592901229858,0.07879078388214111,0.07498323917388916
fresh_ulong,98881c99-ebda-4469-bbe4-0ee789ff217d,10,1,fresh_ulong_10_qp1_T13277,False,44,1,751,0.0013516552280634642,28.69134071444945,0.9841910004615784,0.07465759664773941,0.07474762201309204
fresh_ulong,98881c99-ebda-4469-bbe4-0ee789ff217d,10,1,fresh_ulong_10_qp1_T13277,False,45,2,690,0.0013155005872249603,28.80908953713966,0.9848211407661438,0.07146216928958893,0.0681312084197998
fresh_ulong,98881c99-ebda-4469-bbe4-0ee789ff217d,10,1,fresh_ulong_10_qp1_T13277,False,46,1,138,0.001401358051225543,28.53450886980834,0.9834321141242981,0.080204077064991,0.07950335741043091
fresh_ulong,98881c99-ebda-4469-bbe4-0ee789ff217d,10,1,fresh_ulong_10_qp1_T13277,False,47,2,207,0.0014263711636886,28.457674496823294,0.982616126537323,0.07869423925876617,0.07640302181243896
fresh_ulong,98881c99-ebda-4469-bbe4-0ee789ff217d,10,1,fresh_ulong_10_qp1_T13277,False,48,1,647,0.001343835610896349,28.716538545315473,0.9836991429328918,0.0753617137670517,0.07601642608642578
fresh_ulong,98881c99-ebda-4469-bbe4-0ee789ff217d,10,1,fresh_ulong_10_qp1_T13277,False,49,3,920,0.0011944484431296587,29.228325912866637,0.9860295057296753,0.06944417208433151,0.06983131170272827
fresh_ulong,98881c99-ebda-4469-bbe4-0ee789ff217d,10,1,fresh_ulong_10_qp1_T13277,False,50,1,96,0.0013026291271671653,28.851792151020973,0.9838722944259644,0.0767718106508255,0.07439225912094116
fresh_ulong,98881c99-ebda-4469-bbe4-0ee789ff217d,10,1,fresh_ulong_10_qp1_T13277,False,51,2,128,0.001413484220393002,28.497090354478946,0.9821226000785828,0.077212393283844,0.07229810953140259
fresh_ulong,98881c99-ebda-4469-bbe4-0ee789ff217d,10,1,fresh_ulong_10_qp1_T13277,False,52,1,690,0.0012993711279705167,28.862667874878372,0.983529806137085,0.07351668924093246,0.07211160659790039
fresh_ulong,98881c99-ebda-4469-bbe4-0ee789ff217d,10,1,fresh_ulong_10_qp1_T13277,False,53,2,483,0.0013025414664298296,28.852084420361127,0.9836012125015259,0.07456903159618378,0.0686483383178711
fresh_ulong,98881c99-ebda-4469-bbe4-0ee789ff217d,10,1,fresh_ulong_10_qp1_T13277,False,54,1,97,0.0014294880675151944,28.448194655133623,0.9815256595611572,0.08072804659605026,0.07779538631439209
fresh_ulong,98881c99-ebda-4469-bbe4-0ee789ff217d,10,1,fresh_ulong_10_qp1_T13277,False,55,2,135,0.001489924849011004,28.26835636609826,0.9801435470581055,0.0803414061665535,0.07580506801605225
fresh_ulong,98881c99-ebda-4469-bbe4-0ee789ff217d,10,1,fresh_ulong_10_qp1_T13277,False,56,1,593,0.0013148101279512048,28.811369592174437,0.9823421835899353,0.07912507653236389,0.07735598087310791
fresh_ulong,98881c99-ebda-4469-bbe4-0ee789ff217d,10,1,fresh_ulong_10_qp1_T13277,False,57,3,849,0.001250399393029511,29.029512458046067,0.9834345579147339,0.07622144371271133,0.07335269451141357
fresh_ulong,98881c99-ebda-4469-bbe4-0ee789ff217d,10,1,fresh_ulong_10_qp1_T13277,False,58,1,87,0.0013007000088691711,28.858228567941985,0.9817053079605103,0.08107047528028488,0.08135145902633667
fresh_ulong,98881c99-ebda-4469-bbe4-0ee789ff217d,10,1,fresh_ulong_10_qp1_T13277,False,59,2,106,0.0013643603306263685,28.65070916383172,0.9801211357116699,0.07975414395332336,0.08026999235153198
fresh_ulong,98881c99-ebda-4469-bbe4-0ee789ff217d,10,1,fresh_ulong_10_qp1_T13277,False,60,1,697,0.0012757236836478114,28.94243381776386,0.9813822507858276,0.07554760575294495,0.08198314905166626
fresh_ulong,98881c99-ebda-4469-bbe4-0ee789ff217d,10,1,fresh_ulong_10_qp1_T13277,False,61,2,459,0.0012913895770907402,28.88942723141767,0.9812942147254944,0.07340268790721893,0.08025991916656494
fresh_ulong,98881c99-ebda-4469-bbe4-0ee789ff217d,10,1,fresh_ulong_10_qp1_T13277,False,62,1,84,0.0014113280922174454,28.503720138316886,0.9787887334823608,0.08026455342769623,0.08499294519424438
fresh_ulong,98881c99-ebda-4469-bbe4-0ee789ff217d,10,1,fresh_ulong_10_qp1_T13277,False,63,2,127,0.001486819819547236,28.27741658322459,0.9762952923774719,0.07815531641244888,0.08435583114624023
fresh_ulong,98881c99-ebda-4469-bbe4-0ee789ff217d,10,1,fresh_ulong_10_qp1_T13242,False,0,1,3263,0.0010389668168500066,29.83398322980907,0.9722991585731506,0.07660476118326187,0.07413256168365479
fresh_ulong,98881c99-ebda-4469-bbe4-0ee789ff217d,10,1,fresh_ulong_10_qp1_T13242,False,1,3,1718,0.0015865915920585394,27.995348515324178,0.9710150957107544,0.0747271329164505,0.07807368040084839
fresh_ulong,98881c99-ebda-4469-bbe4-0ee789ff217d,10,1,fresh_ulong_10_qp1_T13242,False,2,1,888,0.001470818417146802,28.324409406639646,0.9752151966094971,0.06963128596544266,0.07381546497344971
fresh_ulong,98881c99-ebda-4469-bbe4-0ee789ff217d,10,1,fresh_ulong_10_qp1_T13242,False,3,2,786,0.0013239564141258597,28.781263120384686,0.9790036082267761,0.06292053312063217,0.06621932983398438
fresh_ulong,98881c99-ebda-4469-bbe4-0ee789ff217d,10,1,fresh_ulong_10_qp1_T13242,False,4,1,668,0.0013313012896105647,28.757236472992428,0.9786681532859802,0.06404745578765869,0.06868737936019897
fresh_ulong,98881c99-ebda-4469-bbe4-0ee789ff217d,10,1,fresh_ulong_10_qp1_T13242,False,5,2,720,0.001329432358033955,28.763337548197626,0.9803856015205383,0.06076494976878166,0.06079190969467163
fresh_ulong,98881c99-ebda-4469-bbe4-0ee789ff217d,10,1,fresh_ulong_10_qp1_T13242,False,6,1,608,0.001347485464066267,28.704759110464995,0.979748547077179,0.06552974879741669,0.06420516967773438
fresh_ulong,98881c99-ebda-4469-bbe4-0ee789ff217d,10,1,fresh_ulong_10_qp1_T13242,False,7,2,717,0.0013347945641726255,28.745855706377426,0.9810366630554199,0.06314589828252792,0.06117326021194458
fresh_ulong,98881c99-ebda-4469-bbe4-0ee789ff217d,10,1,fresh_ulong_10_qp1_T13242,False,8,1,377,0.0013744115130975842,28.618832155225768,0.9802933931350708,0.0686342641711235,0.06593930721282959
fresh_ulong,98881c99-ebda-4469-bbe4-0ee789ff217d,10,1,fresh_ulong_10_qp1_T13242,False,9,3,926,0.001294021843932569,28.880583924313783,0.9824257493019104,0.06396570801734924,0.06101667881011963
fresh_ulong,98881c99-ebda-4469-bbe4-0ee789ff217d,10,1,fresh_ulong_10_qp1_T13242,False,10,1,198,0.0014294068096205592,28.448441532733376,0.9804167151451111,0.07425203174352646,0.06702244281768799
fresh_ulong,98881c99-ebda-4469-bbe4-0ee789ff217d,10,1,fresh_ulong_10_qp1_T13242,False,11,2,309,0.001517947530373931,28.187432400761768,0.9788283705711365,0.07614674419164658,0.0637553334236145
fresh_ulong,98881c99-ebda-4469-bbe4-0ee789ff217d,10,1,fresh_ulong_10_qp1_T13242,False,12,1,563,0.001650995691306889,27.822540601376208,0.9784346222877502,0.07871118187904358,0.06963545083999634
fresh_ulong,98881c99-ebda-4469-bbe4-0ee789ff217d,10,1,fresh_ulong_10_qp1_T13242,False,13,2,636,0.0015584606444463134,28.07304160416725,0.9797841906547546,0.074629046022892,0.07074964046478271
fresh_ulong,98881c99-ebda-4469-bbe4-0ee789ff217d,10,1,fresh_ulong_10_qp1_T13242,False,14,1,285,0.0016569324070587754,27.80695207839046,0.9785845279693604,0.07831452786922455,0.07387268543243408
fresh_ulong,98881c99-ebda-4469-bbe4-0ee789ff217d,10,1,fresh_ulong_10_qp1_T13242,False,15,2,345,0.0015791697660461068,28.015711793686098,0.9794641137123108,0.07948234677314758,0.07542657852172852
fresh_ulong,98881c99-ebda-4469-bbe4-0ee789ff217d,10,1,fresh_ulong_10_qp1_T13242,False,16,1,602,0.001510928850620985,28.207559860317346,0.9808693528175354,0.08053790032863617,0.07896387577056885
fresh_ulong,98881c99-ebda-4469-bbe4-0ee789ff217d,10,1,fresh_ulong_10_qp1_T13242,False,17,3,1210,0.0013423505006358027,28.721340708904357,0.9838669896125793,0.07155174762010574,0.06916272640228271
fresh_ulong,98881c99-ebda-4469-bbe4-0ee789ff217d,10,1,fresh_ulong_10_qp1_T13242,False,18,1,170,0.001505266409367323,28.223866297186646,0.981593132019043,0.07911490648984909,0.07823330163955688
fresh_ulong,98881c99-ebda-4469-bbe4-0ee789ff217d,10,1,fresh_ulong_10_qp1_T13242,False,19,2,200,0.0015504808397963643,28.09533596225833,0.9810360074043274,0.08412875980138779,0.0780794620513916
fresh_ulong,98881c99-ebda-4469-bbe4-0ee789ff217d,10,1,fresh_ulong_10_qp1_T13242,False,20,1,825,0.0015166107332333922,28.19125874785207,0.9822839498519897,0.0818319022655487,0.07541781663894653
fresh_ulong,98881c99-ebda-4469-bbe4-0ee789ff217d,10,1,fresh_ulong_10_qp1_T13242,False,21,2,663,0.0014373246813192964,28.424451167802633,0.9835445880889893,0.07801809161901474,0.0723876953125
fresh_ulong,98881c99-ebda-4469-bbe4-0ee789ff217d,10,1,fresh_ulong_10_qp1_T13242,False,22,1,182,0.001618650509044528,27.908469118261586,0.9815300107002258,0.0864301547408104,0.07776576280593872
fresh_ulong,98881c99-ebda-4469-bbe4-0ee789ff217d,10,1,fresh_ulong_10_qp1_T13242,False,23,2,253,0.001590214902535081,27.98544180913229,0.9817445874214172,0.08754505962133408,0.07822227478027344
fresh_ulong,98881c99-ebda-4469-bbe4-0ee789ff217d,10,1,fresh_ulong_10_qp1_T13242,False,24,1,799,0.0015882807783782482,27.990727199685736,0.9824684262275696,0.08762091398239136,0.07863461971282959
fresh_ulong,98881c99-ebda-4469-bbe4-0ee789ff217d,10,1,fresh_ulong_10_qp1_T13242,False,25,3,1140,0.001311573083512485,28.822075046299584,0.9860047698020935,0.07084092497825623,0.06811785697937012
fresh_ulong,98881c99-ebda-4469-bbe4-0ee789ff217d,10,1,fresh_ulong_10_qp1_T13242,False,26,1,139,0.0014862938551232219,28.27895317734378,0.9840888977050781,0.08108953386545181,0.07399564981460571
fresh_ulong,98881c99-ebda-4469-bbe4-0ee789ff217d,10,1,fresh_ulong_10_qp1_T13242,False,27,2,213,0.0015333857154473662,28.143485868155878,0.9833711981773376,0.0817267969250679,0.07529401779174805
fresh_ulong,98881c99-ebda-4469-bbe4-0ee789ff217d,10,1,fresh_ulong_10_qp1_T13242,False,28,1,745,0.001483801519498229,28.28624188512265,0.984326958656311,0.08160676062107086,0.07773888111114502
fresh_ulong,98881c99-ebda-4469-bbe4-0ee789ff217d,10,1,fresh_ulong_10_qp1_T13242,False,29,2,611,0.0013698561815544963,28.633250261544802,0.9857662320137024,0.07464060932397842,0.069546639919281
fresh_ulong,98881c99-ebda-4469-bbe4-0ee789ff217d,10,1,fresh_ulong_10_qp1_T13242,False,30,1,164,0.0015240004286170006,28.17014910853392,0.9840272068977356,0.08078017830848694,0.07261353731155396
fresh_ulong,98881c99-ebda-4469-bbe4-0ee789ff217d,10,1,fresh_ulong_10_qp1_T13242,False,31,2,237,0.0015289655420929193,28.156023020615393,0.9838182926177979,0.07977324724197388,0.07061523199081421
fresh_ulong,98881c99-ebda-4469-bbe4-0ee789ff217d,10,1,fresh_ulong_10_qp1_T13242,False,32,1,691,0.0014592258958145976,28.358774718407737,0.9845530390739441,0.07983147352933884,0.07979875802993774
fresh_ulong,98881c99-ebda-4469-bbe4-0ee789ff217d,10,1,fresh_ulong_10_qp1_T13242,False,33,3,1080,0.0012548364466056228,29.014128757490496,0.9871119260787964,0.06925635039806366,0.07129961252212524
fresh_ulong,98881c99-ebda-4469-bbe4-0ee789ff217d,10,1,fresh_ulong_10_qp1_T13242,False,34,1,112,0.0014576027169823647,28.363608308421604,0.9842535853385925,0.07763465493917465,0.07323294878005981
fresh_ulong,98881c99-ebda-4469-bbe4-0ee789ff217d,10,1,fresh_ulong_10_qp1_T13242,False,35,2,154,0.00158743339125067,27.993044886622407,0.9826592206954956,0.08239626884460449,0.07319062948226929
fresh_ulong,98881c99-ebda-4469-bbe4-0ee789ff217d,10,1,fresh_ulong_10_qp1_T13242,False,36,1,767,0.0015150787075981498,28.19564805189618,0.9833537340164185,0.08162226527929306,0.0765233039855957
fresh_ulong,98881c99-ebda-4469-bbe4-0ee789ff217d,10,1,fresh_ulong_10_qp1_T13242,False,37,2,671,0.0013972001615911722,28.547413728066854,0.9849339723587036,0.07619404047727585,0.06836116313934326
fresh_ulong,98881c99-ebda-4469-bbe4-0ee789ff217d,10,1,fresh_ulong_10_qp1_T13242,False,38,1,149,0.0015004865126684308,28.237679039378968,0.9833621382713318,0.08208908885717392,0.07517671585083008
fresh_ulong,98881c99-ebda-4469-bbe4-0ee789ff217d,10,1,fresh_ulong_10_qp1_T13242,False,39,2,211,0.0014971293276175857,28.247406820586317,0.9831783175468445,0.07898888736963272,0.07250773906707764
fresh_ulong,98881c99-ebda-4469-bbe4-0ee789ff217d,10,1,fresh_ulong_10_qp1_T13242,False,40,1,670,0.0014716207515448332,28.322040967461362,0.98378586769104,0.07762973010540009,0.07488977909088135
fresh_ulong,98881c99-ebda-4469-bbe4-0ee789ff217d,10,1,fresh_ulong_10_qp1_T13242,False,41,3,1179,0.001280780415982008,28.925253217008525,0.9862168431282043,0.06918585300445557,0.06845355033874512
fresh_ulong,98881c99-ebda-4469-bbe4-0ee789ff217d,10,1,fresh_ulong_10_qp1_T13242,False,42,1,150,0.001462138257920742,28.35011559106547,0.9832093715667725,0.07831985503435135,0.07798832654953003
fresh_ulong,98881c99-ebda-4469-bbe4-0ee789ff217d,10,1,fresh_ulong_10_qp1_T13242,False,43,2,198,0.0014912039041519165,28.264629679532014,0.9823592901229858,0.07879078388214111,0.07498323917388916
fresh_ulong,98881c99-ebda-4469-bbe4-0ee789ff217d,10,1,fresh_ulong_10_qp1_T13242,False,44,1,751,0.0013516552280634642,28.69134071444945,0.9841910004615784,0.07465759664773941,0.07474762201309204
fresh_ulong,98881c99-ebda-4469-bbe4-0ee789ff217d,10,1,fresh_ulong_10_qp1_T13242,False,45,2,690,0.0013155005872249603,28.80908953713966,0.9848211407661438,0.07146216928958893,0.0681312084197998
fresh_ulong,98881c99-ebda-4469-bbe4-0ee789ff217d,10,1,fresh_ulong_10_qp1_T13242,False,46,1,138,0.001401358051225543,28.53450886980834,0.9834321141242981,0.080204077064991,0.07950335741043091
fresh_ulong,98881c99-ebda-4469-bbe4-0ee789ff217d,10,1,fresh_ulong_10_qp1_T13242,False,47,2,207,0.0014263711636886,28.457674496823294,0.982616126537323,0.07869423925876617,0.07640302181243896
fresh_ulong,98881c99-ebda-4469-bbe4-0ee789ff217d,10,1,fresh_ulong_10_qp1_T13242,False,48,1,647,0.001343835610896349,28.716538545315473,0.9836991429328918,0.0753617137670517,0.07601642608642578
fresh_ulong,98881c99-ebda-4469-bbe4-0ee789ff217d,10,1,fresh_ulong_10_qp1_T13242,False,49,3,920,0.0011944484431296587,29.228325912866637,0.9860295057296753,0.06944417208433151,0.06983131170272827
fresh_ulong,98881c99-ebda-4469-bbe4-0ee789ff217d,10,1,fresh_ulong_10_qp1_T13242,False,50,1,96,0.0013026291271671653,28.851792151020973,0.9838722944259644,0.0767718106508255,0.07439225912094116
fresh_ulong,98881c99-ebda-4469-bbe4-0ee789ff217d,10,1,fresh_ulong_10_qp1_T13242,False,51,2,128,0.001413484220393002,28.497090354478946,0.9821226000785828,0.077212393283844,0.07229810953140259
fresh_ulong,98881c99-ebda-4469-bbe4-0ee789ff217d,10,1,fresh_ulong_10_qp1_T13242,False,52,1,690,0.0012993711279705167,28.862667874878372,0.983529806137085,0.07351668924093246,0.07211160659790039
fresh_ulong,98881c99-ebda-4469-bbe4-0ee789ff217d,10,1,fresh_ulong_10_qp1_T13242,False,53,2,483,0.0013025414664298296,28.852084420361127,0.9836012125015259,0.07456903159618378,0.0686483383178711
fresh_ulong,98881c99-ebda-4469-bbe4-0ee789ff217d,10,1,fresh_ulong_10_qp1_T13242,False,54,1,97,0.0014294880675151944,28.448194655133623,0.9815256595611572,0.08072804659605026,0.07779538631439209
fresh_ulong,98881c99-ebda-4469-bbe4-0ee789ff217d,10,1,fresh_ulong_10_qp1_T13242,False,55,2,135,0.001489924849011004,28.26835636609826,0.9801435470581055,0.0803414061665535,0.07580506801605225
fresh_ulong,98881c99-ebda-4469-bbe4-0ee789ff217d,10,1,fresh_ulong_10_qp1_T13242,False,56,1,593,0.0013148101279512048,28.811369592174437,0.9823421835899353,0.07912507653236389,0.07735598087310791
fresh_ulong,98881c99-ebda-4469-bbe4-0ee789ff217d,10,1,fresh_ulong_10_qp1_T13242,False,57,3,849,0.001250399393029511,29.029512458046067,0.9834345579147339,0.07622144371271133,0.07335269451141357
fresh_ulong,98881c99-ebda-4469-bbe4-0ee789ff217d,10,1,fresh_ulong_10_qp1_T13242,False,58,1,87,0.0013007000088691711,28.858228567941985,0.9817053079605103,0.08107047528028488,0.08135145902633667
fresh_ulong,98881c99-ebda-4469-bbe4-0ee789ff217d,10,1,fresh_ulong_10_qp1_T13242,False,59,2,106,0.0013643603306263685,28.65070916383172,0.9801211357116699,0.07975414395332336,0.08026999235153198
fresh_ulong,98881c99-ebda-4469-bbe4-0ee789ff217d,10,1,fresh_ulong_10_qp1_T13242,False,60,1,697,0.0012757236836478114,28.94243381776386,0.9813822507858276,0.07554760575294495,0.08198314905166626
fresh_ulong,98881c99-ebda-4469-bbe4-0ee789ff217d,10,1,fresh_ulong_10_qp1_T13242,False,61,2,459,0.0012913895770907402,28.88942723141767,0.9812942147254944,0.07340268790721893,0.08025991916656494
fresh_ulong,98881c99-ebda-4469-bbe4-0ee789ff217d,10,1,fresh_ulong_10_qp1_T13242,False,62,1,84,0.0014113280922174454,28.503720138316886,0.9787887334823608,0.08026455342769623,0.08499294519424438
fresh_ulong,98881c99-ebda-4469-bbe4-0ee789ff217d,10,1,fresh_ulong_10_qp1_T13242,False,63,2,126,0.0014899884117767215,28.268171092528238,0.9762824773788452,0.07821793109178543,0.08453631401062012
fresh_ulong,98881c99-ebda-4469-bbe4-0ee789ff217d,10,1,fresh_ulong_10_qp1_T13279,False,0,1,3263,0.0010389668168500066,29.83398322980907,0.9722991585731506,0.07660476118326187,0.07413256168365479
fresh_ulong,98881c99-ebda-4469-bbe4-0ee789ff217d,10,1,fresh_ulong_10_qp1_T13279,False,1,3,1718,0.0015865915920585394,27.995348515324178,0.9710150957107544,0.0747271329164505,0.07807368040084839
fresh_ulong,98881c99-ebda-4469-bbe4-0ee789ff217d,10,1,fresh_ulong_10_qp1_T13279,False,2,1,888,0.001470818417146802,28.324409406639646,0.9752151966094971,0.06963128596544266,0.07381546497344971
fresh_ulong,98881c99-ebda-4469-bbe4-0ee789ff217d,10,1,fresh_ulong_10_qp1_T13279,False,3,2,786,0.0013239564141258597,28.781263120384686,0.9790036082267761,0.06292053312063217,0.06621932983398438
fresh_ulong,98881c99-ebda-4469-bbe4-0ee789ff217d,10,1,fresh_ulong_10_qp1_T13279,False,4,1,668,0.0013313012896105647,28.757236472992428,0.9786681532859802,0.06404745578765869,0.06868737936019897
fresh_ulong,98881c99-ebda-4469-bbe4-0ee789ff217d,10,1,fresh_ulong_10_qp1_T13279,False,5,2,720,0.001329432358033955,28.763337548197626,0.9803856015205383,0.06076494976878166,0.06079190969467163
fresh_ulong,98881c99-ebda-4469-bbe4-0ee789ff217d,10,1,fresh_ulong_10_qp1_T13279,False,6,1,608,0.001347485464066267,28.704759110464995,0.979748547077179,0.06552974879741669,0.06420516967773438
fresh_ulong,98881c99-ebda-4469-bbe4-0ee789ff217d,10,1,fresh_ulong_10_qp1_T13279,False,7,2,717,0.0013347945641726255,28.745855706377426,0.9810366630554199,0.06314589828252792,0.06117326021194458
fresh_ulong,98881c99-ebda-4469-bbe4-0ee789ff217d,10,1,fresh_ulong_10_qp1_T13279,False,8,1,377,0.0013744115130975842,28.618832155225768,0.9802933931350708,0.0686342641711235,0.06593930721282959
fresh_ulong,98881c99-ebda-4469-bbe4-0ee789ff217d,10,1,fresh_ulong_10_qp1_T13279,False,9,3,926,0.001294021843932569,28.880583924313783,0.9824257493019104,0.06396570801734924,0.06101667881011963
fresh_ulong,98881c99-ebda-4469-bbe4-0ee789ff217d,10,1,fresh_ulong_10_qp1_T13279,False,10,1,198,0.0014294068096205592,28.448441532733376,0.9804167151451111,0.07425203174352646,0.06702244281768799
fresh_ulong,98881c99-ebda-4469-bbe4-0ee789ff217d,10,1,fresh_ulong_10_qp1_T13279,False,11,2,309,0.001517947530373931,28.187432400761768,0.9788283705711365,0.07614674419164658,0.0637553334236145
fresh_ulong,98881c99-ebda-4469-bbe4-0ee789ff217d,10,1,fresh_ulong_10_qp1_T13279,False,12,1,563,0.001650995691306889,27.822540601376208,0.9784346222877502,0.07871118187904358,0.06963545083999634
fresh_ulong,98881c99-ebda-4469-bbe4-0ee789ff217d,10,1,fresh_ulong_10_qp1_T13279,False,13,2,636,0.0015584606444463134,28.07304160416725,0.9797841906547546,0.074629046022892,0.07074964046478271
fresh_ulong,98881c99-ebda-4469-bbe4-0ee789ff217d,10,1,fresh_ulong_10_qp1_T13279,False,14,1,285,0.0016569324070587754,27.80695207839046,0.9785845279693604,0.07831452786922455,0.07387268543243408
fresh_ulong,98881c99-ebda-4469-bbe4-0ee789ff217d,10,1,fresh_ulong_10_qp1_T13279,False,15,2,345,0.0015791697660461068,28.015711793686098,0.9794641137123108,0.07948234677314758,0.07542657852172852
fresh_ulong,98881c99-ebda-4469-bbe4-0ee789ff217d,10,1,fresh_ulong_10_qp1_T13279,False,16,1,602,0.001510928850620985,28.207559860317346,0.9808693528175354,0.08053790032863617,0.07896387577056885
fresh_ulong,98881c99-ebda-4469-bbe4-0ee789ff217d,10,1,fresh_ulong_10_qp1_T13279,False,17,3,1210,0.0013423505006358027,28.721340708904357,0.9838669896125793,0.07155174762010574,0.06916272640228271
fresh_ulong,98881c99-ebda-4469-bbe4-0ee789ff217d,10,1,fresh_ulong_10_qp1_T13279,False,18,1,170,0.001505266409367323,28.223866297186646,0.981593132019043,0.07911490648984909,0.07823330163955688
fresh_ulong,98881c99-ebda-4469-bbe4-0ee789ff217d,10,1,fresh_ulong_10_qp1_T13279,False,19,2,200,0.0015504808397963643,28.09533596225833,0.9810360074043274,0.08412875980138779,0.0780794620513916
fresh_ulong,98881c99-ebda-4469-bbe4-0ee789ff217d,10,1,fresh_ulong_10_qp1_T13279,False,20,1,825,0.0015166107332333922,28.19125874785207,0.9822839498519897,0.0818319022655487,0.07541781663894653
fresh_ulong,98881c99-ebda-4469-bbe4-0ee789ff217d,10,1,fresh_ulong_10_qp1_T13279,False,21,2,663,0.0014373246813192964,28.424451167802633,0.9835445880889893,0.07801809161901474,0.0723876953125
fresh_ulong,98881c99-ebda-4469-bbe4-0ee789ff217d,10,1,fresh_ulong_10_qp1_T13279,False,22,1,182,0.001618650509044528,27.908469118261586,0.9815300107002258,0.0864301547408104,0.07776576280593872
fresh_ulong,98881c99-ebda-4469-bbe4-0ee789ff217d,10,1,fresh_ulong_10_qp1_T13279,False,23,2,253,0.001590214902535081,27.98544180913229,0.9817445874214172,0.08754505962133408,0.07822227478027344
fresh_ulong,98881c99-ebda-4469-bbe4-0ee789ff217d,10,1,fresh_ulong_10_qp1_T13279,False,24,1,799,0.0015882807783782482,27.990727199685736,0.9824684262275696,0.08762091398239136,0.07863461971282959
fresh_ulong,98881c99-ebda-4469-bbe4-0ee789ff217d,10,1,fresh_ulong_10_qp1_T13279,False,25,3,1140,0.001311573083512485,28.822075046299584,0.9860047698020935,0.07084092497825623,0.06811785697937012
fresh_ulong,98881c99-ebda-4469-bbe4-0ee789ff217d,10,1,fresh_ulong_10_qp1_T13279,False,26,1,139,0.0014862938551232219,28.27895317734378,0.9840888977050781,0.08108953386545181,0.07399564981460571
fresh_ulong,98881c99-ebda-4469-bbe4-0ee789ff217d,10,1,fresh_ulong_10_qp1_T13279,False,27,2,213,0.0015333857154473662,28.143485868155878,0.9833711981773376,0.0817267969250679,0.07529401779174805
fresh_ulong,98881c99-ebda-4469-bbe4-0ee789ff217d,10,1,fresh_ulong_10_qp1_T13279,False,28,1,745,0.001483801519498229,28.28624188512265,0.984326958656311,0.08160676062107086,0.07773888111114502
fresh_ulong,98881c99-ebda-4469-bbe4-0ee789ff217d,10,1,fresh_ulong_10_qp1_T13279,False,29,2,611,0.0013698561815544963,28.633250261544802,0.9857662320137024,0.07464060932397842,0.069546639919281
fresh_ulong,98881c99-ebda-4469-bbe4-0ee789ff217d,10,1,fresh_ulong_10_qp1_T13279,False,30,1,164,0.0015240004286170006,28.17014910853392,0.9840272068977356,0.08078017830848694,0.07261353731155396
fresh_ulong,98881c99-ebda-4469-bbe4-0ee789ff217d,10,1,fresh_ulong_10_qp1_T13279,False,31,2,237,0.0015289655420929193,28.156023020615393,0.9838182926177979,0.07977324724197388,0.07061523199081421
fresh_ulong,98881c99-ebda-4469-bbe4-0ee789ff217d,10,1,fresh_ulong_10_qp1_T13279,False,32,1,691,0.0014592258958145976,28.358774718407737,0.9845530390739441,0.07983147352933884,0.07979875802993774
fresh_ulong,98881c99-ebda-4469-bbe4-0ee789ff217d,10,1,fresh_ulong_10_qp1_T13279,False,33,3,1080,0.0012548364466056228,29.014128757490496,0.9871119260787964,0.06925635039806366,0.07129961252212524
fresh_ulong,98881c99-ebda-4469-bbe4-0ee789ff217d,10,1,fresh_ulong_10_qp1_T13279,False,34,1,112,0.0014576027169823647,28.363608308421604,0.9842535853385925,0.07763465493917465,0.07323294878005981
fresh_ulong,98881c99-ebda-4469-bbe4-0ee789ff217d,10,1,fresh_ulong_10_qp1_T13279,False,35,2,154,0.00158743339125067,27.993044886622407,0.9826592206954956,0.08239626884460449,0.07319062948226929
fresh_ulong,98881c99-ebda-4469-bbe4-0ee789ff217d,10,1,fresh_ulong_10_qp1_T13279,False,36,1,767,0.0015150787075981498,28.19564805189618,0.9833537340164185,0.08162226527929306,0.0765233039855957
fresh_ulong,98881c99-ebda-4469-bbe4-0ee789ff217d,10,1,fresh_ulong_10_qp1_T13279,False,37,2,671,0.0013972001615911722,28.547413728066854,0.9849339723587036,0.07619404047727585,0.06836116313934326
fresh_ulong,98881c99-ebda-4469-bbe4-0ee789ff217d,10,1,fresh_ulong_10_qp1_T13279,False,38,1,149,0.0015004865126684308,28.237679039378968,0.9833621382713318,0.08208908885717392,0.07517671585083008
fresh_ulong,98881c99-ebda-4469-bbe4-0ee789ff217d,10,1,fresh_ulong_10_qp1_T13279,False,39,2,211,0.0014971293276175857,28.247406820586317,0.9831783175468445,0.07898888736963272,0.07250773906707764
fresh_ulong,98881c99-ebda-4469-bbe4-0ee789ff217d,10,1,fresh_ulong_10_qp1_T13279,False,40,1,670,0.0014716207515448332,28.322040967461362,0.98378586769104,0.07762973010540009,0.07488977909088135
fresh_ulong,98881c99-ebda-4469-bbe4-0ee789ff217d,10,1,fresh_ulong_10_qp1_T13279,False,41,3,1179,0.001280780415982008,28.925253217008525,0.9862168431282043,0.06918585300445557,0.06845355033874512
fresh_ulong,98881c99-ebda-4469-bbe4-0ee789ff217d,10,1,fresh_ulong_10_qp1_T13279,False,42,1,150,0.001462138257920742,28.35011559106547,0.9832093715667725,0.07831985503435135,0.07798832654953003
fresh_ulong,98881c99-ebda-4469-bbe4-0ee789ff217d,10,1,fresh_ulong_10_qp1_T13279,False,43,2,198,0.0014912039041519165,28.264629679532014,0.9823592901229858,0.07879078388214111,0.07498323917388916
fresh_ulong,98881c99-ebda-4469-bbe4-0ee789ff217d,10,1,fresh_ulong_10_qp1_T13279,False,44,1,751,0.0013516552280634642,28.69134071444945,0.9841910004615784,0.07465759664773941,0.07474762201309204
fresh_ulong,98881c99-ebda-4469-bbe4-0ee789ff217d,10,1,fresh_ulong_10_qp1_T13279,False,45,2,690,0.0013155005872249603,28.80908953713966,0.9848211407661438,0.07146216928958893,0.0681312084197998
fresh_ulong,98881c99-ebda-4469-bbe4-0ee789ff217d,10,1,fresh_ulong_10_qp1_T13279,False,46,1,138,0.001401358051225543,28.53450886980834,0.9834321141242981,0.080204077064991,0.07950335741043091
fresh_ulong,98881c99-ebda-4469-bbe4-0ee789ff217d,10,1,fresh_ulong_10_qp1_T13279,False,47,2,207,0.0014263711636886,28.457674496823294,0.982616126537323,0.07869423925876617,0.07640302181243896
fresh_ulong,98881c99-ebda-4469-bbe4-0ee789ff217d,10,1,fresh_ulong_10_qp1_T13279,False,48,1,647,0.001343835610896349,28.716538545315473,0.9836991429328918,0.0753617137670517,0.07601642608642578
fresh_ulong,98881c99-ebda-4469-bbe4-0ee789ff217d,10,1,fresh_ulong_10_qp1_T13279,False,49,3,920,0.0011944484431296587,29.228325912866637,0.9860295057296753,0.06944417208433151,0.06983131170272827
fresh_ulong,98881c99-ebda-4469-bbe4-0ee789ff217d,10,1,fresh_ulong_10_qp1_T13279,False,50,1,96,0.0013026291271671653,28.851792151020973,0.9838722944259644,0.0767718106508255,0.07439225912094116
fresh_ulong,98881c99-ebda-4469-bbe4-0ee789ff217d,10,1,fresh_ulong_10_qp1_T13279,False,51,2,128,0.001413484220393002,28.497090354478946,0.9821226000785828,0.077212393283844,0.07229810953140259
fresh_ulong,98881c99-ebda-4469-bbe4-0ee789ff217d,10,1,fresh_ulong_10_qp1_T13279,False,52,1,690,0.0012993711279705167,28.862667874878372,0.983529806137085,0.07351668924093246,0.07211160659790039
fresh_ulong,98881c99-ebda-4469-bbe4-0ee789ff217d,10,1,fresh_ulong_10_qp1_T13279,False,53,2,483,0.0013025414664298296,28.852084420361127,0.9836012125015259,0.07456903159618378,0.0686483383178711
fresh_ulong,98881c99-ebda-4469-bbe4-0ee789ff217d,10,1,fresh_ulong_10_qp1_T13279,False,54,1,97,0.0014294880675151944,28.448194655133623,0.9815256595611572,0.08072804659605026,0.07779538631439209
fresh_ulong,98881c99-ebda-4469-bbe4-0ee789ff217d,10,1,fresh_ulong_10_qp1_T13279,False,55,2,135,0.001489924849011004,28.26835636609826,0.9801435470581055,0.0803414061665535,0.07580506801605225
fresh_ulong,98881c99-ebda-4469-bbe4-0ee789ff217d,10,1,fresh_ulong_10_qp1_T13279,False,56,1,593,0.0013148101279512048,28.811369592174437,0.9823421835899353,0.07912507653236389,0.07735598087310791
fresh_ulong,98881c99-ebda-4469-bbe4-0ee789ff217d,10,1,fresh_ulong_10_qp1_T13279,False,57,3,849,0.001250399393029511,29.029512458046067,0.9834345579147339,0.07622144371271133,0.07335269451141357
fresh_ulong,98881c99-ebda-4469-bbe4-0ee789ff217d,10,1,fresh_ulong_10_qp1_T13279,False,58,1,87,0.0013007000088691711,28.858228567941985,0.9817053079605103,0.08107047528028488,0.08135145902633667
fresh_ulong,98881c99-ebda-4469-bbe4-0ee789ff217d,10,1,fresh_ulong_10_qp1_T13279,False,59,2,106,0.0013643603306263685,28.65070916383172,0.9801211357116699,0.07975414395332336,0.08026999235153198
fresh_ulong,98881c99-ebda-4469-bbe4-0ee789ff217d,10,1,fresh_ulong_10_qp1_T13279,False,60,1,697,0.0012757236836478114,28.94243381776386,0.9813822507858276,0.07554760575294495,0.08198314905166626
fresh_ulong,98881c99-ebda-4469-bbe4-0ee789ff217d,10,1,fresh_ulong_10_qp1_T13279,False,61,2,459,0.0012913895770907402,28.88942723141767,0.9812942147254944,0.07340268790721893,0.08025991916656494
fresh_ulong,98881c99-ebda-4469-bbe4-0ee789ff217d,10,1,fresh_ulong_10_qp1_T13279,False,62,1,84,0.0014113280922174454,28.503720138316886,0.9787887334823608,0.08026455342769623,0.08499294519424438
fresh_ulong,98881c99-ebda-4469-bbe4-0ee789ff217d,10,1,fresh_ulong_10_qp1_T13279,False,63,2,126,0.0014899884117767215,28.268171092528238,0.9762824773788452,0.07821793109178543,0.08453631401062012
fresh_ulong,98881c99-ebda-4469-bbe4-0ee789ff217d,10,3,fresh_ulong_10_qp3_BASELINE,True,0,3,4891,0.0007229101029224694,31.409157057927732,0.9807173013687134,0.05474057048559189,0.055563509464263916
fresh_ulong,98881c99-ebda-4469-bbe4-0ee789ff217d,10,3,fresh_ulong_10_qp3_BASELINE,True,1,5,2094,0.0013461055932566524,28.709208711893158,0.9768454432487488,0.06159535422921181,0.061688899993896484
fresh_ulong,98881c99-ebda-4469-bbe4-0ee789ff217d,10,3,fresh_ulong_10_qp3_BASELINE,True,2,3,1201,0.0014089130563661456,28.511158062557595,0.9783349633216858,0.05855173617601395,0.05720275640487671
fresh_ulong,98881c99-ebda-4469-bbe4-0ee789ff217d,10,3,fresh_ulong_10_qp3_BASELINE,True,3,4,1324,0.0012369902106001973,29.076337373144025,0.981537401676178,0.053960222750902176,0.052549660205841064
fresh_ulong,98881c99-ebda-4469-bbe4-0ee789ff217d,10,3,fresh_ulong_10_qp3_BASELINE,True,4,3,922,0.0012720664963126183,28.95490185679106,0.9814635515213013,0.05462762340903282,0.05457872152328491
fresh_ulong,98881c99-ebda-4469-bbe4-0ee789ff217d,10,3,fresh_ulong_10_qp3_BASELINE,True,5,4,1232,0.0012024713214486837,29.199252726132634,0.9835534691810608,0.05099988728761673,0.04986000061035156
fresh_ulong,98881c99-ebda-4469-bbe4-0ee789ff217d,10,3,fresh_ulong_10_qp3_BASELINE,True,6,3,1088,0.0012385008158162236,29.07103703002757,0.9829511642456055,0.05589723587036133,0.05317777395248413
fresh_ulong,98881c99-ebda-4469-bbe4-0ee789ff217d,10,3,fresh_ulong_10_qp3_BASELINE,True,7,4,1300,0.0012047853088006377,29.190903369150515,0.9839135408401489,0.05362776666879654,0.05130183696746826
fresh_ulong,98881c99-ebda-4469-bbe4-0ee789ff217d,10,3,fresh_ulong_10_qp3_BASELINE,True,8,3,866,0.0012499141739681363,29.031198070333232,0.9835696816444397,0.05686959624290466,0.053917646408081055
fresh_ulong,98881c99-ebda-4469-bbe4-0ee789ff217d,10,3,fresh_ulong_10_qp3_BASELINE,True,9,5,1906,0.0011450909078121185,29.41160033678721,0.9854834675788879,0.05254681780934334,0.05091816186904907
fresh_ulong,98881c99-ebda-4469-bbe4-0ee789ff217d,10,3,fresh_ulong_10_qp3_BASELINE,True,10,3,400,0.0012705515837296844,28.960076981268852,0.9837870001792908,0.06108158454298973,0.05671358108520508
fresh_ulong,98881c99-ebda-4469-bbe4-0ee789ff217d,10,3,fresh_ulong_10_qp3_BASELINE,True,11,4,709,0.0013063721125945449,28.839330991498137,0.9833085536956787,0.05986838415265083,0.053688108921051025
fresh_ulong,98881c99-ebda-4469-bbe4-0ee789ff217d,10,3,fresh_ulong_10_qp3_BASELINE,True,12,3,828,0.0014158427948132157,28.489849649621412,0.9827782511711121,0.0651770681142807,0.06176900863647461
fresh_ulong,98881c99-ebda-4469-bbe4-0ee789ff217d,10,3,fresh_ulong_10_qp3_BASELINE,True,13,4,1069,0.001304867211729288,28.844336815421382,0.9845120906829834,0.058990828692913055,0.057232439517974854
fresh_ulong,98881c99-ebda-4469-bbe4-0ee789ff217d,10,3,fresh_ulong_10_qp3_BASELINE,True,14,3,510,0.0013959393836557865,28.551334398184196,0.9837393760681152,0.0619424507021904,0.06189829111099243
fresh_ulong,98881c99-ebda-4469-bbe4-0ee789ff217d,10,3,fresh_ulong_10_qp3_BASELINE,True,15,4,738,0.0013131971936672926,28.816700540390357,0.9844427704811096,0.062149763107299805,0.0616493821144104
fresh_ulong,98881c99-ebda-4469-bbe4-0ee789ff217d,10,3,fresh_ulong_10_qp3_BASELINE,True,16,3,809,0.0013412967091426253,28.724751409479442,0.9847197532653809,0.06395143270492554,0.06624317169189453
fresh_ulong,98881c99-ebda-4469-bbe4-0ee789ff217d,10,3,fresh_ulong_10_qp3_BASELINE,True,17,5,1980,0.0011878106743097305,29.252527762361446,0.9867390990257263,0.05652601271867752,0.053894996643066406
fresh_ulong,98881c99-ebda-4469-bbe4-0ee789ff217d,10,3,fresh_ulong_10_qp3_BASELINE,True,18,3,328,0.0012987512163817883,28.86474032683928,0.9852033257484436,0.06404764205217361,0.06010115146636963
fresh_ulong,98881c99-ebda-4469-bbe4-0ee789ff217d,10,3,fresh_ulong_10_qp3_BASELINE,True,19,4,398,0.0012999902246519923,28.860599133821324,0.9853465557098389,0.06521603465080261,0.05811983346939087
fresh_ulong,98881c99-ebda-4469-bbe4-0ee789ff217d,10,3,fresh_ulong_10_qp3_BASELINE,True,20,3,1139,0.0012767211301252246,28.939039538515612,0.9861072301864624,0.06603490561246872,0.06338721513748169
fresh_ulong,98881c99-ebda-4469-bbe4-0ee789ff217d,10,3,fresh_ulong_10_qp3_BASELINE,True,21,4,1247,0.0012438347330316901,29.052373200475063,0.9867554306983948,0.06055881828069687,0.05997800827026367
fresh_ulong,98881c99-ebda-4469-bbe4-0ee789ff217d,10,3,fresh_ulong_10_qp3_BASELINE,True,22,3,379,0.0013434365391731262,28.717828438105446,0.985561728477478,0.06770840287208557,0.06572067737579346
fresh_ulong,98881c99-ebda-4469-bbe4-0ee789ff217d,10,3,fresh_ulong_10_qp3_BASELINE,True,23,4,546,0.0013337956042960286,28.74910718191263,0.9855685234069824,0.06816961616277695,0.06399273872375488
fresh_ulong,98881c99-ebda-4469-bbe4-0ee789ff217d,10,3,fresh_ulong_10_qp3_BASELINE,True,24,3,1180,0.0013380447635427117,28.735293572450267,0.9859660863876343,0.06857381016016006,0.0637134313583374
fresh_ulong,98881c99-ebda-4469-bbe4-0ee789ff217d,10,3,fresh_ulong_10_qp3_BASELINE,True,25,5,2189,0.0011399922659620643,29.430980950331694,0.9885081052780151,0.05844205617904663,0.057621777057647705
fresh_ulong,98881c99-ebda-4469-bbe4-0ee789ff217d,10,3,fresh_ulong_10_qp3_BASELINE,True,26,3,290,0.0012974183773621917,28.86919954771395,0.9866434931755066,0.06707501411437988,0.0681411623954773
fresh_ulong,98881c99-ebda-4469-bbe4-0ee789ff217d,10,3,fresh_ulong_10_qp3_BASELINE,True,27,4,441,0.0012448800262063742,29.048725011523345,0.9871174097061157,0.06608016788959503,0.06193059682846069
fresh_ulong,98881c99-ebda-4469-bbe4-0ee789ff217d,10,3,fresh_ulong_10_qp3_BASELINE,True,28,3,1142,0.0012889689533039927,28.897575431362323,0.9870008230209351,0.06709595024585724,0.06290072202682495
fresh_ulong,98881c99-ebda-4469-bbe4-0ee789ff217d,10,3,fresh_ulong_10_qp3_BASELINE,True,29,4,1200,0.0011987617472186685,29.212671239487058,0.9881421327590942,0.06096828728914261,0.05623215436935425
fresh_ulong,98881c99-ebda-4469-bbe4-0ee789ff217d,10,3,fresh_ulong_10_qp3_BASELINE,True,30,3,333,0.0012978034792467952,28.8679106588719,0.9868703484535217,0.06570734083652496,0.06139153242111206
fresh_ulong,98881c99-ebda-4469-bbe4-0ee789ff217d,10,3,fresh_ulong_10_qp3_BASELINE,True,31,4,476,0.0012792079942300916,28.93058835191178,0.9870601296424866,0.06482946872711182,0.05792999267578125
fresh_ulong,98881c99-ebda-4469-bbe4-0ee789ff217d,10,3,fresh_ulong_10_qp3_BASELINE,True,32,3,1003,0.0012675350299105048,28.970400295594292,0.9870845675468445,0.0667475238442421,0.06867969036102295
fresh_ulong,98881c99-ebda-4469-bbe4-0ee789ff217d,10,3,fresh_ulong_10_qp3_BASELINE,True,33,5,2216,0.0011139475973322988,29.53135238897218,0.9891673922538757,0.057046495378017426,0.06065267324447632
fresh_ulong,98881c99-ebda-4469-bbe4-0ee789ff217d,10,3,fresh_ulong_10_qp3_BASELINE,True,34,3,219,0.0012589062098413706,29.000066241936672,0.9870473742485046,0.06554700434207916,0.06550145149230957
fresh_ulong,98881c99-ebda-4469-bbe4-0ee789ff217d,10,3,fresh_ulong_10_qp3_BASELINE,True,35,4,379,0.001319143339060247,28.797080111400298,0.9862067699432373,0.06838913261890411,0.06338459253311157
fresh_ulong,98881c99-ebda-4469-bbe4-0ee789ff217d,10,3,fresh_ulong_10_qp3_BASELINE,True,36,3,1210,0.0012702696258202195,28.96104086463264,0.9866511225700378,0.06733720749616623,0.06395477056503296
fresh_ulong,98881c99-ebda-4469-bbe4-0ee789ff217d,10,3,fresh_ulong_10_qp3_BASELINE,True,37,4,1208,0.0012154581490904093,29.15259990281779,0.9876167178153992,0.06160251051187515,0.05813950300216675
fresh_ulong,98881c99-ebda-4469-bbe4-0ee789ff217d,10,3,fresh_ulong_10_qp3_BASELINE,True,38,3,331,0.0012691003503277898,28.965040360057458,0.9865661263465881,0.06717445701360703,0.06754112243652344
fresh_ulong,98881c99-ebda-4469-bbe4-0ee789ff217d,10,3,fresh_ulong_10_qp3_BASELINE,True,39,4,494,0.0012590890983119607,28.999435363448033,0.9866080284118652,0.0647047609090805,0.061660706996917725
fresh_ulong,98881c99-ebda-4469-bbe4-0ee789ff217d,10,3,fresh_ulong_10_qp3_BASELINE,True,40,3,1015,0.0012611161218956113,28.992449223273095,0.9866478443145752,0.06522554159164429,0.06636536121368408
fresh_ulong,98881c99-ebda-4469-bbe4-0ee789ff217d,10,3,fresh_ulong_10_qp3_BASELINE,True,41,5,2191,0.0011153698433190584,29.525811018716915,0.9884094595909119,0.057028308510780334,0.058019399642944336
fresh_ulong,98881c99-ebda-4469-bbe4-0ee789ff217d,10,3,fresh_ulong_10_qp3_BASELINE,True,42,3,335,0.001230583293363452,29.098889852737628,0.9865039587020874,0.06507773697376251,0.06710481643676758
fresh_ulong,98881c99-ebda-4469-bbe4-0ee789ff217d,10,3,fresh_ulong_10_qp3_BASELINE,True,43,4,439,0.0012003396404907107,29.206958513518906,0.9863886833190918,0.06517333537340164,0.0646059513092041
fresh_ulong,98881c99-ebda-4469-bbe4-0ee789ff217d,10,3,fresh_ulong_10_qp3_BASELINE,True,44,3,1171,0.0011881145182996988,29.251416971758,0.9868316650390625,0.06312592327594757,0.06650280952453613
fresh_ulong,98881c99-ebda-4469-bbe4-0ee789ff217d,10,3,fresh_ulong_10_qp3_BASELINE,True,45,4,1288,0.0011821327498182654,29.27333750801357,0.9870747923851013,0.058186206966638565,0.058963656425476074
fresh_ulong,98881c99-ebda-4469-bbe4-0ee789ff217d,10,3,fresh_ulong_10_qp3_BASELINE,True,46,3,297,0.0012270365841686726,29.11142488564176,0.9860840439796448,0.06713250279426575,0.0702628493309021
fresh_ulong,98881c99-ebda-4469-bbe4-0ee789ff217d,10,3,fresh_ulong_10_qp3_BASELINE,True,47,4,439,0.001206722343340516,29.183926459148985,0.9859799146652222,0.06301403790712357,0.06278413534164429
fresh_ulong,98881c99-ebda-4469-bbe4-0ee789ff217d,10,3,fresh_ulong_10_qp3_BASELINE,True,48,3,910,0.0011998849222436547,29.208604039782955,0.9860155582427979,0.06298056244850159,0.06462770700454712
fresh_ulong,98881c99-ebda-4469-bbe4-0ee789ff217d,10,3,fresh_ulong_10_qp3_BASELINE,True,49,5,1794,0.0010660055559128523,29.722405318047507,0.9879384636878967,0.05591411888599396,0.058035075664520264
fresh_ulong,98881c99-ebda-4469-bbe4-0ee789ff217d,10,3,fresh_ulong_10_qp3_BASELINE,True,50,3,173,0.0011771138524636626,29.29181529420443,0.9861140251159668,0.06438612937927246,0.06370371580123901
fresh_ulong,98881c99-ebda-4469-bbe4-0ee789ff217d,10,3,fresh_ulong_10_qp3_BASELINE,True,51,4,294,0.0012017865665256977,29.201726548046977,0.9850494265556335,0.06507817655801773,0.0614737868309021
fresh_ulong,98881c99-ebda-4469-bbe4-0ee789ff217d,10,3,fresh_ulong_10_qp3_BASELINE,True,52,3,1030,0.0011401810916140676,29.43026165468146,0.9860062003135681,0.06211218237876892,0.061037421226501465
fresh_ulong,98881c99-ebda-4469-bbe4-0ee789ff217d,10,3,fresh_ulong_10_qp3_BASELINE,True,53,4,912,0.0011158415582031012,29.52397467838552,0.9865462779998779,0.06172046810388565,0.05877429246902466
fresh_ulong,98881c99-ebda-4469-bbe4-0ee789ff217d,10,3,fresh_ulong_10_qp3_BASELINE,True,54,3,234,0.0011737594613805413,29.304208939728618,0.985479474067688,0.06695441901683807,0.06659179925918579
fresh_ulong,98881c99-ebda-4469-bbe4-0ee789ff217d,10,3,fresh_ulong_10_qp3_BASELINE,True,55,4,322,0.0012026638723909855,29.19855734890711,0.9846552610397339,0.06541500985622406,0.06224477291107178
fresh_ulong,98881c99-ebda-4469-bbe4-0ee789ff217d,10,3,fresh_ulong_10_qp3_BASELINE,True,56,3,855,0.0011644508922472596,29.338788220075642,0.9850261211395264,0.06469406932592392,0.06871432065963745
fresh_ulong,98881c99-ebda-4469-bbe4-0ee789ff217d,10,3,fresh_ulong_10_qp3_BASELINE,True,57,5,1722,0.0010798466391861439,29.666379190357702,0.9860996603965759,0.06168261915445328,0.06290662288665771
fresh_ulong,98881c99-ebda-4469-bbe4-0ee789ff217d,10,3,fresh_ulong_10_qp3_BASELINE,True,58,3,168,0.0011794889578595757,29.283061205376924,0.9841433167457581,0.06759433448314667,0.06981319189071655
fresh_ulong,98881c99-ebda-4469-bbe4-0ee789ff217d,10,3,fresh_ulong_10_qp3_BASELINE,True,59,4,229,0.0011955833761021495,29.2242013220527,0.9830095767974854,0.06593015789985657,0.06695950031280518
fresh_ulong,98881c99-ebda-4469-bbe4-0ee789ff217d,10,3,fresh_ulong_10_qp3_BASELINE,True,60,3,1022,0.001162672066129744,29.34542761585645,0.9837576746940613,0.06276176124811172,0.0701640248298645
fresh_ulong,98881c99-ebda-4469-bbe4-0ee789ff217d,10,3,fresh_ulong_10_qp3_BASELINE,True,61,4,915,0.0011291592381894588,29.472448079506517,0.9840322732925415,0.05964739993214607,0.06684732437133789
fresh_ulong,98881c99-ebda-4469-bbe4-0ee789ff217d,10,3,fresh_ulong_10_qp3_BASELINE,True,62,3,176,0.0012510110391303897,29.027388580026145,0.9818556904792786,0.06576424837112427,0.07131826877593994
fresh_ulong,98881c99-ebda-4469-bbe4-0ee789ff217d,10,3,fresh_ulong_10_qp3_BASELINE,True,63,4,315,0.0012470966903492808,29.04099873340037,0.9806051850318909,0.06244915351271629,0.06852573156356812
fresh_ulong,98881c99-ebda-4469-bbe4-0ee789ff217d,10,3,fresh_ulong_10_qp3_T11237,False,0,3,4891,0.0007229101029224694,31.409157057927732,0.9807173013687134,0.05474057048559189,0.055563509464263916
fresh_ulong,98881c99-ebda-4469-bbe4-0ee789ff217d,10,3,fresh_ulong_10_qp3_T11237,False,1,5,2094,0.0013377947034314275,28.73610527829534,0.9769386053085327,0.06156432256102562,0.06172388792037964
fresh_ulong,98881c99-ebda-4469-bbe4-0ee789ff217d,10,3,fresh_ulong_10_qp3_T11237,False,2,3,1197,0.001402879599481821,28.529796001936166,0.978361964225769,0.05852347984910011,0.057099342346191406
fresh_ulong,98881c99-ebda-4469-bbe4-0ee789ff217d,10,3,fresh_ulong_10_qp3_T11237,False,3,4,1330,0.0012287540594115853,29.10535034386958,0.9816232323646545,0.05380559340119362,0.05262058973312378
fresh_ulong,98881c99-ebda-4469-bbe4-0ee789ff217d,10,3,fresh_ulong_10_qp3_T11237,False,4,3,925,0.0012776671210303903,28.93582281021567,0.9813858270645142,0.05465088039636612,0.05401611328125
fresh_ulong,98881c99-ebda-4469-bbe4-0ee789ff217d,10,3,fresh_ulong_10_qp3_T11237,False,5,4,1221,0.0011978858383372426,29.215845693779656,0.9836464524269104,0.051198314875364304,0.04875528812408447
fresh_ulong,98881c99-ebda-4469-bbe4-0ee789ff217d,10,3,fresh_ulong_10_qp3_T11237,False,6,3,1071,0.0012397548416629434,29.066641869663595,0.9832032322883606,0.05574534088373184,0.05361318588256836
fresh_ulong,98881c99-ebda-4469-bbe4-0ee789ff217d,10,3,fresh_ulong_10_qp3_T11237,False,7,4,1324,0.0011914148926734924,29.239369755268378,0.9842685461044312,0.05373908206820488,0.052001357078552246
fresh_ulong,98881c99-ebda-4469-bbe4-0ee789ff217d,10,3,fresh_ulong_10_qp3_T11237,False,8,3,852,0.0012233558809384704,29.124471859360334,0.983767032623291,0.05687148869037628,0.053491413593292236
fresh_ulong,98881c99-ebda-4469-bbe4-0ee789ff217d,10,3,fresh_ulong_10_qp3_T11237,False,9,5,1876,0.0011392943561077118,29.433640540443346,0.9855014085769653,0.05173519253730774,0.04897671937942505
fresh_ulong,98881c99-ebda-4469-bbe4-0ee789ff217d,10,3,fresh_ulong_10_qp3_T11237,False,10,3,399,0.0012672478333115578,28.971384426428433,0.9836603999137878,0.06155247613787651,0.05658555030822754
fresh_ulong,98881c99-ebda-4469-bbe4-0ee789ff217d,10,3,fresh_ulong_10_qp3_T11237,False,11,4,717,0.0013201665133237839,28.793712875389424,0.9831578135490417,0.06067100167274475,0.051529526710510254
fresh_ulong,98881c99-ebda-4469-bbe4-0ee789ff217d,10,3,fresh_ulong_10_qp3_T11237,False,12,3,829,0.001416409038938582,28.488113104167347,0.982557475566864,0.06574554741382599,0.06096816062927246
fresh_ulong,98881c99-ebda-4469-bbe4-0ee789ff217d,10,3,fresh_ulong_10_qp3_T11237,False,13,4,1048,0.0012833226937800646,28.916641257709763,0.9844537973403931,0.06004134193062782,0.05771458148956299
fresh_ulong,98881c99-ebda-4469-bbe4-0ee789ff217d,10,3,fresh_ulong_10_qp3_T11237,False,14,3,519,0.0014041842659935355,28.5257589758141,0.9832225441932678,0.06370237469673157,0.06218212842941284
fresh_ulong,98881c99-ebda-4469-bbe4-0ee789ff217d,10,3,fresh_ulong_10_qp3_T11237,False,15,4,742,0.00133922987151891,28.731448723054555,0.9842154383659363,0.06316736340522766,0.05989980697631836
fresh_ulong,98881c99-ebda-4469-bbe4-0ee789ff217d,10,3,fresh_ulong_10_qp3_T11237,False,16,3,818,0.00139023014344275,28.569132992036444,0.984212338924408,0.06554366648197174,0.06502091884613037
fresh_ulong,98881c99-ebda-4469-bbe4-0ee789ff217d,10,3,fresh_ulong_10_qp3_T11237,False,17,5,2071,0.0011381125077605247,29.438148037718847,0.9871693253517151,0.055906958878040314,0.05355501174926758
fresh_ulong,98881c99-ebda-4469-bbe4-0ee789ff217d,10,3,fresh_ulong_10_qp3_T11237,False,18,3,352,0.0012512599350884557,29.026524611713953,0.98539799451828,0.0644456073641777,0.0628662109375
fresh_ulong,98881c99-ebda-4469-bbe4-0ee789ff217d,10,3,fresh_ulong_10_qp3_T11237,False,19,4,425,0.0012853483203798532,28.90979165624509,0.9852265119552612,0.06637737900018692,0.06142926216125488
fresh_ulong,98881c99-ebda-4469-bbe4-0ee789ff217d,10,3,fresh_ulong_10_qp3_T11237,False,20,3,1124,0.001245697494596243,29.04587409023594,0.9863093495368958,0.06594663858413696,0.05961942672729492
fresh_ulong,98881c99-ebda-4469-bbe4-0ee789ff217d,10,3,fresh_ulong_10_qp3_T11237,False,21,4,1156,0.0012210396816954017,29.13270221999989,0.9870331287384033,0.06161873787641525,0.05927562713623047
fresh_ulong,98881c99-ebda-4469-bbe4-0ee789ff217d,10,3,fresh_ulong_10_qp3_T11237,False,22,3,385,0.0013846581568941474,28.586574315807198,0.9851593375205994,0.06853464245796204,0.06500363349914551
fresh_ulong,98881c99-ebda-4469-bbe4-0ee789ff217d,10,3,fresh_ulong_10_qp3_T11237,False,23,4,547,0.0013695871457457542,28.634103287167797,0.9852043986320496,0.06881548464298248,0.06489676237106323
fresh_ulong,98881c99-ebda-4469-bbe4-0ee789ff217d,10,3,fresh_ulong_10_qp3_T11237,False,24,3,1204,0.0013537030899897218,28.68476579756537,0.9858585000038147,0.07029297947883606,0.06433063745498657
fresh_ulong,98881c99-ebda-4469-bbe4-0ee789ff217d,10,3,fresh_ulong_10_qp3_T11237,False,25,5,2157,0.0011275233700871468,29.47874447769554,0.9885751008987427,0.05783110857009888,0.05708128213882446
fresh_ulong,98881c99-ebda-4469-bbe4-0ee789ff217d,10,3,fresh_ulong_10_qp3_T11237,False,26,3,291,0.0012680500512942672,28.968636040474127,0.9869745969772339,0.06520714610815048,0.06600463390350342
fresh_ulong,98881c99-ebda-4469-bbe4-0ee789ff217d,10,3,fresh_ulong_10_qp3_T11237,False,27,4,421,0.0012755165807902813,28.943138915042724,0.9868613481521606,0.06632517278194427,0.061700522899627686
fresh_ulong,98881c99-ebda-4469-bbe4-0ee789ff217d,10,3,fresh_ulong_10_qp3_T11237,False,28,3,1151,0.0012616700259968638,28.990542145269327,0.9873683452606201,0.06570698320865631,0.06503403186798096
fresh_ulong,98881c99-ebda-4469-bbe4-0ee789ff217d,10,3,fresh_ulong_10_qp3_T11237,False,29,4,1188,0.00117879721801728,29.28560897763722,0.988437294960022,0.05982888489961624,0.059094905853271484
fresh_ulong,98881c99-ebda-4469-bbe4-0ee789ff217d,10,3,fresh_ulong_10_qp3_T11237,False,30,3,319,0.0012921170564368367,28.886981406274753,0.9871244430541992,0.06602482497692108,0.06362360715866089
fresh_ulong,98881c99-ebda-4469-bbe4-0ee789ff217d,10,3,fresh_ulong_10_qp3_T11237,False,31,4,437,0.0013024492654949427,28.85239184838207,0.9868502020835876,0.0656270906329155,0.05883866548538208
fresh_ulong,98881c99-ebda-4469-bbe4-0ee789ff217d,10,3,fresh_ulong_10_qp3_T11237,False,32,3,1014,0.0013013980351388454,28.855898533029478,0.9868023991584778,0.0664757564663887,0.07130300998687744
fresh_ulong,98881c99-ebda-4469-bbe4-0ee789ff217d,10,3,fresh_ulong_10_qp3_T11237,False,33,5,2252,0.0011012551840394735,29.5811203418086,0.9891685247421265,0.056637927889823914,0.05997180938720703
fresh_ulong,98881c99-ebda-4469-bbe4-0ee789ff217d,10,3,fresh_ulong_10_qp3_T11237,False,34,3,237,0.0012403948931023479,29.064400304885936,0.9871416687965393,0.06534775346517563,0.06502407789230347
fresh_ulong,98881c99-ebda-4469-bbe4-0ee789ff217d,10,3,fresh_ulong_10_qp3_T11237,False,35,4,356,0.0012716928031295538,28.956177865008765,0.9866632223129272,0.06826869398355484,0.06273043155670166
fresh_ulong,98881c99-ebda-4469-bbe4-0ee789ff217d,10,3,fresh_ulong_10_qp3_T11237,False,36,3,1188,0.001253395457752049,29.01911883496583,0.9869167804718018,0.06867250800132751,0.06584542989730835
fresh_ulong,98881c99-ebda-4469-bbe4-0ee789ff217d,10,3,fresh_ulong_10_qp3_T11237,False,37,4,1221,0.0012049985816702247,29.19013464270156,0.9876141548156738,0.06260594725608826,0.05893796682357788
fresh_ulong,98881c99-ebda-4469-bbe4-0ee789ff217d,10,3,fresh_ulong_10_qp3_T11237,False,38,3,319,0.0012587360106408596,29.000653430800263,0.9866248965263367,0.0687754899263382,0.06945091485977173
fresh_ulong,98881c99-ebda-4469-bbe4-0ee789ff217d,10,3,fresh_ulong_10_qp3_T11237,False,39,4,522,0.001203102758154273,29.19697277569975,0.9871231317520142,0.06449975818395615,0.06274646520614624
fresh_ulong,98881c99-ebda-4469-bbe4-0ee789ff217d,10,3,fresh_ulong_10_qp3_T11237,False,40,3,1014,0.0012504268670454621,29.029417035075554,0.9866576790809631,0.0646895095705986,0.07198643684387207
fresh_ulong,98881c99-ebda-4469-bbe4-0ee789ff217d,10,3,fresh_ulong_10_qp3_T11237,False,41,5,2115,0.0011043624253943563,29.56888378129746,0.9884581565856934,0.05707121640443802,0.06021815538406372
fresh_ulong,98881c99-ebda-4469-bbe4-0ee789ff217d,10,3,fresh_ulong_10_qp3_T11237,False,42,3,312,0.0012384910369291902,29.07107132094922,0.986477255821228,0.0656871423125267,0.06745058298110962
fresh_ulong,98881c99-ebda-4469-bbe4-0ee789ff217d,10,3,fresh_ulong_10_qp3_T11237,False,43,4,417,0.0011696296278387308,29.319516391516895,0.9866748452186584,0.06488212198019028,0.0664861798286438
fresh_ulong,98881c99-ebda-4469-bbe4-0ee789ff217d,10,3,fresh_ulong_10_qp3_T11237,False,44,3,1102,0.0011865838896483183,29.25701552412128,0.9867181777954102,0.06382948160171509,0.06796038150787354
fresh_ulong,98881c99-ebda-4469-bbe4-0ee789ff217d,10,3,fresh_ulong_10_qp3_T11237,False,45,4,1325,0.0011440969537943602,29.41537170723299,0.9875239133834839,0.057994451373815536,0.057624638080596924
fresh_ulong,98881c99-ebda-4469-bbe4-0ee789ff217d,10,3,fresh_ulong_10_qp3_T11237,False,46,3,297,0.0012224405072629452,29.12772267579493,0.9861611723899841,0.06671038269996643,0.06664800643920898
fresh_ulong,98881c99-ebda-4469-bbe4-0ee789ff217d,10,3,fresh_ulong_10_qp3_T11237,False,47,4,460,0.0012126847868785262,29.16252070616804,0.9860644340515137,0.06345005333423615,0.06355273723602295
fresh_ulong,98881c99-ebda-4469-bbe4-0ee789ff217d,10,3,fresh_ulong_10_qp3_T11237,False,48,3,850,0.0012028261553496122,29.19797136773294,0.9859058856964111,0.06290605664253235,0.06539618968963623
fresh_ulong,98881c99-ebda-4469-bbe4-0ee789ff217d,10,3,fresh_ulong_10_qp3_T11237,False,49,5,1780,0.0010729264467954636,29.694300495585267,0.9879549741744995,0.05630217120051384,0.05644834041595459
fresh_ulong,98881c99-ebda-4469-bbe4-0ee789ff217d,10,3,fresh_ulong_10_qp3_T11237,False,50,3,175,0.0011675417190417647,29.327275921100995,0.9863516092300415,0.06412816047668457,0.06327998638153076
fresh_ulong,98881c99-ebda-4469-bbe4-0ee789ff217d,10,3,fresh_ulong_10_qp3_T11237,False,51,4,296,0.0011749918339774013,29.29965151665332,0.9851942658424377,0.064687579870224,0.06144392490386963
fresh_ulong,98881c99-ebda-4469-bbe4-0ee789ff217d,10,3,fresh_ulong_10_qp3_T11237,False,52,3,1030,0.0011282353661954403,29.476002907985418,0.9862532615661621,0.06197059899568558,0.0614284873008728
fresh_ulong,98881c99-ebda-4469-bbe4-0ee789ff217d,10,3,fresh_ulong_10_qp3_T11237,False,53,4,943,0.001128053991124034,29.476701135742246,0.9863016605377197,0.06205284222960472,0.05670762062072754
fresh_ulong,98881c99-ebda-4469-bbe4-0ee789ff217d,10,3,fresh_ulong_10_qp3_T11237,False,54,3,225,0.0011590842623263597,29.35884990841261,0.9853182435035706,0.06740647554397583,0.06761455535888672
fresh_ulong,98881c99-ebda-4469-bbe4-0ee789ff217d,10,3,fresh_ulong_10_qp3_T11237,False,55,4,288,0.0011884304694831371,29.250262220999804,0.9845592975616455,0.06620801240205765,0.06278890371322632
fresh_ulong,98881c99-ebda-4469-bbe4-0ee789ff217d,10,3,fresh_ulong_10_qp3_T11237,False,56,3,849,0.0011471071047708392,29.40396030364336,0.9852355122566223,0.06541436910629272,0.06587862968444824
fresh_ulong,98881c99-ebda-4469-bbe4-0ee789ff217d,10,3,fresh_ulong_10_qp3_T11237,False,57,5,1742,0.001065327669493854,29.72516793008345,0.9863216280937195,0.061423409730196,0.059114813804626465
fresh_ulong,98881c99-ebda-4469-bbe4-0ee789ff217d,10,3,fresh_ulong_10_qp3_T11237,False,58,3,155,0.0011481865076348186,29.399875608425283,0.9844494462013245,0.06750664114952087,0.06985235214233398
fresh_ulong,98881c99-ebda-4469-bbe4-0ee789ff217d,10,3,fresh_ulong_10_qp3_T11237,False,59,4,227,0.0011585108004510403,29.36099913057066,0.9833616614341736,0.06550506502389908,0.06843799352645874
fresh_ulong,98881c99-ebda-4469-bbe4-0ee789ff217d,10,3,fresh_ulong_10_qp3_T11237,False,60,3,1012,0.0011429100995883346,29.419879295244233,0.9839037656784058,0.06189915910363197,0.06899863481521606
fresh_ulong,98881c99-ebda-4469-bbe4-0ee789ff217d,10,3,fresh_ulong_10_qp3_T11237,False,61,4,899,0.0011378518538549542,29.43914278574988,0.9840455055236816,0.05956107750535011,0.0663561224937439
fresh_ulong,98881c99-ebda-4469-bbe4-0ee789ff217d,10,3,fresh_ulong_10_qp3_T11237,False,62,3,199,0.0012078064028173685,29.18002672441826,0.9822992086410522,0.06565524637699127,0.0728718638420105
fresh_ulong,98881c99-ebda-4469-bbe4-0ee789ff217d,10,3,fresh_ulong_10_qp3_T11237,False,63,4,295,0.0012500741286203265,29.03064232834977,0.9806653261184692,0.06301313638687134,0.06858938932418823
fresh_ulong,98881c99-ebda-4469-bbe4-0ee789ff217d,10,3,fresh_ulong_10_qp3_T11276,False,0,3,4891,0.0007229101029224694,31.409157057927732,0.9807173013687134,0.05474057048559189,0.055563509464263916
fresh_ulong,98881c99-ebda-4469-bbe4-0ee789ff217d,10,3,fresh_ulong_10_qp3_T11276,False,1,5,2094,0.0013377947034314275,28.73610527829534,0.9769386053085327,0.06156432256102562,0.06172388792037964
fresh_ulong,98881c99-ebda-4469-bbe4-0ee789ff217d,10,3,fresh_ulong_10_qp3_T11276,False,2,3,1197,0.001402879599481821,28.529796001936166,0.978361964225769,0.05852347984910011,0.057099342346191406
fresh_ulong,98881c99-ebda-4469-bbe4-0ee789ff217d,10,3,fresh_ulong_10_qp3_T11276,False,3,4,1330,0.0012287540594115853,29.10535034386958,0.9816232323646545,0.05380559340119362,0.05262058973312378
fresh_ulong,98881c99-ebda-4469-bbe4-0ee789ff217d,10,3,fresh_ulong_10_qp3_T11276,False,4,3,925,0.0012776671210303903,28.93582281021567,0.9813858270645142,0.05465088039636612,0.05401611328125
fresh_ulong,98881c99-ebda-4469-bbe4-0ee789ff217d,10,3,fresh_ulong_10_qp3_T11276,False,5,4,1221,0.0011978858383372426,29.215845693779656,0.9836464524269104,0.051198314875364304,0.04875528812408447
fresh_ulong,98881c99-ebda-4469-bbe4-0ee789ff217d,10,3,fresh_ulong_10_qp3_T11276,False,6,3,1071,0.0012397548416629434,29.066641869663595,0.9832032322883606,0.05574534088373184,0.05361318588256836
fresh_ulong,98881c99-ebda-4469-bbe4-0ee789ff217d,10,3,fresh_ulong_10_qp3_T11276,False,7,4,1324,0.0011914148926734924,29.239369755268378,0.9842685461044312,0.05373908206820488,0.052001357078552246
fresh_ulong,98881c99-ebda-4469-bbe4-0ee789ff217d,10,3,fresh_ulong_10_qp3_T11276,False,8,3,852,0.0012233558809384704,29.124471859360334,0.983767032623291,0.05687148869037628,0.053491413593292236
fresh_ulong,98881c99-ebda-4469-bbe4-0ee789ff217d,10,3,fresh_ulong_10_qp3_T11276,False,9,5,1876,0.0011392943561077118,29.433640540443346,0.9855014085769653,0.05173519253730774,0.04897671937942505
fresh_ulong,98881c99-ebda-4469-bbe4-0ee789ff217d,10,3,fresh_ulong_10_qp3_T11276,False,10,3,399,0.0012672478333115578,28.971384426428433,0.9836603999137878,0.06155247613787651,0.05658555030822754
fresh_ulong,98881c99-ebda-4469-bbe4-0ee789ff217d,10,3,fresh_ulong_10_qp3_T11276,False,11,4,717,0.0013201665133237839,28.793712875389424,0.9831578135490417,0.06067100167274475,0.051529526710510254
fresh_ulong,98881c99-ebda-4469-bbe4-0ee789ff217d,10,3,fresh_ulong_10_qp3_T11276,False,12,3,829,0.001416409038938582,28.488113104167347,0.982557475566864,0.06574554741382599,0.06096816062927246
fresh_ulong,98881c99-ebda-4469-bbe4-0ee789ff217d,10,3,fresh_ulong_10_qp3_T11276,False,13,4,1048,0.0012833226937800646,28.916641257709763,0.9844537973403931,0.06004134193062782,0.05771458148956299
fresh_ulong,98881c99-ebda-4469-bbe4-0ee789ff217d,10,3,fresh_ulong_10_qp3_T11276,False,14,3,519,0.0014041842659935355,28.5257589758141,0.9832225441932678,0.06370237469673157,0.06218212842941284
fresh_ulong,98881c99-ebda-4469-bbe4-0ee789ff217d,10,3,fresh_ulong_10_qp3_T11276,False,15,4,742,0.00133922987151891,28.731448723054555,0.9842154383659363,0.06316736340522766,0.05989980697631836
fresh_ulong,98881c99-ebda-4469-bbe4-0ee789ff217d,10,3,fresh_ulong_10_qp3_T11276,False,16,3,818,0.00139023014344275,28.569132992036444,0.984212338924408,0.06554366648197174,0.06502091884613037
fresh_ulong,98881c99-ebda-4469-bbe4-0ee789ff217d,10,3,fresh_ulong_10_qp3_T11276,False,17,5,2071,0.0011381125077605247,29.438148037718847,0.9871693253517151,0.055906958878040314,0.05355501174926758
fresh_ulong,98881c99-ebda-4469-bbe4-0ee789ff217d,10,3,fresh_ulong_10_qp3_T11276,False,18,3,352,0.0012512599350884557,29.026524611713953,0.98539799451828,0.0644456073641777,0.0628662109375
fresh_ulong,98881c99-ebda-4469-bbe4-0ee789ff217d,10,3,fresh_ulong_10_qp3_T11276,False,19,4,425,0.0012853483203798532,28.90979165624509,0.9852265119552612,0.06637737900018692,0.06142926216125488
fresh_ulong,98881c99-ebda-4469-bbe4-0ee789ff217d,10,3,fresh_ulong_10_qp3_T11276,False,20,3,1124,0.001245697494596243,29.04587409023594,0.9863093495368958,0.06594663858413696,0.05961942672729492
fresh_ulong,98881c99-ebda-4469-bbe4-0ee789ff217d,10,3,fresh_ulong_10_qp3_T11276,False,21,4,1156,0.0012210396816954017,29.13270221999989,0.9870331287384033,0.06161873787641525,0.05927562713623047
fresh_ulong,98881c99-ebda-4469-bbe4-0ee789ff217d,10,3,fresh_ulong_10_qp3_T11276,False,22,3,385,0.0013846581568941474,28.586574315807198,0.9851593375205994,0.06853464245796204,0.06500363349914551
fresh_ulong,98881c99-ebda-4469-bbe4-0ee789ff217d,10,3,fresh_ulong_10_qp3_T11276,False,23,4,547,0.0013695871457457542,28.634103287167797,0.9852043986320496,0.06881548464298248,0.06489676237106323
fresh_ulong,98881c99-ebda-4469-bbe4-0ee789ff217d,10,3,fresh_ulong_10_qp3_T11276,False,24,3,1204,0.0013537030899897218,28.68476579756537,0.9858585000038147,0.07029297947883606,0.06433063745498657
fresh_ulong,98881c99-ebda-4469-bbe4-0ee789ff217d,10,3,fresh_ulong_10_qp3_T11276,False,25,5,2157,0.0011275233700871468,29.47874447769554,0.9885751008987427,0.05783110857009888,0.05708128213882446
fresh_ulong,98881c99-ebda-4469-bbe4-0ee789ff217d,10,3,fresh_ulong_10_qp3_T11276,False,26,3,291,0.0012680500512942672,28.968636040474127,0.9869745969772339,0.06520714610815048,0.06600463390350342
fresh_ulong,98881c99-ebda-4469-bbe4-0ee789ff217d,10,3,fresh_ulong_10_qp3_T11276,False,27,4,421,0.0012755165807902813,28.943138915042724,0.9868613481521606,0.06632517278194427,0.061700522899627686
fresh_ulong,98881c99-ebda-4469-bbe4-0ee789ff217d,10,3,fresh_ulong_10_qp3_T11276,False,28,3,1151,0.0012616700259968638,28.990542145269327,0.9873683452606201,0.06570698320865631,0.06503403186798096
fresh_ulong,98881c99-ebda-4469-bbe4-0ee789ff217d,10,3,fresh_ulong_10_qp3_T11276,False,29,4,1188,0.00117879721801728,29.28560897763722,0.988437294960022,0.05982888489961624,0.059094905853271484
fresh_ulong,98881c99-ebda-4469-bbe4-0ee789ff217d,10,3,fresh_ulong_10_qp3_T11276,False,30,3,319,0.0012921170564368367,28.886981406274753,0.9871244430541992,0.06602482497692108,0.06362360715866089
fresh_ulong,98881c99-ebda-4469-bbe4-0ee789ff217d,10,3,fresh_ulong_10_qp3_T11276,False,31,4,437,0.0013024492654949427,28.85239184838207,0.9868502020835876,0.0656270906329155,0.05883866548538208
fresh_ulong,98881c99-ebda-4469-bbe4-0ee789ff217d,10,3,fresh_ulong_10_qp3_T11276,False,32,3,1014,0.0013013980351388454,28.855898533029478,0.9868023991584778,0.0664757564663887,0.07130300998687744
fresh_ulong,98881c99-ebda-4469-bbe4-0ee789ff217d,10,3,fresh_ulong_10_qp3_T11276,False,33,5,2252,0.0011012551840394735,29.5811203418086,0.9891685247421265,0.056637927889823914,0.05997180938720703
fresh_ulong,98881c99-ebda-4469-bbe4-0ee789ff217d,10,3,fresh_ulong_10_qp3_T11276,False,34,3,237,0.0012403948931023479,29.064400304885936,0.9871416687965393,0.06534775346517563,0.06502407789230347
fresh_ulong,98881c99-ebda-4469-bbe4-0ee789ff217d,10,3,fresh_ulong_10_qp3_T11276,False,35,4,356,0.0012716928031295538,28.956177865008765,0.9866632223129272,0.06826869398355484,0.06273043155670166
fresh_ulong,98881c99-ebda-4469-bbe4-0ee789ff217d,10,3,fresh_ulong_10_qp3_T11276,False,36,3,1188,0.001253395457752049,29.01911883496583,0.9869167804718018,0.06867250800132751,0.06584542989730835
fresh_ulong,98881c99-ebda-4469-bbe4-0ee789ff217d,10,3,fresh_ulong_10_qp3_T11276,False,37,4,1221,0.0012049985816702247,29.19013464270156,0.9876141548156738,0.06260594725608826,0.05893796682357788
fresh_ulong,98881c99-ebda-4469-bbe4-0ee789ff217d,10,3,fresh_ulong_10_qp3_T11276,False,38,3,319,0.0012587360106408596,29.000653430800263,0.9866248965263367,0.0687754899263382,0.06945091485977173
fresh_ulong,98881c99-ebda-4469-bbe4-0ee789ff217d,10,3,fresh_ulong_10_qp3_T11276,False,39,4,522,0.001203102758154273,29.19697277569975,0.9871231317520142,0.06449975818395615,0.06274646520614624
fresh_ulong,98881c99-ebda-4469-bbe4-0ee789ff217d,10,3,fresh_ulong_10_qp3_T11276,False,40,3,1014,0.0012504268670454621,29.029417035075554,0.9866576790809631,0.0646895095705986,0.07198643684387207
fresh_ulong,98881c99-ebda-4469-bbe4-0ee789ff217d,10,3,fresh_ulong_10_qp3_T11276,False,41,5,2115,0.0011043624253943563,29.56888378129746,0.9884581565856934,0.05707121640443802,0.06021815538406372
fresh_ulong,98881c99-ebda-4469-bbe4-0ee789ff217d,10,3,fresh_ulong_10_qp3_T11276,False,42,3,312,0.0012384910369291902,29.07107132094922,0.986477255821228,0.0656871423125267,0.06745058298110962
fresh_ulong,98881c99-ebda-4469-bbe4-0ee789ff217d,10,3,fresh_ulong_10_qp3_T11276,False,43,4,417,0.0011696296278387308,29.319516391516895,0.9866748452186584,0.06488212198019028,0.0664861798286438
fresh_ulong,98881c99-ebda-4469-bbe4-0ee789ff217d,10,3,fresh_ulong_10_qp3_T11276,False,44,3,1102,0.0011865838896483183,29.25701552412128,0.9867181777954102,0.06382948160171509,0.06796038150787354
fresh_ulong,98881c99-ebda-4469-bbe4-0ee789ff217d,10,3,fresh_ulong_10_qp3_T11276,False,45,4,1325,0.0011440969537943602,29.41537170723299,0.9875239133834839,0.057994451373815536,0.057624638080596924
fresh_ulong,98881c99-ebda-4469-bbe4-0ee789ff217d,10,3,fresh_ulong_10_qp3_T11276,False,46,3,297,0.0012224405072629452,29.12772267579493,0.9861611723899841,0.06671038269996643,0.06664800643920898
fresh_ulong,98881c99-ebda-4469-bbe4-0ee789ff217d,10,3,fresh_ulong_10_qp3_T11276,False,47,4,460,0.0012126847868785262,29.16252070616804,0.9860644340515137,0.06345005333423615,0.06355273723602295
fresh_ulong,98881c99-ebda-4469-bbe4-0ee789ff217d,10,3,fresh_ulong_10_qp3_T11276,False,48,3,850,0.0012028261553496122,29.19797136773294,0.9859058856964111,0.06290605664253235,0.06539618968963623
fresh_ulong,98881c99-ebda-4469-bbe4-0ee789ff217d,10,3,fresh_ulong_10_qp3_T11276,False,49,5,1780,0.0010729264467954636,29.694300495585267,0.9879549741744995,0.05630217120051384,0.05644834041595459
fresh_ulong,98881c99-ebda-4469-bbe4-0ee789ff217d,10,3,fresh_ulong_10_qp3_T11276,False,50,3,175,0.0011675417190417647,29.327275921100995,0.9863516092300415,0.06412816047668457,0.06327998638153076
fresh_ulong,98881c99-ebda-4469-bbe4-0ee789ff217d,10,3,fresh_ulong_10_qp3_T11276,False,51,4,296,0.0011749918339774013,29.29965151665332,0.9851942658424377,0.064687579870224,0.06144392490386963
fresh_ulong,98881c99-ebda-4469-bbe4-0ee789ff217d,10,3,fresh_ulong_10_qp3_T11276,False,52,3,1030,0.0011282353661954403,29.476002907985418,0.9862532615661621,0.06197059899568558,0.0614284873008728
fresh_ulong,98881c99-ebda-4469-bbe4-0ee789ff217d,10,3,fresh_ulong_10_qp3_T11276,False,53,4,943,0.001128053991124034,29.476701135742246,0.9863016605377197,0.06205284222960472,0.05670762062072754
fresh_ulong,98881c99-ebda-4469-bbe4-0ee789ff217d,10,3,fresh_ulong_10_qp3_T11276,False,54,3,225,0.0011590842623263597,29.35884990841261,0.9853182435035706,0.06740647554397583,0.06761455535888672
fresh_ulong,98881c99-ebda-4469-bbe4-0ee789ff217d,10,3,fresh_ulong_10_qp3_T11276,False,55,4,288,0.0011884304694831371,29.250262220999804,0.9845592975616455,0.06620801240205765,0.06278890371322632
fresh_ulong,98881c99-ebda-4469-bbe4-0ee789ff217d,10,3,fresh_ulong_10_qp3_T11276,False,56,3,849,0.0011471071047708392,29.40396030364336,0.9852355122566223,0.06541436910629272,0.06587862968444824
fresh_ulong,98881c99-ebda-4469-bbe4-0ee789ff217d,10,3,fresh_ulong_10_qp3_T11276,False,57,5,1742,0.001065327669493854,29.72516793008345,0.9863216280937195,0.061423409730196,0.059114813804626465
fresh_ulong,98881c99-ebda-4469-bbe4-0ee789ff217d,10,3,fresh_ulong_10_qp3_T11276,False,58,3,155,0.0011481865076348186,29.399875608425283,0.9844494462013245,0.06750664114952087,0.06985235214233398
fresh_ulong,98881c99-ebda-4469-bbe4-0ee789ff217d,10,3,fresh_ulong_10_qp3_T11276,False,59,4,227,0.0011585108004510403,29.36099913057066,0.9833616614341736,0.06550506502389908,0.06843799352645874
fresh_ulong,98881c99-ebda-4469-bbe4-0ee789ff217d,10,3,fresh_ulong_10_qp3_T11276,False,60,3,1012,0.0011429100995883346,29.419879295244233,0.9839037656784058,0.06189915910363197,0.06899863481521606
fresh_ulong,98881c99-ebda-4469-bbe4-0ee789ff217d,10,3,fresh_ulong_10_qp3_T11276,False,61,4,899,0.0011378518538549542,29.43914278574988,0.9840455055236816,0.05956107750535011,0.0663561224937439
fresh_ulong,98881c99-ebda-4469-bbe4-0ee789ff217d,10,3,fresh_ulong_10_qp3_T11276,False,62,3,199,0.0012078064028173685,29.18002672441826,0.9822992086410522,0.06565524637699127,0.0728718638420105
fresh_ulong,98881c99-ebda-4469-bbe4-0ee789ff217d,10,3,fresh_ulong_10_qp3_T11276,False,63,4,295,0.0012500741286203265,29.03064232834977,0.9806653261184692,0.06301313638687134,0.06858938932418823
fresh_ulong,98881c99-ebda-4469-bbe4-0ee789ff217d,10,3,fresh_ulong_10_qp3_T11240,False,0,3,4891,0.0007229101029224694,31.409157057927732,0.9807173013687134,0.05474057048559189,0.055563509464263916
fresh_ulong,98881c99-ebda-4469-bbe4-0ee789ff217d,10,3,fresh_ulong_10_qp3_T11240,False,1,5,2094,0.0013377947034314275,28.73610527829534,0.9769386053085327,0.06156432256102562,0.06172388792037964
fresh_ulong,98881c99-ebda-4469-bbe4-0ee789ff217d,10,3,fresh_ulong_10_qp3_T11240,False,2,3,1197,0.001402879599481821,28.529796001936166,0.978361964225769,0.05852347984910011,0.057099342346191406
fresh_ulong,98881c99-ebda-4469-bbe4-0ee789ff217d,10,3,fresh_ulong_10_qp3_T11240,False,3,4,1330,0.0012287540594115853,29.10535034386958,0.9816232323646545,0.05380559340119362,0.05262058973312378
fresh_ulong,98881c99-ebda-4469-bbe4-0ee789ff217d,10,3,fresh_ulong_10_qp3_T11240,False,4,3,925,0.0012776671210303903,28.93582281021567,0.9813858270645142,0.05465088039636612,0.05401611328125
fresh_ulong,98881c99-ebda-4469-bbe4-0ee789ff217d,10,3,fresh_ulong_10_qp3_T11240,False,5,4,1221,0.0011978858383372426,29.215845693779656,0.9836464524269104,0.051198314875364304,0.04875528812408447
fresh_ulong,98881c99-ebda-4469-bbe4-0ee789ff217d,10,3,fresh_ulong_10_qp3_T11240,False,6,3,1071,0.0012397548416629434,29.066641869663595,0.9832032322883606,0.05574534088373184,0.05361318588256836
fresh_ulong,98881c99-ebda-4469-bbe4-0ee789ff217d,10,3,fresh_ulong_10_qp3_T11240,False,7,4,1324,0.0011914148926734924,29.239369755268378,0.9842685461044312,0.05373908206820488,0.052001357078552246
fresh_ulong,98881c99-ebda-4469-bbe4-0ee789ff217d,10,3,fresh_ulong_10_qp3_T11240,False,8,3,852,0.0012233558809384704,29.124471859360334,0.983767032623291,0.05687148869037628,0.053491413593292236
fresh_ulong,98881c99-ebda-4469-bbe4-0ee789ff217d,10,3,fresh_ulong_10_qp3_T11240,False,9,5,1876,0.0011392943561077118,29.433640540443346,0.9855014085769653,0.05173519253730774,0.04897671937942505
fresh_ulong,98881c99-ebda-4469-bbe4-0ee789ff217d,10,3,fresh_ulong_10_qp3_T11240,False,10,3,399,0.0012672478333115578,28.971384426428433,0.9836603999137878,0.06155247613787651,0.05658555030822754
fresh_ulong,98881c99-ebda-4469-bbe4-0ee789ff217d,10,3,fresh_ulong_10_qp3_T11240,False,11,4,717,0.0013201665133237839,28.793712875389424,0.9831578135490417,0.06067100167274475,0.051529526710510254
fresh_ulong,98881c99-ebda-4469-bbe4-0ee789ff217d,10,3,fresh_ulong_10_qp3_T11240,False,12,3,829,0.001416409038938582,28.488113104167347,0.982557475566864,0.06574554741382599,0.06096816062927246
fresh_ulong,98881c99-ebda-4469-bbe4-0ee789ff217d,10,3,fresh_ulong_10_qp3_T11240,False,13,4,1048,0.0012833226937800646,28.916641257709763,0.9844537973403931,0.06004134193062782,0.05771458148956299
fresh_ulong,98881c99-ebda-4469-bbe4-0ee789ff217d,10,3,fresh_ulong_10_qp3_T11240,False,14,3,519,0.0014041842659935355,28.5257589758141,0.9832225441932678,0.06370237469673157,0.06218212842941284
fresh_ulong,98881c99-ebda-4469-bbe4-0ee789ff217d,10,3,fresh_ulong_10_qp3_T11240,False,15,4,742,0.00133922987151891,28.731448723054555,0.9842154383659363,0.06316736340522766,0.05989980697631836
fresh_ulong,98881c99-ebda-4469-bbe4-0ee789ff217d,10,3,fresh_ulong_10_qp3_T11240,False,16,3,818,0.00139023014344275,28.569132992036444,0.984212338924408,0.06554366648197174,0.06502091884613037
fresh_ulong,98881c99-ebda-4469-bbe4-0ee789ff217d,10,3,fresh_ulong_10_qp3_T11240,False,17,5,2071,0.0011381125077605247,29.438148037718847,0.9871693253517151,0.055906958878040314,0.05355501174926758
fresh_ulong,98881c99-ebda-4469-bbe4-0ee789ff217d,10,3,fresh_ulong_10_qp3_T11240,False,18,3,352,0.0012512599350884557,29.026524611713953,0.98539799451828,0.0644456073641777,0.0628662109375
fresh_ulong,98881c99-ebda-4469-bbe4-0ee789ff217d,10,3,fresh_ulong_10_qp3_T11240,False,19,4,425,0.0012853483203798532,28.90979165624509,0.9852265119552612,0.06637737900018692,0.06142926216125488
fresh_ulong,98881c99-ebda-4469-bbe4-0ee789ff217d,10,3,fresh_ulong_10_qp3_T11240,False,20,3,1124,0.001245697494596243,29.04587409023594,0.9863093495368958,0.06594663858413696,0.05961942672729492
fresh_ulong,98881c99-ebda-4469-bbe4-0ee789ff217d,10,3,fresh_ulong_10_qp3_T11240,False,21,4,1156,0.0012210396816954017,29.13270221999989,0.9870331287384033,0.06161873787641525,0.05927562713623047
fresh_ulong,98881c99-ebda-4469-bbe4-0ee789ff217d,10,3,fresh_ulong_10_qp3_T11240,False,22,3,385,0.0013846581568941474,28.586574315807198,0.9851593375205994,0.06853464245796204,0.06500363349914551
fresh_ulong,98881c99-ebda-4469-bbe4-0ee789ff217d,10,3,fresh_ulong_10_qp3_T11240,False,23,4,547,0.0013695871457457542,28.634103287167797,0.9852043986320496,0.06881548464298248,0.06489676237106323
fresh_ulong,98881c99-ebda-4469-bbe4-0ee789ff217d,10,3,fresh_ulong_10_qp3_T11240,False,24,3,1204,0.0013537030899897218,28.68476579756537,0.9858585000038147,0.07029297947883606,0.06433063745498657
fresh_ulong,98881c99-ebda-4469-bbe4-0ee789ff217d,10,3,fresh_ulong_10_qp3_T11240,False,25,5,2157,0.0011275233700871468,29.47874447769554,0.9885751008987427,0.05783110857009888,0.05708128213882446
fresh_ulong,98881c99-ebda-4469-bbe4-0ee789ff217d,10,3,fresh_ulong_10_qp3_T11240,False,26,3,291,0.0012680500512942672,28.968636040474127,0.9869745969772339,0.06520714610815048,0.06600463390350342
fresh_ulong,98881c99-ebda-4469-bbe4-0ee789ff217d,10,3,fresh_ulong_10_qp3_T11240,False,27,4,421,0.0012755165807902813,28.943138915042724,0.9868613481521606,0.06632517278194427,0.061700522899627686
fresh_ulong,98881c99-ebda-4469-bbe4-0ee789ff217d,10,3,fresh_ulong_10_qp3_T11240,False,28,3,1151,0.0012616700259968638,28.990542145269327,0.9873683452606201,0.06570698320865631,0.06503403186798096
fresh_ulong,98881c99-ebda-4469-bbe4-0ee789ff217d,10,3,fresh_ulong_10_qp3_T11240,False,29,4,1188,0.00117879721801728,29.28560897763722,0.988437294960022,0.05982888489961624,0.059094905853271484
fresh_ulong,98881c99-ebda-4469-bbe4-0ee789ff217d,10,3,fresh_ulong_10_qp3_T11240,False,30,3,319,0.0012921170564368367,28.886981406274753,0.9871244430541992,0.06602482497692108,0.06362360715866089
fresh_ulong,98881c99-ebda-4469-bbe4-0ee789ff217d,10,3,fresh_ulong_10_qp3_T11240,False,31,4,437,0.0013024492654949427,28.85239184838207,0.9868502020835876,0.0656270906329155,0.05883866548538208
fresh_ulong,98881c99-ebda-4469-bbe4-0ee789ff217d,10,3,fresh_ulong_10_qp3_T11240,False,32,3,1014,0.0013013980351388454,28.855898533029478,0.9868023991584778,0.0664757564663887,0.07130300998687744
fresh_ulong,98881c99-ebda-4469-bbe4-0ee789ff217d,10,3,fresh_ulong_10_qp3_T11240,False,33,5,2252,0.0011012551840394735,29.5811203418086,0.9891685247421265,0.056637927889823914,0.05997180938720703
fresh_ulong,98881c99-ebda-4469-bbe4-0ee789ff217d,10,3,fresh_ulong_10_qp3_T11240,False,34,3,237,0.0012403948931023479,29.064400304885936,0.9871416687965393,0.06534775346517563,0.06502407789230347
fresh_ulong,98881c99-ebda-4469-bbe4-0ee789ff217d,10,3,fresh_ulong_10_qp3_T11240,False,35,4,356,0.0012716928031295538,28.956177865008765,0.9866632223129272,0.06826869398355484,0.06273043155670166
fresh_ulong,98881c99-ebda-4469-bbe4-0ee789ff217d,10,3,fresh_ulong_10_qp3_T11240,False,36,3,1188,0.001253395457752049,29.01911883496583,0.9869167804718018,0.06867250800132751,0.06584542989730835
fresh_ulong,98881c99-ebda-4469-bbe4-0ee789ff217d,10,3,fresh_ulong_10_qp3_T11240,False,37,4,1221,0.0012049985816702247,29.19013464270156,0.9876141548156738,0.06260594725608826,0.05893796682357788
fresh_ulong,98881c99-ebda-4469-bbe4-0ee789ff217d,10,3,fresh_ulong_10_qp3_T11240,False,38,3,319,0.0012587360106408596,29.000653430800263,0.9866248965263367,0.0687754899263382,0.06945091485977173
fresh_ulong,98881c99-ebda-4469-bbe4-0ee789ff217d,10,3,fresh_ulong_10_qp3_T11240,False,39,4,522,0.001203102758154273,29.19697277569975,0.9871231317520142,0.06449975818395615,0.06274646520614624
fresh_ulong,98881c99-ebda-4469-bbe4-0ee789ff217d,10,3,fresh_ulong_10_qp3_T11240,False,40,3,1014,0.0012504268670454621,29.029417035075554,0.9866576790809631,0.0646895095705986,0.07198643684387207
fresh_ulong,98881c99-ebda-4469-bbe4-0ee789ff217d,10,3,fresh_ulong_10_qp3_T11240,False,41,5,2115,0.0011043624253943563,29.56888378129746,0.9884581565856934,0.05707121640443802,0.06021815538406372
fresh_ulong,98881c99-ebda-4469-bbe4-0ee789ff217d,10,3,fresh_ulong_10_qp3_T11240,False,42,3,312,0.0012384910369291902,29.07107132094922,0.986477255821228,0.0656871423125267,0.06745058298110962
fresh_ulong,98881c99-ebda-4469-bbe4-0ee789ff217d,10,3,fresh_ulong_10_qp3_T11240,False,43,4,417,0.0011696296278387308,29.319516391516895,0.9866748452186584,0.06488212198019028,0.0664861798286438
fresh_ulong,98881c99-ebda-4469-bbe4-0ee789ff217d,10,3,fresh_ulong_10_qp3_T11240,False,44,3,1102,0.0011865838896483183,29.25701552412128,0.9867181777954102,0.06382948160171509,0.06796038150787354
fresh_ulong,98881c99-ebda-4469-bbe4-0ee789ff217d,10,3,fresh_ulong_10_qp3_T11240,False,45,4,1325,0.0011440969537943602,29.41537170723299,0.9875239133834839,0.057994451373815536,0.057624638080596924
fresh_ulong,98881c99-ebda-4469-bbe4-0ee789ff217d,10,3,fresh_ulong_10_qp3_T11240,False,46,3,297,0.0012224405072629452,29.12772267579493,0.9861611723899841,0.06671038269996643,0.06664800643920898
fresh_ulong,98881c99-ebda-4469-bbe4-0ee789ff217d,10,3,fresh_ulong_10_qp3_T11240,False,47,4,460,0.0012126847868785262,29.16252070616804,0.9860644340515137,0.06345005333423615,0.06355273723602295
fresh_ulong,98881c99-ebda-4469-bbe4-0ee789ff217d,10,3,fresh_ulong_10_qp3_T11240,False,48,3,850,0.0012028261553496122,29.19797136773294,0.9859058856964111,0.06290605664253235,0.06539618968963623
fresh_ulong,98881c99-ebda-4469-bbe4-0ee789ff217d,10,3,fresh_ulong_10_qp3_T11240,False,49,5,1780,0.0010729264467954636,29.694300495585267,0.9879549741744995,0.05630217120051384,0.05644834041595459
fresh_ulong,98881c99-ebda-4469-bbe4-0ee789ff217d,10,3,fresh_ulong_10_qp3_T11240,False,50,3,175,0.0011675417190417647,29.327275921100995,0.9863516092300415,0.06412816047668457,0.06327998638153076
fresh_ulong,98881c99-ebda-4469-bbe4-0ee789ff217d,10,3,fresh_ulong_10_qp3_T11240,False,51,4,296,0.0011749918339774013,29.29965151665332,0.9851942658424377,0.064687579870224,0.06144392490386963
fresh_ulong,98881c99-ebda-4469-bbe4-0ee789ff217d,10,3,fresh_ulong_10_qp3_T11240,False,52,3,1030,0.0011282353661954403,29.476002907985418,0.9862532615661621,0.06197059899568558,0.0614284873008728
fresh_ulong,98881c99-ebda-4469-bbe4-0ee789ff217d,10,3,fresh_ulong_10_qp3_T11240,False,53,4,943,0.001128053991124034,29.476701135742246,0.9863016605377197,0.06205284222960472,0.05670762062072754
fresh_ulong,98881c99-ebda-4469-bbe4-0ee789ff217d,10,3,fresh_ulong_10_qp3_T11240,False,54,3,225,0.0011590842623263597,29.35884990841261,0.9853182435035706,0.06740647554397583,0.06761455535888672
fresh_ulong,98881c99-ebda-4469-bbe4-0ee789ff217d,10,3,fresh_ulong_10_qp3_T11240,False,55,4,288,0.0011884304694831371,29.250262220999804,0.9845592975616455,0.06620801240205765,0.06278890371322632
fresh_ulong,98881c99-ebda-4469-bbe4-0ee789ff217d,10,3,fresh_ulong_10_qp3_T11240,False,56,3,849,0.0011471071047708392,29.40396030364336,0.9852355122566223,0.06541436910629272,0.06587862968444824
fresh_ulong,98881c99-ebda-4469-bbe4-0ee789ff217d,10,3,fresh_ulong_10_qp3_T11240,False,57,5,1742,0.001065327669493854,29.72516793008345,0.9863216280937195,0.061423409730196,0.059114813804626465
fresh_ulong,98881c99-ebda-4469-bbe4-0ee789ff217d,10,3,fresh_ulong_10_qp3_T11240,False,58,3,155,0.0011481865076348186,29.399875608425283,0.9844494462013245,0.06750664114952087,0.06985235214233398
fresh_ulong,98881c99-ebda-4469-bbe4-0ee789ff217d,10,3,fresh_ulong_10_qp3_T11240,False,59,4,227,0.0011585108004510403,29.36099913057066,0.9833616614341736,0.06550506502389908,0.06843799352645874
fresh_ulong,98881c99-ebda-4469-bbe4-0ee789ff217d,10,3,fresh_ulong_10_qp3_T11240,False,60,3,1012,0.0011429100995883346,29.419879295244233,0.9839037656784058,0.06189915910363197,0.06899863481521606
fresh_ulong,98881c99-ebda-4469-bbe4-0ee789ff217d,10,3,fresh_ulong_10_qp3_T11240,False,61,4,899,0.0011378518538549542,29.43914278574988,0.9840455055236816,0.05956107750535011,0.0663561224937439
fresh_ulong,98881c99-ebda-4469-bbe4-0ee789ff217d,10,3,fresh_ulong_10_qp3_T11240,False,62,3,199,0.0012078064028173685,29.18002672441826,0.9822992086410522,0.06565524637699127,0.0728718638420105
fresh_ulong,98881c99-ebda-4469-bbe4-0ee789ff217d,10,3,fresh_ulong_10_qp3_T11240,False,63,4,294,0.001250526518560946,29.02907094223304,0.9806326627731323,0.06307736039161682,0.06863117218017578
fresh_ulong,98881c99-ebda-4469-bbe4-0ee789ff217d,10,3,fresh_ulong_10_qp3_T11279,False,0,3,4891,0.0007229101029224694,31.409157057927732,0.9807173013687134,0.05474057048559189,0.055563509464263916
fresh_ulong,98881c99-ebda-4469-bbe4-0ee789ff217d,10,3,fresh_ulong_10_qp3_T11279,False,1,5,2094,0.0013377947034314275,28.73610527829534,0.9769386053085327,0.06156432256102562,0.06172388792037964
fresh_ulong,98881c99-ebda-4469-bbe4-0ee789ff217d,10,3,fresh_ulong_10_qp3_T11279,False,2,3,1197,0.001402879599481821,28.529796001936166,0.978361964225769,0.05852347984910011,0.057099342346191406
fresh_ulong,98881c99-ebda-4469-bbe4-0ee789ff217d,10,3,fresh_ulong_10_qp3_T11279,False,3,4,1330,0.0012287540594115853,29.10535034386958,0.9816232323646545,0.05380559340119362,0.05262058973312378
fresh_ulong,98881c99-ebda-4469-bbe4-0ee789ff217d,10,3,fresh_ulong_10_qp3_T11279,False,4,3,925,0.0012776671210303903,28.93582281021567,0.9813858270645142,0.05465088039636612,0.05401611328125
fresh_ulong,98881c99-ebda-4469-bbe4-0ee789ff217d,10,3,fresh_ulong_10_qp3_T11279,False,5,4,1221,0.0011978858383372426,29.215845693779656,0.9836464524269104,0.051198314875364304,0.04875528812408447
fresh_ulong,98881c99-ebda-4469-bbe4-0ee789ff217d,10,3,fresh_ulong_10_qp3_T11279,False,6,3,1071,0.0012397548416629434,29.066641869663595,0.9832032322883606,0.05574534088373184,0.05361318588256836
fresh_ulong,98881c99-ebda-4469-bbe4-0ee789ff217d,10,3,fresh_ulong_10_qp3_T11279,False,7,4,1324,0.0011914148926734924,29.239369755268378,0.9842685461044312,0.05373908206820488,0.052001357078552246
fresh_ulong,98881c99-ebda-4469-bbe4-0ee789ff217d,10,3,fresh_ulong_10_qp3_T11279,False,8,3,852,0.0012233558809384704,29.124471859360334,0.983767032623291,0.05687148869037628,0.053491413593292236
fresh_ulong,98881c99-ebda-4469-bbe4-0ee789ff217d,10,3,fresh_ulong_10_qp3_T11279,False,9,5,1876,0.0011392943561077118,29.433640540443346,0.9855014085769653,0.05173519253730774,0.04897671937942505
fresh_ulong,98881c99-ebda-4469-bbe4-0ee789ff217d,10,3,fresh_ulong_10_qp3_T11279,False,10,3,399,0.0012672478333115578,28.971384426428433,0.9836603999137878,0.06155247613787651,0.05658555030822754
fresh_ulong,98881c99-ebda-4469-bbe4-0ee789ff217d,10,3,fresh_ulong_10_qp3_T11279,False,11,4,717,0.0013201665133237839,28.793712875389424,0.9831578135490417,0.06067100167274475,0.051529526710510254
fresh_ulong,98881c99-ebda-4469-bbe4-0ee789ff217d,10,3,fresh_ulong_10_qp3_T11279,False,12,3,829,0.001416409038938582,28.488113104167347,0.982557475566864,0.06574554741382599,0.06096816062927246
fresh_ulong,98881c99-ebda-4469-bbe4-0ee789ff217d,10,3,fresh_ulong_10_qp3_T11279,False,13,4,1048,0.0012833226937800646,28.916641257709763,0.9844537973403931,0.06004134193062782,0.05771458148956299
fresh_ulong,98881c99-ebda-4469-bbe4-0ee789ff217d,10,3,fresh_ulong_10_qp3_T11279,False,14,3,519,0.0014041842659935355,28.5257589758141,0.9832225441932678,0.06370237469673157,0.06218212842941284
fresh_ulong,98881c99-ebda-4469-bbe4-0ee789ff217d,10,3,fresh_ulong_10_qp3_T11279,False,15,4,742,0.00133922987151891,28.731448723054555,0.9842154383659363,0.06316736340522766,0.05989980697631836
fresh_ulong,98881c99-ebda-4469-bbe4-0ee789ff217d,10,3,fresh_ulong_10_qp3_T11279,False,16,3,818,0.00139023014344275,28.569132992036444,0.984212338924408,0.06554366648197174,0.06502091884613037
fresh_ulong,98881c99-ebda-4469-bbe4-0ee789ff217d,10,3,fresh_ulong_10_qp3_T11279,False,17,5,2071,0.0011381125077605247,29.438148037718847,0.9871693253517151,0.055906958878040314,0.05355501174926758
fresh_ulong,98881c99-ebda-4469-bbe4-0ee789ff217d,10,3,fresh_ulong_10_qp3_T11279,False,18,3,352,0.0012512599350884557,29.026524611713953,0.98539799451828,0.0644456073641777,0.0628662109375
fresh_ulong,98881c99-ebda-4469-bbe4-0ee789ff217d,10,3,fresh_ulong_10_qp3_T11279,False,19,4,425,0.0012853483203798532,28.90979165624509,0.9852265119552612,0.06637737900018692,0.06142926216125488
fresh_ulong,98881c99-ebda-4469-bbe4-0ee789ff217d,10,3,fresh_ulong_10_qp3_T11279,False,20,3,1124,0.001245697494596243,29.04587409023594,0.9863093495368958,0.06594663858413696,0.05961942672729492
fresh_ulong,98881c99-ebda-4469-bbe4-0ee789ff217d,10,3,fresh_ulong_10_qp3_T11279,False,21,4,1156,0.0012210396816954017,29.13270221999989,0.9870331287384033,0.06161873787641525,0.05927562713623047
fresh_ulong,98881c99-ebda-4469-bbe4-0ee789ff217d,10,3,fresh_ulong_10_qp3_T11279,False,22,3,385,0.0013846581568941474,28.586574315807198,0.9851593375205994,0.06853464245796204,0.06500363349914551
fresh_ulong,98881c99-ebda-4469-bbe4-0ee789ff217d,10,3,fresh_ulong_10_qp3_T11279,False,23,4,547,0.0013695871457457542,28.634103287167797,0.9852043986320496,0.06881548464298248,0.06489676237106323
fresh_ulong,98881c99-ebda-4469-bbe4-0ee789ff217d,10,3,fresh_ulong_10_qp3_T11279,False,24,3,1204,0.0013537030899897218,28.68476579756537,0.9858585000038147,0.07029297947883606,0.06433063745498657
fresh_ulong,98881c99-ebda-4469-bbe4-0ee789ff217d,10,3,fresh_ulong_10_qp3_T11279,False,25,5,2157,0.0011275233700871468,29.47874447769554,0.9885751008987427,0.05783110857009888,0.05708128213882446
fresh_ulong,98881c99-ebda-4469-bbe4-0ee789ff217d,10,3,fresh_ulong_10_qp3_T11279,False,26,3,291,0.0012680500512942672,28.968636040474127,0.9869745969772339,0.06520714610815048,0.06600463390350342
fresh_ulong,98881c99-ebda-4469-bbe4-0ee789ff217d,10,3,fresh_ulong_10_qp3_T11279,False,27,4,421,0.0012755165807902813,28.943138915042724,0.9868613481521606,0.06632517278194427,0.061700522899627686
fresh_ulong,98881c99-ebda-4469-bbe4-0ee789ff217d,10,3,fresh_ulong_10_qp3_T11279,False,28,3,1151,0.0012616700259968638,28.990542145269327,0.9873683452606201,0.06570698320865631,0.06503403186798096
fresh_ulong,98881c99-ebda-4469-bbe4-0ee789ff217d,10,3,fresh_ulong_10_qp3_T11279,False,29,4,1188,0.00117879721801728,29.28560897763722,0.988437294960022,0.05982888489961624,0.059094905853271484
fresh_ulong,98881c99-ebda-4469-bbe4-0ee789ff217d,10,3,fresh_ulong_10_qp3_T11279,False,30,3,319,0.0012921170564368367,28.886981406274753,0.9871244430541992,0.06602482497692108,0.06362360715866089
fresh_ulong,98881c99-ebda-4469-bbe4-0ee789ff217d,10,3,fresh_ulong_10_qp3_T11279,False,31,4,437,0.0013024492654949427,28.85239184838207,0.9868502020835876,0.0656270906329155,0.05883866548538208
fresh_ulong,98881c99-ebda-4469-bbe4-0ee789ff217d,10,3,fresh_ulong_10_qp3_T11279,False,32,3,1014,0.0013013980351388454,28.855898533029478,0.9868023991584778,0.0664757564663887,0.07130300998687744
fresh_ulong,98881c99-ebda-4469-bbe4-0ee789ff217d,10,3,fresh_ulong_10_qp3_T11279,False,33,5,2252,0.0011012551840394735,29.5811203418086,0.9891685247421265,0.056637927889823914,0.05997180938720703
fresh_ulong,98881c99-ebda-4469-bbe4-0ee789ff217d,10,3,fresh_ulong_10_qp3_T11279,False,34,3,237,0.0012403948931023479,29.064400304885936,0.9871416687965393,0.06534775346517563,0.06502407789230347
fresh_ulong,98881c99-ebda-4469-bbe4-0ee789ff217d,10,3,fresh_ulong_10_qp3_T11279,False,35,4,356,0.0012716928031295538,28.956177865008765,0.9866632223129272,0.06826869398355484,0.06273043155670166
fresh_ulong,98881c99-ebda-4469-bbe4-0ee789ff217d,10,3,fresh_ulong_10_qp3_T11279,False,36,3,1188,0.001253395457752049,29.01911883496583,0.9869167804718018,0.06867250800132751,0.06584542989730835
fresh_ulong,98881c99-ebda-4469-bbe4-0ee789ff217d,10,3,fresh_ulong_10_qp3_T11279,False,37,4,1221,0.0012049985816702247,29.19013464270156,0.9876141548156738,0.06260594725608826,0.05893796682357788
fresh_ulong,98881c99-ebda-4469-bbe4-0ee789ff217d,10,3,fresh_ulong_10_qp3_T11279,False,38,3,319,0.0012587360106408596,29.000653430800263,0.9866248965263367,0.0687754899263382,0.06945091485977173
fresh_ulong,98881c99-ebda-4469-bbe4-0ee789ff217d,10,3,fresh_ulong_10_qp3_T11279,False,39,4,522,0.001203102758154273,29.19697277569975,0.9871231317520142,0.06449975818395615,0.06274646520614624
fresh_ulong,98881c99-ebda-4469-bbe4-0ee789ff217d,10,3,fresh_ulong_10_qp3_T11279,False,40,3,1014,0.0012504268670454621,29.029417035075554,0.9866576790809631,0.0646895095705986,0.07198643684387207
fresh_ulong,98881c99-ebda-4469-bbe4-0ee789ff217d,10,3,fresh_ulong_10_qp3_T11279,False,41,5,2115,0.0011043624253943563,29.56888378129746,0.9884581565856934,0.05707121640443802,0.06021815538406372
fresh_ulong,98881c99-ebda-4469-bbe4-0ee789ff217d,10,3,fresh_ulong_10_qp3_T11279,False,42,3,312,0.0012384910369291902,29.07107132094922,0.986477255821228,0.0656871423125267,0.06745058298110962
fresh_ulong,98881c99-ebda-4469-bbe4-0ee789ff217d,10,3,fresh_ulong_10_qp3_T11279,False,43,4,417,0.0011696296278387308,29.319516391516895,0.9866748452186584,0.06488212198019028,0.0664861798286438
fresh_ulong,98881c99-ebda-4469-bbe4-0ee789ff217d,10,3,fresh_ulong_10_qp3_T11279,False,44,3,1102,0.0011865838896483183,29.25701552412128,0.9867181777954102,0.06382948160171509,0.06796038150787354
fresh_ulong,98881c99-ebda-4469-bbe4-0ee789ff217d,10,3,fresh_ulong_10_qp3_T11279,False,45,4,1325,0.0011440969537943602,29.41537170723299,0.9875239133834839,0.057994451373815536,0.057624638080596924
fresh_ulong,98881c99-ebda-4469-bbe4-0ee789ff217d,10,3,fresh_ulong_10_qp3_T11279,False,46,3,297,0.0012224405072629452,29.12772267579493,0.9861611723899841,0.06671038269996643,0.06664800643920898
fresh_ulong,98881c99-ebda-4469-bbe4-0ee789ff217d,10,3,fresh_ulong_10_qp3_T11279,False,47,4,460,0.0012126847868785262,29.16252070616804,0.9860644340515137,0.06345005333423615,0.06355273723602295
fresh_ulong,98881c99-ebda-4469-bbe4-0ee789ff217d,10,3,fresh_ulong_10_qp3_T11279,False,48,3,850,0.0012028261553496122,29.19797136773294,0.9859058856964111,0.06290605664253235,0.06539618968963623
fresh_ulong,98881c99-ebda-4469-bbe4-0ee789ff217d,10,3,fresh_ulong_10_qp3_T11279,False,49,5,1780,0.0010729264467954636,29.694300495585267,0.9879549741744995,0.05630217120051384,0.05644834041595459
fresh_ulong,98881c99-ebda-4469-bbe4-0ee789ff217d,10,3,fresh_ulong_10_qp3_T11279,False,50,3,175,0.0011675417190417647,29.327275921100995,0.9863516092300415,0.06412816047668457,0.06327998638153076
fresh_ulong,98881c99-ebda-4469-bbe4-0ee789ff217d,10,3,fresh_ulong_10_qp3_T11279,False,51,4,296,0.0011749918339774013,29.29965151665332,0.9851942658424377,0.064687579870224,0.06144392490386963
fresh_ulong,98881c99-ebda-4469-bbe4-0ee789ff217d,10,3,fresh_ulong_10_qp3_T11279,False,52,3,1030,0.0011282353661954403,29.476002907985418,0.9862532615661621,0.06197059899568558,0.0614284873008728
fresh_ulong,98881c99-ebda-4469-bbe4-0ee789ff217d,10,3,fresh_ulong_10_qp3_T11279,False,53,4,943,0.001128053991124034,29.476701135742246,0.9863016605377197,0.06205284222960472,0.05670762062072754
fresh_ulong,98881c99-ebda-4469-bbe4-0ee789ff217d,10,3,fresh_ulong_10_qp3_T11279,False,54,3,225,0.0011590842623263597,29.35884990841261,0.9853182435035706,0.06740647554397583,0.06761455535888672
fresh_ulong,98881c99-ebda-4469-bbe4-0ee789ff217d,10,3,fresh_ulong_10_qp3_T11279,False,55,4,288,0.0011884304694831371,29.250262220999804,0.9845592975616455,0.06620801240205765,0.06278890371322632
fresh_ulong,98881c99-ebda-4469-bbe4-0ee789ff217d,10,3,fresh_ulong_10_qp3_T11279,False,56,3,849,0.0011471071047708392,29.40396030364336,0.9852355122566223,0.06541436910629272,0.06587862968444824
fresh_ulong,98881c99-ebda-4469-bbe4-0ee789ff217d,10,3,fresh_ulong_10_qp3_T11279,False,57,5,1742,0.001065327669493854,29.72516793008345,0.9863216280937195,0.061423409730196,0.059114813804626465
fresh_ulong,98881c99-ebda-4469-bbe4-0ee789ff217d,10,3,fresh_ulong_10_qp3_T11279,False,58,3,155,0.0011481865076348186,29.399875608425283,0.9844494462013245,0.06750664114952087,0.06985235214233398
fresh_ulong,98881c99-ebda-4469-bbe4-0ee789ff217d,10,3,fresh_ulong_10_qp3_T11279,False,59,4,227,0.0011585108004510403,29.36099913057066,0.9833616614341736,0.06550506502389908,0.06843799352645874
fresh_ulong,98881c99-ebda-4469-bbe4-0ee789ff217d,10,3,fresh_ulong_10_qp3_T11279,False,60,3,1012,0.0011429100995883346,29.419879295244233,0.9839037656784058,0.06189915910363197,0.06899863481521606
fresh_ulong,98881c99-ebda-4469-bbe4-0ee789ff217d,10,3,fresh_ulong_10_qp3_T11279,False,61,4,899,0.0011378518538549542,29.43914278574988,0.9840455055236816,0.05956107750535011,0.0663561224937439
fresh_ulong,98881c99-ebda-4469-bbe4-0ee789ff217d,10,3,fresh_ulong_10_qp3_T11279,False,62,3,199,0.0012078064028173685,29.18002672441826,0.9822992086410522,0.06565524637699127,0.0728718638420105
fresh_ulong,98881c99-ebda-4469-bbe4-0ee789ff217d,10,3,fresh_ulong_10_qp3_T11279,False,63,4,294,0.001250526518560946,29.02907094223304,0.9806326627731323,0.06307736039161682,0.06863117218017578
fresh_ulong,98881c99-ebda-4469-bbe4-0ee789ff217d,10,3,fresh_ulong_10_qp3_T11318,False,0,3,4891,0.0007229101029224694,31.409157057927732,0.9807173013687134,0.05474057048559189,0.055563509464263916
fresh_ulong,98881c99-ebda-4469-bbe4-0ee789ff217d,10,3,fresh_ulong_10_qp3_T11318,False,1,5,2094,0.0013377947034314275,28.73610527829534,0.9769386053085327,0.06156432256102562,0.06172388792037964
fresh_ulong,98881c99-ebda-4469-bbe4-0ee789ff217d,10,3,fresh_ulong_10_qp3_T11318,False,2,3,1197,0.001402879599481821,28.529796001936166,0.978361964225769,0.05852347984910011,0.057099342346191406
fresh_ulong,98881c99-ebda-4469-bbe4-0ee789ff217d,10,3,fresh_ulong_10_qp3_T11318,False,3,4,1330,0.0012287540594115853,29.10535034386958,0.9816232323646545,0.05380559340119362,0.05262058973312378
fresh_ulong,98881c99-ebda-4469-bbe4-0ee789ff217d,10,3,fresh_ulong_10_qp3_T11318,False,4,3,925,0.0012776671210303903,28.93582281021567,0.9813858270645142,0.05465088039636612,0.05401611328125
fresh_ulong,98881c99-ebda-4469-bbe4-0ee789ff217d,10,3,fresh_ulong_10_qp3_T11318,False,5,4,1221,0.0011978858383372426,29.215845693779656,0.9836464524269104,0.051198314875364304,0.04875528812408447
fresh_ulong,98881c99-ebda-4469-bbe4-0ee789ff217d,10,3,fresh_ulong_10_qp3_T11318,False,6,3,1071,0.0012397548416629434,29.066641869663595,0.9832032322883606,0.05574534088373184,0.05361318588256836
fresh_ulong,98881c99-ebda-4469-bbe4-0ee789ff217d,10,3,fresh_ulong_10_qp3_T11318,False,7,4,1324,0.0011914148926734924,29.239369755268378,0.9842685461044312,0.05373908206820488,0.052001357078552246
fresh_ulong,98881c99-ebda-4469-bbe4-0ee789ff217d,10,3,fresh_ulong_10_qp3_T11318,False,8,3,852,0.0012233558809384704,29.124471859360334,0.983767032623291,0.05687148869037628,0.053491413593292236
fresh_ulong,98881c99-ebda-4469-bbe4-0ee789ff217d,10,3,fresh_ulong_10_qp3_T11318,False,9,5,1876,0.0011392943561077118,29.433640540443346,0.9855014085769653,0.05173519253730774,0.04897671937942505
fresh_ulong,98881c99-ebda-4469-bbe4-0ee789ff217d,10,3,fresh_ulong_10_qp3_T11318,False,10,3,399,0.0012672478333115578,28.971384426428433,0.9836603999137878,0.06155247613787651,0.05658555030822754
fresh_ulong,98881c99-ebda-4469-bbe4-0ee789ff217d,10,3,fresh_ulong_10_qp3_T11318,False,11,4,717,0.0013201665133237839,28.793712875389424,0.9831578135490417,0.06067100167274475,0.051529526710510254
fresh_ulong,98881c99-ebda-4469-bbe4-0ee789ff217d,10,3,fresh_ulong_10_qp3_T11318,False,12,3,829,0.001416409038938582,28.488113104167347,0.982557475566864,0.06574554741382599,0.06096816062927246
fresh_ulong,98881c99-ebda-4469-bbe4-0ee789ff217d,10,3,fresh_ulong_10_qp3_T11318,False,13,4,1048,0.0012833226937800646,28.916641257709763,0.9844537973403931,0.06004134193062782,0.05771458148956299
fresh_ulong,98881c99-ebda-4469-bbe4-0ee789ff217d,10,3,fresh_ulong_10_qp3_T11318,False,14,3,519,0.0014041842659935355,28.5257589758141,0.9832225441932678,0.06370237469673157,0.06218212842941284
fresh_ulong,98881c99-ebda-4469-bbe4-0ee789ff217d,10,3,fresh_ulong_10_qp3_T11318,False,15,4,742,0.00133922987151891,28.731448723054555,0.9842154383659363,0.06316736340522766,0.05989980697631836
fresh_ulong,98881c99-ebda-4469-bbe4-0ee789ff217d,10,3,fresh_ulong_10_qp3_T11318,False,16,3,818,0.00139023014344275,28.569132992036444,0.984212338924408,0.06554366648197174,0.06502091884613037
fresh_ulong,98881c99-ebda-4469-bbe4-0ee789ff217d,10,3,fresh_ulong_10_qp3_T11318,False,17,5,2071,0.0011381125077605247,29.438148037718847,0.9871693253517151,0.055906958878040314,0.05355501174926758
fresh_ulong,98881c99-ebda-4469-bbe4-0ee789ff217d,10,3,fresh_ulong_10_qp3_T11318,False,18,3,352,0.0012512599350884557,29.026524611713953,0.98539799451828,0.0644456073641777,0.0628662109375
fresh_ulong,98881c99-ebda-4469-bbe4-0ee789ff217d,10,3,fresh_ulong_10_qp3_T11318,False,19,4,425,0.0012853483203798532,28.90979165624509,0.9852265119552612,0.06637737900018692,0.06142926216125488
fresh_ulong,98881c99-ebda-4469-bbe4-0ee789ff217d,10,3,fresh_ulong_10_qp3_T11318,False,20,3,1124,0.001245697494596243,29.04587409023594,0.9863093495368958,0.06594663858413696,0.05961942672729492
fresh_ulong,98881c99-ebda-4469-bbe4-0ee789ff217d,10,3,fresh_ulong_10_qp3_T11318,False,21,4,1156,0.0012210396816954017,29.13270221999989,0.9870331287384033,0.06161873787641525,0.05927562713623047
fresh_ulong,98881c99-ebda-4469-bbe4-0ee789ff217d,10,3,fresh_ulong_10_qp3_T11318,False,22,3,385,0.0013846581568941474,28.586574315807198,0.9851593375205994,0.06853464245796204,0.06500363349914551
fresh_ulong,98881c99-ebda-4469-bbe4-0ee789ff217d,10,3,fresh_ulong_10_qp3_T11318,False,23,4,547,0.0013695871457457542,28.634103287167797,0.9852043986320496,0.06881548464298248,0.06489676237106323
fresh_ulong,98881c99-ebda-4469-bbe4-0ee789ff217d,10,3,fresh_ulong_10_qp3_T11318,False,24,3,1204,0.0013537030899897218,28.68476579756537,0.9858585000038147,0.07029297947883606,0.06433063745498657
fresh_ulong,98881c99-ebda-4469-bbe4-0ee789ff217d,10,3,fresh_ulong_10_qp3_T11318,False,25,5,2157,0.0011275233700871468,29.47874447769554,0.9885751008987427,0.05783110857009888,0.05708128213882446
fresh_ulong,98881c99-ebda-4469-bbe4-0ee789ff217d,10,3,fresh_ulong_10_qp3_T11318,False,26,3,291,0.0012680500512942672,28.968636040474127,0.9869745969772339,0.06520714610815048,0.06600463390350342
fresh_ulong,98881c99-ebda-4469-bbe4-0ee789ff217d,10,3,fresh_ulong_10_qp3_T11318,False,27,4,421,0.0012755165807902813,28.943138915042724,0.9868613481521606,0.06632517278194427,0.061700522899627686
fresh_ulong,98881c99-ebda-4469-bbe4-0ee789ff217d,10,3,fresh_ulong_10_qp3_T11318,False,28,3,1151,0.0012616700259968638,28.990542145269327,0.9873683452606201,0.06570698320865631,0.06503403186798096
fresh_ulong,98881c99-ebda-4469-bbe4-0ee789ff217d,10,3,fresh_ulong_10_qp3_T11318,False,29,4,1188,0.00117879721801728,29.28560897763722,0.988437294960022,0.05982888489961624,0.059094905853271484
fresh_ulong,98881c99-ebda-4469-bbe4-0ee789ff217d,10,3,fresh_ulong_10_qp3_T11318,False,30,3,319,0.0012921170564368367,28.886981406274753,0.9871244430541992,0.06602482497692108,0.06362360715866089
fresh_ulong,98881c99-ebda-4469-bbe4-0ee789ff217d,10,3,fresh_ulong_10_qp3_T11318,False,31,4,437,0.0013024492654949427,28.85239184838207,0.9868502020835876,0.0656270906329155,0.05883866548538208
fresh_ulong,98881c99-ebda-4469-bbe4-0ee789ff217d,10,3,fresh_ulong_10_qp3_T11318,False,32,3,1014,0.0013013980351388454,28.855898533029478,0.9868023991584778,0.0664757564663887,0.07130300998687744
fresh_ulong,98881c99-ebda-4469-bbe4-0ee789ff217d,10,3,fresh_ulong_10_qp3_T11318,False,33,5,2252,0.0011012551840394735,29.5811203418086,0.9891685247421265,0.056637927889823914,0.05997180938720703
fresh_ulong,98881c99-ebda-4469-bbe4-0ee789ff217d,10,3,fresh_ulong_10_qp3_T11318,False,34,3,237,0.0012403948931023479,29.064400304885936,0.9871416687965393,0.06534775346517563,0.06502407789230347
fresh_ulong,98881c99-ebda-4469-bbe4-0ee789ff217d,10,3,fresh_ulong_10_qp3_T11318,False,35,4,356,0.0012716928031295538,28.956177865008765,0.9866632223129272,0.06826869398355484,0.06273043155670166
fresh_ulong,98881c99-ebda-4469-bbe4-0ee789ff217d,10,3,fresh_ulong_10_qp3_T11318,False,36,3,1188,0.001253395457752049,29.01911883496583,0.9869167804718018,0.06867250800132751,0.06584542989730835
fresh_ulong,98881c99-ebda-4469-bbe4-0ee789ff217d,10,3,fresh_ulong_10_qp3_T11318,False,37,4,1221,0.0012049985816702247,29.19013464270156,0.9876141548156738,0.06260594725608826,0.05893796682357788
fresh_ulong,98881c99-ebda-4469-bbe4-0ee789ff217d,10,3,fresh_ulong_10_qp3_T11318,False,38,3,319,0.0012587360106408596,29.000653430800263,0.9866248965263367,0.0687754899263382,0.06945091485977173
fresh_ulong,98881c99-ebda-4469-bbe4-0ee789ff217d,10,3,fresh_ulong_10_qp3_T11318,False,39,4,522,0.001203102758154273,29.19697277569975,0.9871231317520142,0.06449975818395615,0.06274646520614624
fresh_ulong,98881c99-ebda-4469-bbe4-0ee789ff217d,10,3,fresh_ulong_10_qp3_T11318,False,40,3,1014,0.0012504268670454621,29.029417035075554,0.9866576790809631,0.0646895095705986,0.07198643684387207
fresh_ulong,98881c99-ebda-4469-bbe4-0ee789ff217d,10,3,fresh_ulong_10_qp3_T11318,False,41,5,2115,0.0011043624253943563,29.56888378129746,0.9884581565856934,0.05707121640443802,0.06021815538406372
fresh_ulong,98881c99-ebda-4469-bbe4-0ee789ff217d,10,3,fresh_ulong_10_qp3_T11318,False,42,3,312,0.0012384910369291902,29.07107132094922,0.986477255821228,0.0656871423125267,0.06745058298110962
fresh_ulong,98881c99-ebda-4469-bbe4-0ee789ff217d,10,3,fresh_ulong_10_qp3_T11318,False,43,4,417,0.0011696296278387308,29.319516391516895,0.9866748452186584,0.06488212198019028,0.0664861798286438
fresh_ulong,98881c99-ebda-4469-bbe4-0ee789ff217d,10,3,fresh_ulong_10_qp3_T11318,False,44,3,1102,0.0011865838896483183,29.25701552412128,0.9867181777954102,0.06382948160171509,0.06796038150787354
fresh_ulong,98881c99-ebda-4469-bbe4-0ee789ff217d,10,3,fresh_ulong_10_qp3_T11318,False,45,4,1325,0.0011440969537943602,29.41537170723299,0.9875239133834839,0.057994451373815536,0.057624638080596924
fresh_ulong,98881c99-ebda-4469-bbe4-0ee789ff217d,10,3,fresh_ulong_10_qp3_T11318,False,46,3,297,0.0012224405072629452,29.12772267579493,0.9861611723899841,0.06671038269996643,0.06664800643920898
fresh_ulong,98881c99-ebda-4469-bbe4-0ee789ff217d,10,3,fresh_ulong_10_qp3_T11318,False,47,4,460,0.0012126847868785262,29.16252070616804,0.9860644340515137,0.06345005333423615,0.06355273723602295
fresh_ulong,98881c99-ebda-4469-bbe4-0ee789ff217d,10,3,fresh_ulong_10_qp3_T11318,False,48,3,850,0.0012028261553496122,29.19797136773294,0.9859058856964111,0.06290605664253235,0.06539618968963623
fresh_ulong,98881c99-ebda-4469-bbe4-0ee789ff217d,10,3,fresh_ulong_10_qp3_T11318,False,49,5,1780,0.0010729264467954636,29.694300495585267,0.9879549741744995,0.05630217120051384,0.05644834041595459
fresh_ulong,98881c99-ebda-4469-bbe4-0ee789ff217d,10,3,fresh_ulong_10_qp3_T11318,False,50,3,175,0.0011675417190417647,29.327275921100995,0.9863516092300415,0.06412816047668457,0.06327998638153076
fresh_ulong,98881c99-ebda-4469-bbe4-0ee789ff217d,10,3,fresh_ulong_10_qp3_T11318,False,51,4,296,0.0011749918339774013,29.29965151665332,0.9851942658424377,0.064687579870224,0.06144392490386963
fresh_ulong,98881c99-ebda-4469-bbe4-0ee789ff217d,10,3,fresh_ulong_10_qp3_T11318,False,52,3,1030,0.0011282353661954403,29.476002907985418,0.9862532615661621,0.06197059899568558,0.0614284873008728
fresh_ulong,98881c99-ebda-4469-bbe4-0ee789ff217d,10,3,fresh_ulong_10_qp3_T11318,False,53,4,943,0.001128053991124034,29.476701135742246,0.9863016605377197,0.06205284222960472,0.05670762062072754
fresh_ulong,98881c99-ebda-4469-bbe4-0ee789ff217d,10,3,fresh_ulong_10_qp3_T11318,False,54,3,225,0.0011590842623263597,29.35884990841261,0.9853182435035706,0.06740647554397583,0.06761455535888672
fresh_ulong,98881c99-ebda-4469-bbe4-0ee789ff217d,10,3,fresh_ulong_10_qp3_T11318,False,55,4,288,0.0011884304694831371,29.250262220999804,0.9845592975616455,0.06620801240205765,0.06278890371322632
fresh_ulong,98881c99-ebda-4469-bbe4-0ee789ff217d,10,3,fresh_ulong_10_qp3_T11318,False,56,3,849,0.0011471071047708392,29.40396030364336,0.9852355122566223,0.06541436910629272,0.06587862968444824
fresh_ulong,98881c99-ebda-4469-bbe4-0ee789ff217d,10,3,fresh_ulong_10_qp3_T11318,False,57,5,1742,0.001065327669493854,29.72516793008345,0.9863216280937195,0.061423409730196,0.059114813804626465
fresh_ulong,98881c99-ebda-4469-bbe4-0ee789ff217d,10,3,fresh_ulong_10_qp3_T11318,False,58,3,155,0.0011481865076348186,29.399875608425283,0.9844494462013245,0.06750664114952087,0.06985235214233398
fresh_ulong,98881c99-ebda-4469-bbe4-0ee789ff217d,10,3,fresh_ulong_10_qp3_T11318,False,59,4,227,0.0011585108004510403,29.36099913057066,0.9833616614341736,0.06550506502389908,0.06843799352645874
fresh_ulong,98881c99-ebda-4469-bbe4-0ee789ff217d,10,3,fresh_ulong_10_qp3_T11318,False,60,3,1012,0.0011429100995883346,29.419879295244233,0.9839037656784058,0.06189915910363197,0.06899863481521606
fresh_ulong,98881c99-ebda-4469-bbe4-0ee789ff217d,10,3,fresh_ulong_10_qp3_T11318,False,61,4,899,0.0011378518538549542,29.43914278574988,0.9840455055236816,0.05956107750535011,0.0663561224937439
fresh_ulong,98881c99-ebda-4469-bbe4-0ee789ff217d,10,3,fresh_ulong_10_qp3_T11318,False,62,3,197,0.001210018410347402,29.172080218724254,0.9823156595230103,0.06570357084274292,0.07288652658462524
fresh_ulong,98881c99-ebda-4469-bbe4-0ee789ff217d,10,3,fresh_ulong_10_qp3_T11318,False,63,4,295,0.0012567720841616392,29.00743474554019,0.9806103110313416,0.06310706585645676,0.06865322589874268
fresh_ulong,98881c99-ebda-4469-bbe4-0ee789ff217d,10,3,fresh_ulong_10_qp3_T11357,False,0,3,4891,0.0007229101029224694,31.409157057927732,0.9807173013687134,0.05474057048559189,0.055563509464263916
fresh_ulong,98881c99-ebda-4469-bbe4-0ee789ff217d,10,3,fresh_ulong_10_qp3_T11357,False,1,5,2094,0.0013377947034314275,28.73610527829534,0.9769386053085327,0.06156432256102562,0.06172388792037964
fresh_ulong,98881c99-ebda-4469-bbe4-0ee789ff217d,10,3,fresh_ulong_10_qp3_T11357,False,2,3,1197,0.001402879599481821,28.529796001936166,0.978361964225769,0.05852347984910011,0.057099342346191406
fresh_ulong,98881c99-ebda-4469-bbe4-0ee789ff217d,10,3,fresh_ulong_10_qp3_T11357,False,3,4,1330,0.0012287540594115853,29.10535034386958,0.9816232323646545,0.05380559340119362,0.05262058973312378
fresh_ulong,98881c99-ebda-4469-bbe4-0ee789ff217d,10,3,fresh_ulong_10_qp3_T11357,False,4,3,925,0.0012776671210303903,28.93582281021567,0.9813858270645142,0.05465088039636612,0.05401611328125
fresh_ulong,98881c99-ebda-4469-bbe4-0ee789ff217d,10,3,fresh_ulong_10_qp3_T11357,False,5,4,1221,0.0011978858383372426,29.215845693779656,0.9836464524269104,0.051198314875364304,0.04875528812408447
fresh_ulong,98881c99-ebda-4469-bbe4-0ee789ff217d,10,3,fresh_ulong_10_qp3_T11357,False,6,3,1071,0.0012397548416629434,29.066641869663595,0.9832032322883606,0.05574534088373184,0.05361318588256836
fresh_ulong,98881c99-ebda-4469-bbe4-0ee789ff217d,10,3,fresh_ulong_10_qp3_T11357,False,7,4,1324,0.0011914148926734924,29.239369755268378,0.9842685461044312,0.05373908206820488,0.052001357078552246
fresh_ulong,98881c99-ebda-4469-bbe4-0ee789ff217d,10,3,fresh_ulong_10_qp3_T11357,False,8,3,852,0.0012233558809384704,29.124471859360334,0.983767032623291,0.05687148869037628,0.053491413593292236
fresh_ulong,98881c99-ebda-4469-bbe4-0ee789ff217d,10,3,fresh_ulong_10_qp3_T11357,False,9,5,1876,0.0011392943561077118,29.433640540443346,0.9855014085769653,0.05173519253730774,0.04897671937942505
fresh_ulong,98881c99-ebda-4469-bbe4-0ee789ff217d,10,3,fresh_ulong_10_qp3_T11357,False,10,3,399,0.0012672478333115578,28.971384426428433,0.9836603999137878,0.06155247613787651,0.05658555030822754
fresh_ulong,98881c99-ebda-4469-bbe4-0ee789ff217d,10,3,fresh_ulong_10_qp3_T11357,False,11,4,717,0.0013201665133237839,28.793712875389424,0.9831578135490417,0.06067100167274475,0.051529526710510254
fresh_ulong,98881c99-ebda-4469-bbe4-0ee789ff217d,10,3,fresh_ulong_10_qp3_T11357,False,12,3,829,0.001416409038938582,28.488113104167347,0.982557475566864,0.06574554741382599,0.06096816062927246
fresh_ulong,98881c99-ebda-4469-bbe4-0ee789ff217d,10,3,fresh_ulong_10_qp3_T11357,False,13,4,1048,0.0012833226937800646,28.916641257709763,0.9844537973403931,0.06004134193062782,0.05771458148956299
fresh_ulong,98881c99-ebda-4469-bbe4-0ee789ff217d,10,3,fresh_ulong_10_qp3_T11357,False,14,3,519,0.0014041842659935355,28.5257589758141,0.9832225441932678,0.06370237469673157,0.06218212842941284
fresh_ulong,98881c99-ebda-4469-bbe4-0ee789ff217d,10,3,fresh_ulong_10_qp3_T11357,False,15,4,742,0.00133922987151891,28.731448723054555,0.9842154383659363,0.06316736340522766,0.05989980697631836
fresh_ulong,98881c99-ebda-4469-bbe4-0ee789ff217d,10,3,fresh_ulong_10_qp3_T11357,False,16,3,818,0.00139023014344275,28.569132992036444,0.984212338924408,0.06554366648197174,0.06502091884613037
fresh_ulong,98881c99-ebda-4469-bbe4-0ee789ff217d,10,3,fresh_ulong_10_qp3_T11357,False,17,5,2071,0.0011381125077605247,29.438148037718847,0.9871693253517151,0.055906958878040314,0.05355501174926758
fresh_ulong,98881c99-ebda-4469-bbe4-0ee789ff217d,10,3,fresh_ulong_10_qp3_T11357,False,18,3,352,0.0012512599350884557,29.026524611713953,0.98539799451828,0.0644456073641777,0.0628662109375
fresh_ulong,98881c99-ebda-4469-bbe4-0ee789ff217d,10,3,fresh_ulong_10_qp3_T11357,False,19,4,425,0.0012853483203798532,28.90979165624509,0.9852265119552612,0.06637737900018692,0.06142926216125488
fresh_ulong,98881c99-ebda-4469-bbe4-0ee789ff217d,10,3,fresh_ulong_10_qp3_T11357,False,20,3,1124,0.001245697494596243,29.04587409023594,0.9863093495368958,0.06594663858413696,0.05961942672729492
fresh_ulong,98881c99-ebda-4469-bbe4-0ee789ff217d,10,3,fresh_ulong_10_qp3_T11357,False,21,4,1156,0.0012210396816954017,29.13270221999989,0.9870331287384033,0.06161873787641525,0.05927562713623047
fresh_ulong,98881c99-ebda-4469-bbe4-0ee789ff217d,10,3,fresh_ulong_10_qp3_T11357,False,22,3,385,0.0013846581568941474,28.586574315807198,0.9851593375205994,0.06853464245796204,0.06500363349914551
fresh_ulong,98881c99-ebda-4469-bbe4-0ee789ff217d,10,3,fresh_ulong_10_qp3_T11357,False,23,4,547,0.0013695871457457542,28.634103287167797,0.9852043986320496,0.06881548464298248,0.06489676237106323
fresh_ulong,98881c99-ebda-4469-bbe4-0ee789ff217d,10,3,fresh_ulong_10_qp3_T11357,False,24,3,1204,0.0013537030899897218,28.68476579756537,0.9858585000038147,0.07029297947883606,0.06433063745498657
fresh_ulong,98881c99-ebda-4469-bbe4-0ee789ff217d,10,3,fresh_ulong_10_qp3_T11357,False,25,5,2157,0.0011275233700871468,29.47874447769554,0.9885751008987427,0.05783110857009888,0.05708128213882446
fresh_ulong,98881c99-ebda-4469-bbe4-0ee789ff217d,10,3,fresh_ulong_10_qp3_T11357,False,26,3,291,0.0012680500512942672,28.968636040474127,0.9869745969772339,0.06520714610815048,0.06600463390350342
fresh_ulong,98881c99-ebda-4469-bbe4-0ee789ff217d,10,3,fresh_ulong_10_qp3_T11357,False,27,4,421,0.0012755165807902813,28.943138915042724,0.9868613481521606,0.06632517278194427,0.061700522899627686
fresh_ulong,98881c99-ebda-4469-bbe4-0ee789ff217d,10,3,fresh_ulong_10_qp3_T11357,False,28,3,1151,0.0012616700259968638,28.990542145269327,0.9873683452606201,0.06570698320865631,0.06503403186798096
fresh_ulong,98881c99-ebda-4469-bbe4-0ee789ff217d,10,3,fresh_ulong_10_qp3_T11357,False,29,4,1188,0.00117879721801728,29.28560897763722,0.988437294960022,0.05982888489961624,0.059094905853271484
fresh_ulong,98881c99-ebda-4469-bbe4-0ee789ff217d,10,3,fresh_ulong_10_qp3_T11357,False,30,3,319,0.0012921170564368367,28.886981406274753,0.9871244430541992,0.06602482497692108,0.06362360715866089
fresh_ulong,98881c99-ebda-4469-bbe4-0ee789ff217d,10,3,fresh_ulong_10_qp3_T11357,False,31,4,437,0.0013024492654949427,28.85239184838207,0.9868502020835876,0.0656270906329155,0.05883866548538208
fresh_ulong,98881c99-ebda-4469-bbe4-0ee789ff217d,10,3,fresh_ulong_10_qp3_T11357,False,32,3,1014,0.0013013980351388454,28.855898533029478,0.9868023991584778,0.0664757564663887,0.07130300998687744
fresh_ulong,98881c99-ebda-4469-bbe4-0ee789ff217d,10,3,fresh_ulong_10_qp3_T11357,False,33,5,2252,0.0011012551840394735,29.5811203418086,0.9891685247421265,0.056637927889823914,0.05997180938720703
fresh_ulong,98881c99-ebda-4469-bbe4-0ee789ff217d,10,3,fresh_ulong_10_qp3_T11357,False,34,3,237,0.0012403948931023479,29.064400304885936,0.9871416687965393,0.06534775346517563,0.06502407789230347
fresh_ulong,98881c99-ebda-4469-bbe4-0ee789ff217d,10,3,fresh_ulong_10_qp3_T11357,False,35,4,356,0.0012716928031295538,28.956177865008765,0.9866632223129272,0.06826869398355484,0.06273043155670166
fresh_ulong,98881c99-ebda-4469-bbe4-0ee789ff217d,10,3,fresh_ulong_10_qp3_T11357,False,36,3,1188,0.001253395457752049,29.01911883496583,0.9869167804718018,0.06867250800132751,0.06584542989730835
fresh_ulong,98881c99-ebda-4469-bbe4-0ee789ff217d,10,3,fresh_ulong_10_qp3_T11357,False,37,4,1221,0.0012049985816702247,29.19013464270156,0.9876141548156738,0.06260594725608826,0.05893796682357788
fresh_ulong,98881c99-ebda-4469-bbe4-0ee789ff217d,10,3,fresh_ulong_10_qp3_T11357,False,38,3,319,0.0012587360106408596,29.000653430800263,0.9866248965263367,0.0687754899263382,0.06945091485977173
fresh_ulong,98881c99-ebda-4469-bbe4-0ee789ff217d,10,3,fresh_ulong_10_qp3_T11357,False,39,4,522,0.001203102758154273,29.19697277569975,0.9871231317520142,0.06449975818395615,0.06274646520614624
fresh_ulong,98881c99-ebda-4469-bbe4-0ee789ff217d,10,3,fresh_ulong_10_qp3_T11357,False,40,3,1014,0.0012504268670454621,29.029417035075554,0.9866576790809631,0.0646895095705986,0.07198643684387207
fresh_ulong,98881c99-ebda-4469-bbe4-0ee789ff217d,10,3,fresh_ulong_10_qp3_T11357,False,41,5,2115,0.0011043624253943563,29.56888378129746,0.9884581565856934,0.05707121640443802,0.06021815538406372
fresh_ulong,98881c99-ebda-4469-bbe4-0ee789ff217d,10,3,fresh_ulong_10_qp3_T11357,False,42,3,312,0.0012384910369291902,29.07107132094922,0.986477255821228,0.0656871423125267,0.06745058298110962
fresh_ulong,98881c99-ebda-4469-bbe4-0ee789ff217d,10,3,fresh_ulong_10_qp3_T11357,False,43,4,417,0.0011696296278387308,29.319516391516895,0.9866748452186584,0.06488212198019028,0.0664861798286438
fresh_ulong,98881c99-ebda-4469-bbe4-0ee789ff217d,10,3,fresh_ulong_10_qp3_T11357,False,44,3,1102,0.0011865838896483183,29.25701552412128,0.9867181777954102,0.06382948160171509,0.06796038150787354
fresh_ulong,98881c99-ebda-4469-bbe4-0ee789ff217d,10,3,fresh_ulong_10_qp3_T11357,False,45,4,1325,0.0011440969537943602,29.41537170723299,0.9875239133834839,0.057994451373815536,0.057624638080596924
fresh_ulong,98881c99-ebda-4469-bbe4-0ee789ff217d,10,3,fresh_ulong_10_qp3_T11357,False,46,3,297,0.0012224405072629452,29.12772267579493,0.9861611723899841,0.06671038269996643,0.06664800643920898
fresh_ulong,98881c99-ebda-4469-bbe4-0ee789ff217d,10,3,fresh_ulong_10_qp3_T11357,False,47,4,460,0.0012126847868785262,29.16252070616804,0.9860644340515137,0.06345005333423615,0.06355273723602295
fresh_ulong,98881c99-ebda-4469-bbe4-0ee789ff217d,10,3,fresh_ulong_10_qp3_T11357,False,48,3,850,0.0012028261553496122,29.19797136773294,0.9859058856964111,0.06290605664253235,0.06539618968963623
fresh_ulong,98881c99-ebda-4469-bbe4-0ee789ff217d,10,3,fresh_ulong_10_qp3_T11357,False,49,5,1780,0.0010729264467954636,29.694300495585267,0.9879549741744995,0.05630217120051384,0.05644834041595459
fresh_ulong,98881c99-ebda-4469-bbe4-0ee789ff217d,10,3,fresh_ulong_10_qp3_T11357,False,50,3,175,0.0011675417190417647,29.327275921100995,0.9863516092300415,0.06412816047668457,0.06327998638153076
fresh_ulong,98881c99-ebda-4469-bbe4-0ee789ff217d,10,3,fresh_ulong_10_qp3_T11357,False,51,4,296,0.0011749918339774013,29.29965151665332,0.9851942658424377,0.064687579870224,0.06144392490386963
fresh_ulong,98881c99-ebda-4469-bbe4-0ee789ff217d,10,3,fresh_ulong_10_qp3_T11357,False,52,3,1030,0.0011282353661954403,29.476002907985418,0.9862532615661621,0.06197059899568558,0.0614284873008728
fresh_ulong,98881c99-ebda-4469-bbe4-0ee789ff217d,10,3,fresh_ulong_10_qp3_T11357,False,53,4,943,0.001128053991124034,29.476701135742246,0.9863016605377197,0.06205284222960472,0.05670762062072754
fresh_ulong,98881c99-ebda-4469-bbe4-0ee789ff217d,10,3,fresh_ulong_10_qp3_T11357,False,54,3,225,0.0011590842623263597,29.35884990841261,0.9853182435035706,0.06740647554397583,0.06761455535888672
fresh_ulong,98881c99-ebda-4469-bbe4-0ee789ff217d,10,3,fresh_ulong_10_qp3_T11357,False,55,4,288,0.0011884304694831371,29.250262220999804,0.9845592975616455,0.06620801240205765,0.06278890371322632
fresh_ulong,98881c99-ebda-4469-bbe4-0ee789ff217d,10,3,fresh_ulong_10_qp3_T11357,False,56,3,849,0.0011471071047708392,29.40396030364336,0.9852355122566223,0.06541436910629272,0.06587862968444824
fresh_ulong,98881c99-ebda-4469-bbe4-0ee789ff217d,10,3,fresh_ulong_10_qp3_T11357,False,57,5,1742,0.001065327669493854,29.72516793008345,0.9863216280937195,0.061423409730196,0.059114813804626465
fresh_ulong,98881c99-ebda-4469-bbe4-0ee789ff217d,10,3,fresh_ulong_10_qp3_T11357,False,58,3,155,0.0011481865076348186,29.399875608425283,0.9844494462013245,0.06750664114952087,0.06985235214233398
fresh_ulong,98881c99-ebda-4469-bbe4-0ee789ff217d,10,3,fresh_ulong_10_qp3_T11357,False,59,4,227,0.0011585108004510403,29.36099913057066,0.9833616614341736,0.06550506502389908,0.06843799352645874
fresh_ulong,98881c99-ebda-4469-bbe4-0ee789ff217d,10,3,fresh_ulong_10_qp3_T11357,False,60,3,1012,0.0011429100995883346,29.419879295244233,0.9839037656784058,0.06189915910363197,0.06899863481521606
fresh_ulong,98881c99-ebda-4469-bbe4-0ee789ff217d,10,3,fresh_ulong_10_qp3_T11357,False,61,4,899,0.0011378518538549542,29.43914278574988,0.9840455055236816,0.05956107750535011,0.0663561224937439
fresh_ulong,98881c99-ebda-4469-bbe4-0ee789ff217d,10,3,fresh_ulong_10_qp3_T11357,False,62,3,197,0.001210018410347402,29.172080218724254,0.9823156595230103,0.06570357084274292,0.07288652658462524
fresh_ulong,98881c99-ebda-4469-bbe4-0ee789ff217d,10,3,fresh_ulong_10_qp3_T11357,False,63,4,295,0.0012567720841616392,29.00743474554019,0.9806103110313416,0.06310706585645676,0.06865322589874268
uvg,Beauty,0,1,uvg_00_qp1_BASELINE,True,0,1,3023,0.001436280319467187,28.4276079037446,0.9736337065696716,0.16387248039245605,0.1347396969795227
uvg,Beauty,0,1,uvg_00_qp1_BASELINE,True,1,3,1376,0.0026593024376779795,25.752322683301653,0.9589329957962036,0.16344770789146423,0.13325732946395874
uvg,Beauty,0,1,uvg_00_qp1_BASELINE,True,2,1,458,0.0024871081113815308,26.043053360988058,0.9645784497261047,0.15802797675132751,0.14123082160949707
uvg,Beauty,0,1,uvg_00_qp1_BASELINE,True,3,2,436,0.001958658918738365,27.080411855503016,0.9717400074005127,0.1462792009115219,0.1361238956451416
uvg,Beauty,0,1,uvg_00_qp1_BASELINE,True,4,1,360,0.0019147330895066261,27.178917573786098,0.9745950102806091,0.14967277646064758,0.13618046045303345
uvg,Beauty,0,1,uvg_00_qp1_BASELINE,True,5,2,412,0.0017569365445524454,27.55243923677373,0.9762702584266663,0.14526130259037018,0.13963443040847778
uvg,Beauty,0,1,uvg_00_qp1_BASELINE,True,6,1,357,0.0017805410316213965,27.494480137889802,0.9769419431686401,0.14909842610359192,0.13959383964538574
uvg,Beauty,0,1,uvg_00_qp1_BASELINE,True,7,2,402,0.0017874236218631268,27.47772506904267,0.9771046042442322,0.1485110968351364,0.13814473152160645
uvg,Beauty,0,1,uvg_00_qp1_BASELINE,True,8,1,248,0.0017394538735970855,27.595870832761857,0.9769665002822876,0.14768554270267487,0.14001613855361938
uvg,Beauty,0,1,uvg_00_qp1_BASELINE,True,9,3,552,0.0017921671969816089,27.466214760693948,0.9774737358093262,0.145639106631279,0.14081472158432007
uvg,Beauty,0,1,uvg_00_qp1_BASELINE,True,10,1,113,0.0017225313931703568,27.638328543222723,0.9753267765045166,0.14851561188697815,0.1383797526359558
uvg,Beauty,0,1,uvg_00_qp1_BASELINE,True,11,2,191,0.0018002204596996307,27.446743068032298,0.9764373898506165,0.15443871915340424,0.14193499088287354
uvg,Beauty,0,1,uvg_00_qp1_BASELINE,True,12,1,228,0.0016686648596078157,27.776308797607495,0.9761151075363159,0.1534418761730194,0.1376868486404419
uvg,Beauty,0,1,uvg_00_qp1_BASELINE,True,13,2,276,0.001762056490406394,27.53980172496894,0.9775488972663879,0.1565975397825241,0.14106816053390503
uvg,Beauty,0,1,uvg_00_qp1_BASELINE,True,14,1,93,0.001638318644836545,27.856016262412528,0.976653516292572,0.15570767223834991,0.1393933892250061
uvg,Beauty,0,1,uvg_00_qp1_BASELINE,True,15,2,179,0.0017278295708820224,27.624990975491265,0.9777823090553284,0.16104921698570251,0.1430954933166504
uvg,Beauty,0,1,uvg_00_qp1_BASELINE,True,16,1,211,0.0016015159199014306,27.954687398656105,0.9772829413414001,0.15786239504814148,0.14558446407318115
uvg,Beauty,0,1,uvg_00_qp1_BASELINE,True,17,3,660,0.0017067737644538283,27.678240414867954,0.9788023233413696,0.1540304273366928,0.1409996747970581
uvg,Beauty,0,1,uvg_00_qp1_BASELINE,True,18,1,72,0.0015468933852389455,28.105396176503387,0.9776350259780884,0.15299534797668457,0.13430696725845337
uvg,Beauty,0,1,uvg_00_qp1_BASELINE,True,19,2,113,0.0017239809967577457,27.634675256625446,0.9784389734268188,0.16358357667922974,0.14491689205169678
uvg,Beauty,0,1,uvg_00_qp1_BASELINE,True,20,1,340,0.0015140956966206431,28.198466749014266,0.9790136218070984,0.15745656192302704,0.1407220959663391
uvg,Beauty,0,1,uvg_00_qp1_BASELINE,True,21,2,379,0.00176485616248101,27.532906842627387,0.9781148433685303,0.1658574342727661,0.1467139720916748
uvg,Beauty,0,1,uvg_00_qp1_BASELINE,True,22,1,78,0.0015945886261761189,27.973513379515328,0.9771024584770203,0.162208691239357,0.14217716455459595
uvg,Beauty,0,1,uvg_00_qp1_BASELINE,True,23,2,115,0.0017397645860910416,27.595095137165245,0.9777117967605591,0.1700349599123001,0.1499301791191101
uvg,Beauty,0,1,uvg_00_qp1_BASELINE,True,24,1,341,0.0015498719876632094,28.097041710860754,0.978551983833313,0.163835346698761,0.142444908618927
uvg,Beauty,0,1,uvg_00_qp1_BASELINE,True,25,3,861,0.001771200099028647,27.51732372183739,0.978151798248291,0.15820759534835815,0.1411832571029663
uvg,Beauty,0,1,uvg_00_qp1_BASELINE,True,26,1,72,0.0015892066294327378,27.988196319378105,0.9767893552780151,0.15762729942798615,0.1366479992866516
uvg,Beauty,0,1,uvg_00_qp1_BASELINE,True,27,2,81,0.0017120930133387446,27.664726449845315,0.9778099060058594,0.1686389297246933,0.1540231704711914
uvg,Beauty,0,1,uvg_00_qp1_BASELINE,True,28,1,402,0.0015424585435539484,28.117864996109002,0.9785817265510559,0.15759819746017456,0.14139258861541748
uvg,Beauty,0,1,uvg_00_qp1_BASELINE,True,29,2,392,0.0017686383798718452,27.523609549254854,0.9777563810348511,0.1627809703350067,0.15171802043914795
uvg,Beauty,0,1,uvg_00_qp1_BASELINE,True,30,1,82,0.0015751887112855911,28.026674092645187,0.9768662452697754,0.16210457682609558,0.14674144983291626
uvg,Beauty,0,1,uvg_00_qp1_BASELINE,True,31,2,107,0.0016913902945816517,27.717561657760456,0.977649450302124,0.16625015437602997,0.14710164070129395
uvg,Beauty,0,1,uvg_00_qp1_BASELINE,True,32,1,354,0.001529489178210497,28.1545359148747,0.9782222509384155,0.15838107466697693,0.1405625343322754
uvg,Beauty,0,1,uvg_00_qp1_BASELINE,True,33,3,753,0.001742447610013187,27.5884027091961,0.9775173664093018,0.15591645240783691,0.14219295978546143
uvg,Beauty,0,1,uvg_00_qp1_BASELINE,True,34,1,73,0.0015540054300799966,28.085474679999315,0.9765732884407043,0.15218201279640198,0.14133286476135254
uvg,Beauty,0,1,uvg_00_qp1_BASELINE,True,35,2,77,0.0016738524427637458,27.762828295673675,0.9778108596801758,0.15405084192752838,0.14591670036315918
uvg,Beauty,0,1,uvg_00_qp1_BASELINE,True,36,1,373,0.0014617957640439272,28.35113300938168,0.9791334867477417,0.14852480590343475,0.13732945919036865
uvg,Beauty,0,1,uvg_00_qp1_BASELINE,True,37,2,323,0.0017600019928067923,27.544868404446554,0.9775336384773254,0.155243381857872,0.1447792649269104
uvg,Beauty,0,1,uvg_00_qp1_BASELINE,True,38,1,68,0.0016000884352251887,27.95856013675994,0.976474404335022,0.1551298052072525,0.14207059144973755
uvg,Beauty,0,1,uvg_00_qp1_BASELINE,True,39,2,83,0.0016798705328255892,27.74724187944419,0.9775175452232361,0.16144680976867676,0.1506158709526062
uvg,Beauty,0,1,uvg_00_qp1_BASELINE,True,40,1,356,0.0014938319800421596,28.256982473961713,0.9786955714225769,0.1535106599330902,0.14352953433990479
uvg,Beauty,0,1,uvg_00_qp1_BASELINE,True,41,3,822,0.0017206253251060843,27.643136892041767,0.9779660701751709,0.15327173471450806,0.14364218711853027
uvg,Beauty,0,1,uvg_00_qp1_BASELINE,True,42,1,61,0.0015447094338014722,28.111532011352338,0.9767604470252991,0.15281738340854645,0.14235538244247437
uvg,Beauty,0,1,uvg_00_qp1_BASELINE,True,43,2,81,0.0016816770657896996,27.74257398556375,0.977566123008728,0.15971699357032776,0.14595985412597656
uvg,Beauty,0,1,uvg_00_qp1_BASELINE,True,44,1,416,0.0015173631254583597,28.189104742488492,0.9786456823348999,0.15491075813770294,0.14121288061141968
uvg,Beauty,0,1,uvg_00_qp1_BASELINE,True,45,2,387,0.00170928705483675,27.671849964583796,0.9784494042396545,0.15510541200637817,0.14717936515808105
uvg,Beauty,0,1,uvg_00_qp1_BASELINE,True,46,1,72,0.0015652423026040196,28.054184232686524,0.9771245718002319,0.15258213877677917,0.13838958740234375
uvg,Beauty,0,1,uvg_00_qp1_BASELINE,True,47,2,110,0.0016872308915480971,27.728254816884032,0.9776066541671753,0.15905830264091492,0.1451767086982727
uvg,Beauty,0,1,uvg_00_qp1_BASELINE,True,48,1,395,0.0015325437998399138,28.145871045700975,0.9784809350967407,0.1529184728860855,0.139989972114563
uvg,Beauty,0,1,uvg_00_qp1_BASELINE,True,49,3,887,0.0017748712562024593,27.50833143875745,0.9771106839179993,0.14799244701862335,0.14090973138809204
uvg,Beauty,0,1,uvg_00_qp1_BASELINE,True,50,1,79,0.0016158692305907607,27.915937888156574,0.9755220413208008,0.14776700735092163,0.13908696174621582
uvg,Beauty,0,1,uvg_00_qp1_BASELINE,True,51,2,86,0.001762686064466834,27.53825028942975,0.976264476776123,0.15244431793689728,0.14335274696350098
uvg,Beauty,0,1,uvg_00_qp1_BASELINE,True,52,1,436,0.0015645564999431372,28.056087488038408,0.9776310920715332,0.14608322083950043,0.13666701316833496
uvg,Beauty,0,1,uvg_00_qp1_BASELINE,True,53,2,377,0.001725857611745596,27.629950376961453,0.9777442216873169,0.14401619136333466,0.1422777771949768
uvg,Beauty,0,1,uvg_00_qp1_BASELINE,True,54,1,86,0.0015964008634909987,27.96858045978672,0.976041853427887,0.14654870331287384,0.13976198434829712
uvg,Beauty,0,1,uvg_00_qp1_BASELINE,True,55,2,123,0.0017188662895932794,27.647579057157227,0.9771255254745483,0.15067531168460846,0.1413918137550354
uvg,Beauty,0,1,uvg_00_qp1_BASELINE,True,56,1,428,0.0015108990482985973,28.207645523595296,0.9782429337501526,0.141277477145195,0.14093565940856934
uvg,Beauty,0,1,uvg_00_qp1_BASELINE,True,57,3,754,0.0017755660228431225,27.506631742081304,0.9767027497291565,0.14130055904388428,0.14118552207946777
uvg,Beauty,0,1,uvg_00_qp1_BASELINE,True,58,1,59,0.0016120623331516981,27.926181694661373,0.9754085540771484,0.1406775712966919,0.14020627737045288
uvg,Beauty,0,1,uvg_00_qp1_BASELINE,True,59,2,80,0.0017375072930008173,27.600733638294376,0.9765897989273071,0.14450675249099731,0.141562819480896
uvg,Beauty,0,1,uvg_00_qp1_BASELINE,True,60,1,422,0.001520954305306077,28.178838334496483,0.9784306883811951,0.13706830143928528,0.13582313060760498
uvg,Beauty,0,1,uvg_00_qp1_BASELINE,True,61,2,275,0.0016999889630824327,27.695538982028772,0.9783928394317627,0.13845226168632507,0.14144158363342285
uvg,Beauty,0,1,uvg_00_qp1_BASELINE,True,62,1,59,0.0015495067927986383,28.09806515540543,0.9769680500030518,0.13815198838710785,0.13981282711029053
uvg,Beauty,0,1,uvg_00_qp1_BASELINE,True,63,2,86,0.0016472293063998222,27.832459396449387,0.977967381477356,0.142857164144516,0.14629489183425903
uvg,Beauty,0,1,uvg_00_qp1_T11309,False,0,1,3023,0.001436280319467187,28.4276079037446,0.9736337065696716,0.16387248039245605,0.1347396969795227
uvg,Beauty,0,1,uvg_00_qp1_T11309,False,1,3,1374,0.0026458126958459616,25.774409039277273,0.9591249823570251,0.16355636715888977,0.13323718309402466
uvg,Beauty,0,1,uvg_00_qp1_T11309,False,2,1,458,0.002477418165653944,26.060006822682773,0.9647632241249084,0.15823160111904144,0.1410425901412964
uvg,Beauty,0,1,uvg_00_qp1_T11309,False,3,2,433,0.0019406016217544675,27.120636100166593,0.9719353318214417,0.14600396156311035,0.1356077790260315
uvg,Beauty,0,1,uvg_00_qp1_T11309,False,4,1,370,0.0018832708010450006,27.250872270127694,0.9749014377593994,0.1493024230003357,0.13492268323898315
uvg,Beauty,0,1,uvg_00_qp1_T11309,False,5,2,402,0.0017434899928048253,27.585805410222267,0.9765151739120483,0.14490793645381927,0.1397295594215393
uvg,Beauty,0,1,uvg_00_qp1_T11309,False,6,1,351,0.0017634506803005934,27.536366820542305,0.9770841002464294,0.14808620512485504,0.13873714208602905
uvg,Beauty,0,1,uvg_00_qp1_T11309,False,7,2,410,0.0017613196978345513,27.541618079146453,0.9773907661437988,0.14823774993419647,0.1376279592514038
uvg,Beauty,0,1,uvg_00_qp1_T11309,False,8,1,251,0.0017475868808105588,27.575612242125075,0.9770556092262268,0.14695769548416138,0.137517511844635
uvg,Beauty,0,1,uvg_00_qp1_T11309,False,9,3,549,0.0017771066632121801,27.50286504747165,0.9776639342308044,0.14446821808815002,0.14099884033203125
uvg,Beauty,0,1,uvg_00_qp1_T11309,False,10,1,117,0.0017195738619193435,27.645791649219014,0.9756439328193665,0.14791986346244812,0.139146625995636
uvg,Beauty,0,1,uvg_00_qp1_T11309,False,11,2,193,0.0017853538738563657,27.482756897864355,0.9770002365112305,0.1515023559331894,0.1418406367301941
uvg,Beauty,0,1,uvg_00_qp1_T11309,False,12,1,197,0.0016209459863603115,27.902314565990448,0.9766637682914734,0.15162301063537598,0.1371610164642334
uvg,Beauty,0,1,uvg_00_qp1_T11309,False,13,2,290,0.0017310540424659848,27.6168937350046,0.977739155292511,0.1548376977443695,0.14312779903411865
uvg,Beauty,0,1,uvg_00_qp1_T11309,False,14,1,103,0.0016372122336179018,27.858950188686332,0.9766025543212891,0.1532680094242096,0.13991260528564453
uvg,Beauty,0,1,uvg_00_qp1_T11309,False,15,2,153,0.0017389890272170305,27.597031583274365,0.9779327511787415,0.1589566171169281,0.14310145378112793
uvg,Beauty,0,1,uvg_00_qp1_T11309,False,16,1,215,0.0016042139614000916,27.947377083346545,0.9775023460388184,0.15678448975086212,0.14390790462493896
uvg,Beauty,0,1,uvg_00_qp1_T11309,False,17,3,671,0.001709625357761979,27.670990491883785,0.9788728356361389,0.15184107422828674,0.14109289646148682
uvg,Beauty,0,1,uvg_00_qp1_T11309,False,18,1,76,0.00150420016143471,28.226943690485133,0.9780148267745972,0.1510889232158661,0.13511019945144653
uvg,Beauty,0,1,uvg_00_qp1_T11309,False,19,2,96,0.001686879200860858,27.729160165679264,0.9787379503250122,0.16123631596565247,0.14582616090774536
uvg,Beauty,0,1,uvg_00_qp1_T11309,False,20,1,336,0.0015011562500149012,28.2357410123603,0.9790584444999695,0.15674534440040588,0.14206135272979736
uvg,Beauty,0,1,uvg_00_qp1_T11309,False,21,2,395,0.0017341390484943986,27.60916082423405,0.9782814383506775,0.16465166211128235,0.14557158946990967
uvg,Beauty,0,1,uvg_00_qp1_T11309,False,22,1,81,0.001577074988745153,28.021476557998607,0.9773489832878113,0.16155701875686646,0.14101099967956543
uvg,Beauty,0,1,uvg_00_qp1_T11309,False,23,2,135,0.0016931688878685236,27.712997203251003,0.9785099625587463,0.1677815318107605,0.15219533443450928
uvg,Beauty,0,1,uvg_00_qp1_T11309,False,24,1,348,0.0015134915011003613,28.200200134491187,0.9791061878204346,0.1632820963859558,0.14260703325271606
uvg,Beauty,0,1,uvg_00_qp1_T11309,False,25,3,820,0.0017302347114309669,27.61894979550291,0.9784451723098755,0.15828780829906464,0.14234507083892822
uvg,Beauty,0,1,uvg_00_qp1_T11309,False,26,1,81,0.001537754200398922,28.1311307802063,0.9772247076034546,0.15847650170326233,0.14101505279541016
uvg,Beauty,0,1,uvg_00_qp1_T11309,False,27,2,102,0.0016869278624653816,27.729034886041575,0.9780359268188477,0.16855913400650024,0.15548115968704224
uvg,Beauty,0,1,uvg_00_qp1_T11309,False,28,1,406,0.001500201178714633,28.23850497646241,0.9789680242538452,0.15734130144119263,0.14257323741912842
uvg,Beauty,0,1,uvg_00_qp1_T11309,False,29,2,394,0.0017360781785100698,27.604307217107674,0.9781257510185242,0.16320863366127014,0.14866244792938232
uvg,Beauty,0,1,uvg_00_qp1_T11309,False,30,1,97,0.0015363061102107167,28.1352224216252,0.9770028591156006,0.16169509291648865,0.14508432149887085
uvg,Beauty,0,1,uvg_00_qp1_T11309,False,31,2,124,0.0016641782131046057,27.78800167934927,0.9779199361801147,0.16566672921180725,0.14665347337722778
uvg,Beauty,0,1,uvg_00_qp1_T11309,False,32,1,378,0.001492491690441966,28.260880781585577,0.9785625338554382,0.15844754874706268,0.14562690258026123
uvg,Beauty,0,1,uvg_00_qp1_T11309,False,33,3,704,0.0017451756866648793,27.58160846121175,0.9776251912117004,0.15795370936393738,0.14210659265518188
uvg,Beauty,0,1,uvg_00_qp1_T11309,False,34,1,81,0.0015518568689003587,28.09148337145677,0.9765308499336243,0.1530890017747879,0.14292901754379272
uvg,Beauty,0,1,uvg_00_qp1_T11309,False,35,2,77,0.001655002124607563,27.812014443627344,0.9778668284416199,0.1560089886188507,0.14762425422668457
uvg,Beauty,0,1,uvg_00_qp1_T11309,False,36,1,379,0.0014864224940538406,28.278577311158127,0.9787642955780029,0.1491222232580185,0.1363663673400879
uvg,Beauty,0,1,uvg_00_qp1_T11309,False,37,2,306,0.0017184121534228325,27.648726644338627,0.9781983494758606,0.1566859632730484,0.14562952518463135
uvg,Beauty,0,1,uvg_00_qp1_T11309,False,38,1,67,0.0015668525593355298,28.049718686747582,0.9768511652946472,0.15554553270339966,0.14141643047332764
uvg,Beauty,0,1,uvg_00_qp1_T11309,False,39,2,89,0.0016822073375806212,27.74120477017464,0.9777363538742065,0.16077777743339539,0.14883452653884888
uvg,Beauty,0,1,uvg_00_qp1_T11309,False,40,1,355,0.0014984061708673835,28.243704470796057,0.9786403775215149,0.15177786350250244,0.1401718258857727
uvg,Beauty,0,1,uvg_00_qp1_T11309,False,41,3,775,0.0017345083178952336,27.608236131425677,0.9774294495582581,0.1530814915895462,0.14490878582000732
uvg,Beauty,0,1,uvg_00_qp1_T11309,False,42,1,60,0.0015498383436352015,28.0971359868682,0.9766122102737427,0.15179359912872314,0.14012253284454346
uvg,Beauty,0,1,uvg_00_qp1_T11309,False,43,2,84,0.0016839902382344007,27.736604303501586,0.9774814248085022,0.15913905203342438,0.1448824405670166
uvg,Beauty,0,1,uvg_00_qp1_T11309,False,44,1,386,0.0015115976566448808,28.205637900197665,0.9785867929458618,0.1548289656639099,0.14003193378448486
uvg,Beauty,0,1,uvg_00_qp1_T11309,False,45,2,373,0.0017015724442899227,27.691495561270315,0.9784049391746521,0.1546652764081955,0.1485762596130371
uvg,Beauty,0,1,uvg_00_qp1_T11309,False,46,1,66,0.001566869206726551,28.049672544360998,0.9768911600112915,0.15234175324440002,0.14039897918701172
uvg,Beauty,0,1,uvg_00_qp1_T11309,False,47,2,115,0.0016923020593822002,27.7152211705658,0.9774912595748901,0.15981265902519226,0.15011698007583618
uvg,Beauty,0,1,uvg_00_qp1_T11309,False,48,1,363,0.0015326907159760594,28.14545473258072,0.9783188700675964,0.1546609252691269,0.14456886053085327
uvg,Beauty,0,1,uvg_00_qp1_T11309,False,49,3,926,0.0017389522399753332,27.597123456568635,0.9773178100585938,0.14682024717330933,0.14528769254684448
uvg,Beauty,0,1,uvg_00_qp1_T11309,False,50,1,71,0.001611104584299028,27.928762665890346,0.9755566716194153,0.14756619930267334,0.1402367353439331
uvg,Beauty,0,1,uvg_00_qp1_T11309,False,51,2,97,0.001728364615701139,27.623646334525944,0.9766360521316528,0.15190143883228302,0.1473361849784851
uvg,Beauty,0,1,uvg_00_qp1_T11309,False,52,1,454,0.001482925727032125,28.28880600251372,0.9785813093185425,0.14368639886379242,0.13871139287948608
uvg,Beauty,0,1,uvg_00_qp1_T11309,False,53,2,368,0.0016834312118589878,27.73804624996364,0.9783233404159546,0.1411917805671692,0.14482957124710083
uvg,Beauty,0,1,uvg_00_qp1_T11309,False,54,1,74,0.0015617270255461335,28.063948742098127,0.9767454862594604,0.14379161596298218,0.1400342583656311
uvg,Beauty,0,1,uvg_00_qp1_T11309,False,55,2,114,0.0016713946824893355,27.769209838663514,0.9777302145957947,0.14808610081672668,0.1427292823791504
uvg,Beauty,0,1,uvg_00_qp1_T11309,False,56,1,403,0.0014623724855482578,28.349419927583405,0.9788878560066223,0.1404714733362198,0.1399499773979187
uvg,Beauty,0,1,uvg_00_qp1_T11309,False,57,3,782,0.0017433712491765618,27.58610120462851,0.9771138429641724,0.1404741257429123,0.14187145233154297
uvg,Beauty,0,1,uvg_00_qp1_T11309,False,58,1,60,0.0015688163693994284,28.044278877857373,0.9759238958358765,0.14117392897605896,0.14023053646087646
uvg,Beauty,0,1,uvg_00_qp1_T11309,False,59,2,80,0.0016846545040607452,27.734891525760347,0.9770720601081848,0.1448744833469391,0.14327722787857056
uvg,Beauty,0,1,uvg_00_qp1_T11309,False,60,1,424,0.0015071536181494594,28.21842479527112,0.9784960150718689,0.1379234492778778,0.13679569959640503
uvg,Beauty,0,1,uvg_00_qp1_T11309,False,61,2,274,0.0016628775047138333,27.791397417523612,0.9787828922271729,0.1377682387828827,0.14234036207199097
uvg,Beauty,0,1,uvg_00_qp1_T11309,False,62,1,59,0.0015392268542200327,28.12697368293633,0.9771780371665955,0.13840487599372864,0.14023053646087646
uvg,Beauty,0,1,uvg_00_qp1_T11309,False,63,2,82,0.0016407524235546589,27.84956945574384,0.9782215356826782,0.14305967092514038,0.14646601676940918
uvg,Beauty,0,1,uvg_00_qp1_T11347,False,0,1,3023,0.001436280319467187,28.4276079037446,0.9736337065696716,0.16387248039245605,0.1347396969795227
uvg,Beauty,0,1,uvg_00_qp1_T11347,False,1,3,1374,0.0026458126958459616,25.774409039277273,0.9591249823570251,0.16355636715888977,0.13323718309402466
uvg,Beauty,0,1,uvg_00_qp1_T11347,False,2,1,458,0.002477418165653944,26.060006822682773,0.9647632241249084,0.15823160111904144,0.1410425901412964
uvg,Beauty,0,1,uvg_00_qp1_T11347,False,3,2,433,0.0019406016217544675,27.120636100166593,0.9719353318214417,0.14600396156311035,0.1356077790260315
uvg,Beauty,0,1,uvg_00_qp1_T11347,False,4,1,370,0.0018832708010450006,27.250872270127694,0.9749014377593994,0.1493024230003357,0.13492268323898315
uvg,Beauty,0,1,uvg_00_qp1_T11347,False,5,2,402,0.0017434899928048253,27.585805410222267,0.9765151739120483,0.14490793645381927,0.1397295594215393
uvg,Beauty,0,1,uvg_00_qp1_T11347,False,6,1,351,0.0017634506803005934,27.536366820542305,0.9770841002464294,0.14808620512485504,0.13873714208602905
uvg,Beauty,0,1,uvg_00_qp1_T11347,False,7,2,410,0.0017613196978345513,27.541618079146453,0.9773907661437988,0.14823774993419647,0.1376279592514038
uvg,Beauty,0,1,uvg_00_qp1_T11347,False,8,1,251,0.0017475868808105588,27.575612242125075,0.9770556092262268,0.14695769548416138,0.137517511844635
uvg,Beauty,0,1,uvg_00_qp1_T11347,False,9,3,549,0.0017771066632121801,27.50286504747165,0.9776639342308044,0.14446821808815002,0.14099884033203125
uvg,Beauty,0,1,uvg_00_qp1_T11347,False,10,1,117,0.0017195738619193435,27.645791649219014,0.9756439328193665,0.14791986346244812,0.139146625995636
uvg,Beauty,0,1,uvg_00_qp1_T11347,False,11,2,193,0.0017853538738563657,27.482756897864355,0.9770002365112305,0.1515023559331894,0.1418406367301941
uvg,Beauty,0,1,uvg_00_qp1_T11347,False,12,1,197,0.0016209459863603115,27.902314565990448,0.9766637682914734,0.15162301063537598,0.1371610164642334
uvg,Beauty,0,1,uvg_00_qp1_T11347,False,13,2,290,0.0017310540424659848,27.6168937350046,0.977739155292511,0.1548376977443695,0.14312779903411865
uvg,Beauty,0,1,uvg_00_qp1_T11347,False,14,1,103,0.0016372122336179018,27.858950188686332,0.9766025543212891,0.1532680094242096,0.13991260528564453
uvg,Beauty,0,1,uvg_00_qp1_T11347,False,15,2,153,0.0017389890272170305,27.597031583274365,0.9779327511787415,0.1589566171169281,0.14310145378112793
uvg,Beauty,0,1,uvg_00_qp1_T11347,False,16,1,215,0.0016042139614000916,27.947377083346545,0.9775023460388184,0.15678448975086212,0.14390790462493896
uvg,Beauty,0,1,uvg_00_qp1_T11347,False,17,3,671,0.001709625357761979,27.670990491883785,0.9788728356361389,0.15184107422828674,0.14109289646148682
uvg,Beauty,0,1,uvg_00_qp1_T11347,False,18,1,76,0.00150420016143471,28.226943690485133,0.9780148267745972,0.1510889232158661,0.13511019945144653
uvg,Beauty,0,1,uvg_00_qp1_T11347,False,19,2,96,0.001686879200860858,27.729160165679264,0.9787379503250122,0.16123631596565247,0.14582616090774536
uvg,Beauty,0,1,uvg_00_qp1_T11347,False,20,1,336,0.0015011562500149012,28.2357410123603,0.9790584444999695,0.15674534440040588,0.14206135272979736
uvg,Beauty,0,1,uvg_00_qp1_T11347,False,21,2,395,0.0017341390484943986,27.60916082423405,0.9782814383506775,0.16465166211128235,0.14557158946990967
uvg,Beauty,0,1,uvg_00_qp1_T11347,False,22,1,81,0.001577074988745153,28.021476557998607,0.9773489832878113,0.16155701875686646,0.14101099967956543
uvg,Beauty,0,1,uvg_00_qp1_T11347,False,23,2,135,0.0016931688878685236,27.712997203251003,0.9785099625587463,0.1677815318107605,0.15219533443450928
uvg,Beauty,0,1,uvg_00_qp1_T11347,False,24,1,348,0.0015134915011003613,28.200200134491187,0.9791061878204346,0.1632820963859558,0.14260703325271606
uvg,Beauty,0,1,uvg_00_qp1_T11347,False,25,3,820,0.0017302347114309669,27.61894979550291,0.9784451723098755,0.15828780829906464,0.14234507083892822
uvg,Beauty,0,1,uvg_00_qp1_T11347,False,26,1,81,0.001537754200398922,28.1311307802063,0.9772247076034546,0.15847650170326233,0.14101505279541016
uvg,Beauty,0,1,uvg_00_qp1_T11347,False,27,2,102,0.0016869278624653816,27.729034886041575,0.9780359268188477,0.16855913400650024,0.15548115968704224
uvg,Beauty,0,1,uvg_00_qp1_T11347,False,28,1,406,0.001500201178714633,28.23850497646241,0.9789680242538452,0.15734130144119263,0.14257323741912842
uvg,Beauty,0,1,uvg_00_qp1_T11347,False,29,2,394,0.0017360781785100698,27.604307217107674,0.9781257510185242,0.16320863366127014,0.14866244792938232
uvg,Beauty,0,1,uvg_00_qp1_T11347,False,30,1,97,0.0015363061102107167,28.1352224216252,0.9770028591156006,0.16169509291648865,0.14508432149887085
uvg,Beauty,0,1,uvg_00_qp1_T11347,False,31,2,124,0.0016641782131046057,27.78800167934927,0.9779199361801147,0.16566672921180725,0.14665347337722778
uvg,Beauty,0,1,uvg_00_qp1_T11347,False,32,1,378,0.001492491690441966,28.260880781585577,0.9785625338554382,0.15844754874706268,0.14562690258026123
uvg,Beauty,0,1,uvg_00_qp1_T11347,False,33,3,704,0.0017451756866648793,27.58160846121175,0.9776251912117004,0.15795370936393738,0.14210659265518188
uvg,Beauty,0,1,uvg_00_qp1_T11347,False,34,1,81,0.0015518568689003587,28.09148337145677,0.9765308499336243,0.1530890017747879,0.14292901754379272
uvg,Beauty,0,1,uvg_00_qp1_T11347,False,35,2,77,0.001655002124607563,27.812014443627344,0.9778668284416199,0.1560089886188507,0.14762425422668457
uvg,Beauty,0,1,uvg_00_qp1_T11347,False,36,1,379,0.0014864224940538406,28.278577311158127,0.9787642955780029,0.1491222232580185,0.1363663673400879
uvg,Beauty,0,1,uvg_00_qp1_T11347,False,37,2,306,0.0017184121534228325,27.648726644338627,0.9781983494758606,0.1566859632730484,0.14562952518463135
uvg,Beauty,0,1,uvg_00_qp1_T11347,False,38,1,67,0.0015668525593355298,28.049718686747582,0.9768511652946472,0.15554553270339966,0.14141643047332764
uvg,Beauty,0,1,uvg_00_qp1_T11347,False,39,2,89,0.0016822073375806212,27.74120477017464,0.9777363538742065,0.16077777743339539,0.14883452653884888
uvg,Beauty,0,1,uvg_00_qp1_T11347,False,40,1,355,0.0014984061708673835,28.243704470796057,0.9786403775215149,0.15177786350250244,0.1401718258857727
uvg,Beauty,0,1,uvg_00_qp1_T11347,False,41,3,775,0.0017345083178952336,27.608236131425677,0.9774294495582581,0.1530814915895462,0.14490878582000732
uvg,Beauty,0,1,uvg_00_qp1_T11347,False,42,1,60,0.0015498383436352015,28.0971359868682,0.9766122102737427,0.15179359912872314,0.14012253284454346
uvg,Beauty,0,1,uvg_00_qp1_T11347,False,43,2,84,0.0016839902382344007,27.736604303501586,0.9774814248085022,0.15913905203342438,0.1448824405670166
uvg,Beauty,0,1,uvg_00_qp1_T11347,False,44,1,386,0.0015115976566448808,28.205637900197665,0.9785867929458618,0.1548289656639099,0.14003193378448486
uvg,Beauty,0,1,uvg_00_qp1_T11347,False,45,2,373,0.0017015724442899227,27.691495561270315,0.9784049391746521,0.1546652764081955,0.1485762596130371
uvg,Beauty,0,1,uvg_00_qp1_T11347,False,46,1,66,0.001566869206726551,28.049672544360998,0.9768911600112915,0.15234175324440002,0.14039897918701172
uvg,Beauty,0,1,uvg_00_qp1_T11347,False,47,2,115,0.0016923020593822002,27.7152211705658,0.9774912595748901,0.15981265902519226,0.15011698007583618
uvg,Beauty,0,1,uvg_00_qp1_T11347,False,48,1,363,0.0015326907159760594,28.14545473258072,0.9783188700675964,0.1546609252691269,0.14456886053085327
uvg,Beauty,0,1,uvg_00_qp1_T11347,False,49,3,926,0.0017389522399753332,27.597123456568635,0.9773178100585938,0.14682024717330933,0.14528769254684448
uvg,Beauty,0,1,uvg_00_qp1_T11347,False,50,1,71,0.001611104584299028,27.928762665890346,0.9755566716194153,0.14756619930267334,0.1402367353439331
uvg,Beauty,0,1,uvg_00_qp1_T11347,False,51,2,97,0.001728364615701139,27.623646334525944,0.9766360521316528,0.15190143883228302,0.1473361849784851
uvg,Beauty,0,1,uvg_00_qp1_T11347,False,52,1,454,0.001482925727032125,28.28880600251372,0.9785813093185425,0.14368639886379242,0.13871139287948608
uvg,Beauty,0,1,uvg_00_qp1_T11347,False,53,2,368,0.0016834312118589878,27.73804624996364,0.9783233404159546,0.1411917805671692,0.14482957124710083
uvg,Beauty,0,1,uvg_00_qp1_T11347,False,54,1,74,0.0015617270255461335,28.063948742098127,0.9767454862594604,0.14379161596298218,0.1400342583656311
uvg,Beauty,0,1,uvg_00_qp1_T11347,False,55,2,114,0.0016713946824893355,27.769209838663514,0.9777302145957947,0.14808610081672668,0.1427292823791504
uvg,Beauty,0,1,uvg_00_qp1_T11347,False,56,1,403,0.0014623724855482578,28.349419927583405,0.9788878560066223,0.1404714733362198,0.1399499773979187
uvg,Beauty,0,1,uvg_00_qp1_T11347,False,57,3,782,0.0017433712491765618,27.58610120462851,0.9771138429641724,0.1404741257429123,0.14187145233154297
uvg,Beauty,0,1,uvg_00_qp1_T11347,False,58,1,60,0.0015688163693994284,28.044278877857373,0.9759238958358765,0.14117392897605896,0.14023053646087646
uvg,Beauty,0,1,uvg_00_qp1_T11347,False,59,2,80,0.0016846545040607452,27.734891525760347,0.9770720601081848,0.1448744833469391,0.14327722787857056
uvg,Beauty,0,1,uvg_00_qp1_T11347,False,60,1,424,0.0015071536181494594,28.21842479527112,0.9784960150718689,0.1379234492778778,0.13679569959640503
uvg,Beauty,0,1,uvg_00_qp1_T11347,False,61,2,274,0.0016628775047138333,27.791397417523612,0.9787828922271729,0.1377682387828827,0.14234036207199097
uvg,Beauty,0,1,uvg_00_qp1_T11347,False,62,1,59,0.0015392268542200327,28.12697368293633,0.9771780371665955,0.13840487599372864,0.14023053646087646
uvg,Beauty,0,1,uvg_00_qp1_T11347,False,63,2,82,0.0016407524235546589,27.84956945574384,0.9782215356826782,0.14305967092514038,0.14646601676940918
uvg,Beauty,0,3,uvg_00_qp3_BASELINE,True,0,3,4626,0.0011271408293396235,29.480218181295296,0.97940993309021,0.11917467415332794,0.12276226282119751
uvg,Beauty,0,3,uvg_00_qp3_BASELINE,True,1,5,1477,0.0017535182414576411,27.560897118907256,0.9738777279853821,0.138290137052536,0.1261807680130005
uvg,Beauty,0,3,uvg_00_qp3_BASELINE,True,2,3,689,0.0018130996031686664,27.415783371519602,0.9747920632362366,0.13596267998218536,0.13194358348846436
uvg,Beauty,0,3,uvg_00_qp3_BASELINE,True,3,4,706,0.0015399340773001313,28.124978703827455,0.9790520071983337,0.1266685575246811,0.1256316900253296
uvg,Beauty,0,3,uvg_00_qp3_BASELINE,True,4,3,538,0.0016833877889439464,27.738158274592152,0.9778264760971069,0.13309302926063538,0.13225585222244263
uvg,Beauty,0,3,uvg_00_qp3_BASELINE,True,5,4,749,0.0015499235596507788,28.096897201784063,0.9793159365653992,0.12709996104240417,0.13013112545013428
uvg,Beauty,0,3,uvg_00_qp3_BASELINE,True,6,3,600,0.0016770123038440943,27.75463751065951,0.9784494042396545,0.13079921901226044,0.13232028484344482
uvg,Beauty,0,3,uvg_00_qp3_BASELINE,True,7,4,773,0.001570913940668106,28.038476062500955,0.9796942472457886,0.12459190934896469,0.12865519523620605
uvg,Beauty,0,3,uvg_00_qp3_BASELINE,True,8,3,490,0.0016341552836820483,27.867066775208656,0.9787108898162842,0.13022682070732117,0.1268664002418518
uvg,Beauty,0,3,uvg_00_qp3_BASELINE,True,9,5,1228,0.0015537365106865764,28.086226288151835,0.9801168441772461,0.1251739114522934,0.13087332248687744
uvg,Beauty,0,3,uvg_00_qp3_BASELINE,True,10,3,234,0.0016007566591724753,27.95674682828271,0.9775423407554626,0.12988923490047455,0.12930667400360107
uvg,Beauty,0,3,uvg_00_qp3_BASELINE,True,11,4,444,0.0016432178672403097,27.84304851496501,0.9788834452629089,0.13256117701530457,0.13270604610443115
uvg,Beauty,0,3,uvg_00_qp3_BASELINE,True,12,3,395,0.0015474120154976845,28.103940352126298,0.9779695272445679,0.13251906633377075,0.13061678409576416
uvg,Beauty,0,3,uvg_00_qp3_BASELINE,True,13,4,624,0.0016199317760765553,27.905032755174926,0.9792929291725159,0.1326875239610672,0.1314913034439087
uvg,Beauty,0,3,uvg_00_qp3_BASELINE,True,14,3,241,0.0015521293971687555,28.0907207551738,0.9782687425613403,0.1338261365890503,0.13120955228805542
uvg,Beauty,0,3,uvg_00_qp3_BASELINE,True,15,4,509,0.001689560478553176,27.722262578507188,0.9783216714859009,0.13868699967861176,0.1333625316619873
uvg,Beauty,0,3,uvg_00_qp3_BASELINE,True,16,3,374,0.00160762551240623,27.938151103368526,0.9775955677032471,0.1379612684249878,0.13606011867523193
uvg,Beauty,0,3,uvg_00_qp3_BASELINE,True,17,5,1338,0.0015698550269007683,28.041404520010182,0.9801080226898193,0.1302739381790161,0.133320152759552
uvg,Beauty,0,3,uvg_00_qp3_BASELINE,True,18,3,138,0.0015163517091423273,28.19200054888548,0.9782364368438721,0.13214386999607086,0.12854331731796265
uvg,Beauty,0,3,uvg_00_qp3_BASELINE,True,19,4,280,0.001582023105584085,28.007871778836076,0.9797917008399963,0.14052435755729675,0.13797599077224731
uvg,Beauty,0,3,uvg_00_qp3_BASELINE,True,20,3,612,0.00148618349339813,28.279275665844942,0.9793700575828552,0.13708974421024323,0.1347827911376953
uvg,Beauty,0,3,uvg_00_qp3_BASELINE,True,21,4,880,0.0017099790275096893,27.670092160947867,0.9780769944190979,0.14213211834430695,0.13461506366729736
uvg,Beauty,0,3,uvg_00_qp3_BASELINE,True,22,3,249,0.0015791895566508174,28.0156573670073,0.9771460294723511,0.14034521579742432,0.13503533601760864
uvg,Beauty,0,3,uvg_00_qp3_BASELINE,True,23,4,375,0.0016380068846046925,27.85684277215683,0.9788603782653809,0.14091145992279053,0.14120358228683472
uvg,Beauty,0,3,uvg_00_qp3_BASELINE,True,24,3,546,0.0015460142167285085,28.107865167447613,0.9783508777618408,0.1398424655199051,0.13834255933761597
uvg,Beauty,0,3,uvg_00_qp3_BASELINE,True,25,5,1743,0.0016077448381111026,27.93782876105924,0.9791117906570435,0.13052868843078613,0.13334208726882935
uvg,Beauty,0,3,uvg_00_qp3_BASELINE,True,26,3,175,0.001563374069519341,28.059370956269856,0.9771178364753723,0.13221213221549988,0.13198471069335938
uvg,Beauty,0,3,uvg_00_qp3_BASELINE,True,27,4,272,0.0015895799733698368,27.98717617406645,0.9790421724319458,0.13799235224723816,0.14037984609603882
uvg,Beauty,0,3,uvg_00_qp3_BASELINE,True,28,3,709,0.0014488791348412633,28.38967841761972,0.9795876741409302,0.1305718719959259,0.13000094890594482
uvg,Beauty,0,3,uvg_00_qp3_BASELINE,True,29,4,872,0.0016622813418507576,27.7929546979813,0.9785317778587341,0.1351986974477768,0.1327480673789978
uvg,Beauty,0,3,uvg_00_qp3_BASELINE,True,30,3,194,0.0015407411847263575,28.122703083843398,0.9776736497879028,0.1334768384695053,0.1336936354637146
uvg,Beauty,0,3,uvg_00_qp3_BASELINE,True,31,4,288,0.0015937770949676633,27.975724189467265,0.9792836308479309,0.1366545557975769,0.1312587857246399
uvg,Beauty,0,3,uvg_00_qp3_BASELINE,True,32,3,664,0.0014459961093962193,28.39832875554646,0.9794095754623413,0.12877461314201355,0.13161230087280273
uvg,Beauty,0,3,uvg_00_qp3_BASELINE,True,33,5,1566,0.0015535642160102725,28.0867079063397,0.9797312021255493,0.1262463480234146,0.12945306301116943
uvg,Beauty,0,3,uvg_00_qp3_BASELINE,True,34,3,133,0.0014936360530555248,28.257552120286498,0.9779558777809143,0.12683618068695068,0.13454145193099976
uvg,Beauty,0,3,uvg_00_qp3_BASELINE,True,35,4,194,0.001553635811433196,28.086507767971803,0.9796645641326904,0.13177724182605743,0.1387556791305542
uvg,Beauty,0,3,uvg_00_qp3_BASELINE,True,36,3,643,0.0013976555783301592,28.545998377888782,0.9803167581558228,0.12447508424520493,0.1287718415260315
uvg,Beauty,0,3,uvg_00_qp3_BASELINE,True,37,4,748,0.0016065003583207726,27.94119173245537,0.9793655872344971,0.1281302273273468,0.13196349143981934
uvg,Beauty,0,3,uvg_00_qp3_BASELINE,True,38,3,149,0.001500483020208776,28.237689147818518,0.978338897228241,0.12854574620723724,0.1330459713935852
uvg,Beauty,0,3,uvg_00_qp3_BASELINE,True,39,4,264,0.0015394249930977821,28.12641466798015,0.980064868927002,0.13475561141967773,0.13586902618408203
uvg,Beauty,0,3,uvg_00_qp3_BASELINE,True,40,3,608,0.0014446445275098085,28.4023900324163,0.9797372221946716,0.1282404512166977,0.13193660974502563
uvg,Beauty,0,3,uvg_00_qp3_BASELINE,True,41,5,1598,0.001563639030791819,28.05863497458293,0.9800748229026794,0.1266578882932663,0.1292552351951599
uvg,Beauty,0,3,uvg_00_qp3_BASELINE,True,42,3,137,0.0014733460266143084,28.316952437881238,0.9783349633216858,0.1265370398759842,0.13018816709518433
uvg,Beauty,0,3,uvg_00_qp3_BASELINE,True,43,4,209,0.0015518212458118796,28.09158306549838,0.9797195196151733,0.13503395020961761,0.13625550270080566
uvg,Beauty,0,3,uvg_00_qp3_BASELINE,True,44,3,707,0.001426384667865932,28.457633380162463,0.979910135269165,0.13000011444091797,0.12847959995269775
uvg,Beauty,0,3,uvg_00_qp3_BASELINE,True,45,4,878,0.0016968167619779706,27.703650542990246,0.9782914519309998,0.12979114055633545,0.13221466541290283
uvg,Beauty,0,3,uvg_00_qp3_BASELINE,True,46,3,193,0.0015751852188259363,28.02668372169869,0.9772670269012451,0.12827874720096588,0.12804019451141357
uvg,Beauty,0,3,uvg_00_qp3_BASELINE,True,47,4,313,0.0016742602456361055,27.76177034718431,0.9784383773803711,0.13600876927375793,0.13427042961120605
uvg,Beauty,0,3,uvg_00_qp3_BASELINE,True,48,3,658,0.0015001514693722129,28.238648882833736,0.9790095090866089,0.12773099541664124,0.13072186708450317
uvg,Beauty,0,3,uvg_00_qp3_BASELINE,True,49,5,1700,0.0015557905426248908,28.080488728382033,0.979907751083374,0.12046242505311966,0.12799179553985596
uvg,Beauty,0,3,uvg_00_qp3_BASELINE,True,50,3,159,0.0015092099783942103,28.212503320509402,0.9775896668434143,0.12314575910568237,0.12868613004684448
uvg,Beauty,0,3,uvg_00_qp3_BASELINE,True,51,4,248,0.0015603072242811322,28.06789880701065,0.9793804287910461,0.12794806063175201,0.1342172622680664
uvg,Beauty,0,3,uvg_00_qp3_BASELINE,True,52,3,759,0.0014149252092465758,28.492665156661555,0.9799225926399231,0.11971315741539001,0.1279691457748413
uvg,Beauty,0,3,uvg_00_qp3_BASELINE,True,53,4,788,0.0016490505076944828,27.827660424288077,0.9784969091415405,0.12243552505970001,0.12998443841934204
uvg,Beauty,0,3,uvg_00_qp3_BASELINE,True,54,3,185,0.0015334185445681214,28.14339288859291,0.9776480197906494,0.1233491376042366,0.12682729959487915
uvg,Beauty,0,3,uvg_00_qp3_BASELINE,True,55,4,278,0.0015891398070380092,27.98837893381541,0.9791543483734131,0.12572607398033142,0.12890666723251343
uvg,Beauty,0,3,uvg_00_qp3_BASELINE,True,56,3,605,0.0014766117092221975,28.30733692035438,0.9792219400405884,0.12170347571372986,0.13315266370773315
uvg,Beauty,0,3,uvg_00_qp3_BASELINE,True,57,5,1584,0.001499126898124814,28.241616034273846,0.9802050590515137,0.11773799359798431,0.12784349918365479
uvg,Beauty,0,3,uvg_00_qp3_BASELINE,True,58,3,121,0.0014562979340553284,28.367497665891392,0.9782087802886963,0.1186101958155632,0.12933200597763062
uvg,Beauty,0,3,uvg_00_qp3_BASELINE,True,59,4,162,0.001528024673461914,28.158696330235195,0.9798903465270996,0.12302281707525253,0.1297510266304016
uvg,Beauty,0,3,uvg_00_qp3_BASELINE,True,60,3,732,0.0013854983262717724,28.583939945236637,0.9803159236907959,0.11497198045253754,0.12374228239059448
uvg,Beauty,0,3,uvg_00_qp3_BASELINE,True,61,4,643,0.0016091922298073769,27.933920731427392,0.9794196486473083,0.11827696114778519,0.13050711154937744
uvg,Beauty,0,3,uvg_00_qp3_BASELINE,True,62,3,126,0.001504192710854113,28.226965201944427,0.9782983064651489,0.11964572966098785,0.13403934240341187
uvg,Beauty,0,3,uvg_00_qp3_BASELINE,True,63,4,223,0.0015475752297788858,28.10348230137428,0.9800331592559814,0.1232939213514328,0.13631665706634521
uvg,Beauty,0,3,uvg_00_qp3_T12551,False,0,3,4626,0.0011271408293396235,29.480218181295296,0.97940993309021,0.11917467415332794,0.12276226282119751
uvg,Beauty,0,3,uvg_00_qp3_T12551,False,1,5,1476,0.0017523253336548805,27.563852603286705,0.973905622959137,0.13824871182441711,0.1256604790687561
uvg,Beauty,0,3,uvg_00_qp3_T12551,False,2,3,683,0.001806543325074017,27.431516185880994,0.9749457836151123,0.13596667349338531,0.132063627243042
uvg,Beauty,0,3,uvg_00_qp3_T12551,False,3,4,712,0.0015212108846753836,28.17810575754838,0.9792391061782837,0.1262979507446289,0.12473440170288086
uvg,Beauty,0,3,uvg_00_qp3_T12551,False,4,3,544,0.0016620615497231483,27.793528973929593,0.9779327511787415,0.13256321847438812,0.1321251392364502
uvg,Beauty,0,3,uvg_00_qp3_T12551,False,5,4,745,0.0015172968851402402,28.189294337398913,0.9795950055122375,0.12631440162658691,0.13148033618927002
uvg,Beauty,0,3,uvg_00_qp3_T12551,False,6,3,597,0.0016386526403948665,27.855130978924603,0.9789584875106812,0.13062508404254913,0.13134634494781494
uvg,Beauty,0,3,uvg_00_qp3_T12551,False,7,4,743,0.0015065873740240932,28.22005676498975,0.980125904083252,0.12581317126750946,0.1309058666229248
uvg,Beauty,0,3,uvg_00_qp3_T12551,False,8,3,523,0.0016590987797826529,27.801277560868964,0.9782685041427612,0.1292755901813507,0.1298465132713318
uvg,Beauty,0,3,uvg_00_qp3_T12551,False,9,5,1195,0.0015767501899972558,28.02237108002469,0.9796354174613953,0.12557432055473328,0.1306740641593933
uvg,Beauty,0,3,uvg_00_qp3_T12551,False,10,3,238,0.0016516047762706876,27.820938698606653,0.9768033623695374,0.13026122748851776,0.12806034088134766
uvg,Beauty,0,3,uvg_00_qp3_T12551,False,11,4,452,0.0016361253801733255,27.861834183719253,0.9786935448646545,0.1315731406211853,0.13188815116882324
uvg,Beauty,0,3,uvg_00_qp3_T12551,False,12,3,368,0.0015736963832750916,28.030790532903943,0.9776278734207153,0.13288864493370056,0.1305457353591919
uvg,Beauty,0,3,uvg_00_qp3_T12551,False,13,4,628,0.0016556935152038932,27.81020052197547,0.9787249565124512,0.13423925638198853,0.13270878791809082
uvg,Beauty,0,3,uvg_00_qp3_T12551,False,14,3,232,0.001560070551931858,28.068557608623003,0.9779196381568909,0.13434426486492157,0.13299471139907837
uvg,Beauty,0,3,uvg_00_qp3_T12551,False,15,4,510,0.001738753286190331,27.597620361958835,0.9775384068489075,0.14010724425315857,0.13524854183197021
uvg,Beauty,0,3,uvg_00_qp3_T12551,False,16,3,423,0.001597526716068387,27.965518702311833,0.9772605895996094,0.13687452673912048,0.13437539339065552
uvg,Beauty,0,3,uvg_00_qp3_T12551,False,17,5,1394,0.0015624205116182566,28.062020682198497,0.9801508188247681,0.12899091839790344,0.13169294595718384
uvg,Beauty,0,3,uvg_00_qp3_T12551,False,18,3,155,0.0014936673687770963,28.257461066629368,0.978334903717041,0.1312381774187088,0.12733185291290283
uvg,Beauty,0,3,uvg_00_qp3_T12551,False,19,4,264,0.0016154994955286384,27.916931732632747,0.9795116186141968,0.14098858833312988,0.1356213092803955
uvg,Beauty,0,3,uvg_00_qp3_T12551,False,20,3,611,0.0015012220246717334,28.235550726074546,0.97898930311203,0.1377822756767273,0.134246826171875
uvg,Beauty,0,3,uvg_00_qp3_T12551,False,21,4,843,0.001716221566312015,27.65426644916782,0.9779443740844727,0.1418590545654297,0.13520598411560059
uvg,Beauty,0,3,uvg_00_qp3_T12551,False,22,3,241,0.0016104461392387748,27.930537954158797,0.9769419431686401,0.13984638452529907,0.13481324911117554
uvg,Beauty,0,3,uvg_00_qp3_T12551,False,23,4,398,0.0016516753239557147,27.82075319529241,0.9788057208061218,0.14162775874137878,0.1378570795059204
uvg,Beauty,0,3,uvg_00_qp3_T12551,False,24,3,557,0.0015355820069089532,28.1372698534464,0.9787024855613708,0.13713248074054718,0.1341119408607483
uvg,Beauty,0,3,uvg_00_qp3_T12551,False,25,5,1807,0.001592251006513834,27.979884679104966,0.9792883992195129,0.1295420080423355,0.13027459383010864
uvg,Beauty,0,3,uvg_00_qp3_T12551,False,26,3,179,0.0015207957476377487,28.179291104903534,0.9773616790771484,0.130743145942688,0.13187789916992188
uvg,Beauty,0,3,uvg_00_qp3_T12551,False,27,4,259,0.0015861432766541839,27.996575853350304,0.9790837168693542,0.13698239624500275,0.1415511965751648
uvg,Beauty,0,3,uvg_00_qp3_T12551,False,28,3,695,0.001454296987503767,28.373468954966285,0.9794572591781616,0.1309519112110138,0.13128012418746948
uvg,Beauty,0,3,uvg_00_qp3_T12551,False,29,4,881,0.0016673717182129622,27.779675692347002,0.9782949686050415,0.13577166199684143,0.13503408432006836
uvg,Beauty,0,3,uvg_00_qp3_T12551,False,30,3,177,0.0015401593409478664,28.124343458423663,0.9776948094367981,0.13501152396202087,0.13682454824447632
uvg,Beauty,0,3,uvg_00_qp3_T12551,False,31,4,284,0.001589123741723597,27.988422838779815,0.9792555570602417,0.13735421001911163,0.13332200050354004
uvg,Beauty,0,3,uvg_00_qp3_T12551,False,32,3,671,0.0014561229618266225,28.36801949619148,0.9792804718017578,0.13177107274532318,0.1334863305091858
uvg,Beauty,0,3,uvg_00_qp3_T12551,False,33,5,1584,0.00153272261377424,28.145364349743268,0.9800605177879333,0.12651820480823517,0.12786716222763062
uvg,Beauty,0,3,uvg_00_qp3_T12551,False,34,3,124,0.0014876401983201504,28.275020948514147,0.9781123399734497,0.12742184102535248,0.13318723440170288
uvg,Beauty,0,3,uvg_00_qp3_T12551,False,35,4,198,0.0015453164232894778,28.109825797871956,0.97967928647995,0.13185594975948334,0.13793033361434937
uvg,Beauty,0,3,uvg_00_qp3_T12551,False,36,3,653,0.0014261193573474884,28.458441252077563,0.9800898432731628,0.12433651089668274,0.12971806526184082
uvg,Beauty,0,3,uvg_00_qp3_T12551,False,37,4,771,0.0016373943071812391,27.858467238793242,0.9789746999740601,0.12937532365322113,0.13201630115509033
uvg,Beauty,0,3,uvg_00_qp3_T12551,False,38,3,144,0.0015301149105653167,28.15275952744188,0.9780641794204712,0.12940824031829834,0.13331812620162964
uvg,Beauty,0,3,uvg_00_qp3_T12551,False,39,4,270,0.0015718125505372882,28.035992478140066,0.9797170162200928,0.1361975520849228,0.13850080966949463
uvg,Beauty,0,3,uvg_00_qp3_T12551,False,40,3,638,0.0014477138174697757,28.393172805265753,0.9796974658966064,0.12719504535198212,0.13281744718551636
uvg,Beauty,0,3,uvg_00_qp3_T12551,False,41,5,1622,0.0015455496031790972,28.109170520427533,0.9799935817718506,0.1263943910598755,0.13065093755722046
uvg,Beauty,0,3,uvg_00_qp3_T12551,False,42,3,127,0.0014856330817565322,28.28088438384896,0.9781652092933655,0.12658166885375977,0.13017719984054565
uvg,Beauty,0,3,uvg_00_qp3_T12551,False,43,4,222,0.0015775600913912058,28.020140889062922,0.9793877601623535,0.13681404292583466,0.13791650533676147
uvg,Beauty,0,3,uvg_00_qp3_T12551,False,44,3,686,0.0014596349792554975,28.357557375822473,0.9795582890510559,0.13208329677581787,0.1304227113723755
uvg,Beauty,0,3,uvg_00_qp3_T12551,False,45,4,859,0.0016249731415882707,27.891538128736634,0.9793761372566223,0.12941426038742065,0.13571608066558838
uvg,Beauty,0,3,uvg_00_qp3_T12551,False,46,3,193,0.00154229870531708,28.1183150598173,0.9780071973800659,0.12790361046791077,0.12992197275161743
uvg,Beauty,0,3,uvg_00_qp3_T12551,False,47,4,317,0.001596196903847158,27.96913535930383,0.9794481992721558,0.1335754543542862,0.13607937097549438
uvg,Beauty,0,3,uvg_00_qp3_T12551,False,48,3,649,0.0014722879277542233,28.320072489612894,0.9794055819511414,0.12747804820537567,0.1294569969177246
uvg,Beauty,0,3,uvg_00_qp3_T12551,False,49,5,1714,0.0015583641361445189,28.073310551098125,0.9798492789268494,0.12056838721036911,0.12888658046722412
uvg,Beauty,0,3,uvg_00_qp3_T12551,False,50,3,148,0.0015027821063995361,28.23103984714727,0.97755366563797,0.12324793636798859,0.13014286756515503
uvg,Beauty,0,3,uvg_00_qp3_T12551,False,51,4,241,0.0015628981636837125,28.060693190960233,0.979062020778656,0.12809814512729645,0.1361774206161499
uvg,Beauty,0,3,uvg_00_qp3_T12551,False,52,3,700,0.0014325710944831371,28.43883816009393,0.9796469211578369,0.1200784370303154,0.129349946975708
uvg,Beauty,0,3,uvg_00_qp3_T12551,False,53,4,793,0.001643827185034752,27.841438416200468,0.9787986874580383,0.1215502992272377,0.12943905591964722
uvg,Beauty,0,3,uvg_00_qp3_T12551,False,54,3,192,0.0015191499842330813,28.183993465393065,0.977912187576294,0.12333880364894867,0.12835955619812012
uvg,Beauty,0,3,uvg_00_qp3_T12551,False,55,4,288,0.00156826910097152,28.045794142028633,0.9796021580696106,0.12661802768707275,0.12995123863220215
uvg,Beauty,0,3,uvg_00_qp3_T12551,False,56,3,623,0.0014469699235633016,28.39540495948167,0.9798232913017273,0.12128490954637527,0.13076317310333252
uvg,Beauty,0,3,uvg_00_qp3_T12551,False,57,5,1596,0.0015205772360786796,28.179915154403588,0.9801350235939026,0.11837926506996155,0.1269814372062683
uvg,Beauty,0,3,uvg_00_qp3_T12551,False,58,3,116,0.0014556588139384985,28.369404056463026,0.9782542586326599,0.11958017200231552,0.129025399684906
uvg,Beauty,0,3,uvg_00_qp3_T12551,False,59,4,175,0.001529170898720622,28.155439755270024,0.9798242449760437,0.12358392775058746,0.12950652837753296
uvg,Beauty,0,3,uvg_00_qp3_T12551,False,60,3,675,0.0013741785660386086,28.619568297172133,0.9805421829223633,0.11668800562620163,0.12305116653442383
uvg,Beauty,0,3,uvg_00_qp3_T12551,False,61,4,635,0.0016157516511157155,27.916253916051485,0.979232668876648,0.11952149122953415,0.12867069244384766
uvg,Beauty,0,3,uvg_00_qp3_T12551,False,62,3,121,0.0015018946724012494,28.233605232565328,0.9782692790031433,0.12028700858354568,0.13032996654510498
uvg,Beauty,0,3,uvg_00_qp3_T12551,False,63,4,219,0.0015864648157730699,27.995695551330904,0.9794372320175171,0.12541189789772034,0.13437098264694214
uvg,Beauty,0,3,uvg_00_qp3_T12582,False,0,3,4626,0.0011271408293396235,29.480218181295296,0.97940993309021,0.11917467415332794,0.12276226282119751
uvg,Beauty,0,3,uvg_00_qp3_T12582,False,1,5,1476,0.0017523253336548805,27.563852603286705,0.973905622959137,0.13824871182441711,0.1256604790687561
uvg,Beauty,0,3,uvg_00_qp3_T12582,False,2,3,683,0.001806543325074017,27.431516185880994,0.9749457836151123,0.13596667349338531,0.132063627243042
uvg,Beauty,0,3,uvg_00_qp3_T12582,False,3,4,712,0.0015212108846753836,28.17810575754838,0.9792391061782837,0.1262979507446289,0.12473440170288086
uvg,Beauty,0,3,uvg_00_qp3_T12582,False,4,3,544,0.0016620615497231483,27.793528973929593,0.9779327511787415,0.13256321847438812,0.1321251392364502
uvg,Beauty,0,3,uvg_00_qp3_T12582,False,5,4,745,0.0015172968851402402,28.189294337398913,0.9795950055122375,0.12631440162658691,0.13148033618927002
uvg,Beauty,0,3,uvg_00_qp3_T12582,False,6,3,597,0.0016386526403948665,27.855130978924603,0.9789584875106812,0.13062508404254913,0.13134634494781494
uvg,Beauty,0,3,uvg_00_qp3_T12582,False,7,4,743,0.0015065873740240932,28.22005676498975,0.980125904083252,0.12581317126750946,0.1309058666229248
uvg,Beauty,0,3,uvg_00_qp3_T12582,False,8,3,523,0.0016590987797826529,27.801277560868964,0.9782685041427612,0.1292755901813507,0.1298465132713318
uvg,Beauty,0,3,uvg_00_qp3_T12582,False,9,5,1195,0.0015767501899972558,28.02237108002469,0.9796354174613953,0.12557432055473328,0.1306740641593933
uvg,Beauty,0,3,uvg_00_qp3_T12582,False,10,3,238,0.0016516047762706876,27.820938698606653,0.9768033623695374,0.13026122748851776,0.12806034088134766
uvg,Beauty,0,3,uvg_00_qp3_T12582,False,11,4,452,0.0016361253801733255,27.861834183719253,0.9786935448646545,0.1315731406211853,0.13188815116882324
uvg,Beauty,0,3,uvg_00_qp3_T12582,False,12,3,368,0.0015736963832750916,28.030790532903943,0.9776278734207153,0.13288864493370056,0.1305457353591919
uvg,Beauty,0,3,uvg_00_qp3_T12582,False,13,4,628,0.0016556935152038932,27.81020052197547,0.9787249565124512,0.13423925638198853,0.13270878791809082
uvg,Beauty,0,3,uvg_00_qp3_T12582,False,14,3,232,0.001560070551931858,28.068557608623003,0.9779196381568909,0.13434426486492157,0.13299471139907837
uvg,Beauty,0,3,uvg_00_qp3_T12582,False,15,4,510,0.001738753286190331,27.597620361958835,0.9775384068489075,0.14010724425315857,0.13524854183197021
uvg,Beauty,0,3,uvg_00_qp3_T12582,False,16,3,423,0.001597526716068387,27.965518702311833,0.9772605895996094,0.13687452673912048,0.13437539339065552
uvg,Beauty,0,3,uvg_00_qp3_T12582,False,17,5,1394,0.0015624205116182566,28.062020682198497,0.9801508188247681,0.12899091839790344,0.13169294595718384
uvg,Beauty,0,3,uvg_00_qp3_T12582,False,18,3,155,0.0014936673687770963,28.257461066629368,0.978334903717041,0.1312381774187088,0.12733185291290283
uvg,Beauty,0,3,uvg_00_qp3_T12582,False,19,4,264,0.0016154994955286384,27.916931732632747,0.9795116186141968,0.14098858833312988,0.1356213092803955
uvg,Beauty,0,3,uvg_00_qp3_T12582,False,20,3,611,0.0015012220246717334,28.235550726074546,0.97898930311203,0.1377822756767273,0.134246826171875
uvg,Beauty,0,3,uvg_00_qp3_T12582,False,21,4,843,0.001716221566312015,27.65426644916782,0.9779443740844727,0.1418590545654297,0.13520598411560059
uvg,Beauty,0,3,uvg_00_qp3_T12582,False,22,3,241,0.0016104461392387748,27.930537954158797,0.9769419431686401,0.13984638452529907,0.13481324911117554
uvg,Beauty,0,3,uvg_00_qp3_T12582,False,23,4,398,0.0016516753239557147,27.82075319529241,0.9788057208061218,0.14162775874137878,0.1378570795059204
uvg,Beauty,0,3,uvg_00_qp3_T12582,False,24,3,557,0.0015355820069089532,28.1372698534464,0.9787024855613708,0.13713248074054718,0.1341119408607483
uvg,Beauty,0,3,uvg_00_qp3_T12582,False,25,5,1807,0.001592251006513834,27.979884679104966,0.9792883992195129,0.1295420080423355,0.13027459383010864
uvg,Beauty,0,3,uvg_00_qp3_T12582,False,26,3,179,0.0015207957476377487,28.179291104903534,0.9773616790771484,0.130743145942688,0.13187789916992188
uvg,Beauty,0,3,uvg_00_qp3_T12582,False,27,4,259,0.0015861432766541839,27.996575853350304,0.9790837168693542,0.13698239624500275,0.1415511965751648
uvg,Beauty,0,3,uvg_00_qp3_T12582,False,28,3,695,0.001454296987503767,28.373468954966285,0.9794572591781616,0.1309519112110138,0.13128012418746948
uvg,Beauty,0,3,uvg_00_qp3_T12582,False,29,4,881,0.0016673717182129622,27.779675692347002,0.9782949686050415,0.13577166199684143,0.13503408432006836
uvg,Beauty,0,3,uvg_00_qp3_T12582,False,30,3,177,0.0015401593409478664,28.124343458423663,0.9776948094367981,0.13501152396202087,0.13682454824447632
uvg,Beauty,0,3,uvg_00_qp3_T12582,False,31,4,284,0.001589123741723597,27.988422838779815,0.9792555570602417,0.13735421001911163,0.13332200050354004
uvg,Beauty,0,3,uvg_00_qp3_T12582,False,32,3,671,0.0014561229618266225,28.36801949619148,0.9792804718017578,0.13177107274532318,0.1334863305091858
uvg,Beauty,0,3,uvg_00_qp3_T12582,False,33,5,1584,0.00153272261377424,28.145364349743268,0.9800605177879333,0.12651820480823517,0.12786716222763062
uvg,Beauty,0,3,uvg_00_qp3_T12582,False,34,3,124,0.0014876401983201504,28.275020948514147,0.9781123399734497,0.12742184102535248,0.13318723440170288
uvg,Beauty,0,3,uvg_00_qp3_T12582,False,35,4,198,0.0015453164232894778,28.109825797871956,0.97967928647995,0.13185594975948334,0.13793033361434937
uvg,Beauty,0,3,uvg_00_qp3_T12582,False,36,3,653,0.0014261193573474884,28.458441252077563,0.9800898432731628,0.12433651089668274,0.12971806526184082
uvg,Beauty,0,3,uvg_00_qp3_T12582,False,37,4,771,0.0016373943071812391,27.858467238793242,0.9789746999740601,0.12937532365322113,0.13201630115509033
uvg,Beauty,0,3,uvg_00_qp3_T12582,False,38,3,144,0.0015301149105653167,28.15275952744188,0.9780641794204712,0.12940824031829834,0.13331812620162964
uvg,Beauty,0,3,uvg_00_qp3_T12582,False,39,4,270,0.0015718125505372882,28.035992478140066,0.9797170162200928,0.1361975520849228,0.13850080966949463
uvg,Beauty,0,3,uvg_00_qp3_T12582,False,40,3,638,0.0014477138174697757,28.393172805265753,0.9796974658966064,0.12719504535198212,0.13281744718551636
uvg,Beauty,0,3,uvg_00_qp3_T12582,False,41,5,1622,0.0015455496031790972,28.109170520427533,0.9799935817718506,0.1263943910598755,0.13065093755722046
uvg,Beauty,0,3,uvg_00_qp3_T12582,False,42,3,127,0.0014856330817565322,28.28088438384896,0.9781652092933655,0.12658166885375977,0.13017719984054565
uvg,Beauty,0,3,uvg_00_qp3_T12582,False,43,4,222,0.0015775600913912058,28.020140889062922,0.9793877601623535,0.13681404292583466,0.13791650533676147
uvg,Beauty,0,3,uvg_00_qp3_T12582,False,44,3,686,0.0014596349792554975,28.357557375822473,0.9795582890510559,0.13208329677581787,0.1304227113723755
uvg,Beauty,0,3,uvg_00_qp3_T12582,False,45,4,859,0.0016249731415882707,27.891538128736634,0.9793761372566223,0.12941426038742065,0.13571608066558838
uvg,Beauty,0,3,uvg_00_qp3_T12582,False,46,3,193,0.00154229870531708,28.1183150598173,0.9780071973800659,0.12790361046791077,0.12992197275161743
uvg,Beauty,0,3,uvg_00_qp3_T12582,False,47,4,317,0.001596196903847158,27.96913535930383,0.9794481992721558,0.1335754543542862,0.13607937097549438
uvg,Beauty,0,3,uvg_00_qp3_T12582,False,48,3,649,0.0014722879277542233,28.320072489612894,0.9794055819511414,0.12747804820537567,0.1294569969177246
uvg,Beauty,0,3,uvg_00_qp3_T12582,False,49,5,1714,0.0015583641361445189,28.073310551098125,0.9798492789268494,0.12056838721036911,0.12888658046722412
uvg,Beauty,0,3,uvg_00_qp3_T12582,False,50,3,148,0.0015027821063995361,28.23103984714727,0.97755366563797,0.12324793636798859,0.13014286756515503
uvg,Beauty,0,3,uvg_00_qp3_T12582,False,51,4,241,0.0015628981636837125,28.060693190960233,0.979062020778656,0.12809814512729645,0.1361774206161499
uvg,Beauty,0,3,uvg_00_qp3_T12582,False,52,3,700,0.0014325710944831371,28.43883816009393,0.9796469211578369,0.1200784370303154,0.129349946975708
uvg,Beauty,0,3,uvg_00_qp3_T12582,False,53,4,793,0.001643827185034752,27.841438416200468,0.9787986874580383,0.1215502992272377,0.12943905591964722
uvg,Beauty,0,3,uvg_00_qp3_T12582,False,54,3,192,0.0015191499842330813,28.183993465393065,0.977912187576294,0.12333880364894867,0.12835955619812012
uvg,Beauty,0,3,uvg_00_qp3_T12582,False,55,4,288,0.00156826910097152,28.045794142028633,0.9796021580696106,0.12661802768707275,0.12995123863220215
uvg,Beauty,0,3,uvg_00_qp3_T12582,False,56,3,623,0.0014469699235633016,28.39540495948167,0.9798232913017273,0.12128490954637527,0.13076317310333252
uvg,Beauty,0,3,uvg_00_qp3_T12582,False,57,5,1596,0.0015205772360786796,28.179915154403588,0.9801350235939026,0.11837926506996155,0.1269814372062683
uvg,Beauty,0,3,uvg_00_qp3_T12582,False,58,3,116,0.0014556588139384985,28.369404056463026,0.9782542586326599,0.11958017200231552,0.129025399684906
uvg,Beauty,0,3,uvg_00_qp3_T12582,False,59,4,175,0.001529170898720622,28.155439755270024,0.9798242449760437,0.12358392775058746,0.12950652837753296
uvg,Beauty,0,3,uvg_00_qp3_T12582,False,60,3,675,0.0013741785660386086,28.619568297172133,0.9805421829223633,0.11668800562620163,0.12305116653442383
uvg,Beauty,0,3,uvg_00_qp3_T12582,False,61,4,635,0.0016157516511157155,27.916253916051485,0.979232668876648,0.11952149122953415,0.12867069244384766
uvg,Beauty,0,3,uvg_00_qp3_T12582,False,62,3,121,0.0015018946724012494,28.233605232565328,0.9782692790031433,0.12028700858354568,0.13032996654510498
uvg,Beauty,0,3,uvg_00_qp3_T12582,False,63,4,219,0.0015864648157730699,27.995695551330904,0.9794372320175171,0.12541189789772034,0.13437098264694214
uvg,Beauty,0,3,uvg_00_qp3_T12613,False,0,3,4626,0.0011271408293396235,29.480218181295296,0.97940993309021,0.11917467415332794,0.12276226282119751
uvg,Beauty,0,3,uvg_00_qp3_T12613,False,1,5,1476,0.0017523253336548805,27.563852603286705,0.973905622959137,0.13824871182441711,0.1256604790687561
uvg,Beauty,0,3,uvg_00_qp3_T12613,False,2,3,683,0.001806543325074017,27.431516185880994,0.9749457836151123,0.13596667349338531,0.132063627243042
uvg,Beauty,0,3,uvg_00_qp3_T12613,False,3,4,712,0.0015212108846753836,28.17810575754838,0.9792391061782837,0.1262979507446289,0.12473440170288086
uvg,Beauty,0,3,uvg_00_qp3_T12613,False,4,3,544,0.0016620615497231483,27.793528973929593,0.9779327511787415,0.13256321847438812,0.1321251392364502
uvg,Beauty,0,3,uvg_00_qp3_T12613,False,5,4,745,0.0015172968851402402,28.189294337398913,0.9795950055122375,0.12631440162658691,0.13148033618927002
uvg,Beauty,0,3,uvg_00_qp3_T12613,False,6,3,597,0.0016386526403948665,27.855130978924603,0.9789584875106812,0.13062508404254913,0.13134634494781494
uvg,Beauty,0,3,uvg_00_qp3_T12613,False,7,4,743,0.0015065873740240932,28.22005676498975,0.980125904083252,0.12581317126750946,0.1309058666229248
uvg,Beauty,0,3,uvg_00_qp3_T12613,False,8,3,523,0.0016590987797826529,27.801277560868964,0.9782685041427612,0.1292755901813507,0.1298465132713318
uvg,Beauty,0,3,uvg_00_qp3_T12613,False,9,5,1195,0.0015767501899972558,28.02237108002469,0.9796354174613953,0.12557432055473328,0.1306740641593933
uvg,Beauty,0,3,uvg_00_qp3_T12613,False,10,3,238,0.0016516047762706876,27.820938698606653,0.9768033623695374,0.13026122748851776,0.12806034088134766
uvg,Beauty,0,3,uvg_00_qp3_T12613,False,11,4,452,0.0016361253801733255,27.861834183719253,0.9786935448646545,0.1315731406211853,0.13188815116882324
uvg,Beauty,0,3,uvg_00_qp3_T12613,False,12,3,368,0.0015736963832750916,28.030790532903943,0.9776278734207153,0.13288864493370056,0.1305457353591919
uvg,Beauty,0,3,uvg_00_qp3_T12613,False,13,4,628,0.0016556935152038932,27.81020052197547,0.9787249565124512,0.13423925638198853,0.13270878791809082
uvg,Beauty,0,3,uvg_00_qp3_T12613,False,14,3,232,0.001560070551931858,28.068557608623003,0.9779196381568909,0.13434426486492157,0.13299471139907837
uvg,Beauty,0,3,uvg_00_qp3_T12613,False,15,4,510,0.001738753286190331,27.597620361958835,0.9775384068489075,0.14010724425315857,0.13524854183197021
uvg,Beauty,0,3,uvg_00_qp3_T12613,False,16,3,423,0.001597526716068387,27.965518702311833,0.9772605895996094,0.13687452673912048,0.13437539339065552
uvg,Beauty,0,3,uvg_00_qp3_T12613,False,17,5,1394,0.0015624205116182566,28.062020682198497,0.9801508188247681,0.12899091839790344,0.13169294595718384
uvg,Beauty,0,3,uvg_00_qp3_T12613,False,18,3,155,0.0014936673687770963,28.257461066629368,0.978334903717041,0.1312381774187088,0.12733185291290283
uvg,Beauty,0,3,uvg_00_qp3_T12613,False,19,4,264,0.0016154994955286384,27.916931732632747,0.9795116186141968,0.14098858833312988,0.1356213092803955
uvg,Beauty,0,3,uvg_00_qp3_T12613,False,20,3,611,0.0015012220246717334,28.235550726074546,0.97898930311203,0.1377822756767273,0.134246826171875
uvg,Beauty,0,3,uvg_00_qp3_T12613,False,21,4,843,0.001716221566312015,27.65426644916782,0.9779443740844727,0.1418590545654297,0.13520598411560059
uvg,Beauty,0,3,uvg_00_qp3_T12613,False,22,3,241,0.0016104461392387748,27.930537954158797,0.9769419431686401,0.13984638452529907,0.13481324911117554
uvg,Beauty,0,3,uvg_00_qp3_T12613,False,23,4,398,0.0016516753239557147,27.82075319529241,0.9788057208061218,0.14162775874137878,0.1378570795059204
uvg,Beauty,0,3,uvg_00_qp3_T12613,False,24,3,557,0.0015355820069089532,28.1372698534464,0.9787024855613708,0.13713248074054718,0.1341119408607483
uvg,Beauty,0,3,uvg_00_qp3_T12613,False,25,5,1807,0.001592251006513834,27.979884679104966,0.9792883992195129,0.1295420080423355,0.13027459383010864
uvg,Beauty,0,3,uvg_00_qp3_T12613,False,26,3,179,0.0015207957476377487,28.179291104903534,0.9773616790771484,0.130743145942688,0.13187789916992188
uvg,Beauty,0,3,uvg_00_qp3_T12613,False,27,4,259,0.0015861432766541839,27.996575853350304,0.9790837168693542,0.13698239624500275,0.1415511965751648
uvg,Beauty,0,3,uvg_00_qp3_T12613,False,28,3,695,0.001454296987503767,28.373468954966285,0.9794572591781616,0.1309519112110138,0.13128012418746948
uvg,Beauty,0,3,uvg_00_qp3_T12613,False,29,4,881,0.0016673717182129622,27.779675692347002,0.9782949686050415,0.13577166199684143,0.13503408432006836
uvg,Beauty,0,3,uvg_00_qp3_T12613,False,30,3,177,0.0015401593409478664,28.124343458423663,0.9776948094367981,0.13501152396202087,0.13682454824447632
uvg,Beauty,0,3,uvg_00_qp3_T12613,False,31,4,284,0.001589123741723597,27.988422838779815,0.9792555570602417,0.13735421001911163,0.13332200050354004
uvg,Beauty,0,3,uvg_00_qp3_T12613,False,32,3,671,0.0014561229618266225,28.36801949619148,0.9792804718017578,0.13177107274532318,0.1334863305091858
uvg,Beauty,0,3,uvg_00_qp3_T12613,False,33,5,1584,0.00153272261377424,28.145364349743268,0.9800605177879333,0.12651820480823517,0.12786716222763062
uvg,Beauty,0,3,uvg_00_qp3_T12613,False,34,3,124,0.0014876401983201504,28.275020948514147,0.9781123399734497,0.12742184102535248,0.13318723440170288
uvg,Beauty,0,3,uvg_00_qp3_T12613,False,35,4,198,0.0015453164232894778,28.109825797871956,0.97967928647995,0.13185594975948334,0.13793033361434937
uvg,Beauty,0,3,uvg_00_qp3_T12613,False,36,3,653,0.0014261193573474884,28.458441252077563,0.9800898432731628,0.12433651089668274,0.12971806526184082
uvg,Beauty,0,3,uvg_00_qp3_T12613,False,37,4,771,0.0016373943071812391,27.858467238793242,0.9789746999740601,0.12937532365322113,0.13201630115509033
uvg,Beauty,0,3,uvg_00_qp3_T12613,False,38,3,144,0.0015301149105653167,28.15275952744188,0.9780641794204712,0.12940824031829834,0.13331812620162964
uvg,Beauty,0,3,uvg_00_qp3_T12613,False,39,4,270,0.0015718125505372882,28.035992478140066,0.9797170162200928,0.1361975520849228,0.13850080966949463
uvg,Beauty,0,3,uvg_00_qp3_T12613,False,40,3,638,0.0014477138174697757,28.393172805265753,0.9796974658966064,0.12719504535198212,0.13281744718551636
uvg,Beauty,0,3,uvg_00_qp3_T12613,False,41,5,1622,0.0015455496031790972,28.109170520427533,0.9799935817718506,0.1263943910598755,0.13065093755722046
uvg,Beauty,0,3,uvg_00_qp3_T12613,False,42,3,127,0.0014856330817565322,28.28088438384896,0.9781652092933655,0.12658166885375977,0.13017719984054565
uvg,Beauty,0,3,uvg_00_qp3_T12613,False,43,4,222,0.0015775600913912058,28.020140889062922,0.9793877601623535,0.13681404292583466,0.13791650533676147
uvg,Beauty,0,3,uvg_00_qp3_T12613,False,44,3,686,0.0014596349792554975,28.357557375822473,0.9795582890510559,0.13208329677581787,0.1304227113723755
uvg,Beauty,0,3,uvg_00_qp3_T12613,False,45,4,859,0.0016249731415882707,27.891538128736634,0.9793761372566223,0.12941426038742065,0.13571608066558838
uvg,Beauty,0,3,uvg_00_qp3_T12613,False,46,3,193,0.00154229870531708,28.1183150598173,0.9780071973800659,0.12790361046791077,0.12992197275161743
uvg,Beauty,0,3,uvg_00_qp3_T12613,False,47,4,317,0.001596196903847158,27.96913535930383,0.9794481992721558,0.1335754543542862,0.13607937097549438
uvg,Beauty,0,3,uvg_00_qp3_T12613,False,48,3,649,0.0014722879277542233,28.320072489612894,0.9794055819511414,0.12747804820537567,0.1294569969177246
uvg,Beauty,0,3,uvg_00_qp3_T12613,False,49,5,1714,0.0015583641361445189,28.073310551098125,0.9798492789268494,0.12056838721036911,0.12888658046722412
uvg,Beauty,0,3,uvg_00_qp3_T12613,False,50,3,148,0.0015027821063995361,28.23103984714727,0.97755366563797,0.12324793636798859,0.13014286756515503
uvg,Beauty,0,3,uvg_00_qp3_T12613,False,51,4,241,0.0015628981636837125,28.060693190960233,0.979062020778656,0.12809814512729645,0.1361774206161499
uvg,Beauty,0,3,uvg_00_qp3_T12613,False,52,3,700,0.0014325710944831371,28.43883816009393,0.9796469211578369,0.1200784370303154,0.129349946975708
uvg,Beauty,0,3,uvg_00_qp3_T12613,False,53,4,793,0.001643827185034752,27.841438416200468,0.9787986874580383,0.1215502992272377,0.12943905591964722
uvg,Beauty,0,3,uvg_00_qp3_T12613,False,54,3,192,0.0015191499842330813,28.183993465393065,0.977912187576294,0.12333880364894867,0.12835955619812012
uvg,Beauty,0,3,uvg_00_qp3_T12613,False,55,4,288,0.00156826910097152,28.045794142028633,0.9796021580696106,0.12661802768707275,0.12995123863220215
uvg,Beauty,0,3,uvg_00_qp3_T12613,False,56,3,623,0.0014469699235633016,28.39540495948167,0.9798232913017273,0.12128490954637527,0.13076317310333252
uvg,Beauty,0,3,uvg_00_qp3_T12613,False,57,5,1596,0.0015205772360786796,28.179915154403588,0.9801350235939026,0.11837926506996155,0.1269814372062683
uvg,Beauty,0,3,uvg_00_qp3_T12613,False,58,3,116,0.0014556588139384985,28.369404056463026,0.9782542586326599,0.11958017200231552,0.129025399684906
uvg,Beauty,0,3,uvg_00_qp3_T12613,False,59,4,175,0.001529170898720622,28.155439755270024,0.9798242449760437,0.12358392775058746,0.12950652837753296
uvg,Beauty,0,3,uvg_00_qp3_T12613,False,60,3,675,0.0013741785660386086,28.619568297172133,0.9805421829223633,0.11668800562620163,0.12305116653442383
uvg,Beauty,0,3,uvg_00_qp3_T12613,False,61,4,635,0.0016157516511157155,27.916253916051485,0.979232668876648,0.11952149122953415,0.12867069244384766
uvg,Beauty,0,3,uvg_00_qp3_T12613,False,62,3,121,0.0015018946724012494,28.233605232565328,0.9782692790031433,0.12028700858354568,0.13032996654510498
uvg,Beauty,0,3,uvg_00_qp3_T12613,False,63,4,219,0.0015864648157730699,27.995695551330904,0.9794372320175171,0.12541189789772034,0.13437098264694214
uvg,Beauty,0,3,uvg_00_qp3_T12644,False,0,3,4626,0.0011271408293396235,29.480218181295296,0.97940993309021,0.11917467415332794,0.12276226282119751
uvg,Beauty,0,3,uvg_00_qp3_T12644,False,1,5,1476,0.0017523253336548805,27.563852603286705,0.973905622959137,0.13824871182441711,0.1256604790687561
uvg,Beauty,0,3,uvg_00_qp3_T12644,False,2,3,683,0.001806543325074017,27.431516185880994,0.9749457836151123,0.13596667349338531,0.132063627243042
uvg,Beauty,0,3,uvg_00_qp3_T12644,False,3,4,712,0.0015212108846753836,28.17810575754838,0.9792391061782837,0.1262979507446289,0.12473440170288086
uvg,Beauty,0,3,uvg_00_qp3_T12644,False,4,3,544,0.0016620615497231483,27.793528973929593,0.9779327511787415,0.13256321847438812,0.1321251392364502
uvg,Beauty,0,3,uvg_00_qp3_T12644,False,5,4,745,0.0015172968851402402,28.189294337398913,0.9795950055122375,0.12631440162658691,0.13148033618927002
uvg,Beauty,0,3,uvg_00_qp3_T12644,False,6,3,597,0.0016386526403948665,27.855130978924603,0.9789584875106812,0.13062508404254913,0.13134634494781494
uvg,Beauty,0,3,uvg_00_qp3_T12644,False,7,4,743,0.0015065873740240932,28.22005676498975,0.980125904083252,0.12581317126750946,0.1309058666229248
uvg,Beauty,0,3,uvg_00_qp3_T12644,False,8,3,523,0.0016590987797826529,27.801277560868964,0.9782685041427612,0.1292755901813507,0.1298465132713318
uvg,Beauty,0,3,uvg_00_qp3_T12644,False,9,5,1195,0.0015767501899972558,28.02237108002469,0.9796354174613953,0.12557432055473328,0.1306740641593933
uvg,Beauty,0,3,uvg_00_qp3_T12644,False,10,3,238,0.0016516047762706876,27.820938698606653,0.9768033623695374,0.13026122748851776,0.12806034088134766
uvg,Beauty,0,3,uvg_00_qp3_T12644,False,11,4,452,0.0016361253801733255,27.861834183719253,0.9786935448646545,0.1315731406211853,0.13188815116882324
uvg,Beauty,0,3,uvg_00_qp3_T12644,False,12,3,368,0.0015736963832750916,28.030790532903943,0.9776278734207153,0.13288864493370056,0.1305457353591919
uvg,Beauty,0,3,uvg_00_qp3_T12644,False,13,4,628,0.0016556935152038932,27.81020052197547,0.9787249565124512,0.13423925638198853,0.13270878791809082
uvg,Beauty,0,3,uvg_00_qp3_T12644,False,14,3,232,0.001560070551931858,28.068557608623003,0.9779196381568909,0.13434426486492157,0.13299471139907837
uvg,Beauty,0,3,uvg_00_qp3_T12644,False,15,4,510,0.001738753286190331,27.597620361958835,0.9775384068489075,0.14010724425315857,0.13524854183197021
uvg,Beauty,0,3,uvg_00_qp3_T12644,False,16,3,423,0.001597526716068387,27.965518702311833,0.9772605895996094,0.13687452673912048,0.13437539339065552
uvg,Beauty,0,3,uvg_00_qp3_T12644,False,17,5,1394,0.0015624205116182566,28.062020682198497,0.9801508188247681,0.12899091839790344,0.13169294595718384
uvg,Beauty,0,3,uvg_00_qp3_T12644,False,18,3,155,0.0014936673687770963,28.257461066629368,0.978334903717041,0.1312381774187088,0.12733185291290283
uvg,Beauty,0,3,uvg_00_qp3_T12644,False,19,4,264,0.0016154994955286384,27.916931732632747,0.9795116186141968,0.14098858833312988,0.1356213092803955
uvg,Beauty,0,3,uvg_00_qp3_T12644,False,20,3,611,0.0015012220246717334,28.235550726074546,0.97898930311203,0.1377822756767273,0.134246826171875
uvg,Beauty,0,3,uvg_00_qp3_T12644,False,21,4,843,0.001716221566312015,27.65426644916782,0.9779443740844727,0.1418590545654297,0.13520598411560059
uvg,Beauty,0,3,uvg_00_qp3_T12644,False,22,3,241,0.0016104461392387748,27.930537954158797,0.9769419431686401,0.13984638452529907,0.13481324911117554
uvg,Beauty,0,3,uvg_00_qp3_T12644,False,23,4,398,0.0016516753239557147,27.82075319529241,0.9788057208061218,0.14162775874137878,0.1378570795059204
uvg,Beauty,0,3,uvg_00_qp3_T12644,False,24,3,557,0.0015355820069089532,28.1372698534464,0.9787024855613708,0.13713248074054718,0.1341119408607483
uvg,Beauty,0,3,uvg_00_qp3_T12644,False,25,5,1807,0.001592251006513834,27.979884679104966,0.9792883992195129,0.1295420080423355,0.13027459383010864
uvg,Beauty,0,3,uvg_00_qp3_T12644,False,26,3,179,0.0015207957476377487,28.179291104903534,0.9773616790771484,0.130743145942688,0.13187789916992188
uvg,Beauty,0,3,uvg_00_qp3_T12644,False,27,4,259,0.0015861432766541839,27.996575853350304,0.9790837168693542,0.13698239624500275,0.1415511965751648
uvg,Beauty,0,3,uvg_00_qp3_T12644,False,28,3,695,0.001454296987503767,28.373468954966285,0.9794572591781616,0.1309519112110138,0.13128012418746948
uvg,Beauty,0,3,uvg_00_qp3_T12644,False,29,4,881,0.0016673717182129622,27.779675692347002,0.9782949686050415,0.13577166199684143,0.13503408432006836
uvg,Beauty,0,3,uvg_00_qp3_T12644,False,30,3,177,0.0015401593409478664,28.124343458423663,0.9776948094367981,0.13501152396202087,0.13682454824447632
uvg,Beauty,0,3,uvg_00_qp3_T12644,False,31,4,284,0.001589123741723597,27.988422838779815,0.9792555570602417,0.13735421001911163,0.13332200050354004
uvg,Beauty,0,3,uvg_00_qp3_T12644,False,32,3,671,0.0014561229618266225,28.36801949619148,0.9792804718017578,0.13177107274532318,0.1334863305091858
uvg,Beauty,0,3,uvg_00_qp3_T12644,False,33,5,1584,0.00153272261377424,28.145364349743268,0.9800605177879333,0.12651820480823517,0.12786716222763062
uvg,Beauty,0,3,uvg_00_qp3_T12644,False,34,3,124,0.0014876401983201504,28.275020948514147,0.9781123399734497,0.12742184102535248,0.13318723440170288
uvg,Beauty,0,3,uvg_00_qp3_T12644,False,35,4,198,0.0015453164232894778,28.109825797871956,0.97967928647995,0.13185594975948334,0.13793033361434937
uvg,Beauty,0,3,uvg_00_qp3_T12644,False,36,3,653,0.0014261193573474884,28.458441252077563,0.9800898432731628,0.12433651089668274,0.12971806526184082
uvg,Beauty,0,3,uvg_00_qp3_T12644,False,37,4,771,0.0016373943071812391,27.858467238793242,0.9789746999740601,0.12937532365322113,0.13201630115509033
uvg,Beauty,0,3,uvg_00_qp3_T12644,False,38,3,144,0.0015301149105653167,28.15275952744188,0.9780641794204712,0.12940824031829834,0.13331812620162964
uvg,Beauty,0,3,uvg_00_qp3_T12644,False,39,4,270,0.0015718125505372882,28.035992478140066,0.9797170162200928,0.1361975520849228,0.13850080966949463
uvg,Beauty,0,3,uvg_00_qp3_T12644,False,40,3,638,0.0014477138174697757,28.393172805265753,0.9796974658966064,0.12719504535198212,0.13281744718551636
uvg,Beauty,0,3,uvg_00_qp3_T12644,False,41,5,1622,0.0015455496031790972,28.109170520427533,0.9799935817718506,0.1263943910598755,0.13065093755722046
uvg,Beauty,0,3,uvg_00_qp3_T12644,False,42,3,127,0.0014856330817565322,28.28088438384896,0.9781652092933655,0.12658166885375977,0.13017719984054565
uvg,Beauty,0,3,uvg_00_qp3_T12644,False,43,4,222,0.0015775600913912058,28.020140889062922,0.9793877601623535,0.13681404292583466,0.13791650533676147
uvg,Beauty,0,3,uvg_00_qp3_T12644,False,44,3,686,0.0014596349792554975,28.357557375822473,0.9795582890510559,0.13208329677581787,0.1304227113723755
uvg,Beauty,0,3,uvg_00_qp3_T12644,False,45,4,859,0.0016249731415882707,27.891538128736634,0.9793761372566223,0.12941426038742065,0.13571608066558838
uvg,Beauty,0,3,uvg_00_qp3_T12644,False,46,3,193,0.00154229870531708,28.1183150598173,0.9780071973800659,0.12790361046791077,0.12992197275161743
uvg,Beauty,0,3,uvg_00_qp3_T12644,False,47,4,317,0.001596196903847158,27.96913535930383,0.9794481992721558,0.1335754543542862,0.13607937097549438
uvg,Beauty,0,3,uvg_00_qp3_T12644,False,48,3,649,0.0014722879277542233,28.320072489612894,0.9794055819511414,0.12747804820537567,0.1294569969177246
uvg,Beauty,0,3,uvg_00_qp3_T12644,False,49,5,1714,0.0015583641361445189,28.073310551098125,0.9798492789268494,0.12056838721036911,0.12888658046722412
uvg,Beauty,0,3,uvg_00_qp3_T12644,False,50,3,148,0.0015027821063995361,28.23103984714727,0.97755366563797,0.12324793636798859,0.13014286756515503
uvg,Beauty,0,3,uvg_00_qp3_T12644,False,51,4,241,0.0015628981636837125,28.060693190960233,0.979062020778656,0.12809814512729645,0.1361774206161499
uvg,Beauty,0,3,uvg_00_qp3_T12644,False,52,3,700,0.0014325710944831371,28.43883816009393,0.9796469211578369,0.1200784370303154,0.129349946975708
uvg,Beauty,0,3,uvg_00_qp3_T12644,False,53,4,793,0.001643827185034752,27.841438416200468,0.9787986874580383,0.1215502992272377,0.12943905591964722
uvg,Beauty,0,3,uvg_00_qp3_T12644,False,54,3,192,0.0015191499842330813,28.183993465393065,0.977912187576294,0.12333880364894867,0.12835955619812012
uvg,Beauty,0,3,uvg_00_qp3_T12644,False,55,4,288,0.00156826910097152,28.045794142028633,0.9796021580696106,0.12661802768707275,0.12995123863220215
uvg,Beauty,0,3,uvg_00_qp3_T12644,False,56,3,623,0.0014469699235633016,28.39540495948167,0.9798232913017273,0.12128490954637527,0.13076317310333252
uvg,Beauty,0,3,uvg_00_qp3_T12644,False,57,5,1596,0.0015205772360786796,28.179915154403588,0.9801350235939026,0.11837926506996155,0.1269814372062683
uvg,Beauty,0,3,uvg_00_qp3_T12644,False,58,3,116,0.0014556588139384985,28.369404056463026,0.9782542586326599,0.11958017200231552,0.129025399684906
uvg,Beauty,0,3,uvg_00_qp3_T12644,False,59,4,175,0.001529170898720622,28.155439755270024,0.9798242449760437,0.12358392775058746,0.12950652837753296
uvg,Beauty,0,3,uvg_00_qp3_T12644,False,60,3,675,0.0013741785660386086,28.619568297172133,0.9805421829223633,0.11668800562620163,0.12305116653442383
uvg,Beauty,0,3,uvg_00_qp3_T12644,False,61,4,635,0.0016157516511157155,27.916253916051485,0.979232668876648,0.11952149122953415,0.12867069244384766
uvg,Beauty,0,3,uvg_00_qp3_T12644,False,62,3,121,0.0015018946724012494,28.233605232565328,0.9782692790031433,0.12028700858354568,0.13032996654510498
uvg,Beauty,0,3,uvg_00_qp3_T12644,False,63,4,219,0.0015864648157730699,27.995695551330904,0.9794372320175171,0.12541189789772034,0.13437098264694214
uvg,Beauty,0,3,uvg_00_qp3_T12675,False,0,3,4626,0.0011271408293396235,29.480218181295296,0.97940993309021,0.11917467415332794,0.12276226282119751
uvg,Beauty,0,3,uvg_00_qp3_T12675,False,1,5,1476,0.0017523253336548805,27.563852603286705,0.973905622959137,0.13824871182441711,0.1256604790687561
uvg,Beauty,0,3,uvg_00_qp3_T12675,False,2,3,683,0.001806543325074017,27.431516185880994,0.9749457836151123,0.13596667349338531,0.132063627243042
uvg,Beauty,0,3,uvg_00_qp3_T12675,False,3,4,712,0.0015212108846753836,28.17810575754838,0.9792391061782837,0.1262979507446289,0.12473440170288086
uvg,Beauty,0,3,uvg_00_qp3_T12675,False,4,3,544,0.0016620615497231483,27.793528973929593,0.9779327511787415,0.13256321847438812,0.1321251392364502
uvg,Beauty,0,3,uvg_00_qp3_T12675,False,5,4,745,0.0015172968851402402,28.189294337398913,0.9795950055122375,0.12631440162658691,0.13148033618927002
uvg,Beauty,0,3,uvg_00_qp3_T12675,False,6,3,597,0.0016386526403948665,27.855130978924603,0.9789584875106812,0.13062508404254913,0.13134634494781494
uvg,Beauty,0,3,uvg_00_qp3_T12675,False,7,4,743,0.0015065873740240932,28.22005676498975,0.980125904083252,0.12581317126750946,0.1309058666229248
uvg,Beauty,0,3,uvg_00_qp3_T12675,False,8,3,523,0.0016590987797826529,27.801277560868964,0.9782685041427612,0.1292755901813507,0.1298465132713318
uvg,Beauty,0,3,uvg_00_qp3_T12675,False,9,5,1195,0.0015767501899972558,28.02237108002469,0.9796354174613953,0.12557432055473328,0.1306740641593933
uvg,Beauty,0,3,uvg_00_qp3_T12675,False,10,3,238,0.0016516047762706876,27.820938698606653,0.9768033623695374,0.13026122748851776,0.12806034088134766
uvg,Beauty,0,3,uvg_00_qp3_T12675,False,11,4,452,0.0016361253801733255,27.861834183719253,0.9786935448646545,0.1315731406211853,0.13188815116882324
uvg,Beauty,0,3,uvg_00_qp3_T12675,False,12,3,368,0.0015736963832750916,28.030790532903943,0.9776278734207153,0.13288864493370056,0.1305457353591919
uvg,Beauty,0,3,uvg_00_qp3_T12675,False,13,4,628,0.0016556935152038932,27.81020052197547,0.9787249565124512,0.13423925638198853,0.13270878791809082
uvg,Beauty,0,3,uvg_00_qp3_T12675,False,14,3,232,0.001560070551931858,28.068557608623003,0.9779196381568909,0.13434426486492157,0.13299471139907837
uvg,Beauty,0,3,uvg_00_qp3_T12675,False,15,4,510,0.001738753286190331,27.597620361958835,0.9775384068489075,0.14010724425315857,0.13524854183197021
uvg,Beauty,0,3,uvg_00_qp3_T12675,False,16,3,423,0.001597526716068387,27.965518702311833,0.9772605895996094,0.13687452673912048,0.13437539339065552
uvg,Beauty,0,3,uvg_00_qp3_T12675,False,17,5,1394,0.0015624205116182566,28.062020682198497,0.9801508188247681,0.12899091839790344,0.13169294595718384
uvg,Beauty,0,3,uvg_00_qp3_T12675,False,18,3,155,0.0014936673687770963,28.257461066629368,0.978334903717041,0.1312381774187088,0.12733185291290283
uvg,Beauty,0,3,uvg_00_qp3_T12675,False,19,4,264,0.0016154994955286384,27.916931732632747,0.9795116186141968,0.14098858833312988,0.1356213092803955
uvg,Beauty,0,3,uvg_00_qp3_T12675,False,20,3,611,0.0015012220246717334,28.235550726074546,0.97898930311203,0.1377822756767273,0.134246826171875
uvg,Beauty,0,3,uvg_00_qp3_T12675,False,21,4,843,0.001716221566312015,27.65426644916782,0.9779443740844727,0.1418590545654297,0.13520598411560059
uvg,Beauty,0,3,uvg_00_qp3_T12675,False,22,3,241,0.0016104461392387748,27.930537954158797,0.9769419431686401,0.13984638452529907,0.13481324911117554
uvg,Beauty,0,3,uvg_00_qp3_T12675,False,23,4,398,0.0016516753239557147,27.82075319529241,0.9788057208061218,0.14162775874137878,0.1378570795059204
uvg,Beauty,0,3,uvg_00_qp3_T12675,False,24,3,557,0.0015355820069089532,28.1372698534464,0.9787024855613708,0.13713248074054718,0.1341119408607483
uvg,Beauty,0,3,uvg_00_qp3_T12675,False,25,5,1807,0.001592251006513834,27.979884679104966,0.9792883992195129,0.1295420080423355,0.13027459383010864
uvg,Beauty,0,3,uvg_00_qp3_T12675,False,26,3,179,0.0015207957476377487,28.179291104903534,0.9773616790771484,0.130743145942688,0.13187789916992188
uvg,Beauty,0,3,uvg_00_qp3_T12675,False,27,4,259,0.0015861432766541839,27.996575853350304,0.9790837168693542,0.13698239624500275,0.1415511965751648
uvg,Beauty,0,3,uvg_00_qp3_T12675,False,28,3,695,0.001454296987503767,28.373468954966285,0.9794572591781616,0.1309519112110138,0.13128012418746948
uvg,Beauty,0,3,uvg_00_qp3_T12675,False,29,4,881,0.0016673717182129622,27.779675692347002,0.9782949686050415,0.13577166199684143,0.13503408432006836
uvg,Beauty,0,3,uvg_00_qp3_T12675,False,30,3,177,0.0015401593409478664,28.124343458423663,0.9776948094367981,0.13501152396202087,0.13682454824447632
uvg,Beauty,0,3,uvg_00_qp3_T12675,False,31,4,284,0.001589123741723597,27.988422838779815,0.9792555570602417,0.13735421001911163,0.13332200050354004
uvg,Beauty,0,3,uvg_00_qp3_T12675,False,32,3,671,0.0014561229618266225,28.36801949619148,0.9792804718017578,0.13177107274532318,0.1334863305091858
uvg,Beauty,0,3,uvg_00_qp3_T12675,False,33,5,1584,0.00153272261377424,28.145364349743268,0.9800605177879333,0.12651820480823517,0.12786716222763062
uvg,Beauty,0,3,uvg_00_qp3_T12675,False,34,3,124,0.0014876401983201504,28.275020948514147,0.9781123399734497,0.12742184102535248,0.13318723440170288
uvg,Beauty,0,3,uvg_00_qp3_T12675,False,35,4,198,0.0015453164232894778,28.109825797871956,0.97967928647995,0.13185594975948334,0.13793033361434937
uvg,Beauty,0,3,uvg_00_qp3_T12675,False,36,3,653,0.0014261193573474884,28.458441252077563,0.9800898432731628,0.12433651089668274,0.12971806526184082
uvg,Beauty,0,3,uvg_00_qp3_T12675,False,37,4,771,0.0016373943071812391,27.858467238793242,0.9789746999740601,0.12937532365322113,0.13201630115509033
uvg,Beauty,0,3,uvg_00_qp3_T12675,False,38,3,144,0.0015301149105653167,28.15275952744188,0.9780641794204712,0.12940824031829834,0.13331812620162964
uvg,Beauty,0,3,uvg_00_qp3_T12675,False,39,4,270,0.0015718125505372882,28.035992478140066,0.9797170162200928,0.1361975520849228,0.13850080966949463
uvg,Beauty,0,3,uvg_00_qp3_T12675,False,40,3,638,0.0014477138174697757,28.393172805265753,0.9796974658966064,0.12719504535198212,0.13281744718551636
uvg,Beauty,0,3,uvg_00_qp3_T12675,False,41,5,1622,0.0015455496031790972,28.109170520427533,0.9799935817718506,0.1263943910598755,0.13065093755722046
uvg,Beauty,0,3,uvg_00_qp3_T12675,False,42,3,127,0.0014856330817565322,28.28088438384896,0.9781652092933655,0.12658166885375977,0.13017719984054565
uvg,Beauty,0,3,uvg_00_qp3_T12675,False,43,4,222,0.0015775600913912058,28.020140889062922,0.9793877601623535,0.13681404292583466,0.13791650533676147
uvg,Beauty,0,3,uvg_00_qp3_T12675,False,44,3,686,0.0014596349792554975,28.357557375822473,0.9795582890510559,0.13208329677581787,0.1304227113723755
uvg,Beauty,0,3,uvg_00_qp3_T12675,False,45,4,859,0.0016249731415882707,27.891538128736634,0.9793761372566223,0.12941426038742065,0.13571608066558838
uvg,Beauty,0,3,uvg_00_qp3_T12675,False,46,3,193,0.00154229870531708,28.1183150598173,0.9780071973800659,0.12790361046791077,0.12992197275161743
uvg,Beauty,0,3,uvg_00_qp3_T12675,False,47,4,317,0.001596196903847158,27.96913535930383,0.9794481992721558,0.1335754543542862,0.13607937097549438
uvg,Beauty,0,3,uvg_00_qp3_T12675,False,48,3,649,0.0014722879277542233,28.320072489612894,0.9794055819511414,0.12747804820537567,0.1294569969177246
uvg,Beauty,0,3,uvg_00_qp3_T12675,False,49,5,1714,0.0015583641361445189,28.073310551098125,0.9798492789268494,0.12056838721036911,0.12888658046722412
uvg,Beauty,0,3,uvg_00_qp3_T12675,False,50,3,148,0.0015027821063995361,28.23103984714727,0.97755366563797,0.12324793636798859,0.13014286756515503
uvg,Beauty,0,3,uvg_00_qp3_T12675,False,51,4,241,0.0015628981636837125,28.060693190960233,0.979062020778656,0.12809814512729645,0.1361774206161499
uvg,Beauty,0,3,uvg_00_qp3_T12675,False,52,3,700,0.0014325710944831371,28.43883816009393,0.9796469211578369,0.1200784370303154,0.129349946975708
uvg,Beauty,0,3,uvg_00_qp3_T12675,False,53,4,793,0.001643827185034752,27.841438416200468,0.9787986874580383,0.1215502992272377,0.12943905591964722
uvg,Beauty,0,3,uvg_00_qp3_T12675,False,54,3,192,0.0015191499842330813,28.183993465393065,0.977912187576294,0.12333880364894867,0.12835955619812012
uvg,Beauty,0,3,uvg_00_qp3_T12675,False,55,4,288,0.00156826910097152,28.045794142028633,0.9796021580696106,0.12661802768707275,0.12995123863220215
uvg,Beauty,0,3,uvg_00_qp3_T12675,False,56,3,623,0.0014469699235633016,28.39540495948167,0.9798232913017273,0.12128490954637527,0.13076317310333252
uvg,Beauty,0,3,uvg_00_qp3_T12675,False,57,5,1596,0.0015205772360786796,28.179915154403588,0.9801350235939026,0.11837926506996155,0.1269814372062683
uvg,Beauty,0,3,uvg_00_qp3_T12675,False,58,3,116,0.0014556588139384985,28.369404056463026,0.9782542586326599,0.11958017200231552,0.129025399684906
uvg,Beauty,0,3,uvg_00_qp3_T12675,False,59,4,175,0.001529170898720622,28.155439755270024,0.9798242449760437,0.12358392775058746,0.12950652837753296
uvg,Beauty,0,3,uvg_00_qp3_T12675,False,60,3,675,0.0013741785660386086,28.619568297172133,0.9805421829223633,0.11668800562620163,0.12305116653442383
uvg,Beauty,0,3,uvg_00_qp3_T12675,False,61,4,635,0.0016157516511157155,27.916253916051485,0.979232668876648,0.11952149122953415,0.12867069244384766
uvg,Beauty,0,3,uvg_00_qp3_T12675,False,62,3,121,0.0015018946724012494,28.233605232565328,0.9782692790031433,0.12028700858354568,0.13032996654510498
uvg,Beauty,0,3,uvg_00_qp3_T12675,False,63,4,219,0.0015864648157730699,27.995695551330904,0.9794372320175171,0.12541189789772034,0.13437098264694214
uvg,Beauty,0,3,uvg_00_qp3_T12706,False,0,3,4626,0.0011271408293396235,29.480218181295296,0.97940993309021,0.11917467415332794,0.12276226282119751
uvg,Beauty,0,3,uvg_00_qp3_T12706,False,1,5,1476,0.0017523253336548805,27.563852603286705,0.973905622959137,0.13824871182441711,0.1256604790687561
uvg,Beauty,0,3,uvg_00_qp3_T12706,False,2,3,683,0.001806543325074017,27.431516185880994,0.9749457836151123,0.13596667349338531,0.132063627243042
uvg,Beauty,0,3,uvg_00_qp3_T12706,False,3,4,712,0.0015212108846753836,28.17810575754838,0.9792391061782837,0.1262979507446289,0.12473440170288086
uvg,Beauty,0,3,uvg_00_qp3_T12706,False,4,3,544,0.0016620615497231483,27.793528973929593,0.9779327511787415,0.13256321847438812,0.1321251392364502
uvg,Beauty,0,3,uvg_00_qp3_T12706,False,5,4,745,0.0015172968851402402,28.189294337398913,0.9795950055122375,0.12631440162658691,0.13148033618927002
uvg,Beauty,0,3,uvg_00_qp3_T12706,False,6,3,597,0.0016386526403948665,27.855130978924603,0.9789584875106812,0.13062508404254913,0.13134634494781494
uvg,Beauty,0,3,uvg_00_qp3_T12706,False,7,4,743,0.0015065873740240932,28.22005676498975,0.980125904083252,0.12581317126750946,0.1309058666229248
uvg,Beauty,0,3,uvg_00_qp3_T12706,False,8,3,523,0.0016590987797826529,27.801277560868964,0.9782685041427612,0.1292755901813507,0.1298465132713318
uvg,Beauty,0,3,uvg_00_qp3_T12706,False,9,5,1195,0.0015767501899972558,28.02237108002469,0.9796354174613953,0.12557432055473328,0.1306740641593933
uvg,Beauty,0,3,uvg_00_qp3_T12706,False,10,3,238,0.0016516047762706876,27.820938698606653,0.9768033623695374,0.13026122748851776,0.12806034088134766
uvg,Beauty,0,3,uvg_00_qp3_T12706,False,11,4,452,0.0016361253801733255,27.861834183719253,0.9786935448646545,0.1315731406211853,0.13188815116882324
uvg,Beauty,0,3,uvg_00_qp3_T12706,False,12,3,368,0.0015736963832750916,28.030790532903943,0.9776278734207153,0.13288864493370056,0.1305457353591919
uvg,Beauty,0,3,uvg_00_qp3_T12706,False,13,4,628,0.0016556935152038932,27.81020052197547,0.9787249565124512,0.13423925638198853,0.13270878791809082
uvg,Beauty,0,3,uvg_00_qp3_T12706,False,14,3,232,0.001560070551931858,28.068557608623003,0.9779196381568909,0.13434426486492157,0.13299471139907837
uvg,Beauty,0,3,uvg_00_qp3_T12706,False,15,4,510,0.001738753286190331,27.597620361958835,0.9775384068489075,0.14010724425315857,0.13524854183197021
uvg,Beauty,0,3,uvg_00_qp3_T12706,False,16,3,423,0.001597526716068387,27.965518702311833,0.9772605895996094,0.13687452673912048,0.13437539339065552
uvg,Beauty,0,3,uvg_00_qp3_T12706,False,17,5,1394,0.0015624205116182566,28.062020682198497,0.9801508188247681,0.12899091839790344,0.13169294595718384
uvg,Beauty,0,3,uvg_00_qp3_T12706,False,18,3,155,0.0014936673687770963,28.257461066629368,0.978334903717041,0.1312381774187088,0.12733185291290283
uvg,Beauty,0,3,uvg_00_qp3_T12706,False,19,4,264,0.0016154994955286384,27.916931732632747,0.9795116186141968,0.14098858833312988,0.1356213092803955
uvg,Beauty,0,3,uvg_00_qp3_T12706,False,20,3,611,0.0015012220246717334,28.235550726074546,0.97898930311203,0.1377822756767273,0.134246826171875
uvg,Beauty,0,3,uvg_00_qp3_T12706,False,21,4,843,0.001716221566312015,27.65426644916782,0.9779443740844727,0.1418590545654297,0.13520598411560059
uvg,Beauty,0,3,uvg_00_qp3_T12706,False,22,3,241,0.0016104461392387748,27.930537954158797,0.9769419431686401,0.13984638452529907,0.13481324911117554
uvg,Beauty,0,3,uvg_00_qp3_T12706,False,23,4,398,0.0016516753239557147,27.82075319529241,0.9788057208061218,0.14162775874137878,0.1378570795059204
uvg,Beauty,0,3,uvg_00_qp3_T12706,False,24,3,557,0.0015355820069089532,28.1372698534464,0.9787024855613708,0.13713248074054718,0.1341119408607483
uvg,Beauty,0,3,uvg_00_qp3_T12706,False,25,5,1807,0.001592251006513834,27.979884679104966,0.9792883992195129,0.1295420080423355,0.13027459383010864
uvg,Beauty,0,3,uvg_00_qp3_T12706,False,26,3,179,0.0015207957476377487,28.179291104903534,0.9773616790771484,0.130743145942688,0.13187789916992188
uvg,Beauty,0,3,uvg_00_qp3_T12706,False,27,4,259,0.0015861432766541839,27.996575853350304,0.9790837168693542,0.13698239624500275,0.1415511965751648
uvg,Beauty,0,3,uvg_00_qp3_T12706,False,28,3,695,0.001454296987503767,28.373468954966285,0.9794572591781616,0.1309519112110138,0.13128012418746948
uvg,Beauty,0,3,uvg_00_qp3_T12706,False,29,4,881,0.0016673717182129622,27.779675692347002,0.9782949686050415,0.13577166199684143,0.13503408432006836
uvg,Beauty,0,3,uvg_00_qp3_T12706,False,30,3,177,0.0015401593409478664,28.124343458423663,0.9776948094367981,0.13501152396202087,0.13682454824447632
uvg,Beauty,0,3,uvg_00_qp3_T12706,False,31,4,284,0.001589123741723597,27.988422838779815,0.9792555570602417,0.13735421001911163,0.13332200050354004
uvg,Beauty,0,3,uvg_00_qp3_T12706,False,32,3,671,0.0014561229618266225,28.36801949619148,0.9792804718017578,0.13177107274532318,0.1334863305091858
uvg,Beauty,0,3,uvg_00_qp3_T12706,False,33,5,1584,0.00153272261377424,28.145364349743268,0.9800605177879333,0.12651820480823517,0.12786716222763062
uvg,Beauty,0,3,uvg_00_qp3_T12706,False,34,3,124,0.0014876401983201504,28.275020948514147,0.9781123399734497,0.12742184102535248,0.13318723440170288
uvg,Beauty,0,3,uvg_00_qp3_T12706,False,35,4,198,0.0015453164232894778,28.109825797871956,0.97967928647995,0.13185594975948334,0.13793033361434937
uvg,Beauty,0,3,uvg_00_qp3_T12706,False,36,3,653,0.0014261193573474884,28.458441252077563,0.9800898432731628,0.12433651089668274,0.12971806526184082
uvg,Beauty,0,3,uvg_00_qp3_T12706,False,37,4,771,0.0016373943071812391,27.858467238793242,0.9789746999740601,0.12937532365322113,0.13201630115509033
uvg,Beauty,0,3,uvg_00_qp3_T12706,False,38,3,144,0.0015301149105653167,28.15275952744188,0.9780641794204712,0.12940824031829834,0.13331812620162964
uvg,Beauty,0,3,uvg_00_qp3_T12706,False,39,4,270,0.0015718125505372882,28.035992478140066,0.9797170162200928,0.1361975520849228,0.13850080966949463
uvg,Beauty,0,3,uvg_00_qp3_T12706,False,40,3,638,0.0014477138174697757,28.393172805265753,0.9796974658966064,0.12719504535198212,0.13281744718551636
uvg,Beauty,0,3,uvg_00_qp3_T12706,False,41,5,1622,0.0015455496031790972,28.109170520427533,0.9799935817718506,0.1263943910598755,0.13065093755722046
uvg,Beauty,0,3,uvg_00_qp3_T12706,False,42,3,127,0.0014856330817565322,28.28088438384896,0.9781652092933655,0.12658166885375977,0.13017719984054565
uvg,Beauty,0,3,uvg_00_qp3_T12706,False,43,4,222,0.0015775600913912058,28.020140889062922,0.9793877601623535,0.13681404292583466,0.13791650533676147
uvg,Beauty,0,3,uvg_00_qp3_T12706,False,44,3,686,0.0014596349792554975,28.357557375822473,0.9795582890510559,0.13208329677581787,0.1304227113723755
uvg,Beauty,0,3,uvg_00_qp3_T12706,False,45,4,859,0.0016249731415882707,27.891538128736634,0.9793761372566223,0.12941426038742065,0.13571608066558838
uvg,Beauty,0,3,uvg_00_qp3_T12706,False,46,3,193,0.00154229870531708,28.1183150598173,0.9780071973800659,0.12790361046791077,0.12992197275161743
uvg,Beauty,0,3,uvg_00_qp3_T12706,False,47,4,317,0.001596196903847158,27.96913535930383,0.9794481992721558,0.1335754543542862,0.13607937097549438
uvg,Beauty,0,3,uvg_00_qp3_T12706,False,48,3,649,0.0014722879277542233,28.320072489612894,0.9794055819511414,0.12747804820537567,0.1294569969177246
uvg,Beauty,0,3,uvg_00_qp3_T12706,False,49,5,1714,0.0015583641361445189,28.073310551098125,0.9798492789268494,0.12056838721036911,0.12888658046722412
uvg,Beauty,0,3,uvg_00_qp3_T12706,False,50,3,148,0.0015027821063995361,28.23103984714727,0.97755366563797,0.12324793636798859,0.13014286756515503
uvg,Beauty,0,3,uvg_00_qp3_T12706,False,51,4,241,0.0015628981636837125,28.060693190960233,0.979062020778656,0.12809814512729645,0.1361774206161499
uvg,Beauty,0,3,uvg_00_qp3_T12706,False,52,3,700,0.0014325710944831371,28.43883816009393,0.9796469211578369,0.1200784370303154,0.129349946975708
uvg,Beauty,0,3,uvg_00_qp3_T12706,False,53,4,793,0.001643827185034752,27.841438416200468,0.9787986874580383,0.1215502992272377,0.12943905591964722
uvg,Beauty,0,3,uvg_00_qp3_T12706,False,54,3,192,0.0015191499842330813,28.183993465393065,0.977912187576294,0.12333880364894867,0.12835955619812012
uvg,Beauty,0,3,uvg_00_qp3_T12706,False,55,4,288,0.00156826910097152,28.045794142028633,0.9796021580696106,0.12661802768707275,0.12995123863220215
uvg,Beauty,0,3,uvg_00_qp3_T12706,False,56,3,623,0.0014469699235633016,28.39540495948167,0.9798232913017273,0.12128490954637527,0.13076317310333252
uvg,Beauty,0,3,uvg_00_qp3_T12706,False,57,5,1596,0.0015205772360786796,28.179915154403588,0.9801350235939026,0.11837926506996155,0.1269814372062683
uvg,Beauty,0,3,uvg_00_qp3_T12706,False,58,3,116,0.0014556588139384985,28.369404056463026,0.9782542586326599,0.11958017200231552,0.129025399684906
uvg,Beauty,0,3,uvg_00_qp3_T12706,False,59,4,175,0.001529170898720622,28.155439755270024,0.9798242449760437,0.12358392775058746,0.12950652837753296
uvg,Beauty,0,3,uvg_00_qp3_T12706,False,60,3,675,0.0013741785660386086,28.619568297172133,0.9805421829223633,0.11668800562620163,0.12305116653442383
uvg,Beauty,0,3,uvg_00_qp3_T12706,False,61,4,635,0.0016157516511157155,27.916253916051485,0.979232668876648,0.11952149122953415,0.12867069244384766
uvg,Beauty,0,3,uvg_00_qp3_T12706,False,62,3,121,0.0015018946724012494,28.233605232565328,0.9782692790031433,0.12028700858354568,0.13032996654510498
uvg,Beauty,0,3,uvg_00_qp3_T12706,False,63,4,219,0.0015864648157730699,27.995695551330904,0.9794372320175171,0.12541189789772034,0.13437098264694214
uvg,Bosphorus,1,1,uvg_01_qp1_BASELINE,True,0,1,3914,0.0009415350505150855,30.261635078704213,0.9459484815597534,0.19369938969612122,0.18898433446884155
uvg,Bosphorus,1,1,uvg_01_qp1_BASELINE,True,1,3,3876,0.0010126575361937284,29.945374009255055,0.9401776194572449,0.1737053394317627,0.13166534900665283
uvg,Bosphorus,1,1,uvg_01_qp1_BASELINE,True,2,1,924,0.0009582187631167471,30.185353293677867,0.9426175951957703,0.16358007490634918,0.1290297508239746
uvg,Bosphorus,1,1,uvg_01_qp1_BASELINE,True,3,2,586,0.0008603220921941102,30.653389247166256,0.9497162103652954,0.15651407837867737,0.12812906503677368
uvg,Bosphorus,1,1,uvg_01_qp1_BASELINE,True,4,1,744,0.0008218574221245944,30.85203518415309,0.9501476883888245,0.15183918178081512,0.12722206115722656
uvg,Bosphorus,1,1,uvg_01_qp1_BASELINE,True,5,2,333,0.0008026739815250039,30.95460814341347,0.9530816078186035,0.1528480350971222,0.12991899251937866
uvg,Bosphorus,1,1,uvg_01_qp1_BASELINE,True,6,1,348,0.0008097782847471535,30.916338735801183,0.9521247148513794,0.15265090763568878,0.13122767210006714
uvg,Bosphorus,1,1,uvg_01_qp1_BASELINE,True,7,2,203,0.0007814790587872267,31.070826552327727,0.9539920687675476,0.15445244312286377,0.13652729988098145
uvg,Bosphorus,1,1,uvg_01_qp1_BASELINE,True,8,1,81,0.0008053359924815595,30.94022890766229,0.9527651071548462,0.15663999319076538,0.13526320457458496
uvg,Bosphorus,1,1,uvg_01_qp1_BASELINE,True,9,3,210,0.0007684340234845877,31.143934143927385,0.9550678730010986,0.16013391315937042,0.13866043090820312
uvg,Bosphorus,1,1,uvg_01_qp1_BASELINE,True,10,1,81,0.0008269561803899705,30.825175026832852,0.9520320296287537,0.16157656908035278,0.13469690084457397
uvg,Bosphorus,1,1,uvg_01_qp1_BASELINE,True,11,2,57,0.0008017756044864655,30.959471621015776,0.953713059425354,0.16420772671699524,0.13825392723083496
uvg,Bosphorus,1,1,uvg_01_qp1_BASELINE,True,12,1,224,0.0008177301497198641,30.873899895102404,0.9523970484733582,0.16338196396827698,0.13395392894744873
uvg,Bosphorus,1,1,uvg_01_qp1_BASELINE,True,13,2,141,0.000799782807007432,30.97027936164058,0.9534940719604492,0.16512063145637512,0.1406010389328003
uvg,Bosphorus,1,1,uvg_01_qp1_BASELINE,True,14,1,65,0.0008430782472714782,30.741321160262626,0.9516984224319458,0.16633763909339905,0.14020729064941406
uvg,Bosphorus,1,1,uvg_01_qp1_BASELINE,True,15,2,77,0.000816391664557159,30.881014381246473,0.9529118537902832,0.16948188841342926,0.1441367268562317
uvg,Bosphorus,1,1,uvg_01_qp1_BASELINE,True,16,1,524,0.0008338568732142448,30.78908487141152,0.9517315626144409,0.16501611471176147,0.1396300196647644
uvg,Bosphorus,1,1,uvg_01_qp1_BASELINE,True,17,3,700,0.0007622999255545437,31.178741226427356,0.955685555934906,0.16395919024944305,0.14256584644317627
uvg,Bosphorus,1,1,uvg_01_qp1_BASELINE,True,18,1,55,0.0008370210416615009,30.77263624249731,0.9525976777076721,0.16632843017578125,0.13863861560821533
uvg,Bosphorus,1,1,uvg_01_qp1_BASELINE,True,19,2,53,0.000826942385174334,30.82524747608884,0.9537253975868225,0.16987916827201843,0.13972032070159912
uvg,Bosphorus,1,1,uvg_01_qp1_BASELINE,True,20,1,993,0.000799117551650852,30.973893304755006,0.9534653425216675,0.15961138904094696,0.13110798597335815
uvg,Bosphorus,1,1,uvg_01_qp1_BASELINE,True,21,2,304,0.0007737344712950289,31.114080540927375,0.9548797011375427,0.16310183703899384,0.13813084363937378
uvg,Bosphorus,1,1,uvg_01_qp1_BASELINE,True,22,1,48,0.0008285425137728453,30.816852023644408,0.9526869058609009,0.16538214683532715,0.14017343521118164
uvg,Bosphorus,1,1,uvg_01_qp1_BASELINE,True,23,2,58,0.0008169374195858836,30.87811210749689,0.9533557295799255,0.167186439037323,0.1428874135017395
uvg,Bosphorus,1,1,uvg_01_qp1_BASELINE,True,24,1,1139,0.0008006033021956682,30.965826229213967,0.9530870914459229,0.15874339640140533,0.13556897640228271
uvg,Bosphorus,1,1,uvg_01_qp1_BASELINE,True,25,3,733,0.0007511198637075722,31.24290752752159,0.9561944007873535,0.15911053121089935,0.14126473665237427
uvg,Bosphorus,1,1,uvg_01_qp1_BASELINE,True,26,1,39,0.0008358406485058367,30.778765121197488,0.9524364471435547,0.16104446351528168,0.14293646812438965
uvg,Bosphorus,1,1,uvg_01_qp1_BASELINE,True,27,2,47,0.0008268513483926654,30.82572561034666,0.9535297751426697,0.16446994245052338,0.142666757106781
uvg,Bosphorus,1,1,uvg_01_qp1_BASELINE,True,28,1,1220,0.0007901815697550774,31.022731040484146,0.9540326595306396,0.15361952781677246,0.13420188426971436
uvg,Bosphorus,1,1,uvg_01_qp1_BASELINE,True,29,2,283,0.0007672282517887652,31.150754134363773,0.9554230570793152,0.15613095462322235,0.13971513509750366
uvg,Bosphorus,1,1,uvg_01_qp1_BASELINE,True,30,1,42,0.0008260381291620433,30.82999905582174,0.953048825263977,0.15753433108329773,0.1376844048500061
uvg,Bosphorus,1,1,uvg_01_qp1_BASELINE,True,31,2,54,0.0008113828371278942,30.907741830002923,0.9539476633071899,0.1599102020263672,0.14152860641479492
uvg,Bosphorus,1,1,uvg_01_qp1_BASELINE,True,32,1,963,0.0007799165905453265,31.07951841159348,0.9546557664871216,0.15340816974639893,0.13200175762176514
uvg,Bosphorus,1,1,uvg_01_qp1_BASELINE,True,33,3,662,0.0007458038744516671,31.273753648087034,0.9566489458084106,0.15517985820770264,0.1347687840461731
uvg,Bosphorus,1,1,uvg_01_qp1_BASELINE,True,34,1,42,0.0008299892069771886,30.809275550705845,0.9531000256538391,0.15711428225040436,0.1300562024116516
uvg,Bosphorus,1,1,uvg_01_qp1_BASELINE,True,35,2,47,0.0008270232356153429,30.824822885638152,0.9541211724281311,0.15922042727470398,0.1346471905708313
uvg,Bosphorus,1,1,uvg_01_qp1_BASELINE,True,36,1,1145,0.000792427861597389,31.010402631621613,0.953900158405304,0.1504579782485962,0.12914973497390747
uvg,Bosphorus,1,1,uvg_01_qp1_BASELINE,True,37,2,301,0.0007771585369482636,31.094903779833768,0.9556843042373657,0.15414248406887054,0.1337077021598816
uvg,Bosphorus,1,1,uvg_01_qp1_BASELINE,True,38,1,43,0.0008280431502498686,30.819470310567585,0.9535838961601257,0.15478453040122986,0.1344900131225586
uvg,Bosphorus,1,1,uvg_01_qp1_BASELINE,True,39,2,59,0.0008173720561899245,30.875802137616446,0.9543253183364868,0.15741118788719177,0.13781899213790894
uvg,Bosphorus,1,1,uvg_01_qp1_BASELINE,True,40,1,998,0.0008012583712115884,30.96227420122726,0.9543511271476746,0.15093795955181122,0.1285407543182373
uvg,Bosphorus,1,1,uvg_01_qp1_BASELINE,True,41,3,679,0.0007607876905240119,31.187365228592135,0.9566575288772583,0.15186530351638794,0.13387715816497803
uvg,Bosphorus,1,1,uvg_01_qp1_BASELINE,True,42,1,39,0.0008488016901537776,30.71193764328525,0.9529253244400024,0.1533803641796112,0.13383924961090088
uvg,Bosphorus,1,1,uvg_01_qp1_BASELINE,True,43,2,47,0.000848312396556139,30.714441865211597,0.9538931846618652,0.1565091758966446,0.1390499472618103
uvg,Bosphorus,1,1,uvg_01_qp1_BASELINE,True,44,1,1168,0.0008039409294724464,30.94775860389131,0.9544723629951477,0.1487889438867569,0.12864750623703003
uvg,Bosphorus,1,1,uvg_01_qp1_BASELINE,True,45,2,257,0.0007799905724823475,31.079106464680297,0.9560270309448242,0.15331846475601196,0.13807237148284912
uvg,Bosphorus,1,1,uvg_01_qp1_BASELINE,True,46,1,40,0.0008423769613727927,30.7449351941693,0.9536646604537964,0.15425042808055878,0.13807004690170288
uvg,Bosphorus,1,1,uvg_01_qp1_BASELINE,True,47,2,55,0.0008318980108015239,30.799299141673806,0.954526960849762,0.15721173584461212,0.14212167263031006
uvg,Bosphorus,1,1,uvg_01_qp1_BASELINE,True,48,1,973,0.000815700099337846,30.88469484803447,0.9541434049606323,0.15266776084899902,0.13618040084838867
uvg,Bosphorus,1,1,uvg_01_qp1_BASELINE,True,49,3,547,0.0007655795780010521,31.160096599748712,0.9569973349571228,0.15614742040634155,0.14361536502838135
uvg,Bosphorus,1,1,uvg_01_qp1_BASELINE,True,50,1,38,0.0008463604608550668,30.72444633628311,0.9535459280014038,0.15639428794384003,0.13763970136642456
uvg,Bosphorus,1,1,uvg_01_qp1_BASELINE,True,51,2,49,0.0008419699152000248,30.74703426191613,0.9545807838439941,0.16020667552947998,0.1416466236114502
uvg,Bosphorus,1,1,uvg_01_qp1_BASELINE,True,52,1,1187,0.0008055783691816032,30.938922036649522,0.9548898935317993,0.15275008976459503,0.1334843635559082
uvg,Bosphorus,1,1,uvg_01_qp1_BASELINE,True,53,2,275,0.0007840258767828345,31.056696031847775,0.9561627507209778,0.15765970945358276,0.13816994428634644
uvg,Bosphorus,1,1,uvg_01_qp1_BASELINE,True,54,1,42,0.0008520989795215428,30.69509954806896,0.9536232948303223,0.15823166072368622,0.13609004020690918
uvg,Bosphorus,1,1,uvg_01_qp1_BASELINE,True,55,2,58,0.0008403261308558285,30.75552131387098,0.9541093111038208,0.15905308723449707,0.1425057053565979
uvg,Bosphorus,1,1,uvg_01_qp1_BASELINE,True,56,1,977,0.0008210003725253046,30.856566458213056,0.954074501991272,0.1533658802509308,0.1335848569869995
uvg,Bosphorus,1,1,uvg_01_qp1_BASELINE,True,57,3,556,0.0007640933035872877,31.168536063994775,0.9572769403457642,0.15434077382087708,0.14050692319869995
uvg,Bosphorus,1,1,uvg_01_qp1_BASELINE,True,58,1,39,0.0008567351615056396,30.671534087329682,0.953334391117096,0.1554505079984665,0.13560593128204346
uvg,Bosphorus,1,1,uvg_01_qp1_BASELINE,True,59,2,47,0.0008447138243354857,30.73290398224732,0.9546529650688171,0.15844541788101196,0.14090102910995483
uvg,Bosphorus,1,1,uvg_01_qp1_BASELINE,True,60,1,1155,0.000809946155641228,30.915438515968575,0.9548628926277161,0.15147018432617188,0.13204193115234375
uvg,Bosphorus,1,1,uvg_01_qp1_BASELINE,True,61,2,250,0.0007803915068507195,31.076874657612944,0.9564301371574402,0.15579473972320557,0.1403082013130188
uvg,Bosphorus,1,1,uvg_01_qp1_BASELINE,True,62,1,41,0.0008412272436544299,30.750866708677968,0.9540736675262451,0.15659067034721375,0.1394931674003601
uvg,Bosphorus,1,1,uvg_01_qp1_BASELINE,True,63,2,53,0.0008264582138508558,30.827790996881284,0.9549142122268677,0.15929163992404938,0.14471298456192017
uvg,Bosphorus,1,1,uvg_01_qp1_T12886,False,0,1,3914,0.0009415350505150855,30.261635078704213,0.9459484815597534,0.19369938969612122,0.18898433446884155
uvg,Bosphorus,1,1,uvg_01_qp1_T12886,False,1,3,3878,0.0010107818525284529,29.95342563959784,0.9402485489845276,0.17371560633182526,0.1317240595817566
uvg,Bosphorus,1,1,uvg_01_qp1_T12886,False,2,1,920,0.0009532523690722883,30.20792106721752,0.9429441094398499,0.1636543720960617,0.12892365455627441
uvg,Bosphorus,1,1,uvg_01_qp1_T12886,False,3,2,589,0.0008551681530661881,30.67948480864237,0.9499426484107971,0.15650217235088348,0.12807714939117432
uvg,Bosphorus,1,1,uvg_01_qp1_T12886,False,4,1,736,0.0008180733420886099,30.87207759120208,0.9503617286682129,0.15166562795639038,0.12768101692199707
uvg,Bosphorus,1,1,uvg_01_qp1_T12886,False,5,2,330,0.0007974021136760712,30.98322617486469,0.9533931016921997,0.15260829031467438,0.1304125189781189
uvg,Bosphorus,1,1,uvg_01_qp1_T12886,False,6,1,340,0.000799784145783633,30.970272091884034,0.9525494575500488,0.15213283896446228,0.1314908266067505
uvg,Bosphorus,1,1,uvg_01_qp1_T12886,False,7,2,197,0.0007802986656315625,31.07739135759519,0.9542863965034485,0.1536860466003418,0.1369858980178833
uvg,Bosphorus,1,1,uvg_01_qp1_T12886,False,8,1,84,0.0008081987034529448,30.924818506066636,0.9528385996818542,0.15598450601100922,0.13560742139816284
uvg,Bosphorus,1,1,uvg_01_qp1_T12886,False,9,3,210,0.0007684834999963641,31.143654527412803,0.9552886486053467,0.15926526486873627,0.1373753547668457
uvg,Bosphorus,1,1,uvg_01_qp1_T12886,False,10,1,72,0.0008259313181042671,30.83056065764967,0.9521077871322632,0.1611146330833435,0.13361722230911255
uvg,Bosphorus,1,1,uvg_01_qp1_T12886,False,11,2,62,0.0007950636208988726,30.995981177588735,0.9539673924446106,0.16429564356803894,0.13740146160125732
uvg,Bosphorus,1,1,uvg_01_qp1_T12886,False,12,1,227,0.0008203864563256502,30.859815179667464,0.9523019194602966,0.16325992345809937,0.13418227434158325
uvg,Bosphorus,1,1,uvg_01_qp1_T12886,False,13,2,141,0.0007925501558929682,31.009732442669367,0.9538794159889221,0.16497257351875305,0.14142131805419922
uvg,Bosphorus,1,1,uvg_01_qp1_T12886,False,14,1,63,0.0008428953588008881,30.742263374940322,0.9516429305076599,0.16630785167217255,0.14002084732055664
uvg,Bosphorus,1,1,uvg_01_qp1_T12886,False,15,2,71,0.0008242081967182457,30.83963070748336,0.9528031945228577,0.16965538263320923,0.143496572971344
uvg,Bosphorus,1,1,uvg_01_qp1_T12886,False,16,1,510,0.0008347441325895488,30.784466249156253,0.9513798952102661,0.16587935388088226,0.14005959033966064
uvg,Bosphorus,1,1,uvg_01_qp1_T12886,False,17,3,701,0.0007561310776509345,31.21402911686569,0.9556699395179749,0.1641227900981903,0.14191770553588867
uvg,Bosphorus,1,1,uvg_01_qp1_T12886,False,18,1,52,0.0008272291161119938,30.823741880506198,0.9525527954101562,0.16589461266994476,0.13804757595062256
uvg,Bosphorus,1,1,uvg_01_qp1_T12886,False,19,2,51,0.0008171748486347497,30.87685008739586,0.9538406729698181,0.16941644251346588,0.13905370235443115
uvg,Bosphorus,1,1,uvg_01_qp1_T12886,False,20,1,980,0.0007952138548716903,30.995160619081467,0.9530080556869507,0.15961457788944244,0.13093054294586182
uvg,Bosphorus,1,1,uvg_01_qp1_T12886,False,21,2,319,0.0007695341482758522,31.13772103475501,0.9547810554504395,0.1628512740135193,0.13803786039352417
uvg,Bosphorus,1,1,uvg_01_qp1_T12886,False,22,1,57,0.0008309143595397472,30.804437356574752,0.9523407220840454,0.16491816937923431,0.14055371284484863
uvg,Bosphorus,1,1,uvg_01_qp1_T12886,False,23,2,53,0.0008152532391250134,30.88707467000601,0.9531060457229614,0.1675625890493393,0.14165890216827393
uvg,Bosphorus,1,1,uvg_01_qp1_T12886,False,24,1,1163,0.0007912727887742221,31.016737690486806,0.9536462426185608,0.15785755217075348,0.13442730903625488
uvg,Bosphorus,1,1,uvg_01_qp1_T12886,False,25,3,722,0.0007428803946822882,31.290811029430657,0.9564104080200195,0.1581328958272934,0.1403622031211853
uvg,Bosphorus,1,1,uvg_01_qp1_T12886,False,26,1,48,0.000829820055514574,30.810160731295376,0.9528268575668335,0.15993791818618774,0.13860082626342773
uvg,Bosphorus,1,1,uvg_01_qp1_T12886,False,27,2,49,0.0008222082979045808,30.850181445393883,0.9540820121765137,0.16270332038402557,0.14050930738449097
uvg,Bosphorus,1,1,uvg_01_qp1_T12886,False,28,1,1192,0.0007832247065380216,31.0611362132763,0.9539386630058289,0.15278124809265137,0.13320648670196533
uvg,Bosphorus,1,1,uvg_01_qp1_T12886,False,29,2,299,0.0007596234208904207,31.194016534575802,0.955887496471405,0.1552477777004242,0.13805550336837769
uvg,Bosphorus,1,1,uvg_01_qp1_T12886,False,30,1,49,0.0008150587091222405,30.88811107665519,0.9538317322731018,0.15619605779647827,0.1375787854194641
uvg,Bosphorus,1,1,uvg_01_qp1_T12886,False,31,2,55,0.0008030983153730631,30.952312850944637,0.9545660018920898,0.1581791639328003,0.14128071069717407
uvg,Bosphorus,1,1,uvg_01_qp1_T12886,False,32,1,966,0.0007869824185036123,31.040349698418943,0.9542211890220642,0.15210431814193726,0.13076895475387573
uvg,Bosphorus,1,1,uvg_01_qp1_T12886,False,33,3,586,0.0007385140634141862,31.316412300676394,0.9575058817863464,0.15490424633026123,0.13734209537506104
uvg,Bosphorus,1,1,uvg_01_qp1_T12886,False,34,1,46,0.0008211976382881403,30.855523083027894,0.9537940621376038,0.15686875581741333,0.1335371732711792
uvg,Bosphorus,1,1,uvg_01_qp1_T12886,False,35,2,51,0.0008141447906382382,30.892983516423488,0.9550073146820068,0.15877926349639893,0.13558948040008545
uvg,Bosphorus,1,1,uvg_01_qp1_T12886,False,36,1,1165,0.0007836981676518917,31.058511686456324,0.9547634124755859,0.15007758140563965,0.13012218475341797
uvg,Bosphorus,1,1,uvg_01_qp1_T12886,False,37,2,340,0.0007628047605976462,31.175866052237815,0.9556620121002197,0.1535234898328781,0.13611066341400146
uvg,Bosphorus,1,1,uvg_01_qp1_T12886,False,38,1,45,0.0008220829768106341,30.850843448051315,0.9533028602600098,0.15527257323265076,0.13338369131088257
uvg,Bosphorus,1,1,uvg_01_qp1_T12886,False,39,2,54,0.0008103768341243267,30.913129824500636,0.953990638256073,0.15770097076892853,0.1371557116508484
uvg,Bosphorus,1,1,uvg_01_qp1_T12886,False,40,1,1059,0.0008016923675313592,30.959922510599558,0.9535191655158997,0.15023286640644073,0.12777549028396606
uvg,Bosphorus,1,1,uvg_01_qp1_T12886,False,41,3,592,0.0007495066965930164,31.252244825216362,0.9571502804756165,0.15264391899108887,0.13343334197998047
uvg,Bosphorus,1,1,uvg_01_qp1_T12886,False,42,1,41,0.0008348540286533535,30.783894527705304,0.9534082412719727,0.15365740656852722,0.13258808851242065
uvg,Bosphorus,1,1,uvg_01_qp1_T12886,False,43,2,52,0.0008270558901131153,30.824651410550015,0.9547331929206848,0.15630649030208588,0.13693302869796753
uvg,Bosphorus,1,1,uvg_01_qp1_T12886,False,44,1,1148,0.0007868970278650522,31.04082095030872,0.9550017714500427,0.14893542230129242,0.1286526322364807
uvg,Bosphorus,1,1,uvg_01_qp1_T12886,False,45,2,274,0.0007684423471800983,31.14388710130121,0.9568191766738892,0.15407802164554596,0.13762760162353516
uvg,Bosphorus,1,1,uvg_01_qp1_T12886,False,46,1,43,0.0008276280714198947,30.821647873924725,0.9545610547065735,0.15555502474308014,0.13864260911941528
uvg,Bosphorus,1,1,uvg_01_qp1_T12886,False,47,2,53,0.0008103805594146252,30.913109860093545,0.955522358417511,0.15808942914009094,0.14132559299468994
uvg,Bosphorus,1,1,uvg_01_qp1_T12886,False,48,1,996,0.0007938420167192817,31.00265918345944,0.9551311731338501,0.15277966856956482,0.13370442390441895
uvg,Bosphorus,1,1,uvg_01_qp1_T12886,False,49,3,586,0.0007558075594715774,31.215887686503166,0.9571964144706726,0.15596726536750793,0.1427081823348999
uvg,Bosphorus,1,1,uvg_01_qp1_T12886,False,50,1,39,0.0008405547123402357,30.754340127490547,0.9536148905754089,0.156448632478714,0.13818997144699097
uvg,Bosphorus,1,1,uvg_01_qp1_T12886,False,51,2,49,0.0008368293638341129,30.773630890798355,0.9545823931694031,0.16043761372566223,0.142714262008667
uvg,Bosphorus,1,1,uvg_01_qp1_T12886,False,52,1,1182,0.0008020313689485192,30.958086453133127,0.9547288417816162,0.15255914628505707,0.13222825527191162
uvg,Bosphorus,1,1,uvg_01_qp1_T12886,False,53,2,256,0.0007860810146667063,31.045326926252578,0.9563429951667786,0.15718267858028412,0.13920044898986816
uvg,Bosphorus,1,1,uvg_01_qp1_T12886,False,54,1,41,0.0008532028878107667,30.68947683276338,0.9534507393836975,0.157233327627182,0.1366073489189148
uvg,Bosphorus,1,1,uvg_01_qp1_T12886,False,55,2,54,0.0008349742274731398,30.78326929353451,0.9543724656105042,0.15869727730751038,0.14114117622375488
uvg,Bosphorus,1,1,uvg_01_qp1_T12886,False,56,1,986,0.000825940805952996,30.830510768553676,0.9539468884468079,0.15304625034332275,0.13300752639770508
uvg,Bosphorus,1,1,uvg_01_qp1_T12886,False,57,3,600,0.000770298414863646,31.13340995838239,0.9566613435745239,0.15504169464111328,0.13983482122421265
uvg,Bosphorus,1,1,uvg_01_qp1_T12886,False,58,1,39,0.0008645695052109659,30.63200086813199,0.9526488780975342,0.15562526881694794,0.13642358779907227
uvg,Bosphorus,1,1,uvg_01_qp1_T12886,False,59,2,51,0.000857011298649013,30.67013452395853,0.9537836909294128,0.15779320895671844,0.14120662212371826
uvg,Bosphorus,1,1,uvg_01_qp1_T12886,False,60,1,1168,0.0008181602461263537,30.87161626411095,0.9542831182479858,0.15017108619213104,0.13220971822738647
uvg,Bosphorus,1,1,uvg_01_qp1_T12886,False,61,2,252,0.0007967067649587989,30.987014951580136,0.9557912945747375,0.15472200512886047,0.13791489601135254
uvg,Bosphorus,1,1,uvg_01_qp1_T12886,False,62,1,39,0.0008679308230057359,30.615148881692722,0.952899694442749,0.15632236003875732,0.1372673511505127
uvg,Bosphorus,1,1,uvg_01_qp1_T12886,False,63,2,50,0.0008547543548047543,30.68158677881053,0.9536832571029663,0.15933886170387268,0.14330768585205078
uvg,Bosphorus,1,1,uvg_01_qp1_T12924,False,0,1,3914,0.0009415350505150855,30.261635078704213,0.9459484815597534,0.19369938969612122,0.18898433446884155
uvg,Bosphorus,1,1,uvg_01_qp1_T12924,False,1,3,3878,0.0010107818525284529,29.95342563959784,0.9402485489845276,0.17371560633182526,0.1317240595817566
uvg,Bosphorus,1,1,uvg_01_qp1_T12924,False,2,1,920,0.0009532523690722883,30.20792106721752,0.9429441094398499,0.1636543720960617,0.12892365455627441
uvg,Bosphorus,1,1,uvg_01_qp1_T12924,False,3,2,589,0.0008551681530661881,30.67948480864237,0.9499426484107971,0.15650217235088348,0.12807714939117432
uvg,Bosphorus,1,1,uvg_01_qp1_T12924,False,4,1,736,0.0008180733420886099,30.87207759120208,0.9503617286682129,0.15166562795639038,0.12768101692199707
uvg,Bosphorus,1,1,uvg_01_qp1_T12924,False,5,2,330,0.0007974021136760712,30.98322617486469,0.9533931016921997,0.15260829031467438,0.1304125189781189
uvg,Bosphorus,1,1,uvg_01_qp1_T12924,False,6,1,340,0.000799784145783633,30.970272091884034,0.9525494575500488,0.15213283896446228,0.1314908266067505
uvg,Bosphorus,1,1,uvg_01_qp1_T12924,False,7,2,197,0.0007802986656315625,31.07739135759519,0.9542863965034485,0.1536860466003418,0.1369858980178833
uvg,Bosphorus,1,1,uvg_01_qp1_T12924,False,8,1,84,0.0008081987034529448,30.924818506066636,0.9528385996818542,0.15598450601100922,0.13560742139816284
uvg,Bosphorus,1,1,uvg_01_qp1_T12924,False,9,3,210,0.0007684834999963641,31.143654527412803,0.9552886486053467,0.15926526486873627,0.1373753547668457
uvg,Bosphorus,1,1,uvg_01_qp1_T12924,False,10,1,72,0.0008259313181042671,30.83056065764967,0.9521077871322632,0.1611146330833435,0.13361722230911255
uvg,Bosphorus,1,1,uvg_01_qp1_T12924,False,11,2,62,0.0007950636208988726,30.995981177588735,0.9539673924446106,0.16429564356803894,0.13740146160125732
uvg,Bosphorus,1,1,uvg_01_qp1_T12924,False,12,1,227,0.0008203864563256502,30.859815179667464,0.9523019194602966,0.16325992345809937,0.13418227434158325
uvg,Bosphorus,1,1,uvg_01_qp1_T12924,False,13,2,141,0.0007925501558929682,31.009732442669367,0.9538794159889221,0.16497257351875305,0.14142131805419922
uvg,Bosphorus,1,1,uvg_01_qp1_T12924,False,14,1,63,0.0008428953588008881,30.742263374940322,0.9516429305076599,0.16630785167217255,0.14002084732055664
uvg,Bosphorus,1,1,uvg_01_qp1_T12924,False,15,2,71,0.0008242081967182457,30.83963070748336,0.9528031945228577,0.16965538263320923,0.143496572971344
uvg,Bosphorus,1,1,uvg_01_qp1_T12924,False,16,1,510,0.0008347441325895488,30.784466249156253,0.9513798952102661,0.16587935388088226,0.14005959033966064
uvg,Bosphorus,1,1,uvg_01_qp1_T12924,False,17,3,701,0.0007561310776509345,31.21402911686569,0.9556699395179749,0.1641227900981903,0.14191770553588867
uvg,Bosphorus,1,1,uvg_01_qp1_T12924,False,18,1,52,0.0008272291161119938,30.823741880506198,0.9525527954101562,0.16589461266994476,0.13804757595062256
uvg,Bosphorus,1,1,uvg_01_qp1_T12924,False,19,2,51,0.0008171748486347497,30.87685008739586,0.9538406729698181,0.16941644251346588,0.13905370235443115
uvg,Bosphorus,1,1,uvg_01_qp1_T12924,False,20,1,980,0.0007952138548716903,30.995160619081467,0.9530080556869507,0.15961457788944244,0.13093054294586182
uvg,Bosphorus,1,1,uvg_01_qp1_T12924,False,21,2,319,0.0007695341482758522,31.13772103475501,0.9547810554504395,0.1628512740135193,0.13803786039352417
uvg,Bosphorus,1,1,uvg_01_qp1_T12924,False,22,1,57,0.0008309143595397472,30.804437356574752,0.9523407220840454,0.16491816937923431,0.14055371284484863
uvg,Bosphorus,1,1,uvg_01_qp1_T12924,False,23,2,53,0.0008152532391250134,30.88707467000601,0.9531060457229614,0.1675625890493393,0.14165890216827393
uvg,Bosphorus,1,1,uvg_01_qp1_T12924,False,24,1,1163,0.0007912727887742221,31.016737690486806,0.9536462426185608,0.15785755217075348,0.13442730903625488
uvg,Bosphorus,1,1,uvg_01_qp1_T12924,False,25,3,722,0.0007428803946822882,31.290811029430657,0.9564104080200195,0.1581328958272934,0.1403622031211853
uvg,Bosphorus,1,1,uvg_01_qp1_T12924,False,26,1,48,0.000829820055514574,30.810160731295376,0.9528268575668335,0.15993791818618774,0.13860082626342773
uvg,Bosphorus,1,1,uvg_01_qp1_T12924,False,27,2,49,0.0008222082979045808,30.850181445393883,0.9540820121765137,0.16270332038402557,0.14050930738449097
uvg,Bosphorus,1,1,uvg_01_qp1_T12924,False,28,1,1192,0.0007832247065380216,31.0611362132763,0.9539386630058289,0.15278124809265137,0.13320648670196533
uvg,Bosphorus,1,1,uvg_01_qp1_T12924,False,29,2,299,0.0007596234208904207,31.194016534575802,0.955887496471405,0.1552477777004242,0.13805550336837769
uvg,Bosphorus,1,1,uvg_01_qp1_T12924,False,30,1,49,0.0008150587091222405,30.88811107665519,0.9538317322731018,0.15619605779647827,0.1375787854194641
uvg,Bosphorus,1,1,uvg_01_qp1_T12924,False,31,2,55,0.0008030983153730631,30.952312850944637,0.9545660018920898,0.1581791639328003,0.14128071069717407
uvg,Bosphorus,1,1,uvg_01_qp1_T12924,False,32,1,966,0.0007869824185036123,31.040349698418943,0.9542211890220642,0.15210431814193726,0.13076895475387573
uvg,Bosphorus,1,1,uvg_01_qp1_T12924,False,33,3,586,0.0007385140634141862,31.316412300676394,0.9575058817863464,0.15490424633026123,0.13734209537506104
uvg,Bosphorus,1,1,uvg_01_qp1_T12924,False,34,1,46,0.0008211976382881403,30.855523083027894,0.9537940621376038,0.15686875581741333,0.1335371732711792
uvg,Bosphorus,1,1,uvg_01_qp1_T12924,False,35,2,51,0.0008141447906382382,30.892983516423488,0.9550073146820068,0.15877926349639893,0.13558948040008545
uvg,Bosphorus,1,1,uvg_01_qp1_T12924,False,36,1,1165,0.0007836981676518917,31.058511686456324,0.9547634124755859,0.15007758140563965,0.13012218475341797
uvg,Bosphorus,1,1,uvg_01_qp1_T12924,False,37,2,340,0.0007628047605976462,31.175866052237815,0.9556620121002197,0.1535234898328781,0.13611066341400146
uvg,Bosphorus,1,1,uvg_01_qp1_T12924,False,38,1,45,0.0008220829768106341,30.850843448051315,0.9533028602600098,0.15527257323265076,0.13338369131088257
uvg,Bosphorus,1,1,uvg_01_qp1_T12924,False,39,2,54,0.0008103768341243267,30.913129824500636,0.953990638256073,0.15770097076892853,0.1371557116508484
uvg,Bosphorus,1,1,uvg_01_qp1_T12924,False,40,1,1059,0.0008016923675313592,30.959922510599558,0.9535191655158997,0.15023286640644073,0.12777549028396606
uvg,Bosphorus,1,1,uvg_01_qp1_T12924,False,41,3,592,0.0007495066965930164,31.252244825216362,0.9571502804756165,0.15264391899108887,0.13343334197998047
uvg,Bosphorus,1,1,uvg_01_qp1_T12924,False,42,1,41,0.0008348540286533535,30.783894527705304,0.9534082412719727,0.15365740656852722,0.13258808851242065
uvg,Bosphorus,1,1,uvg_01_qp1_T12924,False,43,2,52,0.0008270558901131153,30.824651410550015,0.9547331929206848,0.15630649030208588,0.13693302869796753
uvg,Bosphorus,1,1,uvg_01_qp1_T12924,False,44,1,1148,0.0007868970278650522,31.04082095030872,0.9550017714500427,0.14893542230129242,0.1286526322364807
uvg,Bosphorus,1,1,uvg_01_qp1_T12924,False,45,2,274,0.0007684423471800983,31.14388710130121,0.9568191766738892,0.15407802164554596,0.13762760162353516
uvg,Bosphorus,1,1,uvg_01_qp1_T12924,False,46,1,43,0.0008276280714198947,30.821647873924725,0.9545610547065735,0.15555502474308014,0.13864260911941528
uvg,Bosphorus,1,1,uvg_01_qp1_T12924,False,47,2,53,0.0008103805594146252,30.913109860093545,0.955522358417511,0.15808942914009094,0.14132559299468994
uvg,Bosphorus,1,1,uvg_01_qp1_T12924,False,48,1,996,0.0007938420167192817,31.00265918345944,0.9551311731338501,0.15277966856956482,0.13370442390441895
uvg,Bosphorus,1,1,uvg_01_qp1_T12924,False,49,3,586,0.0007558075594715774,31.215887686503166,0.9571964144706726,0.15596726536750793,0.1427081823348999
uvg,Bosphorus,1,1,uvg_01_qp1_T12924,False,50,1,39,0.0008405547123402357,30.754340127490547,0.9536148905754089,0.156448632478714,0.13818997144699097
uvg,Bosphorus,1,1,uvg_01_qp1_T12924,False,51,2,49,0.0008368293638341129,30.773630890798355,0.9545823931694031,0.16043761372566223,0.142714262008667
uvg,Bosphorus,1,1,uvg_01_qp1_T12924,False,52,1,1182,0.0008020313689485192,30.958086453133127,0.9547288417816162,0.15255914628505707,0.13222825527191162
uvg,Bosphorus,1,1,uvg_01_qp1_T12924,False,53,2,256,0.0007860810146667063,31.045326926252578,0.9563429951667786,0.15718267858028412,0.13920044898986816
uvg,Bosphorus,1,1,uvg_01_qp1_T12924,False,54,1,41,0.0008532028878107667,30.68947683276338,0.9534507393836975,0.157233327627182,0.1366073489189148
uvg,Bosphorus,1,1,uvg_01_qp1_T12924,False,55,2,54,0.0008349742274731398,30.78326929353451,0.9543724656105042,0.15869727730751038,0.14114117622375488
uvg,Bosphorus,1,1,uvg_01_qp1_T12924,False,56,1,986,0.000825940805952996,30.830510768553676,0.9539468884468079,0.15304625034332275,0.13300752639770508
uvg,Bosphorus,1,1,uvg_01_qp1_T12924,False,57,3,600,0.000770298414863646,31.13340995838239,0.9566613435745239,0.15504169464111328,0.13983482122421265
uvg,Bosphorus,1,1,uvg_01_qp1_T12924,False,58,1,39,0.0008645695052109659,30.63200086813199,0.9526488780975342,0.15562526881694794,0.13642358779907227
uvg,Bosphorus,1,1,uvg_01_qp1_T12924,False,59,2,51,0.000857011298649013,30.67013452395853,0.9537836909294128,0.15779320895671844,0.14120662212371826
uvg,Bosphorus,1,1,uvg_01_qp1_T12924,False,60,1,1168,0.0008181602461263537,30.87161626411095,0.9542831182479858,0.15017108619213104,0.13220971822738647
uvg,Bosphorus,1,1,uvg_01_qp1_T12924,False,61,2,252,0.0007967067649587989,30.987014951580136,0.9557912945747375,0.15472200512886047,0.13791489601135254
uvg,Bosphorus,1,1,uvg_01_qp1_T12924,False,62,1,39,0.0008679308230057359,30.615148881692722,0.952899694442749,0.15632236003875732,0.1372673511505127
uvg,Bosphorus,1,1,uvg_01_qp1_T12924,False,63,2,50,0.0008547543548047543,30.68158677881053,0.9536832571029663,0.15933886170387268,0.14330768585205078
uvg,Bosphorus,1,1,uvg_01_qp1_T12962,False,0,1,3914,0.0009415350505150855,30.261635078704213,0.9459484815597534,0.19369938969612122,0.18898433446884155
uvg,Bosphorus,1,1,uvg_01_qp1_T12962,False,1,3,3878,0.0010107818525284529,29.95342563959784,0.9402485489845276,0.17371560633182526,0.1317240595817566
uvg,Bosphorus,1,1,uvg_01_qp1_T12962,False,2,1,920,0.0009532523690722883,30.20792106721752,0.9429441094398499,0.1636543720960617,0.12892365455627441
uvg,Bosphorus,1,1,uvg_01_qp1_T12962,False,3,2,589,0.0008551681530661881,30.67948480864237,0.9499426484107971,0.15650217235088348,0.12807714939117432
uvg,Bosphorus,1,1,uvg_01_qp1_T12962,False,4,1,736,0.0008180733420886099,30.87207759120208,0.9503617286682129,0.15166562795639038,0.12768101692199707
uvg,Bosphorus,1,1,uvg_01_qp1_T12962,False,5,2,330,0.0007974021136760712,30.98322617486469,0.9533931016921997,0.15260829031467438,0.1304125189781189
uvg,Bosphorus,1,1,uvg_01_qp1_T12962,False,6,1,340,0.000799784145783633,30.970272091884034,0.9525494575500488,0.15213283896446228,0.1314908266067505
uvg,Bosphorus,1,1,uvg_01_qp1_T12962,False,7,2,197,0.0007802986656315625,31.07739135759519,0.9542863965034485,0.1536860466003418,0.1369858980178833
uvg,Bosphorus,1,1,uvg_01_qp1_T12962,False,8,1,84,0.0008081987034529448,30.924818506066636,0.9528385996818542,0.15598450601100922,0.13560742139816284
uvg,Bosphorus,1,1,uvg_01_qp1_T12962,False,9,3,210,0.0007684834999963641,31.143654527412803,0.9552886486053467,0.15926526486873627,0.1373753547668457
uvg,Bosphorus,1,1,uvg_01_qp1_T12962,False,10,1,72,0.0008259313181042671,30.83056065764967,0.9521077871322632,0.1611146330833435,0.13361722230911255
uvg,Bosphorus,1,1,uvg_01_qp1_T12962,False,11,2,62,0.0007950636208988726,30.995981177588735,0.9539673924446106,0.16429564356803894,0.13740146160125732
uvg,Bosphorus,1,1,uvg_01_qp1_T12962,False,12,1,227,0.0008203864563256502,30.859815179667464,0.9523019194602966,0.16325992345809937,0.13418227434158325
uvg,Bosphorus,1,1,uvg_01_qp1_T12962,False,13,2,141,0.0007925501558929682,31.009732442669367,0.9538794159889221,0.16497257351875305,0.14142131805419922
uvg,Bosphorus,1,1,uvg_01_qp1_T12962,False,14,1,63,0.0008428953588008881,30.742263374940322,0.9516429305076599,0.16630785167217255,0.14002084732055664
uvg,Bosphorus,1,1,uvg_01_qp1_T12962,False,15,2,71,0.0008242081967182457,30.83963070748336,0.9528031945228577,0.16965538263320923,0.143496572971344
uvg,Bosphorus,1,1,uvg_01_qp1_T12962,False,16,1,510,0.0008347441325895488,30.784466249156253,0.9513798952102661,0.16587935388088226,0.14005959033966064
uvg,Bosphorus,1,1,uvg_01_qp1_T12962,False,17,3,701,0.0007561310776509345,31.21402911686569,0.9556699395179749,0.1641227900981903,0.14191770553588867
uvg,Bosphorus,1,1,uvg_01_qp1_T12962,False,18,1,52,0.0008272291161119938,30.823741880506198,0.9525527954101562,0.16589461266994476,0.13804757595062256
uvg,Bosphorus,1,1,uvg_01_qp1_T12962,False,19,2,51,0.0008171748486347497,30.87685008739586,0.9538406729698181,0.16941644251346588,0.13905370235443115
uvg,Bosphorus,1,1,uvg_01_qp1_T12962,False,20,1,980,0.0007952138548716903,30.995160619081467,0.9530080556869507,0.15961457788944244,0.13093054294586182
uvg,Bosphorus,1,1,uvg_01_qp1_T12962,False,21,2,319,0.0007695341482758522,31.13772103475501,0.9547810554504395,0.1628512740135193,0.13803786039352417
uvg,Bosphorus,1,1,uvg_01_qp1_T12962,False,22,1,57,0.0008309143595397472,30.804437356574752,0.9523407220840454,0.16491816937923431,0.14055371284484863
uvg,Bosphorus,1,1,uvg_01_qp1_T12962,False,23,2,53,0.0008152532391250134,30.88707467000601,0.9531060457229614,0.1675625890493393,0.14165890216827393
uvg,Bosphorus,1,1,uvg_01_qp1_T12962,False,24,1,1163,0.0007912727887742221,31.016737690486806,0.9536462426185608,0.15785755217075348,0.13442730903625488
uvg,Bosphorus,1,1,uvg_01_qp1_T12962,False,25,3,722,0.0007428803946822882,31.290811029430657,0.9564104080200195,0.1581328958272934,0.1403622031211853
uvg,Bosphorus,1,1,uvg_01_qp1_T12962,False,26,1,48,0.000829820055514574,30.810160731295376,0.9528268575668335,0.15993791818618774,0.13860082626342773
uvg,Bosphorus,1,1,uvg_01_qp1_T12962,False,27,2,49,0.0008222082979045808,30.850181445393883,0.9540820121765137,0.16270332038402557,0.14050930738449097
uvg,Bosphorus,1,1,uvg_01_qp1_T12962,False,28,1,1192,0.0007832247065380216,31.0611362132763,0.9539386630058289,0.15278124809265137,0.13320648670196533
uvg,Bosphorus,1,1,uvg_01_qp1_T12962,False,29,2,299,0.0007596234208904207,31.194016534575802,0.955887496471405,0.1552477777004242,0.13805550336837769
uvg,Bosphorus,1,1,uvg_01_qp1_T12962,False,30,1,49,0.0008150587091222405,30.88811107665519,0.9538317322731018,0.15619605779647827,0.1375787854194641
uvg,Bosphorus,1,1,uvg_01_qp1_T12962,False,31,2,55,0.0008030983153730631,30.952312850944637,0.9545660018920898,0.1581791639328003,0.14128071069717407
uvg,Bosphorus,1,1,uvg_01_qp1_T12962,False,32,1,966,0.0007869824185036123,31.040349698418943,0.9542211890220642,0.15210431814193726,0.13076895475387573
uvg,Bosphorus,1,1,uvg_01_qp1_T12962,False,33,3,586,0.0007385140634141862,31.316412300676394,0.9575058817863464,0.15490424633026123,0.13734209537506104
uvg,Bosphorus,1,1,uvg_01_qp1_T12962,False,34,1,46,0.0008211976382881403,30.855523083027894,0.9537940621376038,0.15686875581741333,0.1335371732711792
uvg,Bosphorus,1,1,uvg_01_qp1_T12962,False,35,2,51,0.0008141447906382382,30.892983516423488,0.9550073146820068,0.15877926349639893,0.13558948040008545
uvg,Bosphorus,1,1,uvg_01_qp1_T12962,False,36,1,1165,0.0007836981676518917,31.058511686456324,0.9547634124755859,0.15007758140563965,0.13012218475341797
uvg,Bosphorus,1,1,uvg_01_qp1_T12962,False,37,2,340,0.0007628047605976462,31.175866052237815,0.9556620121002197,0.1535234898328781,0.13611066341400146
uvg,Bosphorus,1,1,uvg_01_qp1_T12962,False,38,1,45,0.0008220829768106341,30.850843448051315,0.9533028602600098,0.15527257323265076,0.13338369131088257
uvg,Bosphorus,1,1,uvg_01_qp1_T12962,False,39,2,54,0.0008103768341243267,30.913129824500636,0.953990638256073,0.15770097076892853,0.1371557116508484
uvg,Bosphorus,1,1,uvg_01_qp1_T12962,False,40,1,1059,0.0008016923675313592,30.959922510599558,0.9535191655158997,0.15023286640644073,0.12777549028396606
uvg,Bosphorus,1,1,uvg_01_qp1_T12962,False,41,3,592,0.0007495066965930164,31.252244825216362,0.9571502804756165,0.15264391899108887,0.13343334197998047
uvg,Bosphorus,1,1,uvg_01_qp1_T12962,False,42,1,41,0.0008348540286533535,30.783894527705304,0.9534082412719727,0.15365740656852722,0.13258808851242065
uvg,Bosphorus,1,1,uvg_01_qp1_T12962,False,43,2,52,0.0008270558901131153,30.824651410550015,0.9547331929206848,0.15630649030208588,0.13693302869796753
uvg,Bosphorus,1,1,uvg_01_qp1_T12962,False,44,1,1148,0.0007868970278650522,31.04082095030872,0.9550017714500427,0.14893542230129242,0.1286526322364807
uvg,Bosphorus,1,1,uvg_01_qp1_T12962,False,45,2,274,0.0007684423471800983,31.14388710130121,0.9568191766738892,0.15407802164554596,0.13762760162353516
uvg,Bosphorus,1,1,uvg_01_qp1_T12962,False,46,1,43,0.0008276280714198947,30.821647873924725,0.9545610547065735,0.15555502474308014,0.13864260911941528
uvg,Bosphorus,1,1,uvg_01_qp1_T12962,False,47,2,53,0.0008103805594146252,30.913109860093545,0.955522358417511,0.15808942914009094,0.14132559299468994
uvg,Bosphorus,1,1,uvg_01_qp1_T12962,False,48,1,996,0.0007938420167192817,31.00265918345944,0.9551311731338501,0.15277966856956482,0.13370442390441895
uvg,Bosphorus,1,1,uvg_01_qp1_T12962,False,49,3,586,0.0007558075594715774,31.215887686503166,0.9571964144706726,0.15596726536750793,0.1427081823348999
uvg,Bosphorus,1,1,uvg_01_qp1_T12962,False,50,1,39,0.0008405547123402357,30.754340127490547,0.9536148905754089,0.156448632478714,0.13818997144699097
uvg,Bosphorus,1,1,uvg_01_qp1_T12962,False,51,2,49,0.0008368293638341129,30.773630890798355,0.9545823931694031,0.16043761372566223,0.142714262008667
uvg,Bosphorus,1,1,uvg_01_qp1_T12962,False,52,1,1182,0.0008020313689485192,30.958086453133127,0.9547288417816162,0.15255914628505707,0.13222825527191162
uvg,Bosphorus,1,1,uvg_01_qp1_T12962,False,53,2,256,0.0007860810146667063,31.045326926252578,0.9563429951667786,0.15718267858028412,0.13920044898986816
uvg,Bosphorus,1,1,uvg_01_qp1_T12962,False,54,1,41,0.0008532028878107667,30.68947683276338,0.9534507393836975,0.157233327627182,0.1366073489189148
uvg,Bosphorus,1,1,uvg_01_qp1_T12962,False,55,2,54,0.0008349742274731398,30.78326929353451,0.9543724656105042,0.15869727730751038,0.14114117622375488
uvg,Bosphorus,1,1,uvg_01_qp1_T12962,False,56,1,986,0.000825940805952996,30.830510768553676,0.9539468884468079,0.15304625034332275,0.13300752639770508
uvg,Bosphorus,1,1,uvg_01_qp1_T12962,False,57,3,600,0.000770298414863646,31.13340995838239,0.9566613435745239,0.15504169464111328,0.13983482122421265
uvg,Bosphorus,1,1,uvg_01_qp1_T12962,False,58,1,39,0.0008645695052109659,30.63200086813199,0.9526488780975342,0.15562526881694794,0.13642358779907227
uvg,Bosphorus,1,1,uvg_01_qp1_T12962,False,59,2,51,0.000857011298649013,30.67013452395853,0.9537836909294128,0.15779320895671844,0.14120662212371826
uvg,Bosphorus,1,1,uvg_01_qp1_T12962,False,60,1,1168,0.0008181602461263537,30.87161626411095,0.9542831182479858,0.15017108619213104,0.13220971822738647
uvg,Bosphorus,1,1,uvg_01_qp1_T12962,False,61,2,252,0.0007967067649587989,30.987014951580136,0.9557912945747375,0.15472200512886047,0.13791489601135254
uvg,Bosphorus,1,1,uvg_01_qp1_T12962,False,62,1,39,0.0008679308230057359,30.615148881692722,0.952899694442749,0.15632236003875732,0.1372673511505127
uvg,Bosphorus,1,1,uvg_01_qp1_T12962,False,63,2,50,0.0008547543548047543,30.68158677881053,0.9536832571029663,0.15933886170387268,0.14330768585205078
uvg,Bosphorus,1,1,uvg_01_qp1_T13000,False,0,1,3914,0.0009415350505150855,30.261635078704213,0.9459484815597534,0.19369938969612122,0.18898433446884155
uvg,Bosphorus,1,1,uvg_01_qp1_T13000,False,1,3,3878,0.0010107818525284529,29.95342563959784,0.9402485489845276,0.17371560633182526,0.1317240595817566
uvg,Bosphorus,1,1,uvg_01_qp1_T13000,False,2,1,920,0.0009532523690722883,30.20792106721752,0.9429441094398499,0.1636543720960617,0.12892365455627441
uvg,Bosphorus,1,1,uvg_01_qp1_T13000,False,3,2,589,0.0008551681530661881,30.67948480864237,0.9499426484107971,0.15650217235088348,0.12807714939117432
uvg,Bosphorus,1,1,uvg_01_qp1_T13000,False,4,1,736,0.0008180733420886099,30.87207759120208,0.9503617286682129,0.15166562795639038,0.12768101692199707
uvg,Bosphorus,1,1,uvg_01_qp1_T13000,False,5,2,330,0.0007974021136760712,30.98322617486469,0.9533931016921997,0.15260829031467438,0.1304125189781189
uvg,Bosphorus,1,1,uvg_01_qp1_T13000,False,6,1,340,0.000799784145783633,30.970272091884034,0.9525494575500488,0.15213283896446228,0.1314908266067505
uvg,Bosphorus,1,1,uvg_01_qp1_T13000,False,7,2,197,0.0007802986656315625,31.07739135759519,0.9542863965034485,0.1536860466003418,0.1369858980178833
uvg,Bosphorus,1,1,uvg_01_qp1_T13000,False,8,1,84,0.0008081987034529448,30.924818506066636,0.9528385996818542,0.15598450601100922,0.13560742139816284
uvg,Bosphorus,1,1,uvg_01_qp1_T13000,False,9,3,210,0.0007684834999963641,31.143654527412803,0.9552886486053467,0.15926526486873627,0.1373753547668457
uvg,Bosphorus,1,1,uvg_01_qp1_T13000,False,10,1,72,0.0008259313181042671,30.83056065764967,0.9521077871322632,0.1611146330833435,0.13361722230911255
uvg,Bosphorus,1,1,uvg_01_qp1_T13000,False,11,2,62,0.0007950636208988726,30.995981177588735,0.9539673924446106,0.16429564356803894,0.13740146160125732
uvg,Bosphorus,1,1,uvg_01_qp1_T13000,False,12,1,227,0.0008203864563256502,30.859815179667464,0.9523019194602966,0.16325992345809937,0.13418227434158325
uvg,Bosphorus,1,1,uvg_01_qp1_T13000,False,13,2,141,0.0007925501558929682,31.009732442669367,0.9538794159889221,0.16497257351875305,0.14142131805419922
uvg,Bosphorus,1,1,uvg_01_qp1_T13000,False,14,1,63,0.0008428953588008881,30.742263374940322,0.9516429305076599,0.16630785167217255,0.14002084732055664
uvg,Bosphorus,1,1,uvg_01_qp1_T13000,False,15,2,71,0.0008242081967182457,30.83963070748336,0.9528031945228577,0.16965538263320923,0.143496572971344
uvg,Bosphorus,1,1,uvg_01_qp1_T13000,False,16,1,510,0.0008347441325895488,30.784466249156253,0.9513798952102661,0.16587935388088226,0.14005959033966064
uvg,Bosphorus,1,1,uvg_01_qp1_T13000,False,17,3,701,0.0007561310776509345,31.21402911686569,0.9556699395179749,0.1641227900981903,0.14191770553588867
uvg,Bosphorus,1,1,uvg_01_qp1_T13000,False,18,1,52,0.0008272291161119938,30.823741880506198,0.9525527954101562,0.16589461266994476,0.13804757595062256
uvg,Bosphorus,1,1,uvg_01_qp1_T13000,False,19,2,51,0.0008171748486347497,30.87685008739586,0.9538406729698181,0.16941644251346588,0.13905370235443115
uvg,Bosphorus,1,1,uvg_01_qp1_T13000,False,20,1,980,0.0007952138548716903,30.995160619081467,0.9530080556869507,0.15961457788944244,0.13093054294586182
uvg,Bosphorus,1,1,uvg_01_qp1_T13000,False,21,2,319,0.0007695341482758522,31.13772103475501,0.9547810554504395,0.1628512740135193,0.13803786039352417
uvg,Bosphorus,1,1,uvg_01_qp1_T13000,False,22,1,57,0.0008309143595397472,30.804437356574752,0.9523407220840454,0.16491816937923431,0.14055371284484863
uvg,Bosphorus,1,1,uvg_01_qp1_T13000,False,23,2,53,0.0008152532391250134,30.88707467000601,0.9531060457229614,0.1675625890493393,0.14165890216827393
uvg,Bosphorus,1,1,uvg_01_qp1_T13000,False,24,1,1163,0.0007912727887742221,31.016737690486806,0.9536462426185608,0.15785755217075348,0.13442730903625488
uvg,Bosphorus,1,1,uvg_01_qp1_T13000,False,25,3,722,0.0007428803946822882,31.290811029430657,0.9564104080200195,0.1581328958272934,0.1403622031211853
uvg,Bosphorus,1,1,uvg_01_qp1_T13000,False,26,1,48,0.000829820055514574,30.810160731295376,0.9528268575668335,0.15993791818618774,0.13860082626342773
uvg,Bosphorus,1,1,uvg_01_qp1_T13000,False,27,2,49,0.0008222082979045808,30.850181445393883,0.9540820121765137,0.16270332038402557,0.14050930738449097
uvg,Bosphorus,1,1,uvg_01_qp1_T13000,False,28,1,1192,0.0007832247065380216,31.0611362132763,0.9539386630058289,0.15278124809265137,0.13320648670196533
uvg,Bosphorus,1,1,uvg_01_qp1_T13000,False,29,2,299,0.0007596234208904207,31.194016534575802,0.955887496471405,0.1552477777004242,0.13805550336837769
uvg,Bosphorus,1,1,uvg_01_qp1_T13000,False,30,1,49,0.0008150587091222405,30.88811107665519,0.9538317322731018,0.15619605779647827,0.1375787854194641
uvg,Bosphorus,1,1,uvg_01_qp1_T13000,False,31,2,55,0.0008030983153730631,30.952312850944637,0.9545660018920898,0.1581791639328003,0.14128071069717407
uvg,Bosphorus,1,1,uvg_01_qp1_T13000,False,32,1,966,0.0007869824185036123,31.040349698418943,0.9542211890220642,0.15210431814193726,0.13076895475387573
uvg,Bosphorus,1,1,uvg_01_qp1_T13000,False,33,3,586,0.0007385140634141862,31.316412300676394,0.9575058817863464,0.15490424633026123,0.13734209537506104
uvg,Bosphorus,1,1,uvg_01_qp1_T13000,False,34,1,46,0.0008211976382881403,30.855523083027894,0.9537940621376038,0.15686875581741333,0.1335371732711792
uvg,Bosphorus,1,1,uvg_01_qp1_T13000,False,35,2,51,0.0008141447906382382,30.892983516423488,0.9550073146820068,0.15877926349639893,0.13558948040008545
uvg,Bosphorus,1,1,uvg_01_qp1_T13000,False,36,1,1165,0.0007836981676518917,31.058511686456324,0.9547634124755859,0.15007758140563965,0.13012218475341797
uvg,Bosphorus,1,1,uvg_01_qp1_T13000,False,37,2,340,0.0007628047605976462,31.175866052237815,0.9556620121002197,0.1535234898328781,0.13611066341400146
uvg,Bosphorus,1,1,uvg_01_qp1_T13000,False,38,1,45,0.0008220829768106341,30.850843448051315,0.9533028602600098,0.15527257323265076,0.13338369131088257
uvg,Bosphorus,1,1,uvg_01_qp1_T13000,False,39,2,54,0.0008103768341243267,30.913129824500636,0.953990638256073,0.15770097076892853,0.1371557116508484
uvg,Bosphorus,1,1,uvg_01_qp1_T13000,False,40,1,1059,0.0008016923675313592,30.959922510599558,0.9535191655158997,0.15023286640644073,0.12777549028396606
uvg,Bosphorus,1,1,uvg_01_qp1_T13000,False,41,3,592,0.0007495066965930164,31.252244825216362,0.9571502804756165,0.15264391899108887,0.13343334197998047
uvg,Bosphorus,1,1,uvg_01_qp1_T13000,False,42,1,41,0.0008348540286533535,30.783894527705304,0.9534082412719727,0.15365740656852722,0.13258808851242065
uvg,Bosphorus,1,1,uvg_01_qp1_T13000,False,43,2,52,0.0008270558901131153,30.824651410550015,0.9547331929206848,0.15630649030208588,0.13693302869796753
uvg,Bosphorus,1,1,uvg_01_qp1_T13000,False,44,1,1148,0.0007868970278650522,31.04082095030872,0.9550017714500427,0.14893542230129242,0.1286526322364807
uvg,Bosphorus,1,1,uvg_01_qp1_T13000,False,45,2,274,0.0007684423471800983,31.14388710130121,0.9568191766738892,0.15407802164554596,0.13762760162353516
uvg,Bosphorus,1,1,uvg_01_qp1_T13000,False,46,1,43,0.0008276280714198947,30.821647873924725,0.9545610547065735,0.15555502474308014,0.13864260911941528
uvg,Bosphorus,1,1,uvg_01_qp1_T13000,False,47,2,53,0.0008103805594146252,30.913109860093545,0.955522358417511,0.15808942914009094,0.14132559299468994
uvg,Bosphorus,1,1,uvg_01_qp1_T13000,False,48,1,996,0.0007938420167192817,31.00265918345944,0.9551311731338501,0.15277966856956482,0.13370442390441895
uvg,Bosphorus,1,1,uvg_01_qp1_T13000,False,49,3,586,0.0007558075594715774,31.215887686503166,0.9571964144706726,0.15596726536750793,0.1427081823348999
uvg,Bosphorus,1,1,uvg_01_qp1_T13000,False,50,1,39,0.0008405547123402357,30.754340127490547,0.9536148905754089,0.156448632478714,0.13818997144699097
uvg,Bosphorus,1,1,uvg_01_qp1_T13000,False,51,2,49,0.0008368293638341129,30.773630890798355,0.9545823931694031,0.16043761372566223,0.142714262008667
uvg,Bosphorus,1,1,uvg_01_qp1_T13000,False,52,1,1182,0.0008020313689485192,30.958086453133127,0.9547288417816162,0.15255914628505707,0.13222825527191162
uvg,Bosphorus,1,1,uvg_01_qp1_T13000,False,53,2,256,0.0007860810146667063,31.045326926252578,0.9563429951667786,0.15718267858028412,0.13920044898986816
uvg,Bosphorus,1,1,uvg_01_qp1_T13000,False,54,1,41,0.0008532028878107667,30.68947683276338,0.9534507393836975,0.157233327627182,0.1366073489189148
uvg,Bosphorus,1,1,uvg_01_qp1_T13000,False,55,2,54,0.0008349742274731398,30.78326929353451,0.9543724656105042,0.15869727730751038,0.14114117622375488
uvg,Bosphorus,1,1,uvg_01_qp1_T13000,False,56,1,986,0.000825940805952996,30.830510768553676,0.9539468884468079,0.15304625034332275,0.13300752639770508
uvg,Bosphorus,1,1,uvg_01_qp1_T13000,False,57,3,600,0.000770298414863646,31.13340995838239,0.9566613435745239,0.15504169464111328,0.13983482122421265
uvg,Bosphorus,1,1,uvg_01_qp1_T13000,False,58,1,39,0.0008645695052109659,30.63200086813199,0.9526488780975342,0.15562526881694794,0.13642358779907227
uvg,Bosphorus,1,1,uvg_01_qp1_T13000,False,59,2,51,0.000857011298649013,30.67013452395853,0.9537836909294128,0.15779320895671844,0.14120662212371826
uvg,Bosphorus,1,1,uvg_01_qp1_T13000,False,60,1,1168,0.0008181602461263537,30.87161626411095,0.9542831182479858,0.15017108619213104,0.13220971822738647
uvg,Bosphorus,1,1,uvg_01_qp1_T13000,False,61,2,252,0.0007967067649587989,30.987014951580136,0.9557912945747375,0.15472200512886047,0.13791489601135254
uvg,Bosphorus,1,1,uvg_01_qp1_T13000,False,62,1,39,0.0008679308230057359,30.615148881692722,0.952899694442749,0.15632236003875732,0.1372673511505127
uvg,Bosphorus,1,1,uvg_01_qp1_T13000,False,63,2,50,0.0008547543548047543,30.68158677881053,0.9536832571029663,0.15933886170387268,0.14330768585205078
uvg,Bosphorus,1,1,uvg_01_qp1_T13038,False,0,1,3914,0.0009415350505150855,30.261635078704213,0.9459484815597534,0.19369938969612122,0.18898433446884155
uvg,Bosphorus,1,1,uvg_01_qp1_T13038,False,1,3,3878,0.0010107818525284529,29.95342563959784,0.9402485489845276,0.17371560633182526,0.1317240595817566
uvg,Bosphorus,1,1,uvg_01_qp1_T13038,False,2,1,920,0.0009532523690722883,30.20792106721752,0.9429441094398499,0.1636543720960617,0.12892365455627441
uvg,Bosphorus,1,1,uvg_01_qp1_T13038,False,3,2,589,0.0008551681530661881,30.67948480864237,0.9499426484107971,0.15650217235088348,0.12807714939117432
uvg,Bosphorus,1,1,uvg_01_qp1_T13038,False,4,1,736,0.0008180733420886099,30.87207759120208,0.9503617286682129,0.15166562795639038,0.12768101692199707
uvg,Bosphorus,1,1,uvg_01_qp1_T13038,False,5,2,330,0.0007974021136760712,30.98322617486469,0.9533931016921997,0.15260829031467438,0.1304125189781189
uvg,Bosphorus,1,1,uvg_01_qp1_T13038,False,6,1,340,0.000799784145783633,30.970272091884034,0.9525494575500488,0.15213283896446228,0.1314908266067505
uvg,Bosphorus,1,1,uvg_01_qp1_T13038,False,7,2,197,0.0007802986656315625,31.07739135759519,0.9542863965034485,0.1536860466003418,0.1369858980178833
uvg,Bosphorus,1,1,uvg_01_qp1_T13038,False,8,1,84,0.0008081987034529448,30.924818506066636,0.9528385996818542,0.15598450601100922,0.13560742139816284
uvg,Bosphorus,1,1,uvg_01_qp1_T13038,False,9,3,210,0.0007684834999963641,31.143654527412803,0.9552886486053467,0.15926526486873627,0.1373753547668457
uvg,Bosphorus,1,1,uvg_01_qp1_T13038,False,10,1,72,0.0008259313181042671,30.83056065764967,0.9521077871322632,0.1611146330833435,0.13361722230911255
uvg,Bosphorus,1,1,uvg_01_qp1_T13038,False,11,2,62,0.0007950636208988726,30.995981177588735,0.9539673924446106,0.16429564356803894,0.13740146160125732
uvg,Bosphorus,1,1,uvg_01_qp1_T13038,False,12,1,227,0.0008203864563256502,30.859815179667464,0.9523019194602966,0.16325992345809937,0.13418227434158325
uvg,Bosphorus,1,1,uvg_01_qp1_T13038,False,13,2,141,0.0007925501558929682,31.009732442669367,0.9538794159889221,0.16497257351875305,0.14142131805419922
uvg,Bosphorus,1,1,uvg_01_qp1_T13038,False,14,1,63,0.0008428953588008881,30.742263374940322,0.9516429305076599,0.16630785167217255,0.14002084732055664
uvg,Bosphorus,1,1,uvg_01_qp1_T13038,False,15,2,71,0.0008242081967182457,30.83963070748336,0.9528031945228577,0.16965538263320923,0.143496572971344
uvg,Bosphorus,1,1,uvg_01_qp1_T13038,False,16,1,510,0.0008347441325895488,30.784466249156253,0.9513798952102661,0.16587935388088226,0.14005959033966064
uvg,Bosphorus,1,1,uvg_01_qp1_T13038,False,17,3,701,0.0007561310776509345,31.21402911686569,0.9556699395179749,0.1641227900981903,0.14191770553588867
uvg,Bosphorus,1,1,uvg_01_qp1_T13038,False,18,1,52,0.0008272291161119938,30.823741880506198,0.9525527954101562,0.16589461266994476,0.13804757595062256
uvg,Bosphorus,1,1,uvg_01_qp1_T13038,False,19,2,51,0.0008171748486347497,30.87685008739586,0.9538406729698181,0.16941644251346588,0.13905370235443115
uvg,Bosphorus,1,1,uvg_01_qp1_T13038,False,20,1,980,0.0007952138548716903,30.995160619081467,0.9530080556869507,0.15961457788944244,0.13093054294586182
uvg,Bosphorus,1,1,uvg_01_qp1_T13038,False,21,2,319,0.0007695341482758522,31.13772103475501,0.9547810554504395,0.1628512740135193,0.13803786039352417
uvg,Bosphorus,1,1,uvg_01_qp1_T13038,False,22,1,57,0.0008309143595397472,30.804437356574752,0.9523407220840454,0.16491816937923431,0.14055371284484863
uvg,Bosphorus,1,1,uvg_01_qp1_T13038,False,23,2,53,0.0008152532391250134,30.88707467000601,0.9531060457229614,0.1675625890493393,0.14165890216827393
uvg,Bosphorus,1,1,uvg_01_qp1_T13038,False,24,1,1163,0.0007912727887742221,31.016737690486806,0.9536462426185608,0.15785755217075348,0.13442730903625488
uvg,Bosphorus,1,1,uvg_01_qp1_T13038,False,25,3,722,0.0007428803946822882,31.290811029430657,0.9564104080200195,0.1581328958272934,0.1403622031211853
uvg,Bosphorus,1,1,uvg_01_qp1_T13038,False,26,1,48,0.000829820055514574,30.810160731295376,0.9528268575668335,0.15993791818618774,0.13860082626342773
uvg,Bosphorus,1,1,uvg_01_qp1_T13038,False,27,2,49,0.0008222082979045808,30.850181445393883,0.9540820121765137,0.16270332038402557,0.14050930738449097
uvg,Bosphorus,1,1,uvg_01_qp1_T13038,False,28,1,1192,0.0007832247065380216,31.0611362132763,0.9539386630058289,0.15278124809265137,0.13320648670196533
uvg,Bosphorus,1,1,uvg_01_qp1_T13038,False,29,2,299,0.0007596234208904207,31.194016534575802,0.955887496471405,0.1552477777004242,0.13805550336837769
uvg,Bosphorus,1,1,uvg_01_qp1_T13038,False,30,1,49,0.0008150587091222405,30.88811107665519,0.9538317322731018,0.15619605779647827,0.1375787854194641
uvg,Bosphorus,1,1,uvg_01_qp1_T13038,False,31,2,55,0.0008030983153730631,30.952312850944637,0.9545660018920898,0.1581791639328003,0.14128071069717407
uvg,Bosphorus,1,1,uvg_01_qp1_T13038,False,32,1,966,0.0007869824185036123,31.040349698418943,0.9542211890220642,0.15210431814193726,0.13076895475387573
uvg,Bosphorus,1,1,uvg_01_qp1_T13038,False,33,3,586,0.0007385140634141862,31.316412300676394,0.9575058817863464,0.15490424633026123,0.13734209537506104
uvg,Bosphorus,1,1,uvg_01_qp1_T13038,False,34,1,46,0.0008211976382881403,30.855523083027894,0.9537940621376038,0.15686875581741333,0.1335371732711792
uvg,Bosphorus,1,1,uvg_01_qp1_T13038,False,35,2,51,0.0008141447906382382,30.892983516423488,0.9550073146820068,0.15877926349639893,0.13558948040008545
uvg,Bosphorus,1,1,uvg_01_qp1_T13038,False,36,1,1165,0.0007836981676518917,31.058511686456324,0.9547634124755859,0.15007758140563965,0.13012218475341797
uvg,Bosphorus,1,1,uvg_01_qp1_T13038,False,37,2,340,0.0007628047605976462,31.175866052237815,0.9556620121002197,0.1535234898328781,0.13611066341400146
uvg,Bosphorus,1,1,uvg_01_qp1_T13038,False,38,1,45,0.0008220829768106341,30.850843448051315,0.9533028602600098,0.15527257323265076,0.13338369131088257
uvg,Bosphorus,1,1,uvg_01_qp1_T13038,False,39,2,54,0.0008103768341243267,30.913129824500636,0.953990638256073,0.15770097076892853,0.1371557116508484
uvg,Bosphorus,1,1,uvg_01_qp1_T13038,False,40,1,1059,0.0008016923675313592,30.959922510599558,0.9535191655158997,0.15023286640644073,0.12777549028396606
uvg,Bosphorus,1,1,uvg_01_qp1_T13038,False,41,3,592,0.0007495066965930164,31.252244825216362,0.9571502804756165,0.15264391899108887,0.13343334197998047
uvg,Bosphorus,1,1,uvg_01_qp1_T13038,False,42,1,41,0.0008348540286533535,30.783894527705304,0.9534082412719727,0.15365740656852722,0.13258808851242065
uvg,Bosphorus,1,1,uvg_01_qp1_T13038,False,43,2,52,0.0008270558901131153,30.824651410550015,0.9547331929206848,0.15630649030208588,0.13693302869796753
uvg,Bosphorus,1,1,uvg_01_qp1_T13038,False,44,1,1148,0.0007868970278650522,31.04082095030872,0.9550017714500427,0.14893542230129242,0.1286526322364807
uvg,Bosphorus,1,1,uvg_01_qp1_T13038,False,45,2,274,0.0007684423471800983,31.14388710130121,0.9568191766738892,0.15407802164554596,0.13762760162353516
uvg,Bosphorus,1,1,uvg_01_qp1_T13038,False,46,1,43,0.0008276280714198947,30.821647873924725,0.9545610547065735,0.15555502474308014,0.13864260911941528
uvg,Bosphorus,1,1,uvg_01_qp1_T13038,False,47,2,53,0.0008103805594146252,30.913109860093545,0.955522358417511,0.15808942914009094,0.14132559299468994
uvg,Bosphorus,1,1,uvg_01_qp1_T13038,False,48,1,996,0.0007938420167192817,31.00265918345944,0.9551311731338501,0.15277966856956482,0.13370442390441895
uvg,Bosphorus,1,1,uvg_01_qp1_T13038,False,49,3,586,0.0007558075594715774,31.215887686503166,0.9571964144706726,0.15596726536750793,0.1427081823348999
uvg,Bosphorus,1,1,uvg_01_qp1_T13038,False,50,1,39,0.0008405547123402357,30.754340127490547,0.9536148905754089,0.156448632478714,0.13818997144699097
uvg,Bosphorus,1,1,uvg_01_qp1_T13038,False,51,2,49,0.0008368293638341129,30.773630890798355,0.9545823931694031,0.16043761372566223,0.142714262008667
uvg,Bosphorus,1,1,uvg_01_qp1_T13038,False,52,1,1182,0.0008020313689485192,30.958086453133127,0.9547288417816162,0.15255914628505707,0.13222825527191162
uvg,Bosphorus,1,1,uvg_01_qp1_T13038,False,53,2,256,0.0007860810146667063,31.045326926252578,0.9563429951667786,0.15718267858028412,0.13920044898986816
uvg,Bosphorus,1,1,uvg_01_qp1_T13038,False,54,1,41,0.0008532028878107667,30.68947683276338,0.9534507393836975,0.157233327627182,0.1366073489189148
uvg,Bosphorus,1,1,uvg_01_qp1_T13038,False,55,2,54,0.0008349742274731398,30.78326929353451,0.9543724656105042,0.15869727730751038,0.14114117622375488
uvg,Bosphorus,1,1,uvg_01_qp1_T13038,False,56,1,986,0.000825940805952996,30.830510768553676,0.9539468884468079,0.15304625034332275,0.13300752639770508
uvg,Bosphorus,1,1,uvg_01_qp1_T13038,False,57,3,600,0.000770298414863646,31.13340995838239,0.9566613435745239,0.15504169464111328,0.13983482122421265
uvg,Bosphorus,1,1,uvg_01_qp1_T13038,False,58,1,39,0.0008645695052109659,30.63200086813199,0.9526488780975342,0.15562526881694794,0.13642358779907227
uvg,Bosphorus,1,1,uvg_01_qp1_T13038,False,59,2,51,0.000857011298649013,30.67013452395853,0.9537836909294128,0.15779320895671844,0.14120662212371826
uvg,Bosphorus,1,1,uvg_01_qp1_T13038,False,60,1,1168,0.0008181602461263537,30.87161626411095,0.9542831182479858,0.15017108619213104,0.13220971822738647
uvg,Bosphorus,1,1,uvg_01_qp1_T13038,False,61,2,252,0.0007967067649587989,30.987014951580136,0.9557912945747375,0.15472200512886047,0.13791489601135254
uvg,Bosphorus,1,1,uvg_01_qp1_T13038,False,62,1,39,0.0008679308230057359,30.615148881692722,0.952899694442749,0.15632236003875732,0.1372673511505127
uvg,Bosphorus,1,1,uvg_01_qp1_T13038,False,63,2,50,0.0008547543548047543,30.68158677881053,0.9536832571029663,0.15933886170387268,0.14330768585205078
uvg,Bosphorus,1,1,uvg_01_qp1_T13076,False,0,1,3914,0.0009415350505150855,30.261635078704213,0.9459484815597534,0.19369938969612122,0.18898433446884155
uvg,Bosphorus,1,1,uvg_01_qp1_T13076,False,1,3,3878,0.0010107818525284529,29.95342563959784,0.9402485489845276,0.17371560633182526,0.1317240595817566
uvg,Bosphorus,1,1,uvg_01_qp1_T13076,False,2,1,920,0.0009532523690722883,30.20792106721752,0.9429441094398499,0.1636543720960617,0.12892365455627441
uvg,Bosphorus,1,1,uvg_01_qp1_T13076,False,3,2,589,0.0008551681530661881,30.67948480864237,0.9499426484107971,0.15650217235088348,0.12807714939117432
uvg,Bosphorus,1,1,uvg_01_qp1_T13076,False,4,1,736,0.0008180733420886099,30.87207759120208,0.9503617286682129,0.15166562795639038,0.12768101692199707
uvg,Bosphorus,1,1,uvg_01_qp1_T13076,False,5,2,330,0.0007974021136760712,30.98322617486469,0.9533931016921997,0.15260829031467438,0.1304125189781189
uvg,Bosphorus,1,1,uvg_01_qp1_T13076,False,6,1,340,0.000799784145783633,30.970272091884034,0.9525494575500488,0.15213283896446228,0.1314908266067505
uvg,Bosphorus,1,1,uvg_01_qp1_T13076,False,7,2,197,0.0007802986656315625,31.07739135759519,0.9542863965034485,0.1536860466003418,0.1369858980178833
uvg,Bosphorus,1,1,uvg_01_qp1_T13076,False,8,1,84,0.0008081987034529448,30.924818506066636,0.9528385996818542,0.15598450601100922,0.13560742139816284
uvg,Bosphorus,1,1,uvg_01_qp1_T13076,False,9,3,210,0.0007684834999963641,31.143654527412803,0.9552886486053467,0.15926526486873627,0.1373753547668457
uvg,Bosphorus,1,1,uvg_01_qp1_T13076,False,10,1,72,0.0008259313181042671,30.83056065764967,0.9521077871322632,0.1611146330833435,0.13361722230911255
uvg,Bosphorus,1,1,uvg_01_qp1_T13076,False,11,2,62,0.0007950636208988726,30.995981177588735,0.9539673924446106,0.16429564356803894,0.13740146160125732
uvg,Bosphorus,1,1,uvg_01_qp1_T13076,False,12,1,227,0.0008203864563256502,30.859815179667464,0.9523019194602966,0.16325992345809937,0.13418227434158325
uvg,Bosphorus,1,1,uvg_01_qp1_T13076,False,13,2,141,0.0007925501558929682,31.009732442669367,0.9538794159889221,0.16497257351875305,0.14142131805419922
uvg,Bosphorus,1,1,uvg_01_qp1_T13076,False,14,1,63,0.0008428953588008881,30.742263374940322,0.9516429305076599,0.16630785167217255,0.14002084732055664
uvg,Bosphorus,1,1,uvg_01_qp1_T13076,False,15,2,71,0.0008242081967182457,30.83963070748336,0.9528031945228577,0.16965538263320923,0.143496572971344
uvg,Bosphorus,1,1,uvg_01_qp1_T13076,False,16,1,510,0.0008347441325895488,30.784466249156253,0.9513798952102661,0.16587935388088226,0.14005959033966064
uvg,Bosphorus,1,1,uvg_01_qp1_T13076,False,17,3,701,0.0007561310776509345,31.21402911686569,0.9556699395179749,0.1641227900981903,0.14191770553588867
uvg,Bosphorus,1,1,uvg_01_qp1_T13076,False,18,1,52,0.0008272291161119938,30.823741880506198,0.9525527954101562,0.16589461266994476,0.13804757595062256
uvg,Bosphorus,1,1,uvg_01_qp1_T13076,False,19,2,51,0.0008171748486347497,30.87685008739586,0.9538406729698181,0.16941644251346588,0.13905370235443115
uvg,Bosphorus,1,1,uvg_01_qp1_T13076,False,20,1,980,0.0007952138548716903,30.995160619081467,0.9530080556869507,0.15961457788944244,0.13093054294586182
uvg,Bosphorus,1,1,uvg_01_qp1_T13076,False,21,2,319,0.0007695341482758522,31.13772103475501,0.9547810554504395,0.1628512740135193,0.13803786039352417
uvg,Bosphorus,1,1,uvg_01_qp1_T13076,False,22,1,57,0.0008309143595397472,30.804437356574752,0.9523407220840454,0.16491816937923431,0.14055371284484863
uvg,Bosphorus,1,1,uvg_01_qp1_T13076,False,23,2,53,0.0008152532391250134,30.88707467000601,0.9531060457229614,0.1675625890493393,0.14165890216827393
uvg,Bosphorus,1,1,uvg_01_qp1_T13076,False,24,1,1163,0.0007912727887742221,31.016737690486806,0.9536462426185608,0.15785755217075348,0.13442730903625488
uvg,Bosphorus,1,1,uvg_01_qp1_T13076,False,25,3,722,0.0007428803946822882,31.290811029430657,0.9564104080200195,0.1581328958272934,0.1403622031211853
uvg,Bosphorus,1,1,uvg_01_qp1_T13076,False,26,1,48,0.000829820055514574,30.810160731295376,0.9528268575668335,0.15993791818618774,0.13860082626342773
uvg,Bosphorus,1,1,uvg_01_qp1_T13076,False,27,2,49,0.0008222082979045808,30.850181445393883,0.9540820121765137,0.16270332038402557,0.14050930738449097
uvg,Bosphorus,1,1,uvg_01_qp1_T13076,False,28,1,1192,0.0007832247065380216,31.0611362132763,0.9539386630058289,0.15278124809265137,0.13320648670196533
uvg,Bosphorus,1,1,uvg_01_qp1_T13076,False,29,2,299,0.0007596234208904207,31.194016534575802,0.955887496471405,0.1552477777004242,0.13805550336837769
uvg,Bosphorus,1,1,uvg_01_qp1_T13076,False,30,1,49,0.0008150587091222405,30.88811107665519,0.9538317322731018,0.15619605779647827,0.1375787854194641
uvg,Bosphorus,1,1,uvg_01_qp1_T13076,False,31,2,55,0.0008030983153730631,30.952312850944637,0.9545660018920898,0.1581791639328003,0.14128071069717407
uvg,Bosphorus,1,1,uvg_01_qp1_T13076,False,32,1,966,0.0007869824185036123,31.040349698418943,0.9542211890220642,0.15210431814193726,0.13076895475387573
uvg,Bosphorus,1,1,uvg_01_qp1_T13076,False,33,3,586,0.0007385140634141862,31.316412300676394,0.9575058817863464,0.15490424633026123,0.13734209537506104
uvg,Bosphorus,1,1,uvg_01_qp1_T13076,False,34,1,46,0.0008211976382881403,30.855523083027894,0.9537940621376038,0.15686875581741333,0.1335371732711792
uvg,Bosphorus,1,1,uvg_01_qp1_T13076,False,35,2,51,0.0008141447906382382,30.892983516423488,0.9550073146820068,0.15877926349639893,0.13558948040008545
uvg,Bosphorus,1,1,uvg_01_qp1_T13076,False,36,1,1165,0.0007836981676518917,31.058511686456324,0.9547634124755859,0.15007758140563965,0.13012218475341797
uvg,Bosphorus,1,1,uvg_01_qp1_T13076,False,37,2,340,0.0007628047605976462,31.175866052237815,0.9556620121002197,0.1535234898328781,0.13611066341400146
uvg,Bosphorus,1,1,uvg_01_qp1_T13076,False,38,1,45,0.0008220829768106341,30.850843448051315,0.9533028602600098,0.15527257323265076,0.13338369131088257
uvg,Bosphorus,1,1,uvg_01_qp1_T13076,False,39,2,54,0.0008103768341243267,30.913129824500636,0.953990638256073,0.15770097076892853,0.1371557116508484
uvg,Bosphorus,1,1,uvg_01_qp1_T13076,False,40,1,1059,0.0008016923675313592,30.959922510599558,0.9535191655158997,0.15023286640644073,0.12777549028396606
uvg,Bosphorus,1,1,uvg_01_qp1_T13076,False,41,3,592,0.0007495066965930164,31.252244825216362,0.9571502804756165,0.15264391899108887,0.13343334197998047
uvg,Bosphorus,1,1,uvg_01_qp1_T13076,False,42,1,41,0.0008348540286533535,30.783894527705304,0.9534082412719727,0.15365740656852722,0.13258808851242065
uvg,Bosphorus,1,1,uvg_01_qp1_T13076,False,43,2,52,0.0008270558901131153,30.824651410550015,0.9547331929206848,0.15630649030208588,0.13693302869796753
uvg,Bosphorus,1,1,uvg_01_qp1_T13076,False,44,1,1148,0.0007868970278650522,31.04082095030872,0.9550017714500427,0.14893542230129242,0.1286526322364807
uvg,Bosphorus,1,1,uvg_01_qp1_T13076,False,45,2,274,0.0007684423471800983,31.14388710130121,0.9568191766738892,0.15407802164554596,0.13762760162353516
uvg,Bosphorus,1,1,uvg_01_qp1_T13076,False,46,1,43,0.0008276280714198947,30.821647873924725,0.9545610547065735,0.15555502474308014,0.13864260911941528
uvg,Bosphorus,1,1,uvg_01_qp1_T13076,False,47,2,53,0.0008103805594146252,30.913109860093545,0.955522358417511,0.15808942914009094,0.14132559299468994
uvg,Bosphorus,1,1,uvg_01_qp1_T13076,False,48,1,996,0.0007938420167192817,31.00265918345944,0.9551311731338501,0.15277966856956482,0.13370442390441895
uvg,Bosphorus,1,1,uvg_01_qp1_T13076,False,49,3,586,0.0007558075594715774,31.215887686503166,0.9571964144706726,0.15596726536750793,0.1427081823348999
uvg,Bosphorus,1,1,uvg_01_qp1_T13076,False,50,1,39,0.0008405547123402357,30.754340127490547,0.9536148905754089,0.156448632478714,0.13818997144699097
uvg,Bosphorus,1,1,uvg_01_qp1_T13076,False,51,2,49,0.0008368293638341129,30.773630890798355,0.9545823931694031,0.16043761372566223,0.142714262008667
uvg,Bosphorus,1,1,uvg_01_qp1_T13076,False,52,1,1182,0.0008020313689485192,30.958086453133127,0.9547288417816162,0.15255914628505707,0.13222825527191162
uvg,Bosphorus,1,1,uvg_01_qp1_T13076,False,53,2,256,0.0007860810146667063,31.045326926252578,0.9563429951667786,0.15718267858028412,0.13920044898986816
uvg,Bosphorus,1,1,uvg_01_qp1_T13076,False,54,1,41,0.0008532028878107667,30.68947683276338,0.9534507393836975,0.157233327627182,0.1366073489189148
uvg,Bosphorus,1,1,uvg_01_qp1_T13076,False,55,2,54,0.0008349742274731398,30.78326929353451,0.9543724656105042,0.15869727730751038,0.14114117622375488
uvg,Bosphorus,1,1,uvg_01_qp1_T13076,False,56,1,986,0.000825940805952996,30.830510768553676,0.9539468884468079,0.15304625034332275,0.13300752639770508
uvg,Bosphorus,1,1,uvg_01_qp1_T13076,False,57,3,600,0.000770298414863646,31.13340995838239,0.9566613435745239,0.15504169464111328,0.13983482122421265
uvg,Bosphorus,1,1,uvg_01_qp1_T13076,False,58,1,39,0.0008645695052109659,30.63200086813199,0.9526488780975342,0.15562526881694794,0.13642358779907227
uvg,Bosphorus,1,1,uvg_01_qp1_T13076,False,59,2,51,0.000857011298649013,30.67013452395853,0.9537836909294128,0.15779320895671844,0.14120662212371826
uvg,Bosphorus,1,1,uvg_01_qp1_T13076,False,60,1,1168,0.0008181602461263537,30.87161626411095,0.9542831182479858,0.15017108619213104,0.13220971822738647
uvg,Bosphorus,1,1,uvg_01_qp1_T13076,False,61,2,252,0.0007967067649587989,30.987014951580136,0.9557912945747375,0.15472200512886047,0.13791489601135254
uvg,Bosphorus,1,1,uvg_01_qp1_T13076,False,62,1,39,0.0008679308230057359,30.615148881692722,0.952899694442749,0.15632236003875732,0.1372673511505127
uvg,Bosphorus,1,1,uvg_01_qp1_T13076,False,63,2,50,0.0008547543548047543,30.68158677881053,0.9536832571029663,0.15933886170387268,0.14330768585205078
uvg,Bosphorus,1,3,uvg_01_qp3_BASELINE,True,0,3,6163,0.000730058818589896,31.36642148701499,0.9597603678703308,0.14366284012794495,0.16364026069641113
uvg,Bosphorus,1,3,uvg_01_qp3_BASELINE,True,1,5,4562,0.0008035865612328053,30.949673347799834,0.9530406594276428,0.13879719376564026,0.11910533905029297
uvg,Bosphorus,1,3,uvg_01_qp3_BASELINE,True,2,3,1225,0.0007674970547668636,31.149232824318226,0.9551228284835815,0.13179656863212585,0.11269885301589966
uvg,Bosphorus,1,3,uvg_01_qp3_BASELINE,True,3,4,1009,0.0006953858537599444,31.57774148419061,0.9596327543258667,0.12512347102165222,0.11260724067687988
uvg,Bosphorus,1,3,uvg_01_qp3_BASELINE,True,4,3,967,0.0007008124957792461,31.54398163119097,0.9584395885467529,0.12402765452861786,0.11168551445007324
uvg,Bosphorus,1,3,uvg_01_qp3_BASELINE,True,5,4,735,0.0006753570633009076,31.704665536565347,0.9608805179595947,0.12371152639389038,0.11229926347732544
uvg,Bosphorus,1,3,uvg_01_qp3_BASELINE,True,6,3,735,0.0007045327220112085,31.52098831285803,0.9586746096611023,0.12334831804037094,0.11272776126861572
uvg,Bosphorus,1,3,uvg_01_qp3_BASELINE,True,7,4,491,0.0006818962865509093,31.662816746159915,0.9602630734443665,0.1238909438252449,0.11870068311691284
uvg,Bosphorus,1,3,uvg_01_qp3_BASELINE,True,8,3,312,0.00070827646413818,31.497971894662477,0.9589717388153076,0.12589851021766663,0.11802303791046143
uvg,Bosphorus,1,3,uvg_01_qp3_BASELINE,True,9,5,625,0.0006582464557141066,31.816114706464287,0.9619811177253723,0.12703347206115723,0.12222886085510254
uvg,Bosphorus,1,3,uvg_01_qp3_BASELINE,True,10,3,97,0.0007261523278430104,31.389722660735128,0.9588850736618042,0.12984855473041534,0.11768025159835815
uvg,Bosphorus,1,3,uvg_01_qp3_BASELINE,True,11,4,75,0.0006836887914687395,31.65141539952497,0.9609853029251099,0.13172723352909088,0.12429428100585938
uvg,Bosphorus,1,3,uvg_01_qp3_BASELINE,True,12,3,564,0.0007126028649508953,31.471524359425338,0.9589267373085022,0.1315411627292633,0.11732590198516846
uvg,Bosphorus,1,3,uvg_01_qp3_BASELINE,True,13,4,222,0.0006803487194702029,31.672684282905372,0.9602706432342529,0.13316872715950012,0.12702417373657227
uvg,Bosphorus,1,3,uvg_01_qp3_BASELINE,True,14,3,94,0.0007424597279168665,31.29327098129014,0.957808792591095,0.13647042214870453,0.122489333152771
uvg,Bosphorus,1,3,uvg_01_qp3_BASELINE,True,15,4,85,0.000713926856406033,31.463462805017485,0.9591057300567627,0.13909250497817993,0.12896907329559326
uvg,Bosphorus,1,3,uvg_01_qp3_BASELINE,True,16,3,1315,0.0007325620390474796,31.35155589983996,0.9575223326683044,0.134221151471138,0.11974316835403442
uvg,Bosphorus,1,3,uvg_01_qp3_BASELINE,True,17,5,1788,0.0006503601325675845,31.868460890876968,0.9619008898735046,0.12946870923042297,0.1239556074142456
uvg,Bosphorus,1,3,uvg_01_qp3_BASELINE,True,18,3,71,0.0007405656506307423,31.30436435531894,0.9583055377006531,0.13291016221046448,0.11756372451782227
uvg,Bosphorus,1,3,uvg_01_qp3_BASELINE,True,19,4,65,0.0007118714856915176,31.47598402560739,0.9598679542541504,0.13595633208751678,0.12283086776733398
uvg,Bosphorus,1,3,uvg_01_qp3_BASELINE,True,20,3,1795,0.0007040725322440267,31.523825983426445,0.9592663645744324,0.12721143662929535,0.11160928010940552
uvg,Bosphorus,1,3,uvg_01_qp3_BASELINE,True,21,4,612,0.000660825171507895,31.799134226507878,0.9612579345703125,0.12939375638961792,0.11802107095718384
uvg,Bosphorus,1,3,uvg_01_qp3_BASELINE,True,22,3,66,0.0007385535864159465,31.31617988584314,0.9587094187736511,0.1328178495168686,0.11627620458602905
uvg,Bosphorus,1,3,uvg_01_qp3_BASELINE,True,23,4,78,0.0007063241791911423,31.509959265400653,0.9602049589157104,0.13461272418498993,0.12157082557678223
uvg,Bosphorus,1,3,uvg_01_qp3_BASELINE,True,24,3,1907,0.0007156046922318637,31.453268204191907,0.959000289440155,0.12611086666584015,0.11234080791473389
uvg,Bosphorus,1,3,uvg_01_qp3_BASELINE,True,25,5,1329,0.0006434711394831538,31.914709269946982,0.9624726176261902,0.12505970895290375,0.1178407073020935
uvg,Bosphorus,1,3,uvg_01_qp3_BASELINE,True,26,3,63,0.0007444703369401395,31.28152601820279,0.9584049582481384,0.12761777639389038,0.1127886176109314
uvg,Bosphorus,1,3,uvg_01_qp3_BASELINE,True,27,4,65,0.0007146815187297761,31.458874483695954,0.9600397348403931,0.13028451800346375,0.11906683444976807
uvg,Bosphorus,1,3,uvg_01_qp3_BASELINE,True,28,3,1781,0.0007055767928250134,31.514557120511032,0.959399402141571,0.12433276325464249,0.10891228914260864
uvg,Bosphorus,1,3,uvg_01_qp3_BASELINE,True,29,4,566,0.000660671095829457,31.800146930348184,0.9617533087730408,0.12540201842784882,0.11493420600891113
uvg,Bosphorus,1,3,uvg_01_qp3_BASELINE,True,30,3,68,0.0007323257741518319,31.352956806317746,0.9590669274330139,0.12753885984420776,0.11150956153869629
uvg,Bosphorus,1,3,uvg_01_qp3_BASELINE,True,31,4,72,0.0006981859914958477,31.56028869181373,0.9605954885482788,0.12970487773418427,0.11683326959609985
uvg,Bosphorus,1,3,uvg_01_qp3_BASELINE,True,32,3,1639,0.0006901861052028835,31.610337881544375,0.9602662324905396,0.124759741127491,0.10844630002975464
uvg,Bosphorus,1,3,uvg_01_qp3_BASELINE,True,33,5,1287,0.0006402801955118775,31.936299311180868,0.9627931714057922,0.12540730834007263,0.11382514238357544
uvg,Bosphorus,1,3,uvg_01_qp3_BASELINE,True,34,3,65,0.0007457663887180388,31.27397193947659,0.9587491154670715,0.12947455048561096,0.10834395885467529
uvg,Bosphorus,1,3,uvg_01_qp3_BASELINE,True,35,4,68,0.0007140267407521605,31.462855233167684,0.9603872895240784,0.1309395730495453,0.11678457260131836
uvg,Bosphorus,1,3,uvg_01_qp3_BASELINE,True,36,3,1840,0.0007165746064856648,31.447385861483564,0.9592623710632324,0.12384317070245743,0.106903076171875
uvg,Bosphorus,1,3,uvg_01_qp3_BASELINE,True,37,4,634,0.0006738344673067331,31.714467781897532,0.9612841606140137,0.12504398822784424,0.1141282320022583
uvg,Bosphorus,1,3,uvg_01_qp3_BASELINE,True,38,3,67,0.0007537149358540773,31.227928785258246,0.9585845470428467,0.12790746986865997,0.1108483076095581
uvg,Bosphorus,1,3,uvg_01_qp3_BASELINE,True,39,4,69,0.0007159195374697447,31.451357855085227,0.960142970085144,0.13036426901817322,0.11428773403167725
uvg,Bosphorus,1,3,uvg_01_qp3_BASELINE,True,40,3,1679,0.0007144658593460917,31.460185190799397,0.9599984288215637,0.12325192987918854,0.1064220666885376
uvg,Bosphorus,1,3,uvg_01_qp3_BASELINE,True,41,5,1378,0.0006519255694001913,31.858019850103787,0.9628427624702454,0.12215591967105865,0.11270111799240112
uvg,Bosphorus,1,3,uvg_01_qp3_BASELINE,True,42,3,59,0.0007566090789623559,31.211284516771688,0.9587364196777344,0.12588772177696228,0.109580397605896
uvg,Bosphorus,1,3,uvg_01_qp3_BASELINE,True,43,4,61,0.0007220086990855634,31.414575698235762,0.9604403376579285,0.1277804672718048,0.11641579866409302
uvg,Bosphorus,1,3,uvg_01_qp3_BASELINE,True,44,3,1830,0.0007252880604937673,31.394894717239048,0.9592630863189697,0.12231245636940002,0.10873919725418091
uvg,Bosphorus,1,3,uvg_01_qp3_BASELINE,True,45,4,551,0.0006786856683902442,31.68331321583176,0.961588978767395,0.12595678865909576,0.11764848232269287
uvg,Bosphorus,1,3,uvg_01_qp3_BASELINE,True,46,3,59,0.0007607665029354393,31.18748617929954,0.9587936401367188,0.1289011836051941,0.11539310216903687
uvg,Bosphorus,1,3,uvg_01_qp3_BASELINE,True,47,4,74,0.0007257083198055625,31.39237897967191,0.9603469371795654,0.13128554821014404,0.12185865640640259
uvg,Bosphorus,1,3,uvg_01_qp3_BASELINE,True,48,3,1673,0.0007296522380784154,31.3688408107071,0.9593490958213806,0.1252506673336029,0.11689138412475586
uvg,Bosphorus,1,3,uvg_01_qp3_BASELINE,True,49,5,1181,0.0006635766476392746,31.78108905920513,0.9627186059951782,0.12565654516220093,0.12430018186569214
uvg,Bosphorus,1,3,uvg_01_qp3_BASELINE,True,50,3,63,0.0007703816518187523,31.13294069352838,0.958551287651062,0.12846769392490387,0.11701780557632446
uvg,Bosphorus,1,3,uvg_01_qp3_BASELINE,True,51,4,63,0.0007353323744609952,31.335163129344892,0.9602088928222656,0.13139796257019043,0.12279582023620605
uvg,Bosphorus,1,3,uvg_01_qp3_BASELINE,True,52,3,1833,0.0007317110430449247,31.356603905081077,0.9591863751411438,0.12404593825340271,0.11122578382492065
uvg,Bosphorus,1,3,uvg_01_qp3_BASELINE,True,53,4,545,0.000688316416926682,31.622118720333052,0.9616236090660095,0.12728694081306458,0.11917036771774292
uvg,Bosphorus,1,3,uvg_01_qp3_BASELINE,True,54,3,62,0.0007716809050180018,31.12562246086595,0.9587736129760742,0.13005629181861877,0.11612236499786377
uvg,Bosphorus,1,3,uvg_01_qp3_BASELINE,True,55,4,67,0.0007388403173536062,31.314494138186237,0.9600052833557129,0.13170725107192993,0.12282311916351318
uvg,Bosphorus,1,3,uvg_01_qp3_BASELINE,True,56,3,1691,0.0007346827769652009,31.33900141122887,0.9595809578895569,0.1252390593290329,0.11357653141021729
uvg,Bosphorus,1,3,uvg_01_qp3_BASELINE,True,57,5,1216,0.0006537392036989331,31.845954703047,0.9631621241569519,0.12431389093399048,0.11803799867630005
uvg,Bosphorus,1,3,uvg_01_qp3_BASELINE,True,58,3,58,0.0007660154369659722,31.157624782504428,0.9590595364570618,0.12701816856861115,0.11171889305114746
uvg,Bosphorus,1,3,uvg_01_qp3_BASELINE,True,59,4,61,0.0007366900681518018,31.327151851416453,0.9605974555015564,0.12932702898979187,0.11899709701538086
uvg,Bosphorus,1,3,uvg_01_qp3_BASELINE,True,60,3,1834,0.0007238913676701486,31.40326602257549,0.9598591327667236,0.12239360064268112,0.11024284362792969
uvg,Bosphorus,1,3,uvg_01_qp3_BASELINE,True,61,4,503,0.0006856588879600167,31.638918900087067,0.9614947438240051,0.12559138238430023,0.12001979351043701
uvg,Bosphorus,1,3,uvg_01_qp3_BASELINE,True,62,3,64,0.0007643355056643486,31.167159656721935,0.958840548992157,0.12796133756637573,0.11764532327651978
uvg,Bosphorus,1,3,uvg_01_qp3_BASELINE,True,63,4,67,0.0007309603388421237,31.361061867757897,0.9601920247077942,0.13046318292617798,0.12465012073516846
uvg,Bosphorus,1,3,uvg_01_qp3_T12788,False,0,3,6163,0.000730058818589896,31.36642148701499,0.9597603678703308,0.14366284012794495,0.16364026069641113
uvg,Bosphorus,1,3,uvg_01_qp3_T12788,False,1,5,4561,0.0008030541939660907,30.952551454482908,0.9530561566352844,0.13873958587646484,0.11910241842269897
uvg,Bosphorus,1,3,uvg_01_qp3_T12788,False,2,3,1224,0.0007650615298189223,31.16303635452598,0.9551723003387451,0.13190105557441711,0.11283177137374878
uvg,Bosphorus,1,3,uvg_01_qp3_T12788,False,3,4,1010,0.0006934826960787177,31.58964371059745,0.9597518444061279,0.12501952052116394,0.1123884916305542
uvg,Bosphorus,1,3,uvg_01_qp3_T12788,False,4,3,966,0.0006989020039327443,31.555837142898252,0.9585115909576416,0.12433719635009766,0.11173361539840698
uvg,Bosphorus,1,3,uvg_01_qp3_T12788,False,5,4,738,0.0006734994822181761,31.71662733823513,0.9609324336051941,0.12383148074150085,0.11276960372924805
uvg,Bosphorus,1,3,uvg_01_qp3_T12788,False,6,3,715,0.0006961921462789178,31.572708802860987,0.9590751528739929,0.12383686006069183,0.11288595199584961
uvg,Bosphorus,1,3,uvg_01_qp3_T12788,False,7,4,465,0.0006669151480309665,31.759294180865997,0.9609699249267578,0.12421199679374695,0.1186298131942749
uvg,Bosphorus,1,3,uvg_01_qp3_T12788,False,8,3,303,0.0006990117835812271,31.555155030795415,0.9596447944641113,0.12640860676765442,0.11775362491607666
uvg,Bosphorus,1,3,uvg_01_qp3_T12788,False,9,5,640,0.0006489439983852208,31.87792779689097,0.9623608589172363,0.1277531534433365,0.12065327167510986
uvg,Bosphorus,1,3,uvg_01_qp3_T12788,False,10,3,94,0.0007183423149399459,31.436685501006778,0.9590981602668762,0.1298554241657257,0.115165114402771
uvg,Bosphorus,1,3,uvg_01_qp3_T12788,False,11,4,79,0.0006762197008356452,31.69912180746271,0.9611480236053467,0.1317860335111618,0.12332010269165039
uvg,Bosphorus,1,3,uvg_01_qp3_T12788,False,12,3,566,0.0007112426683306694,31.479821973911708,0.9590702652931213,0.13205412030220032,0.11640948057174683
uvg,Bosphorus,1,3,uvg_01_qp3_T12788,False,13,4,221,0.0006743142148479819,31.711376851031762,0.9609062075614929,0.13344340026378632,0.1250593066215515
uvg,Bosphorus,1,3,uvg_01_qp3_T12788,False,14,3,92,0.0007328710053116083,31.349724600264587,0.9585050940513611,0.13665790855884552,0.12101787328720093
uvg,Bosphorus,1,3,uvg_01_qp3_T12788,False,15,4,94,0.0007040079799480736,31.524224180911652,0.9598831534385681,0.1390613317489624,0.12925201654434204
uvg,Bosphorus,1,3,uvg_01_qp3_T12788,False,16,3,1349,0.0007210292969830334,31.420470885960047,0.9582002758979797,0.13374744355678558,0.12144392728805542
uvg,Bosphorus,1,3,uvg_01_qp3_T12788,False,17,5,1734,0.0006450747605413198,31.903899501568993,0.9620286226272583,0.130193293094635,0.12424421310424805
uvg,Bosphorus,1,3,uvg_01_qp3_T12788,False,18,3,70,0.000734591216314584,31.339542689241764,0.9583413004875183,0.13296493887901306,0.11760294437408447
uvg,Bosphorus,1,3,uvg_01_qp3_T12788,False,19,4,67,0.0007052088039927185,31.516822745043246,0.9601114988327026,0.13583441078662872,0.12204688787460327
uvg,Bosphorus,1,3,uvg_01_qp3_T12788,False,20,3,1824,0.0007058341288939118,31.51297346214144,0.9591657519340515,0.1271069496870041,0.11291748285293579
uvg,Bosphorus,1,3,uvg_01_qp3_T12788,False,21,4,607,0.0006655610050074756,31.768121311376788,0.961124837398529,0.12960076332092285,0.1204993724822998
uvg,Bosphorus,1,3,uvg_01_qp3_T12788,False,22,3,66,0.0007394602289423347,31.310851790915137,0.9584315419197083,0.13289952278137207,0.11951088905334473
uvg,Bosphorus,1,3,uvg_01_qp3_T12788,False,23,4,69,0.0007113878382369876,31.478935637098594,0.9595907330513,0.13513249158859253,0.12372684478759766
uvg,Bosphorus,1,3,uvg_01_qp3_T12788,False,24,3,1857,0.0007114511099644005,31.478549387310753,0.9591059684753418,0.12638656795024872,0.11727708578109741
uvg,Bosphorus,1,3,uvg_01_qp3_T12788,False,25,5,1317,0.0006479305448010564,31.88471546021853,0.962250828742981,0.12535236775875092,0.12134510278701782
uvg,Bosphorus,1,3,uvg_01_qp3_T12788,False,26,3,64,0.0007558930665254593,31.215396382324737,0.9580232501029968,0.12772022187709808,0.11822330951690674
uvg,Bosphorus,1,3,uvg_01_qp3_T12788,False,27,4,65,0.0007211054908111691,31.420011975192132,0.9598243832588196,0.1310245394706726,0.12391942739486694
uvg,Bosphorus,1,3,uvg_01_qp3_T12788,False,28,3,1871,0.000703129917383194,31.529644229322145,0.9595201015472412,0.12360864877700806,0.11192589998245239
uvg,Bosphorus,1,3,uvg_01_qp3_T12788,False,29,4,583,0.0006656647310592234,31.76744452680488,0.9614627361297607,0.12542536854743958,0.11643588542938232
uvg,Bosphorus,1,3,uvg_01_qp3_T12788,False,30,3,64,0.000733968336135149,31.34322675422348,0.9590967893600464,0.12765982747077942,0.1123306155204773
uvg,Bosphorus,1,3,uvg_01_qp3_T12788,False,31,4,74,0.0007061724900268018,31.51089205014594,0.9602833390235901,0.12980766594409943,0.1165609359741211
uvg,Bosphorus,1,3,uvg_01_qp3_T12788,False,32,3,1569,0.0007133819162845612,31.466779039090312,0.9593028426170349,0.12450581789016724,0.11206716299057007
uvg,Bosphorus,1,3,uvg_01_qp3_T12788,False,33,5,1295,0.000641335267573595,31.929148772019552,0.9628517627716064,0.12505030632019043,0.11587530374526978
uvg,Bosphorus,1,3,uvg_01_qp3_T12788,False,34,3,63,0.0007415976142510772,31.298316760038762,0.9588291645050049,0.12855593860149384,0.10955482721328735
uvg,Bosphorus,1,3,uvg_01_qp3_T12788,False,35,4,72,0.000707853352651,31.500567066198325,0.9606156945228577,0.13068780303001404,0.11721479892730713
uvg,Bosphorus,1,3,uvg_01_qp3_T12788,False,36,3,1866,0.0007077910122461617,31.50094956471999,0.9596222043037415,0.12353526800870895,0.1085851788520813
uvg,Bosphorus,1,3,uvg_01_qp3_T12788,False,37,4,645,0.0006751951295882463,31.705706990846792,0.9610921740531921,0.12450207769870758,0.1150503158569336
uvg,Bosphorus,1,3,uvg_01_qp3_T12788,False,38,3,68,0.000749231840018183,31.253837747426438,0.9584134221076965,0.12758082151412964,0.11194205284118652
uvg,Bosphorus,1,3,uvg_01_qp3_T12788,False,39,4,71,0.0007147631840780377,31.45837825169647,0.9599129557609558,0.1300193965435028,0.1176292896270752
uvg,Bosphorus,1,3,uvg_01_qp3_T12788,False,40,3,1681,0.000702936842571944,31.530836936923738,0.9600433111190796,0.12342172116041183,0.10875970125198364
uvg,Bosphorus,1,3,uvg_01_qp3_T12788,False,41,5,1318,0.0006564034265466034,31.828291605159617,0.9622383117675781,0.12394813448190689,0.11453741788864136
uvg,Bosphorus,1,3,uvg_01_qp3_T12788,False,42,3,63,0.000757949601393193,31.20359671102133,0.9582703113555908,0.1274867057800293,0.1120443344116211
uvg,Bosphorus,1,3,uvg_01_qp3_T12788,False,43,4,60,0.0007292500231415033,31.371235484246363,0.9598093628883362,0.12945818901062012,0.11829280853271484
uvg,Bosphorus,1,3,uvg_01_qp3_T12788,False,44,3,1850,0.0007214042125269771,31.41821326015605,0.9593513607978821,0.12272492051124573,0.10929995775222778
uvg,Bosphorus,1,3,uvg_01_qp3_T12788,False,45,4,587,0.0006835283129476011,31.652434914805895,0.9614800214767456,0.12619251012802124,0.11810088157653809
uvg,Bosphorus,1,3,uvg_01_qp3_T12788,False,46,3,62,0.0007605372811667621,31.188794921853948,0.9587709903717041,0.1291513592004776,0.11769789457321167
uvg,Bosphorus,1,3,uvg_01_qp3_T12788,False,47,4,67,0.0007344736368395388,31.340237881386575,0.9597904682159424,0.13149335980415344,0.12338906526565552
uvg,Bosphorus,1,3,uvg_01_qp3_T12788,False,48,3,1667,0.0007346767233684659,31.33903719612232,0.9590040445327759,0.1258377581834793,0.11494755744934082
uvg,Bosphorus,1,3,uvg_01_qp3_T12788,False,49,5,1214,0.0006694845505990088,31.74259440559389,0.9621989727020264,0.126179501414299,0.12316161394119263
uvg,Bosphorus,1,3,uvg_01_qp3_T12788,False,50,3,59,0.0007733740494586527,31.116104047558323,0.9583587646484375,0.12889547646045685,0.11669480800628662
uvg,Bosphorus,1,3,uvg_01_qp3_T12788,False,51,4,64,0.0007383605698123574,31.317315037076924,0.9602952599525452,0.13166727125644684,0.12108659744262695
uvg,Bosphorus,1,3,uvg_01_qp3_T12788,False,52,3,1791,0.0007196678197942674,31.428679165125004,0.9600034356117249,0.1226470023393631,0.1117505431175232
uvg,Bosphorus,1,3,uvg_01_qp3_T12788,False,53,4,538,0.0006905314512550831,31.608165360636775,0.9612283110618591,0.12657004594802856,0.1175432801246643
uvg,Bosphorus,1,3,uvg_01_qp3_T12788,False,54,3,63,0.0007707247277721763,31.131007069764568,0.9584197402000427,0.12908470630645752,0.11301684379577637
uvg,Bosphorus,1,3,uvg_01_qp3_T12788,False,55,4,81,0.0007374387350864708,31.322740541553284,0.959671676158905,0.13101021945476532,0.12094032764434814
uvg,Bosphorus,1,3,uvg_01_qp3_T12788,False,56,3,1683,0.0007277400000020862,31.38023753561775,0.9597644805908203,0.1247490793466568,0.11621177196502686
uvg,Bosphorus,1,3,uvg_01_qp3_T12788,False,57,5,1224,0.0006622727960348129,31.78963083960532,0.9624355435371399,0.12356144934892654,0.11856573820114136
uvg,Bosphorus,1,3,uvg_01_qp3_T12788,False,58,3,56,0.0007710818899795413,31.128994968158676,0.958466112613678,0.12584470212459564,0.1124579906463623
uvg,Bosphorus,1,3,uvg_01_qp3_T12788,False,59,4,62,0.0007400570902973413,31.30734776154513,0.9601176381111145,0.12838058173656464,0.11887234449386597
uvg,Bosphorus,1,3,uvg_01_qp3_T12788,False,60,3,1819,0.00073186558438465,31.3556867484381,0.9595124125480652,0.12201470881700516,0.11002564430236816
uvg,Bosphorus,1,3,uvg_01_qp3_T12788,False,61,4,493,0.0006952680414542556,31.57847732845149,0.9610965251922607,0.125085711479187,0.11963123083114624
uvg,Bosphorus,1,3,uvg_01_qp3_T12788,False,62,3,57,0.0007709747878834605,31.129598238454385,0.9585887789726257,0.12781333923339844,0.11617660522460938
uvg,Bosphorus,1,3,uvg_01_qp3_T12788,False,63,4,75,0.0007404225179925561,31.305203818002774,0.9598516821861267,0.1311631202697754,0.12254077196121216
uvg,Bosphorus,1,3,uvg_01_qp3_T12826,False,0,3,6163,0.000730058818589896,31.36642148701499,0.9597603678703308,0.14366284012794495,0.16364026069641113
uvg,Bosphorus,1,3,uvg_01_qp3_T12826,False,1,5,4561,0.0008030541939660907,30.952551454482908,0.9530561566352844,0.13873958587646484,0.11910241842269897
uvg,Bosphorus,1,3,uvg_01_qp3_T12826,False,2,3,1224,0.0007650615298189223,31.16303635452598,0.9551723003387451,0.13190105557441711,0.11283177137374878
uvg,Bosphorus,1,3,uvg_01_qp3_T12826,False,3,4,1010,0.0006934826960787177,31.58964371059745,0.9597518444061279,0.12501952052116394,0.1123884916305542
uvg,Bosphorus,1,3,uvg_01_qp3_T12826,False,4,3,966,0.0006989020039327443,31.555837142898252,0.9585115909576416,0.12433719635009766,0.11173361539840698
uvg,Bosphorus,1,3,uvg_01_qp3_T12826,False,5,4,738,0.0006734994822181761,31.71662733823513,0.9609324336051941,0.12383148074150085,0.11276960372924805
uvg,Bosphorus,1,3,uvg_01_qp3_T12826,False,6,3,715,0.0006961921462789178,31.572708802860987,0.9590751528739929,0.12383686006069183,0.11288595199584961
uvg,Bosphorus,1,3,uvg_01_qp3_T12826,False,7,4,465,0.0006669151480309665,31.759294180865997,0.9609699249267578,0.12421199679374695,0.1186298131942749
uvg,Bosphorus,1,3,uvg_01_qp3_T12826,False,8,3,303,0.0006990117835812271,31.555155030795415,0.9596447944641113,0.12640860676765442,0.11775362491607666
uvg,Bosphorus,1,3,uvg_01_qp3_T12826,False,9,5,640,0.0006489439983852208,31.87792779689097,0.9623608589172363,0.1277531534433365,0.12065327167510986
uvg,Bosphorus,1,3,uvg_01_qp3_T12826,False,10,3,94,0.0007183423149399459,31.436685501006778,0.9590981602668762,0.1298554241657257,0.115165114402771
uvg,Bosphorus,1,3,uvg_01_qp3_T12826,False,11,4,79,0.0006762197008356452,31.69912180746271,0.9611480236053467,0.1317860335111618,0.12332010269165039
uvg,Bosphorus,1,3,uvg_01_qp3_T12826,False,12,3,566,0.0007112426683306694,31.479821973911708,0.9590702652931213,0.13205412030220032,0.11640948057174683
uvg,Bosphorus,1,3,uvg_01_qp3_T12826,False,13,4,221,0.0006743142148479819,31.711376851031762,0.9609062075614929,0.13344340026378632,0.1250593066215515
uvg,Bosphorus,1,3,uvg_01_qp3_T12826,False,14,3,92,0.0007328710053116083,31.349724600264587,0.9585050940513611,0.13665790855884552,0.12101787328720093
uvg,Bosphorus,1,3,uvg_01_qp3_T12826,False,15,4,94,0.0007040079799480736,31.524224180911652,0.9598831534385681,0.1390613317489624,0.12925201654434204
uvg,Bosphorus,1,3,uvg_01_qp3_T12826,False,16,3,1349,0.0007210292969830334,31.420470885960047,0.9582002758979797,0.13374744355678558,0.12144392728805542
uvg,Bosphorus,1,3,uvg_01_qp3_T12826,False,17,5,1734,0.0006450747605413198,31.903899501568993,0.9620286226272583,0.130193293094635,0.12424421310424805
uvg,Bosphorus,1,3,uvg_01_qp3_T12826,False,18,3,70,0.000734591216314584,31.339542689241764,0.9583413004875183,0.13296493887901306,0.11760294437408447
uvg,Bosphorus,1,3,uvg_01_qp3_T12826,False,19,4,67,0.0007052088039927185,31.516822745043246,0.9601114988327026,0.13583441078662872,0.12204688787460327
uvg,Bosphorus,1,3,uvg_01_qp3_T12826,False,20,3,1824,0.0007058341288939118,31.51297346214144,0.9591657519340515,0.1271069496870041,0.11291748285293579
uvg,Bosphorus,1,3,uvg_01_qp3_T12826,False,21,4,607,0.0006655610050074756,31.768121311376788,0.961124837398529,0.12960076332092285,0.1204993724822998
uvg,Bosphorus,1,3,uvg_01_qp3_T12826,False,22,3,66,0.0007394602289423347,31.310851790915137,0.9584315419197083,0.13289952278137207,0.11951088905334473
uvg,Bosphorus,1,3,uvg_01_qp3_T12826,False,23,4,69,0.0007113878382369876,31.478935637098594,0.9595907330513,0.13513249158859253,0.12372684478759766
uvg,Bosphorus,1,3,uvg_01_qp3_T12826,False,24,3,1857,0.0007114511099644005,31.478549387310753,0.9591059684753418,0.12638656795024872,0.11727708578109741
uvg,Bosphorus,1,3,uvg_01_qp3_T12826,False,25,5,1317,0.0006479305448010564,31.88471546021853,0.962250828742981,0.12535236775875092,0.12134510278701782
uvg,Bosphorus,1,3,uvg_01_qp3_T12826,False,26,3,64,0.0007558930665254593,31.215396382324737,0.9580232501029968,0.12772022187709808,0.11822330951690674
uvg,Bosphorus,1,3,uvg_01_qp3_T12826,False,27,4,65,0.0007211054908111691,31.420011975192132,0.9598243832588196,0.1310245394706726,0.12391942739486694
uvg,Bosphorus,1,3,uvg_01_qp3_T12826,False,28,3,1871,0.000703129917383194,31.529644229322145,0.9595201015472412,0.12360864877700806,0.11192589998245239
uvg,Bosphorus,1,3,uvg_01_qp3_T12826,False,29,4,583,0.0006656647310592234,31.76744452680488,0.9614627361297607,0.12542536854743958,0.11643588542938232
uvg,Bosphorus,1,3,uvg_01_qp3_T12826,False,30,3,64,0.000733968336135149,31.34322675422348,0.9590967893600464,0.12765982747077942,0.1123306155204773
uvg,Bosphorus,1,3,uvg_01_qp3_T12826,False,31,4,74,0.0007061724900268018,31.51089205014594,0.9602833390235901,0.12980766594409943,0.1165609359741211
uvg,Bosphorus,1,3,uvg_01_qp3_T12826,False,32,3,1569,0.0007133819162845612,31.466779039090312,0.9593028426170349,0.12450581789016724,0.11206716299057007
uvg,Bosphorus,1,3,uvg_01_qp3_T12826,False,33,5,1295,0.000641335267573595,31.929148772019552,0.9628517627716064,0.12505030632019043,0.11587530374526978
uvg,Bosphorus,1,3,uvg_01_qp3_T12826,False,34,3,63,0.0007415976142510772,31.298316760038762,0.9588291645050049,0.12855593860149384,0.10955482721328735
uvg,Bosphorus,1,3,uvg_01_qp3_T12826,False,35,4,72,0.000707853352651,31.500567066198325,0.9606156945228577,0.13068780303001404,0.11721479892730713
uvg,Bosphorus,1,3,uvg_01_qp3_T12826,False,36,3,1866,0.0007077910122461617,31.50094956471999,0.9596222043037415,0.12353526800870895,0.1085851788520813
uvg,Bosphorus,1,3,uvg_01_qp3_T12826,False,37,4,645,0.0006751951295882463,31.705706990846792,0.9610921740531921,0.12450207769870758,0.1150503158569336
uvg,Bosphorus,1,3,uvg_01_qp3_T12826,False,38,3,68,0.000749231840018183,31.253837747426438,0.9584134221076965,0.12758082151412964,0.11194205284118652
uvg,Bosphorus,1,3,uvg_01_qp3_T12826,False,39,4,71,0.0007147631840780377,31.45837825169647,0.9599129557609558,0.1300193965435028,0.1176292896270752
uvg,Bosphorus,1,3,uvg_01_qp3_T12826,False,40,3,1681,0.000702936842571944,31.530836936923738,0.9600433111190796,0.12342172116041183,0.10875970125198364
uvg,Bosphorus,1,3,uvg_01_qp3_T12826,False,41,5,1318,0.0006564034265466034,31.828291605159617,0.9622383117675781,0.12394813448190689,0.11453741788864136
uvg,Bosphorus,1,3,uvg_01_qp3_T12826,False,42,3,63,0.000757949601393193,31.20359671102133,0.9582703113555908,0.1274867057800293,0.1120443344116211
uvg,Bosphorus,1,3,uvg_01_qp3_T12826,False,43,4,60,0.0007292500231415033,31.371235484246363,0.9598093628883362,0.12945818901062012,0.11829280853271484
uvg,Bosphorus,1,3,uvg_01_qp3_T12826,False,44,3,1850,0.0007214042125269771,31.41821326015605,0.9593513607978821,0.12272492051124573,0.10929995775222778
uvg,Bosphorus,1,3,uvg_01_qp3_T12826,False,45,4,587,0.0006835283129476011,31.652434914805895,0.9614800214767456,0.12619251012802124,0.11810088157653809
uvg,Bosphorus,1,3,uvg_01_qp3_T12826,False,46,3,62,0.0007605372811667621,31.188794921853948,0.9587709903717041,0.1291513592004776,0.11769789457321167
uvg,Bosphorus,1,3,uvg_01_qp3_T12826,False,47,4,67,0.0007344736368395388,31.340237881386575,0.9597904682159424,0.13149335980415344,0.12338906526565552
uvg,Bosphorus,1,3,uvg_01_qp3_T12826,False,48,3,1667,0.0007346767233684659,31.33903719612232,0.9590040445327759,0.1258377581834793,0.11494755744934082
uvg,Bosphorus,1,3,uvg_01_qp3_T12826,False,49,5,1214,0.0006694845505990088,31.74259440559389,0.9621989727020264,0.126179501414299,0.12316161394119263
uvg,Bosphorus,1,3,uvg_01_qp3_T12826,False,50,3,59,0.0007733740494586527,31.116104047558323,0.9583587646484375,0.12889547646045685,0.11669480800628662
uvg,Bosphorus,1,3,uvg_01_qp3_T12826,False,51,4,64,0.0007383605698123574,31.317315037076924,0.9602952599525452,0.13166727125644684,0.12108659744262695
uvg,Bosphorus,1,3,uvg_01_qp3_T12826,False,52,3,1791,0.0007196678197942674,31.428679165125004,0.9600034356117249,0.1226470023393631,0.1117505431175232
uvg,Bosphorus,1,3,uvg_01_qp3_T12826,False,53,4,538,0.0006905314512550831,31.608165360636775,0.9612283110618591,0.12657004594802856,0.1175432801246643
uvg,Bosphorus,1,3,uvg_01_qp3_T12826,False,54,3,63,0.0007707247277721763,31.131007069764568,0.9584197402000427,0.12908470630645752,0.11301684379577637
uvg,Bosphorus,1,3,uvg_01_qp3_T12826,False,55,4,81,0.0007374387350864708,31.322740541553284,0.959671676158905,0.13101021945476532,0.12094032764434814
uvg,Bosphorus,1,3,uvg_01_qp3_T12826,False,56,3,1683,0.0007277400000020862,31.38023753561775,0.9597644805908203,0.1247490793466568,0.11621177196502686
uvg,Bosphorus,1,3,uvg_01_qp3_T12826,False,57,5,1224,0.0006622727960348129,31.78963083960532,0.9624355435371399,0.12356144934892654,0.11856573820114136
uvg,Bosphorus,1,3,uvg_01_qp3_T12826,False,58,3,56,0.0007710818899795413,31.128994968158676,0.958466112613678,0.12584470212459564,0.1124579906463623
uvg,Bosphorus,1,3,uvg_01_qp3_T12826,False,59,4,62,0.0007400570902973413,31.30734776154513,0.9601176381111145,0.12838058173656464,0.11887234449386597
uvg,Bosphorus,1,3,uvg_01_qp3_T12826,False,60,3,1819,0.00073186558438465,31.3556867484381,0.9595124125480652,0.12201470881700516,0.11002564430236816
uvg,Bosphorus,1,3,uvg_01_qp3_T12826,False,61,4,493,0.0006952680414542556,31.57847732845149,0.9610965251922607,0.125085711479187,0.11963123083114624
uvg,Bosphorus,1,3,uvg_01_qp3_T12826,False,62,3,57,0.0007709747878834605,31.129598238454385,0.9585887789726257,0.12781333923339844,0.11617660522460938
uvg,Bosphorus,1,3,uvg_01_qp3_T12826,False,63,4,75,0.0007404225179925561,31.305203818002774,0.9598516821861267,0.1311631202697754,0.12254077196121216
uvg,Bosphorus,1,3,uvg_01_qp3_T12864,False,0,3,6163,0.000730058818589896,31.36642148701499,0.9597603678703308,0.14366284012794495,0.16364026069641113
uvg,Bosphorus,1,3,uvg_01_qp3_T12864,False,1,5,4561,0.0008030541939660907,30.952551454482908,0.9530561566352844,0.13873958587646484,0.11910241842269897
uvg,Bosphorus,1,3,uvg_01_qp3_T12864,False,2,3,1224,0.0007650615298189223,31.16303635452598,0.9551723003387451,0.13190105557441711,0.11283177137374878
uvg,Bosphorus,1,3,uvg_01_qp3_T12864,False,3,4,1010,0.0006934826960787177,31.58964371059745,0.9597518444061279,0.12501952052116394,0.1123884916305542
uvg,Bosphorus,1,3,uvg_01_qp3_T12864,False,4,3,966,0.0006989020039327443,31.555837142898252,0.9585115909576416,0.12433719635009766,0.11173361539840698
uvg,Bosphorus,1,3,uvg_01_qp3_T12864,False,5,4,738,0.0006734994822181761,31.71662733823513,0.9609324336051941,0.12383148074150085,0.11276960372924805
uvg,Bosphorus,1,3,uvg_01_qp3_T12864,False,6,3,715,0.0006961921462789178,31.572708802860987,0.9590751528739929,0.12383686006069183,0.11288595199584961
uvg,Bosphorus,1,3,uvg_01_qp3_T12864,False,7,4,465,0.0006669151480309665,31.759294180865997,0.9609699249267578,0.12421199679374695,0.1186298131942749
uvg,Bosphorus,1,3,uvg_01_qp3_T12864,False,8,3,303,0.0006990117835812271,31.555155030795415,0.9596447944641113,0.12640860676765442,0.11775362491607666
uvg,Bosphorus,1,3,uvg_01_qp3_T12864,False,9,5,640,0.0006489439983852208,31.87792779689097,0.9623608589172363,0.1277531534433365,0.12065327167510986
uvg,Bosphorus,1,3,uvg_01_qp3_T12864,False,10,3,94,0.0007183423149399459,31.436685501006778,0.9590981602668762,0.1298554241657257,0.115165114402771
uvg,Bosphorus,1,3,uvg_01_qp3_T12864,False,11,4,79,0.0006762197008356452,31.69912180746271,0.9611480236053467,0.1317860335111618,0.12332010269165039
uvg,Bosphorus,1,3,uvg_01_qp3_T12864,False,12,3,566,0.0007112426683306694,31.479821973911708,0.9590702652931213,0.13205412030220032,0.11640948057174683
uvg,Bosphorus,1,3,uvg_01_qp3_T12864,False,13,4,221,0.0006743142148479819,31.711376851031762,0.9609062075614929,0.13344340026378632,0.1250593066215515
uvg,Bosphorus,1,3,uvg_01_qp3_T12864,False,14,3,92,0.0007328710053116083,31.349724600264587,0.9585050940513611,0.13665790855884552,0.12101787328720093
uvg,Bosphorus,1,3,uvg_01_qp3_T12864,False,15,4,94,0.0007040079799480736,31.524224180911652,0.9598831534385681,0.1390613317489624,0.12925201654434204
uvg,Bosphorus,1,3,uvg_01_qp3_T12864,False,16,3,1349,0.0007210292969830334,31.420470885960047,0.9582002758979797,0.13374744355678558,0.12144392728805542
uvg,Bosphorus,1,3,uvg_01_qp3_T12864,False,17,5,1734,0.0006450747605413198,31.903899501568993,0.9620286226272583,0.130193293094635,0.12424421310424805
uvg,Bosphorus,1,3,uvg_01_qp3_T12864,False,18,3,70,0.000734591216314584,31.339542689241764,0.9583413004875183,0.13296493887901306,0.11760294437408447
uvg,Bosphorus,1,3,uvg_01_qp3_T12864,False,19,4,67,0.0007052088039927185,31.516822745043246,0.9601114988327026,0.13583441078662872,0.12204688787460327
uvg,Bosphorus,1,3,uvg_01_qp3_T12864,False,20,3,1824,0.0007058341288939118,31.51297346214144,0.9591657519340515,0.1271069496870041,0.11291748285293579
uvg,Bosphorus,1,3,uvg_01_qp3_T12864,False,21,4,607,0.0006655610050074756,31.768121311376788,0.961124837398529,0.12960076332092285,0.1204993724822998
uvg,Bosphorus,1,3,uvg_01_qp3_T12864,False,22,3,66,0.0007394602289423347,31.310851790915137,0.9584315419197083,0.13289952278137207,0.11951088905334473
uvg,Bosphorus,1,3,uvg_01_qp3_T12864,False,23,4,69,0.0007113878382369876,31.478935637098594,0.9595907330513,0.13513249158859253,0.12372684478759766
uvg,Bosphorus,1,3,uvg_01_qp3_T12864,False,24,3,1857,0.0007114511099644005,31.478549387310753,0.9591059684753418,0.12638656795024872,0.11727708578109741
uvg,Bosphorus,1,3,uvg_01_qp3_T12864,False,25,5,1317,0.0006479305448010564,31.88471546021853,0.962250828742981,0.12535236775875092,0.12134510278701782
uvg,Bosphorus,1,3,uvg_01_qp3_T12864,False,26,3,64,0.0007558930665254593,31.215396382324737,0.9580232501029968,0.12772022187709808,0.11822330951690674
uvg,Bosphorus,1,3,uvg_01_qp3_T12864,False,27,4,65,0.0007211054908111691,31.420011975192132,0.9598243832588196,0.1310245394706726,0.12391942739486694
uvg,Bosphorus,1,3,uvg_01_qp3_T12864,False,28,3,1871,0.000703129917383194,31.529644229322145,0.9595201015472412,0.12360864877700806,0.11192589998245239
uvg,Bosphorus,1,3,uvg_01_qp3_T12864,False,29,4,583,0.0006656647310592234,31.76744452680488,0.9614627361297607,0.12542536854743958,0.11643588542938232
uvg,Bosphorus,1,3,uvg_01_qp3_T12864,False,30,3,64,0.000733968336135149,31.34322675422348,0.9590967893600464,0.12765982747077942,0.1123306155204773
uvg,Bosphorus,1,3,uvg_01_qp3_T12864,False,31,4,74,0.0007061724900268018,31.51089205014594,0.9602833390235901,0.12980766594409943,0.1165609359741211
uvg,Bosphorus,1,3,uvg_01_qp3_T12864,False,32,3,1569,0.0007133819162845612,31.466779039090312,0.9593028426170349,0.12450581789016724,0.11206716299057007
uvg,Bosphorus,1,3,uvg_01_qp3_T12864,False,33,5,1295,0.000641335267573595,31.929148772019552,0.9628517627716064,0.12505030632019043,0.11587530374526978
uvg,Bosphorus,1,3,uvg_01_qp3_T12864,False,34,3,63,0.0007415976142510772,31.298316760038762,0.9588291645050049,0.12855593860149384,0.10955482721328735
uvg,Bosphorus,1,3,uvg_01_qp3_T12864,False,35,4,72,0.000707853352651,31.500567066198325,0.9606156945228577,0.13068780303001404,0.11721479892730713
uvg,Bosphorus,1,3,uvg_01_qp3_T12864,False,36,3,1866,0.0007077910122461617,31.50094956471999,0.9596222043037415,0.12353526800870895,0.1085851788520813
uvg,Bosphorus,1,3,uvg_01_qp3_T12864,False,37,4,645,0.0006751951295882463,31.705706990846792,0.9610921740531921,0.12450207769870758,0.1150503158569336
uvg,Bosphorus,1,3,uvg_01_qp3_T12864,False,38,3,68,0.000749231840018183,31.253837747426438,0.9584134221076965,0.12758082151412964,0.11194205284118652
uvg,Bosphorus,1,3,uvg_01_qp3_T12864,False,39,4,71,0.0007147631840780377,31.45837825169647,0.9599129557609558,0.1300193965435028,0.1176292896270752
uvg,Bosphorus,1,3,uvg_01_qp3_T12864,False,40,3,1681,0.000702936842571944,31.530836936923738,0.9600433111190796,0.12342172116041183,0.10875970125198364
uvg,Bosphorus,1,3,uvg_01_qp3_T12864,False,41,5,1318,0.0006564034265466034,31.828291605159617,0.9622383117675781,0.12394813448190689,0.11453741788864136
uvg,Bosphorus,1,3,uvg_01_qp3_T12864,False,42,3,63,0.000757949601393193,31.20359671102133,0.9582703113555908,0.1274867057800293,0.1120443344116211
uvg,Bosphorus,1,3,uvg_01_qp3_T12864,False,43,4,60,0.0007292500231415033,31.371235484246363,0.9598093628883362,0.12945818901062012,0.11829280853271484
uvg,Bosphorus,1,3,uvg_01_qp3_T12864,False,44,3,1850,0.0007214042125269771,31.41821326015605,0.9593513607978821,0.12272492051124573,0.10929995775222778
uvg,Bosphorus,1,3,uvg_01_qp3_T12864,False,45,4,587,0.0006835283129476011,31.652434914805895,0.9614800214767456,0.12619251012802124,0.11810088157653809
uvg,Bosphorus,1,3,uvg_01_qp3_T12864,False,46,3,62,0.0007605372811667621,31.188794921853948,0.9587709903717041,0.1291513592004776,0.11769789457321167
uvg,Bosphorus,1,3,uvg_01_qp3_T12864,False,47,4,67,0.0007344736368395388,31.340237881386575,0.9597904682159424,0.13149335980415344,0.12338906526565552
uvg,Bosphorus,1,3,uvg_01_qp3_T12864,False,48,3,1667,0.0007346767233684659,31.33903719612232,0.9590040445327759,0.1258377581834793,0.11494755744934082
uvg,Bosphorus,1,3,uvg_01_qp3_T12864,False,49,5,1214,0.0006694845505990088,31.74259440559389,0.9621989727020264,0.126179501414299,0.12316161394119263
uvg,Bosphorus,1,3,uvg_01_qp3_T12864,False,50,3,59,0.0007733740494586527,31.116104047558323,0.9583587646484375,0.12889547646045685,0.11669480800628662
uvg,Bosphorus,1,3,uvg_01_qp3_T12864,False,51,4,64,0.0007383605698123574,31.317315037076924,0.9602952599525452,0.13166727125644684,0.12108659744262695
uvg,Bosphorus,1,3,uvg_01_qp3_T12864,False,52,3,1791,0.0007196678197942674,31.428679165125004,0.9600034356117249,0.1226470023393631,0.1117505431175232
uvg,Bosphorus,1,3,uvg_01_qp3_T12864,False,53,4,538,0.0006905314512550831,31.608165360636775,0.9612283110618591,0.12657004594802856,0.1175432801246643
uvg,Bosphorus,1,3,uvg_01_qp3_T12864,False,54,3,63,0.0007707247277721763,31.131007069764568,0.9584197402000427,0.12908470630645752,0.11301684379577637
uvg,Bosphorus,1,3,uvg_01_qp3_T12864,False,55,4,81,0.0007374387350864708,31.322740541553284,0.959671676158905,0.13101021945476532,0.12094032764434814
uvg,Bosphorus,1,3,uvg_01_qp3_T12864,False,56,3,1683,0.0007277400000020862,31.38023753561775,0.9597644805908203,0.1247490793466568,0.11621177196502686
uvg,Bosphorus,1,3,uvg_01_qp3_T12864,False,57,5,1224,0.0006622727960348129,31.78963083960532,0.9624355435371399,0.12356144934892654,0.11856573820114136
uvg,Bosphorus,1,3,uvg_01_qp3_T12864,False,58,3,56,0.0007710818899795413,31.128994968158676,0.958466112613678,0.12584470212459564,0.1124579906463623
uvg,Bosphorus,1,3,uvg_01_qp3_T12864,False,59,4,62,0.0007400570902973413,31.30734776154513,0.9601176381111145,0.12838058173656464,0.11887234449386597
uvg,Bosphorus,1,3,uvg_01_qp3_T12864,False,60,3,1819,0.00073186558438465,31.3556867484381,0.9595124125480652,0.12201470881700516,0.11002564430236816
uvg,Bosphorus,1,3,uvg_01_qp3_T12864,False,61,4,493,0.0006952680414542556,31.57847732845149,0.9610965251922607,0.125085711479187,0.11963123083114624
uvg,Bosphorus,1,3,uvg_01_qp3_T12864,False,62,3,57,0.0007709747878834605,31.129598238454385,0.9585887789726257,0.12781333923339844,0.11617660522460938
uvg,Bosphorus,1,3,uvg_01_qp3_T12864,False,63,4,75,0.0007404225179925561,31.305203818002774,0.9598516821861267,0.1311631202697754,0.12254077196121216
uvg,Bosphorus,1,3,uvg_01_qp3_T12902,False,0,3,6163,0.000730058818589896,31.36642148701499,0.9597603678703308,0.14366284012794495,0.16364026069641113
uvg,Bosphorus,1,3,uvg_01_qp3_T12902,False,1,5,4561,0.0008030541939660907,30.952551454482908,0.9530561566352844,0.13873958587646484,0.11910241842269897
uvg,Bosphorus,1,3,uvg_01_qp3_T12902,False,2,3,1224,0.0007650615298189223,31.16303635452598,0.9551723003387451,0.13190105557441711,0.11283177137374878
uvg,Bosphorus,1,3,uvg_01_qp3_T12902,False,3,4,1010,0.0006934826960787177,31.58964371059745,0.9597518444061279,0.12501952052116394,0.1123884916305542
uvg,Bosphorus,1,3,uvg_01_qp3_T12902,False,4,3,966,0.0006989020039327443,31.555837142898252,0.9585115909576416,0.12433719635009766,0.11173361539840698
uvg,Bosphorus,1,3,uvg_01_qp3_T12902,False,5,4,738,0.0006734994822181761,31.71662733823513,0.9609324336051941,0.12383148074150085,0.11276960372924805
uvg,Bosphorus,1,3,uvg_01_qp3_T12902,False,6,3,715,0.0006961921462789178,31.572708802860987,0.9590751528739929,0.12383686006069183,0.11288595199584961
uvg,Bosphorus,1,3,uvg_01_qp3_T12902,False,7,4,465,0.0006669151480309665,31.759294180865997,0.9609699249267578,0.12421199679374695,0.1186298131942749
uvg,Bosphorus,1,3,uvg_01_qp3_T12902,False,8,3,303,0.0006990117835812271,31.555155030795415,0.9596447944641113,0.12640860676765442,0.11775362491607666
uvg,Bosphorus,1,3,uvg_01_qp3_T12902,False,9,5,640,0.0006489439983852208,31.87792779689097,0.9623608589172363,0.1277531534433365,0.12065327167510986
uvg,Bosphorus,1,3,uvg_01_qp3_T12902,False,10,3,94,0.0007183423149399459,31.436685501006778,0.9590981602668762,0.1298554241657257,0.115165114402771
uvg,Bosphorus,1,3,uvg_01_qp3_T12902,False,11,4,79,0.0006762197008356452,31.69912180746271,0.9611480236053467,0.1317860335111618,0.12332010269165039
uvg,Bosphorus,1,3,uvg_01_qp3_T12902,False,12,3,566,0.0007112426683306694,31.479821973911708,0.9590702652931213,0.13205412030220032,0.11640948057174683
uvg,Bosphorus,1,3,uvg_01_qp3_T12902,False,13,4,221,0.0006743142148479819,31.711376851031762,0.9609062075614929,0.13344340026378632,0.1250593066215515
uvg,Bosphorus,1,3,uvg_01_qp3_T12902,False,14,3,92,0.0007328710053116083,31.349724600264587,0.9585050940513611,0.13665790855884552,0.12101787328720093
uvg,Bosphorus,1,3,uvg_01_qp3_T12902,False,15,4,94,0.0007040079799480736,31.524224180911652,0.9598831534385681,0.1390613317489624,0.12925201654434204
uvg,Bosphorus,1,3,uvg_01_qp3_T12902,False,16,3,1349,0.0007210292969830334,31.420470885960047,0.9582002758979797,0.13374744355678558,0.12144392728805542
uvg,Bosphorus,1,3,uvg_01_qp3_T12902,False,17,5,1734,0.0006450747605413198,31.903899501568993,0.9620286226272583,0.130193293094635,0.12424421310424805
uvg,Bosphorus,1,3,uvg_01_qp3_T12902,False,18,3,70,0.000734591216314584,31.339542689241764,0.9583413004875183,0.13296493887901306,0.11760294437408447
uvg,Bosphorus,1,3,uvg_01_qp3_T12902,False,19,4,67,0.0007052088039927185,31.516822745043246,0.9601114988327026,0.13583441078662872,0.12204688787460327
uvg,Bosphorus,1,3,uvg_01_qp3_T12902,False,20,3,1824,0.0007058341288939118,31.51297346214144,0.9591657519340515,0.1271069496870041,0.11291748285293579
uvg,Bosphorus,1,3,uvg_01_qp3_T12902,False,21,4,607,0.0006655610050074756,31.768121311376788,0.961124837398529,0.12960076332092285,0.1204993724822998
uvg,Bosphorus,1,3,uvg_01_qp3_T12902,False,22,3,66,0.0007394602289423347,31.310851790915137,0.9584315419197083,0.13289952278137207,0.11951088905334473
uvg,Bosphorus,1,3,uvg_01_qp3_T12902,False,23,4,69,0.0007113878382369876,31.478935637098594,0.9595907330513,0.13513249158859253,0.12372684478759766
uvg,Bosphorus,1,3,uvg_01_qp3_T12902,False,24,3,1857,0.0007114511099644005,31.478549387310753,0.9591059684753418,0.12638656795024872,0.11727708578109741
uvg,Bosphorus,1,3,uvg_01_qp3_T12902,False,25,5,1317,0.0006479305448010564,31.88471546021853,0.962250828742981,0.12535236775875092,0.12134510278701782
uvg,Bosphorus,1,3,uvg_01_qp3_T12902,False,26,3,64,0.0007558930665254593,31.215396382324737,0.9580232501029968,0.12772022187709808,0.11822330951690674
uvg,Bosphorus,1,3,uvg_01_qp3_T12902,False,27,4,65,0.0007211054908111691,31.420011975192132,0.9598243832588196,0.1310245394706726,0.12391942739486694
uvg,Bosphorus,1,3,uvg_01_qp3_T12902,False,28,3,1871,0.000703129917383194,31.529644229322145,0.9595201015472412,0.12360864877700806,0.11192589998245239
uvg,Bosphorus,1,3,uvg_01_qp3_T12902,False,29,4,583,0.0006656647310592234,31.76744452680488,0.9614627361297607,0.12542536854743958,0.11643588542938232
uvg,Bosphorus,1,3,uvg_01_qp3_T12902,False,30,3,64,0.000733968336135149,31.34322675422348,0.9590967893600464,0.12765982747077942,0.1123306155204773
uvg,Bosphorus,1,3,uvg_01_qp3_T12902,False,31,4,74,0.0007061724900268018,31.51089205014594,0.9602833390235901,0.12980766594409943,0.1165609359741211
uvg,Bosphorus,1,3,uvg_01_qp3_T12902,False,32,3,1569,0.0007133819162845612,31.466779039090312,0.9593028426170349,0.12450581789016724,0.11206716299057007
uvg,Bosphorus,1,3,uvg_01_qp3_T12902,False,33,5,1295,0.000641335267573595,31.929148772019552,0.9628517627716064,0.12505030632019043,0.11587530374526978
uvg,Bosphorus,1,3,uvg_01_qp3_T12902,False,34,3,63,0.0007415976142510772,31.298316760038762,0.9588291645050049,0.12855593860149384,0.10955482721328735
uvg,Bosphorus,1,3,uvg_01_qp3_T12902,False,35,4,72,0.000707853352651,31.500567066198325,0.9606156945228577,0.13068780303001404,0.11721479892730713
uvg,Bosphorus,1,3,uvg_01_qp3_T12902,False,36,3,1866,0.0007077910122461617,31.50094956471999,0.9596222043037415,0.12353526800870895,0.1085851788520813
uvg,Bosphorus,1,3,uvg_01_qp3_T12902,False,37,4,645,0.0006751951295882463,31.705706990846792,0.9610921740531921,0.12450207769870758,0.1150503158569336
uvg,Bosphorus,1,3,uvg_01_qp3_T12902,False,38,3,68,0.000749231840018183,31.253837747426438,0.9584134221076965,0.12758082151412964,0.11194205284118652
uvg,Bosphorus,1,3,uvg_01_qp3_T12902,False,39,4,71,0.0007147631840780377,31.45837825169647,0.9599129557609558,0.1300193965435028,0.1176292896270752
uvg,Bosphorus,1,3,uvg_01_qp3_T12902,False,40,3,1681,0.000702936842571944,31.530836936923738,0.9600433111190796,0.12342172116041183,0.10875970125198364
uvg,Bosphorus,1,3,uvg_01_qp3_T12902,False,41,5,1318,0.0006564034265466034,31.828291605159617,0.9622383117675781,0.12394813448190689,0.11453741788864136
uvg,Bosphorus,1,3,uvg_01_qp3_T12902,False,42,3,63,0.000757949601393193,31.20359671102133,0.9582703113555908,0.1274867057800293,0.1120443344116211
uvg,Bosphorus,1,3,uvg_01_qp3_T12902,False,43,4,60,0.0007292500231415033,31.371235484246363,0.9598093628883362,0.12945818901062012,0.11829280853271484
uvg,Bosphorus,1,3,uvg_01_qp3_T12902,False,44,3,1850,0.0007214042125269771,31.41821326015605,0.9593513607978821,0.12272492051124573,0.10929995775222778
uvg,Bosphorus,1,3,uvg_01_qp3_T12902,False,45,4,587,0.0006835283129476011,31.652434914805895,0.9614800214767456,0.12619251012802124,0.11810088157653809
uvg,Bosphorus,1,3,uvg_01_qp3_T12902,False,46,3,62,0.0007605372811667621,31.188794921853948,0.9587709903717041,0.1291513592004776,0.11769789457321167
uvg,Bosphorus,1,3,uvg_01_qp3_T12902,False,47,4,67,0.0007344736368395388,31.340237881386575,0.9597904682159424,0.13149335980415344,0.12338906526565552
uvg,Bosphorus,1,3,uvg_01_qp3_T12902,False,48,3,1667,0.0007346767233684659,31.33903719612232,0.9590040445327759,0.1258377581834793,0.11494755744934082
uvg,Bosphorus,1,3,uvg_01_qp3_T12902,False,49,5,1214,0.0006694845505990088,31.74259440559389,0.9621989727020264,0.126179501414299,0.12316161394119263
uvg,Bosphorus,1,3,uvg_01_qp3_T12902,False,50,3,59,0.0007733740494586527,31.116104047558323,0.9583587646484375,0.12889547646045685,0.11669480800628662
uvg,Bosphorus,1,3,uvg_01_qp3_T12902,False,51,4,64,0.0007383605698123574,31.317315037076924,0.9602952599525452,0.13166727125644684,0.12108659744262695
uvg,Bosphorus,1,3,uvg_01_qp3_T12902,False,52,3,1791,0.0007196678197942674,31.428679165125004,0.9600034356117249,0.1226470023393631,0.1117505431175232
uvg,Bosphorus,1,3,uvg_01_qp3_T12902,False,53,4,538,0.0006905314512550831,31.608165360636775,0.9612283110618591,0.12657004594802856,0.1175432801246643
uvg,Bosphorus,1,3,uvg_01_qp3_T12902,False,54,3,63,0.0007707247277721763,31.131007069764568,0.9584197402000427,0.12908470630645752,0.11301684379577637
uvg,Bosphorus,1,3,uvg_01_qp3_T12902,False,55,4,81,0.0007374387350864708,31.322740541553284,0.959671676158905,0.13101021945476532,0.12094032764434814
uvg,Bosphorus,1,3,uvg_01_qp3_T12902,False,56,3,1683,0.0007277400000020862,31.38023753561775,0.9597644805908203,0.1247490793466568,0.11621177196502686
uvg,Bosphorus,1,3,uvg_01_qp3_T12902,False,57,5,1224,0.0006622727960348129,31.78963083960532,0.9624355435371399,0.12356144934892654,0.11856573820114136
uvg,Bosphorus,1,3,uvg_01_qp3_T12902,False,58,3,56,0.0007710818899795413,31.128994968158676,0.958466112613678,0.12584470212459564,0.1124579906463623
uvg,Bosphorus,1,3,uvg_01_qp3_T12902,False,59,4,62,0.0007400570902973413,31.30734776154513,0.9601176381111145,0.12838058173656464,0.11887234449386597
uvg,Bosphorus,1,3,uvg_01_qp3_T12902,False,60,3,1819,0.00073186558438465,31.3556867484381,0.9595124125480652,0.12201470881700516,0.11002564430236816
uvg,Bosphorus,1,3,uvg_01_qp3_T12902,False,61,4,493,0.0006952680414542556,31.57847732845149,0.9610965251922607,0.125085711479187,0.11963123083114624
uvg,Bosphorus,1,3,uvg_01_qp3_T12902,False,62,3,57,0.0007709747878834605,31.129598238454385,0.9585887789726257,0.12781333923339844,0.11617660522460938
uvg,Bosphorus,1,3,uvg_01_qp3_T12902,False,63,4,75,0.0007404225179925561,31.305203818002774,0.9598516821861267,0.1311631202697754,0.12254077196121216
uvg,Bosphorus,1,3,uvg_01_qp3_T12940,False,0,3,6163,0.000730058818589896,31.36642148701499,0.9597603678703308,0.14366284012794495,0.16364026069641113
uvg,Bosphorus,1,3,uvg_01_qp3_T12940,False,1,5,4561,0.0008030541939660907,30.952551454482908,0.9530561566352844,0.13873958587646484,0.11910241842269897
uvg,Bosphorus,1,3,uvg_01_qp3_T12940,False,2,3,1224,0.0007650615298189223,31.16303635452598,0.9551723003387451,0.13190105557441711,0.11283177137374878
uvg,Bosphorus,1,3,uvg_01_qp3_T12940,False,3,4,1010,0.0006934826960787177,31.58964371059745,0.9597518444061279,0.12501952052116394,0.1123884916305542
uvg,Bosphorus,1,3,uvg_01_qp3_T12940,False,4,3,966,0.0006989020039327443,31.555837142898252,0.9585115909576416,0.12433719635009766,0.11173361539840698
uvg,Bosphorus,1,3,uvg_01_qp3_T12940,False,5,4,738,0.0006734994822181761,31.71662733823513,0.9609324336051941,0.12383148074150085,0.11276960372924805
uvg,Bosphorus,1,3,uvg_01_qp3_T12940,False,6,3,715,0.0006961921462789178,31.572708802860987,0.9590751528739929,0.12383686006069183,0.11288595199584961
uvg,Bosphorus,1,3,uvg_01_qp3_T12940,False,7,4,465,0.0006669151480309665,31.759294180865997,0.9609699249267578,0.12421199679374695,0.1186298131942749
uvg,Bosphorus,1,3,uvg_01_qp3_T12940,False,8,3,303,0.0006990117835812271,31.555155030795415,0.9596447944641113,0.12640860676765442,0.11775362491607666
uvg,Bosphorus,1,3,uvg_01_qp3_T12940,False,9,5,640,0.0006489439983852208,31.87792779689097,0.9623608589172363,0.1277531534433365,0.12065327167510986
uvg,Bosphorus,1,3,uvg_01_qp3_T12940,False,10,3,94,0.0007183423149399459,31.436685501006778,0.9590981602668762,0.1298554241657257,0.115165114402771
uvg,Bosphorus,1,3,uvg_01_qp3_T12940,False,11,4,79,0.0006762197008356452,31.69912180746271,0.9611480236053467,0.1317860335111618,0.12332010269165039
uvg,Bosphorus,1,3,uvg_01_qp3_T12940,False,12,3,566,0.0007112426683306694,31.479821973911708,0.9590702652931213,0.13205412030220032,0.11640948057174683
uvg,Bosphorus,1,3,uvg_01_qp3_T12940,False,13,4,221,0.0006743142148479819,31.711376851031762,0.9609062075614929,0.13344340026378632,0.1250593066215515
uvg,Bosphorus,1,3,uvg_01_qp3_T12940,False,14,3,92,0.0007328710053116083,31.349724600264587,0.9585050940513611,0.13665790855884552,0.12101787328720093
uvg,Bosphorus,1,3,uvg_01_qp3_T12940,False,15,4,94,0.0007040079799480736,31.524224180911652,0.9598831534385681,0.1390613317489624,0.12925201654434204
uvg,Bosphorus,1,3,uvg_01_qp3_T12940,False,16,3,1349,0.0007210292969830334,31.420470885960047,0.9582002758979797,0.13374744355678558,0.12144392728805542
uvg,Bosphorus,1,3,uvg_01_qp3_T12940,False,17,5,1734,0.0006450747605413198,31.903899501568993,0.9620286226272583,0.130193293094635,0.12424421310424805
uvg,Bosphorus,1,3,uvg_01_qp3_T12940,False,18,3,70,0.000734591216314584,31.339542689241764,0.9583413004875183,0.13296493887901306,0.11760294437408447
uvg,Bosphorus,1,3,uvg_01_qp3_T12940,False,19,4,67,0.0007052088039927185,31.516822745043246,0.9601114988327026,0.13583441078662872,0.12204688787460327
uvg,Bosphorus,1,3,uvg_01_qp3_T12940,False,20,3,1824,0.0007058341288939118,31.51297346214144,0.9591657519340515,0.1271069496870041,0.11291748285293579
uvg,Bosphorus,1,3,uvg_01_qp3_T12940,False,21,4,607,0.0006655610050074756,31.768121311376788,0.961124837398529,0.12960076332092285,0.1204993724822998
uvg,Bosphorus,1,3,uvg_01_qp3_T12940,False,22,3,66,0.0007394602289423347,31.310851790915137,0.9584315419197083,0.13289952278137207,0.11951088905334473
uvg,Bosphorus,1,3,uvg_01_qp3_T12940,False,23,4,69,0.0007113878382369876,31.478935637098594,0.9595907330513,0.13513249158859253,0.12372684478759766
uvg,Bosphorus,1,3,uvg_01_qp3_T12940,False,24,3,1857,0.0007114511099644005,31.478549387310753,0.9591059684753418,0.12638656795024872,0.11727708578109741
uvg,Bosphorus,1,3,uvg_01_qp3_T12940,False,25,5,1317,0.0006479305448010564,31.88471546021853,0.962250828742981,0.12535236775875092,0.12134510278701782
uvg,Bosphorus,1,3,uvg_01_qp3_T12940,False,26,3,64,0.0007558930665254593,31.215396382324737,0.9580232501029968,0.12772022187709808,0.11822330951690674
uvg,Bosphorus,1,3,uvg_01_qp3_T12940,False,27,4,65,0.0007211054908111691,31.420011975192132,0.9598243832588196,0.1310245394706726,0.12391942739486694
uvg,Bosphorus,1,3,uvg_01_qp3_T12940,False,28,3,1871,0.000703129917383194,31.529644229322145,0.9595201015472412,0.12360864877700806,0.11192589998245239
uvg,Bosphorus,1,3,uvg_01_qp3_T12940,False,29,4,583,0.0006656647310592234,31.76744452680488,0.9614627361297607,0.12542536854743958,0.11643588542938232
uvg,Bosphorus,1,3,uvg_01_qp3_T12940,False,30,3,64,0.000733968336135149,31.34322675422348,0.9590967893600464,0.12765982747077942,0.1123306155204773
uvg,Bosphorus,1,3,uvg_01_qp3_T12940,False,31,4,74,0.0007061724900268018,31.51089205014594,0.9602833390235901,0.12980766594409943,0.1165609359741211
uvg,Bosphorus,1,3,uvg_01_qp3_T12940,False,32,3,1569,0.0007133819162845612,31.466779039090312,0.9593028426170349,0.12450581789016724,0.11206716299057007
uvg,Bosphorus,1,3,uvg_01_qp3_T12940,False,33,5,1295,0.000641335267573595,31.929148772019552,0.9628517627716064,0.12505030632019043,0.11587530374526978
uvg,Bosphorus,1,3,uvg_01_qp3_T12940,False,34,3,63,0.0007415976142510772,31.298316760038762,0.9588291645050049,0.12855593860149384,0.10955482721328735
uvg,Bosphorus,1,3,uvg_01_qp3_T12940,False,35,4,72,0.000707853352651,31.500567066198325,0.9606156945228577,0.13068780303001404,0.11721479892730713
uvg,Bosphorus,1,3,uvg_01_qp3_T12940,False,36,3,1866,0.0007077910122461617,31.50094956471999,0.9596222043037415,0.12353526800870895,0.1085851788520813
uvg,Bosphorus,1,3,uvg_01_qp3_T12940,False,37,4,645,0.0006751951295882463,31.705706990846792,0.9610921740531921,0.12450207769870758,0.1150503158569336
uvg,Bosphorus,1,3,uvg_01_qp3_T12940,False,38,3,68,0.000749231840018183,31.253837747426438,0.9584134221076965,0.12758082151412964,0.11194205284118652
uvg,Bosphorus,1,3,uvg_01_qp3_T12940,False,39,4,71,0.0007147631840780377,31.45837825169647,0.9599129557609558,0.1300193965435028,0.1176292896270752
uvg,Bosphorus,1,3,uvg_01_qp3_T12940,False,40,3,1681,0.000702936842571944,31.530836936923738,0.9600433111190796,0.12342172116041183,0.10875970125198364
uvg,Bosphorus,1,3,uvg_01_qp3_T12940,False,41,5,1318,0.0006564034265466034,31.828291605159617,0.9622383117675781,0.12394813448190689,0.11453741788864136
uvg,Bosphorus,1,3,uvg_01_qp3_T12940,False,42,3,63,0.000757949601393193,31.20359671102133,0.9582703113555908,0.1274867057800293,0.1120443344116211
uvg,Bosphorus,1,3,uvg_01_qp3_T12940,False,43,4,60,0.0007292500231415033,31.371235484246363,0.9598093628883362,0.12945818901062012,0.11829280853271484
uvg,Bosphorus,1,3,uvg_01_qp3_T12940,False,44,3,1850,0.0007214042125269771,31.41821326015605,0.9593513607978821,0.12272492051124573,0.10929995775222778
uvg,Bosphorus,1,3,uvg_01_qp3_T12940,False,45,4,587,0.0006835283129476011,31.652434914805895,0.9614800214767456,0.12619251012802124,0.11810088157653809
uvg,Bosphorus,1,3,uvg_01_qp3_T12940,False,46,3,62,0.0007605372811667621,31.188794921853948,0.9587709903717041,0.1291513592004776,0.11769789457321167
uvg,Bosphorus,1,3,uvg_01_qp3_T12940,False,47,4,67,0.0007344736368395388,31.340237881386575,0.9597904682159424,0.13149335980415344,0.12338906526565552
uvg,Bosphorus,1,3,uvg_01_qp3_T12940,False,48,3,1667,0.0007346767233684659,31.33903719612232,0.9590040445327759,0.1258377581834793,0.11494755744934082
uvg,Bosphorus,1,3,uvg_01_qp3_T12940,False,49,5,1214,0.0006694845505990088,31.74259440559389,0.9621989727020264,0.126179501414299,0.12316161394119263
uvg,Bosphorus,1,3,uvg_01_qp3_T12940,False,50,3,59,0.0007733740494586527,31.116104047558323,0.9583587646484375,0.12889547646045685,0.11669480800628662
uvg,Bosphorus,1,3,uvg_01_qp3_T12940,False,51,4,64,0.0007383605698123574,31.317315037076924,0.9602952599525452,0.13166727125644684,0.12108659744262695
uvg,Bosphorus,1,3,uvg_01_qp3_T12940,False,52,3,1791,0.0007196678197942674,31.428679165125004,0.9600034356117249,0.1226470023393631,0.1117505431175232
uvg,Bosphorus,1,3,uvg_01_qp3_T12940,False,53,4,538,0.0006905314512550831,31.608165360636775,0.9612283110618591,0.12657004594802856,0.1175432801246643
uvg,Bosphorus,1,3,uvg_01_qp3_T12940,False,54,3,63,0.0007707247277721763,31.131007069764568,0.9584197402000427,0.12908470630645752,0.11301684379577637
uvg,Bosphorus,1,3,uvg_01_qp3_T12940,False,55,4,81,0.0007374387350864708,31.322740541553284,0.959671676158905,0.13101021945476532,0.12094032764434814
uvg,Bosphorus,1,3,uvg_01_qp3_T12940,False,56,3,1683,0.0007277400000020862,31.38023753561775,0.9597644805908203,0.1247490793466568,0.11621177196502686
uvg,Bosphorus,1,3,uvg_01_qp3_T12940,False,57,5,1224,0.0006622727960348129,31.78963083960532,0.9624355435371399,0.12356144934892654,0.11856573820114136
uvg,Bosphorus,1,3,uvg_01_qp3_T12940,False,58,3,56,0.0007710818899795413,31.128994968158676,0.958466112613678,0.12584470212459564,0.1124579906463623
uvg,Bosphorus,1,3,uvg_01_qp3_T12940,False,59,4,62,0.0007400570902973413,31.30734776154513,0.9601176381111145,0.12838058173656464,0.11887234449386597
uvg,Bosphorus,1,3,uvg_01_qp3_T12940,False,60,3,1819,0.00073186558438465,31.3556867484381,0.9595124125480652,0.12201470881700516,0.11002564430236816
uvg,Bosphorus,1,3,uvg_01_qp3_T12940,False,61,4,493,0.0006952680414542556,31.57847732845149,0.9610965251922607,0.125085711479187,0.11963123083114624
uvg,Bosphorus,1,3,uvg_01_qp3_T12940,False,62,3,57,0.0007709747878834605,31.129598238454385,0.9585887789726257,0.12781333923339844,0.11617660522460938
uvg,Bosphorus,1,3,uvg_01_qp3_T12940,False,63,4,75,0.0007404225179925561,31.305203818002774,0.9598516821861267,0.1311631202697754,0.12254077196121216
uvg,Bosphorus,1,3,uvg_01_qp3_T12978,False,0,3,6163,0.000730058818589896,31.36642148701499,0.9597603678703308,0.14366284012794495,0.16364026069641113
uvg,Bosphorus,1,3,uvg_01_qp3_T12978,False,1,5,4561,0.0008030541939660907,30.952551454482908,0.9530561566352844,0.13873958587646484,0.11910241842269897
uvg,Bosphorus,1,3,uvg_01_qp3_T12978,False,2,3,1224,0.0007650615298189223,31.16303635452598,0.9551723003387451,0.13190105557441711,0.11283177137374878
uvg,Bosphorus,1,3,uvg_01_qp3_T12978,False,3,4,1010,0.0006934826960787177,31.58964371059745,0.9597518444061279,0.12501952052116394,0.1123884916305542
uvg,Bosphorus,1,3,uvg_01_qp3_T12978,False,4,3,966,0.0006989020039327443,31.555837142898252,0.9585115909576416,0.12433719635009766,0.11173361539840698
uvg,Bosphorus,1,3,uvg_01_qp3_T12978,False,5,4,738,0.0006734994822181761,31.71662733823513,0.9609324336051941,0.12383148074150085,0.11276960372924805
uvg,Bosphorus,1,3,uvg_01_qp3_T12978,False,6,3,715,0.0006961921462789178,31.572708802860987,0.9590751528739929,0.12383686006069183,0.11288595199584961
uvg,Bosphorus,1,3,uvg_01_qp3_T12978,False,7,4,465,0.0006669151480309665,31.759294180865997,0.9609699249267578,0.12421199679374695,0.1186298131942749
uvg,Bosphorus,1,3,uvg_01_qp3_T12978,False,8,3,303,0.0006990117835812271,31.555155030795415,0.9596447944641113,0.12640860676765442,0.11775362491607666
uvg,Bosphorus,1,3,uvg_01_qp3_T12978,False,9,5,640,0.0006489439983852208,31.87792779689097,0.9623608589172363,0.1277531534433365,0.12065327167510986
uvg,Bosphorus,1,3,uvg_01_qp3_T12978,False,10,3,94,0.0007183423149399459,31.436685501006778,0.9590981602668762,0.1298554241657257,0.115165114402771
uvg,Bosphorus,1,3,uvg_01_qp3_T12978,False,11,4,79,0.0006762197008356452,31.69912180746271,0.9611480236053467,0.1317860335111618,0.12332010269165039
uvg,Bosphorus,1,3,uvg_01_qp3_T12978,False,12,3,566,0.0007112426683306694,31.479821973911708,0.9590702652931213,0.13205412030220032,0.11640948057174683
uvg,Bosphorus,1,3,uvg_01_qp3_T12978,False,13,4,221,0.0006743142148479819,31.711376851031762,0.9609062075614929,0.13344340026378632,0.1250593066215515
uvg,Bosphorus,1,3,uvg_01_qp3_T12978,False,14,3,92,0.0007328710053116083,31.349724600264587,0.9585050940513611,0.13665790855884552,0.12101787328720093
uvg,Bosphorus,1,3,uvg_01_qp3_T12978,False,15,4,94,0.0007040079799480736,31.524224180911652,0.9598831534385681,0.1390613317489624,0.12925201654434204
uvg,Bosphorus,1,3,uvg_01_qp3_T12978,False,16,3,1349,0.0007210292969830334,31.420470885960047,0.9582002758979797,0.13374744355678558,0.12144392728805542
uvg,Bosphorus,1,3,uvg_01_qp3_T12978,False,17,5,1734,0.0006450747605413198,31.903899501568993,0.9620286226272583,0.130193293094635,0.12424421310424805
uvg,Bosphorus,1,3,uvg_01_qp3_T12978,False,18,3,70,0.000734591216314584,31.339542689241764,0.9583413004875183,0.13296493887901306,0.11760294437408447
uvg,Bosphorus,1,3,uvg_01_qp3_T12978,False,19,4,67,0.0007052088039927185,31.516822745043246,0.9601114988327026,0.13583441078662872,0.12204688787460327
uvg,Bosphorus,1,3,uvg_01_qp3_T12978,False,20,3,1824,0.0007058341288939118,31.51297346214144,0.9591657519340515,0.1271069496870041,0.11291748285293579
uvg,Bosphorus,1,3,uvg_01_qp3_T12978,False,21,4,607,0.0006655610050074756,31.768121311376788,0.961124837398529,0.12960076332092285,0.1204993724822998
uvg,Bosphorus,1,3,uvg_01_qp3_T12978,False,22,3,66,0.0007394602289423347,31.310851790915137,0.9584315419197083,0.13289952278137207,0.11951088905334473
uvg,Bosphorus,1,3,uvg_01_qp3_T12978,False,23,4,69,0.0007113878382369876,31.478935637098594,0.9595907330513,0.13513249158859253,0.12372684478759766
uvg,Bosphorus,1,3,uvg_01_qp3_T12978,False,24,3,1857,0.0007114511099644005,31.478549387310753,0.9591059684753418,0.12638656795024872,0.11727708578109741
uvg,Bosphorus,1,3,uvg_01_qp3_T12978,False,25,5,1317,0.0006479305448010564,31.88471546021853,0.962250828742981,0.12535236775875092,0.12134510278701782
uvg,Bosphorus,1,3,uvg_01_qp3_T12978,False,26,3,64,0.0007558930665254593,31.215396382324737,0.9580232501029968,0.12772022187709808,0.11822330951690674
uvg,Bosphorus,1,3,uvg_01_qp3_T12978,False,27,4,65,0.0007211054908111691,31.420011975192132,0.9598243832588196,0.1310245394706726,0.12391942739486694
uvg,Bosphorus,1,3,uvg_01_qp3_T12978,False,28,3,1871,0.000703129917383194,31.529644229322145,0.9595201015472412,0.12360864877700806,0.11192589998245239
uvg,Bosphorus,1,3,uvg_01_qp3_T12978,False,29,4,583,0.0006656647310592234,31.76744452680488,0.9614627361297607,0.12542536854743958,0.11643588542938232
uvg,Bosphorus,1,3,uvg_01_qp3_T12978,False,30,3,64,0.000733968336135149,31.34322675422348,0.9590967893600464,0.12765982747077942,0.1123306155204773
uvg,Bosphorus,1,3,uvg_01_qp3_T12978,False,31,4,74,0.0007061724900268018,31.51089205014594,0.9602833390235901,0.12980766594409943,0.1165609359741211
uvg,Bosphorus,1,3,uvg_01_qp3_T12978,False,32,3,1569,0.0007133819162845612,31.466779039090312,0.9593028426170349,0.12450581789016724,0.11206716299057007
uvg,Bosphorus,1,3,uvg_01_qp3_T12978,False,33,5,1295,0.000641335267573595,31.929148772019552,0.9628517627716064,0.12505030632019043,0.11587530374526978
uvg,Bosphorus,1,3,uvg_01_qp3_T12978,False,34,3,63,0.0007415976142510772,31.298316760038762,0.9588291645050049,0.12855593860149384,0.10955482721328735
uvg,Bosphorus,1,3,uvg_01_qp3_T12978,False,35,4,72,0.000707853352651,31.500567066198325,0.9606156945228577,0.13068780303001404,0.11721479892730713
uvg,Bosphorus,1,3,uvg_01_qp3_T12978,False,36,3,1866,0.0007077910122461617,31.50094956471999,0.9596222043037415,0.12353526800870895,0.1085851788520813
uvg,Bosphorus,1,3,uvg_01_qp3_T12978,False,37,4,645,0.0006751951295882463,31.705706990846792,0.9610921740531921,0.12450207769870758,0.1150503158569336
uvg,Bosphorus,1,3,uvg_01_qp3_T12978,False,38,3,68,0.000749231840018183,31.253837747426438,0.9584134221076965,0.12758082151412964,0.11194205284118652
uvg,Bosphorus,1,3,uvg_01_qp3_T12978,False,39,4,71,0.0007147631840780377,31.45837825169647,0.9599129557609558,0.1300193965435028,0.1176292896270752
uvg,Bosphorus,1,3,uvg_01_qp3_T12978,False,40,3,1681,0.000702936842571944,31.530836936923738,0.9600433111190796,0.12342172116041183,0.10875970125198364
uvg,Bosphorus,1,3,uvg_01_qp3_T12978,False,41,5,1318,0.0006564034265466034,31.828291605159617,0.9622383117675781,0.12394813448190689,0.11453741788864136
uvg,Bosphorus,1,3,uvg_01_qp3_T12978,False,42,3,63,0.000757949601393193,31.20359671102133,0.9582703113555908,0.1274867057800293,0.1120443344116211
uvg,Bosphorus,1,3,uvg_01_qp3_T12978,False,43,4,60,0.0007292500231415033,31.371235484246363,0.9598093628883362,0.12945818901062012,0.11829280853271484
uvg,Bosphorus,1,3,uvg_01_qp3_T12978,False,44,3,1850,0.0007214042125269771,31.41821326015605,0.9593513607978821,0.12272492051124573,0.10929995775222778
uvg,Bosphorus,1,3,uvg_01_qp3_T12978,False,45,4,587,0.0006835283129476011,31.652434914805895,0.9614800214767456,0.12619251012802124,0.11810088157653809
uvg,Bosphorus,1,3,uvg_01_qp3_T12978,False,46,3,62,0.0007605372811667621,31.188794921853948,0.9587709903717041,0.1291513592004776,0.11769789457321167
uvg,Bosphorus,1,3,uvg_01_qp3_T12978,False,47,4,67,0.0007344736368395388,31.340237881386575,0.9597904682159424,0.13149335980415344,0.12338906526565552
uvg,Bosphorus,1,3,uvg_01_qp3_T12978,False,48,3,1667,0.0007346767233684659,31.33903719612232,0.9590040445327759,0.1258377581834793,0.11494755744934082
uvg,Bosphorus,1,3,uvg_01_qp3_T12978,False,49,5,1214,0.0006694845505990088,31.74259440559389,0.9621989727020264,0.126179501414299,0.12316161394119263
uvg,Bosphorus,1,3,uvg_01_qp3_T12978,False,50,3,59,0.0007733740494586527,31.116104047558323,0.9583587646484375,0.12889547646045685,0.11669480800628662
uvg,Bosphorus,1,3,uvg_01_qp3_T12978,False,51,4,64,0.0007383605698123574,31.317315037076924,0.9602952599525452,0.13166727125644684,0.12108659744262695
uvg,Bosphorus,1,3,uvg_01_qp3_T12978,False,52,3,1791,0.0007196678197942674,31.428679165125004,0.9600034356117249,0.1226470023393631,0.1117505431175232
uvg,Bosphorus,1,3,uvg_01_qp3_T12978,False,53,4,538,0.0006905314512550831,31.608165360636775,0.9612283110618591,0.12657004594802856,0.1175432801246643
uvg,Bosphorus,1,3,uvg_01_qp3_T12978,False,54,3,63,0.0007707247277721763,31.131007069764568,0.9584197402000427,0.12908470630645752,0.11301684379577637
uvg,Bosphorus,1,3,uvg_01_qp3_T12978,False,55,4,81,0.0007374387350864708,31.322740541553284,0.959671676158905,0.13101021945476532,0.12094032764434814
uvg,Bosphorus,1,3,uvg_01_qp3_T12978,False,56,3,1683,0.0007277400000020862,31.38023753561775,0.9597644805908203,0.1247490793466568,0.11621177196502686
uvg,Bosphorus,1,3,uvg_01_qp3_T12978,False,57,5,1224,0.0006622727960348129,31.78963083960532,0.9624355435371399,0.12356144934892654,0.11856573820114136
uvg,Bosphorus,1,3,uvg_01_qp3_T12978,False,58,3,56,0.0007710818899795413,31.128994968158676,0.958466112613678,0.12584470212459564,0.1124579906463623
uvg,Bosphorus,1,3,uvg_01_qp3_T12978,False,59,4,62,0.0007400570902973413,31.30734776154513,0.9601176381111145,0.12838058173656464,0.11887234449386597
uvg,Bosphorus,1,3,uvg_01_qp3_T12978,False,60,3,1819,0.00073186558438465,31.3556867484381,0.9595124125480652,0.12201470881700516,0.11002564430236816
uvg,Bosphorus,1,3,uvg_01_qp3_T12978,False,61,4,493,0.0006952680414542556,31.57847732845149,0.9610965251922607,0.125085711479187,0.11963123083114624
uvg,Bosphorus,1,3,uvg_01_qp3_T12978,False,62,3,57,0.0007709747878834605,31.129598238454385,0.9585887789726257,0.12781333923339844,0.11617660522460938
uvg,Bosphorus,1,3,uvg_01_qp3_T12978,False,63,4,75,0.0007404225179925561,31.305203818002774,0.9598516821861267,0.1311631202697754,0.12254077196121216
uvg,HoneyBee,2,1,uvg_02_qp1_BASELINE,True,0,1,5032,0.0014437215868383646,28.405165498119093,0.9510519504547119,0.2127966582775116,0.13843679428100586
uvg,HoneyBee,2,1,uvg_02_qp1_BASELINE,True,1,3,5118,0.0009885599138215184,30.04997004191935,0.9737263321876526,0.15680626034736633,0.11996328830718994
uvg,HoneyBee,2,1,uvg_02_qp1_BASELINE,True,2,1,1216,0.0009959008311852813,30.017839051639044,0.9760136604309082,0.14485394954681396,0.11864078044891357
uvg,HoneyBee,2,1,uvg_02_qp1_BASELINE,True,3,2,417,0.0009975407738238573,30.01069343776749,0.9762575626373291,0.14447934925556183,0.12084758281707764
uvg,HoneyBee,2,1,uvg_02_qp1_BASELINE,True,4,1,571,0.000912659743335098,30.39691105417054,0.9771574139595032,0.14121223986148834,0.12044596672058105
uvg,HoneyBee,2,1,uvg_02_qp1_BASELINE,True,5,2,178,0.0009553361451253295,30.198437904197277,0.9769551753997803,0.14172720909118652,0.12332457304000854
uvg,HoneyBee,2,1,uvg_02_qp1_BASELINE,True,6,1,148,0.0009120604954659939,30.399763546806575,0.9766785502433777,0.14307627081871033,0.1251436471939087
uvg,HoneyBee,2,1,uvg_02_qp1_BASELINE,True,7,2,76,0.0009724635165184736,30.121266829296797,0.9764493107795715,0.14313794672489166,0.12546753883361816
uvg,HoneyBee,2,1,uvg_02_qp1_BASELINE,True,8,1,46,0.0009169479017145932,30.37655338965342,0.9757344126701355,0.1448744535446167,0.12593066692352295
uvg,HoneyBee,2,1,uvg_02_qp1_BASELINE,True,9,3,73,0.0010041953064501286,29.98181812823824,0.9755803942680359,0.14541539549827576,0.12928450107574463
uvg,HoneyBee,2,1,uvg_02_qp1_BASELINE,True,10,1,47,0.0009171179262921214,30.375748176068473,0.9749874472618103,0.14756843447685242,0.12852543592453003
uvg,HoneyBee,2,1,uvg_02_qp1_BASELINE,True,11,2,47,0.0010528702987357974,29.776251255027418,0.9745241403579712,0.1480197161436081,0.13040947914123535
uvg,HoneyBee,2,1,uvg_02_qp1_BASELINE,True,12,1,65,0.0009559922036714852,30.19545649477309,0.9738845229148865,0.15079224109649658,0.12912613153457642
uvg,HoneyBee,2,1,uvg_02_qp1_BASELINE,True,13,2,59,0.0010786701459437609,29.67111340949632,0.9734274744987488,0.1510661244392395,0.13078653812408447
uvg,HoneyBee,2,1,uvg_02_qp1_BASELINE,True,14,1,56,0.0009940541349351406,30.025899638286205,0.972761332988739,0.15274061262607574,0.1313854455947876
uvg,HoneyBee,2,1,uvg_02_qp1_BASELINE,True,15,2,53,0.0011140673886984587,29.53088538377088,0.9720804691314697,0.15382283926010132,0.1323946714401245
uvg,HoneyBee,2,1,uvg_02_qp1_BASELINE,True,16,1,92,0.0010257557732984424,29.889560299987785,0.971613883972168,0.1553049087524414,0.1325557827949524
uvg,HoneyBee,2,1,uvg_02_qp1_BASELINE,True,17,3,174,0.0011505879228934646,29.390801888436787,0.9713132977485657,0.15584877133369446,0.1353747844696045
uvg,HoneyBee,2,1,uvg_02_qp1_BASELINE,True,18,1,47,0.001052884734235704,29.77619171098877,0.9707580208778381,0.15906497836112976,0.13281232118606567
uvg,HoneyBee,2,1,uvg_02_qp1_BASELINE,True,19,2,48,0.0012081380700692534,29.178834302490987,0.9697200059890747,0.15933163464069366,0.13561195135116577
uvg,HoneyBee,2,1,uvg_02_qp1_BASELINE,True,20,1,379,0.0010505227837711573,29.78594524163512,0.971119225025177,0.16031856834888458,0.13332390785217285
uvg,HoneyBee,2,1,uvg_02_qp1_BASELINE,True,21,2,114,0.001198447891511023,29.21380844334709,0.9704341292381287,0.1598401665687561,0.1355169415473938
uvg,HoneyBee,2,1,uvg_02_qp1_BASELINE,True,22,1,46,0.0011073591886088252,29.557114863221813,0.9698721170425415,0.16226358711719513,0.1325054168701172
uvg,HoneyBee,2,1,uvg_02_qp1_BASELINE,True,23,2,47,0.001226327964104712,29.11393368354804,0.9688961505889893,0.16347409784793854,0.1344923973083496
uvg,HoneyBee,2,1,uvg_02_qp1_BASELINE,True,24,1,770,0.0010378890438005328,29.838490725384634,0.9714208245277405,0.16000519692897797,0.13030630350112915
uvg,HoneyBee,2,1,uvg_02_qp1_BASELINE,True,25,3,538,0.0011815218022093177,29.27558260073221,0.9717462658882141,0.158710777759552,0.13271629810333252
uvg,HoneyBee,2,1,uvg_02_qp1_BASELINE,True,26,1,41,0.001045494806021452,29.806781203994667,0.9713262915611267,0.16069664061069489,0.12967288494110107
uvg,HoneyBee,2,1,uvg_02_qp1_BASELINE,True,27,2,46,0.0011988894548267126,29.212208597469104,0.970360279083252,0.1615709662437439,0.1316826343536377
uvg,HoneyBee,2,1,uvg_02_qp1_BASELINE,True,28,1,1294,0.0009911482920870185,30.038613630555624,0.9736906290054321,0.15321433544158936,0.12490224838256836
uvg,HoneyBee,2,1,uvg_02_qp1_BASELINE,True,29,2,181,0.0011257223086431623,29.485687273331706,0.9734377264976501,0.15359896421432495,0.13063716888427734
uvg,HoneyBee,2,1,uvg_02_qp1_BASELINE,True,30,1,42,0.0010084615787491202,29.96340643266885,0.9726491570472717,0.15617546439170837,0.1270918846130371
uvg,HoneyBee,2,1,uvg_02_qp1_BASELINE,True,31,2,48,0.0011004541302099824,29.58428055256807,0.9720766544342041,0.15723279118537903,0.1294969916343689
uvg,HoneyBee,2,1,uvg_02_qp1_BASELINE,True,32,1,1111,0.0009630570420995355,30.163479887473322,0.9741559624671936,0.15096861124038696,0.12504839897155762
uvg,HoneyBee,2,1,uvg_02_qp1_BASELINE,True,33,3,388,0.0011159556452184916,29.523530665271718,0.9740021228790283,0.15047456324100494,0.1289362907409668
uvg,HoneyBee,2,1,uvg_02_qp1_BASELINE,True,34,1,39,0.000970780267380178,30.128790599616508,0.9734543561935425,0.1522933840751648,0.12600737810134888
uvg,HoneyBee,2,1,uvg_02_qp1_BASELINE,True,35,2,44,0.001098136999644339,29.593434754797208,0.9727447032928467,0.15293529629707336,0.12951910495758057
uvg,HoneyBee,2,1,uvg_02_qp1_BASELINE,True,36,1,1177,0.000960361328907311,30.175653360997003,0.9745774269104004,0.1486242562532425,0.12560302019119263
uvg,HoneyBee,2,1,uvg_02_qp1_BASELINE,True,37,2,160,0.0011085860896855593,29.55230575148848,0.9741248488426208,0.1493835151195526,0.12936949729919434
uvg,HoneyBee,2,1,uvg_02_qp1_BASELINE,True,38,1,44,0.0009983419440686703,30.00720682172581,0.9732360243797302,0.151611328125,0.126054048538208
uvg,HoneyBee,2,1,uvg_02_qp1_BASELINE,True,39,2,49,0.001085571013391018,29.6434176160145,0.9727686047554016,0.15221524238586426,0.12989211082458496
uvg,HoneyBee,2,1,uvg_02_qp1_BASELINE,True,40,1,912,0.0009747502044774592,30.111066650361828,0.9741455316543579,0.15026041865348816,0.12549221515655518
uvg,HoneyBee,2,1,uvg_02_qp1_BASELINE,True,41,3,300,0.0011219591833651066,29.500229423327472,0.9738529920578003,0.15188628435134888,0.13118189573287964
uvg,HoneyBee,2,1,uvg_02_qp1_BASELINE,True,42,1,40,0.0009917567949742079,30.035948152957644,0.9731882810592651,0.15312238037586212,0.12793636322021484
uvg,HoneyBee,2,1,uvg_02_qp1_BASELINE,True,43,2,45,0.0011150591308251023,29.527021016650234,0.9725010991096497,0.15375623106956482,0.13117516040802002
uvg,HoneyBee,2,1,uvg_02_qp1_BASELINE,True,44,1,1156,0.0009789833566173911,30.09224691435543,0.9741925001144409,0.14904117584228516,0.1249505877494812
uvg,HoneyBee,2,1,uvg_02_qp1_BASELINE,True,45,2,171,0.001119659747928381,29.509139345152203,0.9737247824668884,0.150785893201828,0.13090896606445312
uvg,HoneyBee,2,1,uvg_02_qp1_BASELINE,True,46,1,39,0.0010046311654150486,29.97993353393431,0.9729507565498352,0.15174077451229095,0.1286919116973877
uvg,HoneyBee,2,1,uvg_02_qp1_BASELINE,True,47,2,45,0.0010891109704971313,29.629278673340174,0.9723933339118958,0.15318351984024048,0.13182544708251953
uvg,HoneyBee,2,1,uvg_02_qp1_BASELINE,True,48,1,887,0.0009832822252064943,30.07321811508582,0.9736012816429138,0.15124180912971497,0.12584012746810913
uvg,HoneyBee,2,1,uvg_02_qp1_BASELINE,True,49,3,317,0.001138779567554593,29.435603337431182,0.973305881023407,0.1523132175207138,0.13000577688217163
uvg,HoneyBee,2,1,uvg_02_qp1_BASELINE,True,50,1,39,0.0010036678286269307,29.98409996417824,0.9726407527923584,0.15455196797847748,0.1274029016494751
uvg,HoneyBee,2,1,uvg_02_qp1_BASELINE,True,51,2,44,0.0011306707747280598,29.466638332117967,0.9719497561454773,0.1551721692085266,0.12947773933410645
uvg,HoneyBee,2,1,uvg_02_qp1_BASELINE,True,52,1,1118,0.0009898509597405791,30.044301914983595,0.973773717880249,0.15177121758460999,0.1229291558265686
uvg,HoneyBee,2,1,uvg_02_qp1_BASELINE,True,53,2,189,0.0011427615536376834,29.420443791782276,0.973160445690155,0.1521693468093872,0.1272270679473877
uvg,HoneyBee,2,1,uvg_02_qp1_BASELINE,True,54,1,44,0.0010240268893539906,29.896886393125932,0.9723772406578064,0.15402176976203918,0.12548142671585083
uvg,HoneyBee,2,1,uvg_02_qp1_BASELINE,True,55,2,50,0.0011167662451043725,29.520377213205315,0.9717798829078674,0.15589375793933868,0.1280689835548401
uvg,HoneyBee,2,1,uvg_02_qp1_BASELINE,True,56,1,886,0.0009963762713596225,30.01576623709083,0.973168671131134,0.15301328897476196,0.12460201978683472
uvg,HoneyBee,2,1,uvg_02_qp1_BASELINE,True,57,3,321,0.0011479647364467382,29.400714525319597,0.972856879234314,0.15416844189167023,0.12836378812789917
uvg,HoneyBee,2,1,uvg_02_qp1_BASELINE,True,58,1,40,0.0010143453255295753,29.93814167842402,0.9723545908927917,0.1558367908000946,0.1256331205368042
uvg,HoneyBee,2,1,uvg_02_qp1_BASELINE,True,59,2,45,0.0011386775877326727,29.435992273608115,0.9716326594352722,0.1566246598958969,0.12937885522842407
uvg,HoneyBee,2,1,uvg_02_qp1_BASELINE,True,60,1,1115,0.0009866259060800076,30.05847485346728,0.9734113216400146,0.15267325937747955,0.12371885776519775
uvg,HoneyBee,2,1,uvg_02_qp1_BASELINE,True,61,2,156,0.001142060267738998,29.42310977302204,0.9727444052696228,0.15357454121112823,0.12850970029830933
uvg,HoneyBee,2,1,uvg_02_qp1_BASELINE,True,62,1,39,0.0010262156138196588,29.887613818613662,0.9719279408454895,0.15562885999679565,0.1257266402244568
uvg,HoneyBee,2,1,uvg_02_qp1_BASELINE,True,63,2,43,0.0011187208583578467,29.512782644976795,0.9713456034660339,0.157131165266037,0.129011869430542
uvg,HoneyBee,2,1,uvg_02_qp1_T12047,False,0,1,5032,0.0014437215868383646,28.405165498119093,0.9510519504547119,0.2127966582775116,0.13843679428100586
uvg,HoneyBee,2,1,uvg_02_qp1_T12047,False,1,3,5117,0.0009875062387436628,30.054601519613623,0.9737282395362854,0.1568792760372162,0.11995548009872437
uvg,HoneyBee,2,1,uvg_02_qp1_T12047,False,2,1,1215,0.0009908332722261548,30.03999418212965,0.9760605096817017,0.14477595686912537,0.11858361959457397
uvg,HoneyBee,2,1,uvg_02_qp1_T12047,False,3,2,422,0.0009986195946112275,30.005999166025173,0.9762715697288513,0.14451366662979126,0.12074887752532959
uvg,HoneyBee,2,1,uvg_02_qp1_T12047,False,4,1,572,0.0009104933706112206,30.407232119969546,0.977211594581604,0.14096197485923767,0.12073338031768799
uvg,HoneyBee,2,1,uvg_02_qp1_T12047,False,5,2,178,0.0009459973662160337,30.241100727308027,0.9770359396934509,0.14139394462108612,0.12357175350189209
uvg,HoneyBee,2,1,uvg_02_qp1_T12047,False,6,1,148,0.0009000590653158724,30.457289895617258,0.9767239093780518,0.14279183745384216,0.12522226572036743
uvg,HoneyBee,2,1,uvg_02_qp1_T12047,False,7,2,80,0.0009635353344492614,30.16132354412827,0.9765012860298157,0.14280107617378235,0.1254044771194458
uvg,HoneyBee,2,1,uvg_02_qp1_T12047,False,8,1,43,0.0009060266893357038,30.42859008878928,0.9758018255233765,0.1445264369249344,0.1259167194366455
uvg,HoneyBee,2,1,uvg_02_qp1_T12047,False,9,3,77,0.001003691111691296,29.983999217807742,0.9756174087524414,0.14512217044830322,0.1291741132736206
uvg,HoneyBee,2,1,uvg_02_qp1_T12047,False,10,1,51,0.0009146700031124055,30.38735563504193,0.9750088453292847,0.14734381437301636,0.12845361232757568
uvg,HoneyBee,2,1,uvg_02_qp1_T12047,False,11,2,44,0.001055555185303092,29.765190564860212,0.9745188355445862,0.14791926741600037,0.13040971755981445
uvg,HoneyBee,2,1,uvg_02_qp1_T12047,False,12,1,59,0.0009586334344930947,30.183474280850643,0.9738022685050964,0.15057216584682465,0.12899625301361084
uvg,HoneyBee,2,1,uvg_02_qp1_T12047,False,13,2,61,0.0010776356793940067,29.67528038009445,0.9733649492263794,0.15088210999965668,0.13083958625793457
uvg,HoneyBee,2,1,uvg_02_qp1_T12047,False,14,1,64,0.0009935012785717845,30.02831569644943,0.972730278968811,0.15253765881061554,0.13109779357910156
uvg,HoneyBee,2,1,uvg_02_qp1_T12047,False,15,2,57,0.0011135813547298312,29.5327804929039,0.9720894694328308,0.1533363163471222,0.13189327716827393
uvg,HoneyBee,2,1,uvg_02_qp1_T12047,False,16,1,91,0.001033020205795765,29.8589118363064,0.9716330766677856,0.1549651324748993,0.13246369361877441
uvg,HoneyBee,2,1,uvg_02_qp1_T12047,False,17,3,166,0.0011668443912640214,29.329870569977828,0.9711529612541199,0.15619799494743347,0.1353086233139038
uvg,HoneyBee,2,1,uvg_02_qp1_T12047,False,18,1,60,0.0010582547402009368,29.75409777530541,0.9707814455032349,0.15915122628211975,0.13240104913711548
uvg,HoneyBee,2,1,uvg_02_qp1_T12047,False,19,2,55,0.0012124927015975118,29.16320866882785,0.9698230028152466,0.15929295122623444,0.13544154167175293
uvg,HoneyBee,2,1,uvg_02_qp1_T12047,False,20,1,343,0.0010633289348334074,29.733323681341403,0.9709611535072327,0.16023099422454834,0.1329559087753296
uvg,HoneyBee,2,1,uvg_02_qp1_T12047,False,21,2,101,0.001201415085233748,29.203069192567806,0.9701797366142273,0.16038069128990173,0.13488352298736572
uvg,HoneyBee,2,1,uvg_02_qp1_T12047,False,22,1,56,0.0011124404845759273,29.537232144249295,0.9695703983306885,0.1626788079738617,0.13154864311218262
uvg,HoneyBee,2,1,uvg_02_qp1_T12047,False,23,2,56,0.0012321750400587916,29.093275928762612,0.9686176180839539,0.16340775787830353,0.13360971212387085
uvg,HoneyBee,2,1,uvg_02_qp1_T12047,False,24,1,757,0.001051240717060864,29.782978261971635,0.971146821975708,0.1607007384300232,0.13052856922149658
uvg,HoneyBee,2,1,uvg_02_qp1_T12047,False,25,3,495,0.001184364897198975,29.265144729297337,0.9715544581413269,0.15907453000545502,0.13183176517486572
uvg,HoneyBee,2,1,uvg_02_qp1_T12047,False,26,1,45,0.0010540136136114597,29.771537797514096,0.9711437225341797,0.16114173829555511,0.1290072202682495
uvg,HoneyBee,2,1,uvg_02_qp1_T12047,False,27,2,44,0.0012120638275519013,29.16474509523114,0.9701401591300964,0.16218093037605286,0.13141226768493652
uvg,HoneyBee,2,1,uvg_02_qp1_T12047,False,28,1,1296,0.0009946802165359259,30.023165197728833,0.9735880494117737,0.1539955884218216,0.12394511699676514
uvg,HoneyBee,2,1,uvg_02_qp1_T12047,False,29,2,183,0.0011340562487021089,29.45365404089401,0.9732258915901184,0.1542009562253952,0.12926137447357178
uvg,HoneyBee,2,1,uvg_02_qp1_T12047,False,30,1,44,0.001021557254716754,29.907372876602885,0.9724384546279907,0.15657803416252136,0.12559723854064941
uvg,HoneyBee,2,1,uvg_02_qp1_T12047,False,31,2,51,0.0011149663478136063,29.527382404000434,0.9717459678649902,0.15783865749835968,0.12823331356048584
uvg,HoneyBee,2,1,uvg_02_qp1_T12047,False,32,1,1117,0.000969225715380162,30.135750717326857,0.9739267230033875,0.15191492438316345,0.12421631813049316
uvg,HoneyBee,2,1,uvg_02_qp1_T12047,False,33,3,388,0.0011184999020770192,29.51364049589177,0.9737634062767029,0.15194842219352722,0.12802594900131226
uvg,HoneyBee,2,1,uvg_02_qp1_T12047,False,34,1,40,0.0009776203660294414,30.098297596771395,0.9732220768928528,0.15335679054260254,0.12558883428573608
uvg,HoneyBee,2,1,uvg_02_qp1_T12047,False,35,2,44,0.0011139566777274013,29.53131698740192,0.9723872542381287,0.15419767796993256,0.12826430797576904
uvg,HoneyBee,2,1,uvg_02_qp1_T12047,False,36,1,1163,0.0009634987800382078,30.161488309026744,0.9744306802749634,0.14943569898605347,0.12513357400894165
uvg,HoneyBee,2,1,uvg_02_qp1_T12047,False,37,2,175,0.0011105815647169948,29.544495399469497,0.9740352630615234,0.14947587251663208,0.1287022829055786
uvg,HoneyBee,2,1,uvg_02_qp1_T12047,False,38,1,44,0.0009907098719850183,30.04053509433756,0.973231852054596,0.15173903107643127,0.12603098154067993
uvg,HoneyBee,2,1,uvg_02_qp1_T12047,False,39,2,50,0.001078193075954914,29.673034614929406,0.9727537035942078,0.15227776765823364,0.1294189691543579
uvg,HoneyBee,2,1,uvg_02_qp1_T12047,False,40,1,929,0.0009712294558994472,30.126781545836874,0.9741476774215698,0.14998497068881989,0.12548977136611938
uvg,HoneyBee,2,1,uvg_02_qp1_T12047,False,41,3,319,0.0011265816865488887,29.482373128338534,0.9737687706947327,0.15171030163764954,0.13053637742996216
uvg,HoneyBee,2,1,uvg_02_qp1_T12047,False,42,1,38,0.0009939844021573663,30.026204306028227,0.9731924533843994,0.1532100886106491,0.12762928009033203
uvg,HoneyBee,2,1,uvg_02_qp1_T12047,False,43,2,45,0.0011303714709356427,29.4677881203315,0.9723861217498779,0.1540515422821045,0.13005590438842773
uvg,HoneyBee,2,1,uvg_02_qp1_T12047,False,44,1,1116,0.0009689576108939946,30.136952216669883,0.974157989025116,0.14922815561294556,0.12301576137542725
uvg,HoneyBee,2,1,uvg_02_qp1_T12047,False,45,2,172,0.0011152462102472782,29.52629243873381,0.9736026525497437,0.15076039731502533,0.12883412837982178
uvg,HoneyBee,2,1,uvg_02_qp1_T12047,False,46,1,41,0.0009959954768419266,30.017426338524587,0.9728678464889526,0.1515725702047348,0.12639349699020386
uvg,HoneyBee,2,1,uvg_02_qp1_T12047,False,47,2,45,0.0010822511976584792,29.656719249084944,0.9722581505775452,0.1530759334564209,0.1292228102684021
uvg,HoneyBee,2,1,uvg_02_qp1_T12047,False,48,1,905,0.0009727361612021923,30.120049390451918,0.9736419916152954,0.15110304951667786,0.1247406005859375
uvg,HoneyBee,2,1,uvg_02_qp1_T12047,False,49,3,329,0.0011221077293157578,29.499654461088987,0.973471999168396,0.15164099633693695,0.12886101007461548
uvg,HoneyBee,2,1,uvg_02_qp1_T12047,False,50,1,38,0.0009881065925583243,30.05196203122003,0.9728537201881409,0.15365833044052124,0.12522029876708984
uvg,HoneyBee,2,1,uvg_02_qp1_T12047,False,51,2,47,0.0011157231638208032,29.524435503262897,0.9721470475196838,0.15453045070171356,0.12780046463012695
uvg,HoneyBee,2,1,uvg_02_qp1_T12047,False,52,1,1124,0.0009770635515451431,30.100771873684835,0.9739177823066711,0.15149717032909393,0.1222413182258606
uvg,HoneyBee,2,1,uvg_02_qp1_T12047,False,53,2,173,0.001127505674958229,29.478812635547985,0.9732800722122192,0.15227673947811127,0.12683463096618652
uvg,HoneyBee,2,1,uvg_02_qp1_T12047,False,54,1,46,0.0010138718644157052,29.940169287241304,0.972507894039154,0.15401048958301544,0.1257663369178772
uvg,HoneyBee,2,1,uvg_02_qp1_T12047,False,55,2,49,0.0011022548424080014,29.577179845620122,0.9718818664550781,0.1556115746498108,0.12780624628067017
uvg,HoneyBee,2,1,uvg_02_qp1_T12047,False,56,1,889,0.0009843080770224333,30.068689511516496,0.9732874631881714,0.15315666794776917,0.12405306100845337
uvg,HoneyBee,2,1,uvg_02_qp1_T12047,False,57,3,326,0.0011422091629356146,29.422543601960992,0.972902238368988,0.15483376383781433,0.12999331951141357
uvg,HoneyBee,2,1,uvg_02_qp1_T12047,False,58,1,38,0.0010051210410892963,29.977816354456472,0.9723372459411621,0.15673787891864777,0.12584465742111206
uvg,HoneyBee,2,1,uvg_02_qp1_T12047,False,59,2,47,0.0011343677761033177,29.4524611895516,0.971553385257721,0.15752503275871277,0.12893551588058472
uvg,HoneyBee,2,1,uvg_02_qp1_T12047,False,60,1,1158,0.0009750366443768144,30.10979062094708,0.9736169576644897,0.15224574506282806,0.12478446960449219
uvg,HoneyBee,2,1,uvg_02_qp1_T12047,False,61,2,145,0.0011244886554777622,29.490449216318705,0.9730719923973083,0.15345919132232666,0.13058114051818848
uvg,HoneyBee,2,1,uvg_02_qp1_T12047,False,62,1,38,0.0010133831528946757,29.942263199641317,0.9722579121589661,0.15545639395713806,0.12784796953201294
uvg,HoneyBee,2,1,uvg_02_qp1_T12047,False,63,2,47,0.0010985734406858683,29.591709047712413,0.9716700315475464,0.15654972195625305,0.13054698705673218
uvg,HoneyBee,2,1,uvg_02_qp1_T12084,False,0,1,5032,0.0014437215868383646,28.405165498119093,0.9510519504547119,0.2127966582775116,0.13843679428100586
uvg,HoneyBee,2,1,uvg_02_qp1_T12084,False,1,3,5117,0.0009875062387436628,30.054601519613623,0.9737282395362854,0.1568792760372162,0.11995548009872437
uvg,HoneyBee,2,1,uvg_02_qp1_T12084,False,2,1,1215,0.0009908332722261548,30.03999418212965,0.9760605096817017,0.14477595686912537,0.11858361959457397
uvg,HoneyBee,2,1,uvg_02_qp1_T12084,False,3,2,422,0.0009986195946112275,30.005999166025173,0.9762715697288513,0.14451366662979126,0.12074887752532959
uvg,HoneyBee,2,1,uvg_02_qp1_T12084,False,4,1,572,0.0009104933706112206,30.407232119969546,0.977211594581604,0.14096197485923767,0.12073338031768799
uvg,HoneyBee,2,1,uvg_02_qp1_T12084,False,5,2,178,0.0009459973662160337,30.241100727308027,0.9770359396934509,0.14139394462108612,0.12357175350189209
uvg,HoneyBee,2,1,uvg_02_qp1_T12084,False,6,1,148,0.0009000590653158724,30.457289895617258,0.9767239093780518,0.14279183745384216,0.12522226572036743
uvg,HoneyBee,2,1,uvg_02_qp1_T12084,False,7,2,80,0.0009635353344492614,30.16132354412827,0.9765012860298157,0.14280107617378235,0.1254044771194458
uvg,HoneyBee,2,1,uvg_02_qp1_T12084,False,8,1,43,0.0009060266893357038,30.42859008878928,0.9758018255233765,0.1445264369249344,0.1259167194366455
uvg,HoneyBee,2,1,uvg_02_qp1_T12084,False,9,3,77,0.001003691111691296,29.983999217807742,0.9756174087524414,0.14512217044830322,0.1291741132736206
uvg,HoneyBee,2,1,uvg_02_qp1_T12084,False,10,1,51,0.0009146700031124055,30.38735563504193,0.9750088453292847,0.14734381437301636,0.12845361232757568
uvg,HoneyBee,2,1,uvg_02_qp1_T12084,False,11,2,44,0.001055555185303092,29.765190564860212,0.9745188355445862,0.14791926741600037,0.13040971755981445
uvg,HoneyBee,2,1,uvg_02_qp1_T12084,False,12,1,59,0.0009586334344930947,30.183474280850643,0.9738022685050964,0.15057216584682465,0.12899625301361084
uvg,HoneyBee,2,1,uvg_02_qp1_T12084,False,13,2,61,0.0010776356793940067,29.67528038009445,0.9733649492263794,0.15088210999965668,0.13083958625793457
uvg,HoneyBee,2,1,uvg_02_qp1_T12084,False,14,1,64,0.0009935012785717845,30.02831569644943,0.972730278968811,0.15253765881061554,0.13109779357910156
uvg,HoneyBee,2,1,uvg_02_qp1_T12084,False,15,2,57,0.0011135813547298312,29.5327804929039,0.9720894694328308,0.1533363163471222,0.13189327716827393
uvg,HoneyBee,2,1,uvg_02_qp1_T12084,False,16,1,91,0.001033020205795765,29.8589118363064,0.9716330766677856,0.1549651324748993,0.13246369361877441
uvg,HoneyBee,2,1,uvg_02_qp1_T12084,False,17,3,166,0.0011668443912640214,29.329870569977828,0.9711529612541199,0.15619799494743347,0.1353086233139038
uvg,HoneyBee,2,1,uvg_02_qp1_T12084,False,18,1,60,0.0010582547402009368,29.75409777530541,0.9707814455032349,0.15915122628211975,0.13240104913711548
uvg,HoneyBee,2,1,uvg_02_qp1_T12084,False,19,2,55,0.0012124927015975118,29.16320866882785,0.9698230028152466,0.15929295122623444,0.13544154167175293
uvg,HoneyBee,2,1,uvg_02_qp1_T12084,False,20,1,343,0.0010633289348334074,29.733323681341403,0.9709611535072327,0.16023099422454834,0.1329559087753296
uvg,HoneyBee,2,1,uvg_02_qp1_T12084,False,21,2,101,0.001201415085233748,29.203069192567806,0.9701797366142273,0.16038069128990173,0.13488352298736572
uvg,HoneyBee,2,1,uvg_02_qp1_T12084,False,22,1,56,0.0011124404845759273,29.537232144249295,0.9695703983306885,0.1626788079738617,0.13154864311218262
uvg,HoneyBee,2,1,uvg_02_qp1_T12084,False,23,2,56,0.0012321750400587916,29.093275928762612,0.9686176180839539,0.16340775787830353,0.13360971212387085
uvg,HoneyBee,2,1,uvg_02_qp1_T12084,False,24,1,757,0.001051240717060864,29.782978261971635,0.971146821975708,0.1607007384300232,0.13052856922149658
uvg,HoneyBee,2,1,uvg_02_qp1_T12084,False,25,3,495,0.001184364897198975,29.265144729297337,0.9715544581413269,0.15907453000545502,0.13183176517486572
uvg,HoneyBee,2,1,uvg_02_qp1_T12084,False,26,1,45,0.0010540136136114597,29.771537797514096,0.9711437225341797,0.16114173829555511,0.1290072202682495
uvg,HoneyBee,2,1,uvg_02_qp1_T12084,False,27,2,44,0.0012120638275519013,29.16474509523114,0.9701401591300964,0.16218093037605286,0.13141226768493652
uvg,HoneyBee,2,1,uvg_02_qp1_T12084,False,28,1,1296,0.0009946802165359259,30.023165197728833,0.9735880494117737,0.1539955884218216,0.12394511699676514
uvg,HoneyBee,2,1,uvg_02_qp1_T12084,False,29,2,183,0.0011340562487021089,29.45365404089401,0.9732258915901184,0.1542009562253952,0.12926137447357178
uvg,HoneyBee,2,1,uvg_02_qp1_T12084,False,30,1,44,0.001021557254716754,29.907372876602885,0.9724384546279907,0.15657803416252136,0.12559723854064941
uvg,HoneyBee,2,1,uvg_02_qp1_T12084,False,31,2,51,0.0011149663478136063,29.527382404000434,0.9717459678649902,0.15783865749835968,0.12823331356048584
uvg,HoneyBee,2,1,uvg_02_qp1_T12084,False,32,1,1117,0.000969225715380162,30.135750717326857,0.9739267230033875,0.15191492438316345,0.12421631813049316
uvg,HoneyBee,2,1,uvg_02_qp1_T12084,False,33,3,388,0.0011184999020770192,29.51364049589177,0.9737634062767029,0.15194842219352722,0.12802594900131226
uvg,HoneyBee,2,1,uvg_02_qp1_T12084,False,34,1,40,0.0009776203660294414,30.098297596771395,0.9732220768928528,0.15335679054260254,0.12558883428573608
uvg,HoneyBee,2,1,uvg_02_qp1_T12084,False,35,2,44,0.0011139566777274013,29.53131698740192,0.9723872542381287,0.15419767796993256,0.12826430797576904
uvg,HoneyBee,2,1,uvg_02_qp1_T12084,False,36,1,1163,0.0009634987800382078,30.161488309026744,0.9744306802749634,0.14943569898605347,0.12513357400894165
uvg,HoneyBee,2,1,uvg_02_qp1_T12084,False,37,2,175,0.0011105815647169948,29.544495399469497,0.9740352630615234,0.14947587251663208,0.1287022829055786
uvg,HoneyBee,2,1,uvg_02_qp1_T12084,False,38,1,44,0.0009907098719850183,30.04053509433756,0.973231852054596,0.15173903107643127,0.12603098154067993
uvg,HoneyBee,2,1,uvg_02_qp1_T12084,False,39,2,50,0.001078193075954914,29.673034614929406,0.9727537035942078,0.15227776765823364,0.1294189691543579
uvg,HoneyBee,2,1,uvg_02_qp1_T12084,False,40,1,929,0.0009712294558994472,30.126781545836874,0.9741476774215698,0.14998497068881989,0.12548977136611938
uvg,HoneyBee,2,1,uvg_02_qp1_T12084,False,41,3,319,0.0011265816865488887,29.482373128338534,0.9737687706947327,0.15171030163764954,0.13053637742996216
uvg,HoneyBee,2,1,uvg_02_qp1_T12084,False,42,1,38,0.0009939844021573663,30.026204306028227,0.9731924533843994,0.1532100886106491,0.12762928009033203
uvg,HoneyBee,2,1,uvg_02_qp1_T12084,False,43,2,45,0.0011303714709356427,29.4677881203315,0.9723861217498779,0.1540515422821045,0.13005590438842773
uvg,HoneyBee,2,1,uvg_02_qp1_T12084,False,44,1,1116,0.0009689576108939946,30.136952216669883,0.974157989025116,0.14922815561294556,0.12301576137542725
uvg,HoneyBee,2,1,uvg_02_qp1_T12084,False,45,2,172,0.0011152462102472782,29.52629243873381,0.9736026525497437,0.15076039731502533,0.12883412837982178
uvg,HoneyBee,2,1,uvg_02_qp1_T12084,False,46,1,41,0.0009959954768419266,30.017426338524587,0.9728678464889526,0.1515725702047348,0.12639349699020386
uvg,HoneyBee,2,1,uvg_02_qp1_T12084,False,47,2,45,0.0010822511976584792,29.656719249084944,0.9722581505775452,0.1530759334564209,0.1292228102684021
uvg,HoneyBee,2,1,uvg_02_qp1_T12084,False,48,1,905,0.0009727361612021923,30.120049390451918,0.9736419916152954,0.15110304951667786,0.1247406005859375
uvg,HoneyBee,2,1,uvg_02_qp1_T12084,False,49,3,329,0.0011221077293157578,29.499654461088987,0.973471999168396,0.15164099633693695,0.12886101007461548
uvg,HoneyBee,2,1,uvg_02_qp1_T12084,False,50,1,38,0.0009881065925583243,30.05196203122003,0.9728537201881409,0.15365833044052124,0.12522029876708984
uvg,HoneyBee,2,1,uvg_02_qp1_T12084,False,51,2,47,0.0011157231638208032,29.524435503262897,0.9721470475196838,0.15453045070171356,0.12780046463012695
uvg,HoneyBee,2,1,uvg_02_qp1_T12084,False,52,1,1124,0.0009770635515451431,30.100771873684835,0.9739177823066711,0.15149717032909393,0.1222413182258606
uvg,HoneyBee,2,1,uvg_02_qp1_T12084,False,53,2,173,0.001127505674958229,29.478812635547985,0.9732800722122192,0.15227673947811127,0.12683463096618652
uvg,HoneyBee,2,1,uvg_02_qp1_T12084,False,54,1,46,0.0010138718644157052,29.940169287241304,0.972507894039154,0.15401048958301544,0.1257663369178772
uvg,HoneyBee,2,1,uvg_02_qp1_T12084,False,55,2,49,0.0011022548424080014,29.577179845620122,0.9718818664550781,0.1556115746498108,0.12780624628067017
uvg,HoneyBee,2,1,uvg_02_qp1_T12084,False,56,1,889,0.0009843080770224333,30.068689511516496,0.9732874631881714,0.15315666794776917,0.12405306100845337
uvg,HoneyBee,2,1,uvg_02_qp1_T12084,False,57,3,326,0.0011422091629356146,29.422543601960992,0.972902238368988,0.15483376383781433,0.12999331951141357
uvg,HoneyBee,2,1,uvg_02_qp1_T12084,False,58,1,38,0.0010051210410892963,29.977816354456472,0.9723372459411621,0.15673787891864777,0.12584465742111206
uvg,HoneyBee,2,1,uvg_02_qp1_T12084,False,59,2,47,0.0011343677761033177,29.4524611895516,0.971553385257721,0.15752503275871277,0.12893551588058472
uvg,HoneyBee,2,1,uvg_02_qp1_T12084,False,60,1,1158,0.0009750366443768144,30.10979062094708,0.9736169576644897,0.15224574506282806,0.12478446960449219
uvg,HoneyBee,2,1,uvg_02_qp1_T12084,False,61,2,145,0.0011244886554777622,29.490449216318705,0.9730719923973083,0.15345919132232666,0.13058114051818848
uvg,HoneyBee,2,1,uvg_02_qp1_T12084,False,62,1,38,0.0010133831528946757,29.942263199641317,0.9722579121589661,0.15545639395713806,0.12784796953201294
uvg,HoneyBee,2,1,uvg_02_qp1_T12084,False,63,2,47,0.0010985734406858683,29.591709047712413,0.9716700315475464,0.15654972195625305,0.13054698705673218
uvg,HoneyBee,2,1,uvg_02_qp1_T12049,False,0,1,5032,0.0014437215868383646,28.405165498119093,0.9510519504547119,0.2127966582775116,0.13843679428100586
uvg,HoneyBee,2,1,uvg_02_qp1_T12049,False,1,3,5117,0.0009875062387436628,30.054601519613623,0.9737282395362854,0.1568792760372162,0.11995548009872437
uvg,HoneyBee,2,1,uvg_02_qp1_T12049,False,2,1,1215,0.0009908332722261548,30.03999418212965,0.9760605096817017,0.14477595686912537,0.11858361959457397
uvg,HoneyBee,2,1,uvg_02_qp1_T12049,False,3,2,422,0.0009986195946112275,30.005999166025173,0.9762715697288513,0.14451366662979126,0.12074887752532959
uvg,HoneyBee,2,1,uvg_02_qp1_T12049,False,4,1,572,0.0009104933706112206,30.407232119969546,0.977211594581604,0.14096197485923767,0.12073338031768799
uvg,HoneyBee,2,1,uvg_02_qp1_T12049,False,5,2,178,0.0009459973662160337,30.241100727308027,0.9770359396934509,0.14139394462108612,0.12357175350189209
uvg,HoneyBee,2,1,uvg_02_qp1_T12049,False,6,1,148,0.0009000590653158724,30.457289895617258,0.9767239093780518,0.14279183745384216,0.12522226572036743
uvg,HoneyBee,2,1,uvg_02_qp1_T12049,False,7,2,80,0.0009635353344492614,30.16132354412827,0.9765012860298157,0.14280107617378235,0.1254044771194458
uvg,HoneyBee,2,1,uvg_02_qp1_T12049,False,8,1,43,0.0009060266893357038,30.42859008878928,0.9758018255233765,0.1445264369249344,0.1259167194366455
uvg,HoneyBee,2,1,uvg_02_qp1_T12049,False,9,3,77,0.001003691111691296,29.983999217807742,0.9756174087524414,0.14512217044830322,0.1291741132736206
uvg,HoneyBee,2,1,uvg_02_qp1_T12049,False,10,1,51,0.0009146700031124055,30.38735563504193,0.9750088453292847,0.14734381437301636,0.12845361232757568
uvg,HoneyBee,2,1,uvg_02_qp1_T12049,False,11,2,44,0.001055555185303092,29.765190564860212,0.9745188355445862,0.14791926741600037,0.13040971755981445
uvg,HoneyBee,2,1,uvg_02_qp1_T12049,False,12,1,59,0.0009586334344930947,30.183474280850643,0.9738022685050964,0.15057216584682465,0.12899625301361084
uvg,HoneyBee,2,1,uvg_02_qp1_T12049,False,13,2,61,0.0010776356793940067,29.67528038009445,0.9733649492263794,0.15088210999965668,0.13083958625793457
uvg,HoneyBee,2,1,uvg_02_qp1_T12049,False,14,1,64,0.0009935012785717845,30.02831569644943,0.972730278968811,0.15253765881061554,0.13109779357910156
uvg,HoneyBee,2,1,uvg_02_qp1_T12049,False,15,2,57,0.0011135813547298312,29.5327804929039,0.9720894694328308,0.1533363163471222,0.13189327716827393
uvg,HoneyBee,2,1,uvg_02_qp1_T12049,False,16,1,91,0.001033020205795765,29.8589118363064,0.9716330766677856,0.1549651324748993,0.13246369361877441
uvg,HoneyBee,2,1,uvg_02_qp1_T12049,False,17,3,166,0.0011668443912640214,29.329870569977828,0.9711529612541199,0.15619799494743347,0.1353086233139038
uvg,HoneyBee,2,1,uvg_02_qp1_T12049,False,18,1,60,0.0010582547402009368,29.75409777530541,0.9707814455032349,0.15915122628211975,0.13240104913711548
uvg,HoneyBee,2,1,uvg_02_qp1_T12049,False,19,2,55,0.0012124927015975118,29.16320866882785,0.9698230028152466,0.15929295122623444,0.13544154167175293
uvg,HoneyBee,2,1,uvg_02_qp1_T12049,False,20,1,343,0.0010633289348334074,29.733323681341403,0.9709611535072327,0.16023099422454834,0.1329559087753296
uvg,HoneyBee,2,1,uvg_02_qp1_T12049,False,21,2,101,0.001201415085233748,29.203069192567806,0.9701797366142273,0.16038069128990173,0.13488352298736572
uvg,HoneyBee,2,1,uvg_02_qp1_T12049,False,22,1,56,0.0011124404845759273,29.537232144249295,0.9695703983306885,0.1626788079738617,0.13154864311218262
uvg,HoneyBee,2,1,uvg_02_qp1_T12049,False,23,2,56,0.0012321750400587916,29.093275928762612,0.9686176180839539,0.16340775787830353,0.13360971212387085
uvg,HoneyBee,2,1,uvg_02_qp1_T12049,False,24,1,757,0.001051240717060864,29.782978261971635,0.971146821975708,0.1607007384300232,0.13052856922149658
uvg,HoneyBee,2,1,uvg_02_qp1_T12049,False,25,3,495,0.001184364897198975,29.265144729297337,0.9715544581413269,0.15907453000545502,0.13183176517486572
uvg,HoneyBee,2,1,uvg_02_qp1_T12049,False,26,1,45,0.0010540136136114597,29.771537797514096,0.9711437225341797,0.16114173829555511,0.1290072202682495
uvg,HoneyBee,2,1,uvg_02_qp1_T12049,False,27,2,44,0.0012120638275519013,29.16474509523114,0.9701401591300964,0.16218093037605286,0.13141226768493652
uvg,HoneyBee,2,1,uvg_02_qp1_T12049,False,28,1,1296,0.0009946802165359259,30.023165197728833,0.9735880494117737,0.1539955884218216,0.12394511699676514
uvg,HoneyBee,2,1,uvg_02_qp1_T12049,False,29,2,183,0.0011340562487021089,29.45365404089401,0.9732258915901184,0.1542009562253952,0.12926137447357178
uvg,HoneyBee,2,1,uvg_02_qp1_T12049,False,30,1,44,0.001021557254716754,29.907372876602885,0.9724384546279907,0.15657803416252136,0.12559723854064941
uvg,HoneyBee,2,1,uvg_02_qp1_T12049,False,31,2,51,0.0011149663478136063,29.527382404000434,0.9717459678649902,0.15783865749835968,0.12823331356048584
uvg,HoneyBee,2,1,uvg_02_qp1_T12049,False,32,1,1117,0.000969225715380162,30.135750717326857,0.9739267230033875,0.15191492438316345,0.12421631813049316
uvg,HoneyBee,2,1,uvg_02_qp1_T12049,False,33,3,388,0.0011184999020770192,29.51364049589177,0.9737634062767029,0.15194842219352722,0.12802594900131226
uvg,HoneyBee,2,1,uvg_02_qp1_T12049,False,34,1,40,0.0009776203660294414,30.098297596771395,0.9732220768928528,0.15335679054260254,0.12558883428573608
uvg,HoneyBee,2,1,uvg_02_qp1_T12049,False,35,2,44,0.0011139566777274013,29.53131698740192,0.9723872542381287,0.15419767796993256,0.12826430797576904
uvg,HoneyBee,2,1,uvg_02_qp1_T12049,False,36,1,1163,0.0009634987800382078,30.161488309026744,0.9744306802749634,0.14943569898605347,0.12513357400894165
uvg,HoneyBee,2,1,uvg_02_qp1_T12049,False,37,2,175,0.0011105815647169948,29.544495399469497,0.9740352630615234,0.14947587251663208,0.1287022829055786
uvg,HoneyBee,2,1,uvg_02_qp1_T12049,False,38,1,44,0.0009907098719850183,30.04053509433756,0.973231852054596,0.15173903107643127,0.12603098154067993
uvg,HoneyBee,2,1,uvg_02_qp1_T12049,False,39,2,50,0.001078193075954914,29.673034614929406,0.9727537035942078,0.15227776765823364,0.1294189691543579
uvg,HoneyBee,2,1,uvg_02_qp1_T12049,False,40,1,929,0.0009712294558994472,30.126781545836874,0.9741476774215698,0.14998497068881989,0.12548977136611938
uvg,HoneyBee,2,1,uvg_02_qp1_T12049,False,41,3,319,0.0011265816865488887,29.482373128338534,0.9737687706947327,0.15171030163764954,0.13053637742996216
uvg,HoneyBee,2,1,uvg_02_qp1_T12049,False,42,1,38,0.0009939844021573663,30.026204306028227,0.9731924533843994,0.1532100886106491,0.12762928009033203
uvg,HoneyBee,2,1,uvg_02_qp1_T12049,False,43,2,45,0.0011303714709356427,29.4677881203315,0.9723861217498779,0.1540515422821045,0.13005590438842773
uvg,HoneyBee,2,1,uvg_02_qp1_T12049,False,44,1,1116,0.0009689576108939946,30.136952216669883,0.974157989025116,0.14922815561294556,0.12301576137542725
uvg,HoneyBee,2,1,uvg_02_qp1_T12049,False,45,2,172,0.0011152462102472782,29.52629243873381,0.9736026525497437,0.15076039731502533,0.12883412837982178
uvg,HoneyBee,2,1,uvg_02_qp1_T12049,False,46,1,41,0.0009959954768419266,30.017426338524587,0.9728678464889526,0.1515725702047348,0.12639349699020386
uvg,HoneyBee,2,1,uvg_02_qp1_T12049,False,47,2,45,0.0010822511976584792,29.656719249084944,0.9722581505775452,0.1530759334564209,0.1292228102684021
uvg,HoneyBee,2,1,uvg_02_qp1_T12049,False,48,1,905,0.0009727361612021923,30.120049390451918,0.9736419916152954,0.15110304951667786,0.1247406005859375
uvg,HoneyBee,2,1,uvg_02_qp1_T12049,False,49,3,329,0.0011221077293157578,29.499654461088987,0.973471999168396,0.15164099633693695,0.12886101007461548
uvg,HoneyBee,2,1,uvg_02_qp1_T12049,False,50,1,38,0.0009881065925583243,30.05196203122003,0.9728537201881409,0.15365833044052124,0.12522029876708984
uvg,HoneyBee,2,1,uvg_02_qp1_T12049,False,51,2,47,0.0011157231638208032,29.524435503262897,0.9721470475196838,0.15453045070171356,0.12780046463012695
uvg,HoneyBee,2,1,uvg_02_qp1_T12049,False,52,1,1124,0.0009770635515451431,30.100771873684835,0.9739177823066711,0.15149717032909393,0.1222413182258606
uvg,HoneyBee,2,1,uvg_02_qp1_T12049,False,53,2,173,0.001127505674958229,29.478812635547985,0.9732800722122192,0.15227673947811127,0.12683463096618652
uvg,HoneyBee,2,1,uvg_02_qp1_T12049,False,54,1,46,0.0010138718644157052,29.940169287241304,0.972507894039154,0.15401048958301544,0.1257663369178772
uvg,HoneyBee,2,1,uvg_02_qp1_T12049,False,55,2,49,0.0011022548424080014,29.577179845620122,0.9718818664550781,0.1556115746498108,0.12780624628067017
uvg,HoneyBee,2,1,uvg_02_qp1_T12049,False,56,1,889,0.0009843080770224333,30.068689511516496,0.9732874631881714,0.15315666794776917,0.12405306100845337
uvg,HoneyBee,2,1,uvg_02_qp1_T12049,False,57,3,326,0.0011422091629356146,29.422543601960992,0.972902238368988,0.15483376383781433,0.12999331951141357
uvg,HoneyBee,2,1,uvg_02_qp1_T12049,False,58,1,38,0.0010051210410892963,29.977816354456472,0.9723372459411621,0.15673787891864777,0.12584465742111206
uvg,HoneyBee,2,1,uvg_02_qp1_T12049,False,59,2,47,0.0011343677761033177,29.4524611895516,0.971553385257721,0.15752503275871277,0.12893551588058472
uvg,HoneyBee,2,1,uvg_02_qp1_T12049,False,60,1,1158,0.0009750366443768144,30.10979062094708,0.9736169576644897,0.15224574506282806,0.12478446960449219
uvg,HoneyBee,2,1,uvg_02_qp1_T12049,False,61,2,145,0.0011244886554777622,29.490449216318705,0.9730719923973083,0.15345919132232666,0.13058114051818848
uvg,HoneyBee,2,1,uvg_02_qp1_T12049,False,62,1,38,0.0010133831528946757,29.942263199641317,0.9722579121589661,0.15545639395713806,0.12784796953201294
uvg,HoneyBee,2,1,uvg_02_qp1_T12049,False,63,2,46,0.0010992437601089478,29.58905990987258,0.9716529250144958,0.15657876431941986,0.130548357963562
uvg,HoneyBee,2,1,uvg_02_qp1_T12086,False,0,1,5032,0.0014437215868383646,28.405165498119093,0.9510519504547119,0.2127966582775116,0.13843679428100586
uvg,HoneyBee,2,1,uvg_02_qp1_T12086,False,1,3,5117,0.0009875062387436628,30.054601519613623,0.9737282395362854,0.1568792760372162,0.11995548009872437
uvg,HoneyBee,2,1,uvg_02_qp1_T12086,False,2,1,1215,0.0009908332722261548,30.03999418212965,0.9760605096817017,0.14477595686912537,0.11858361959457397
uvg,HoneyBee,2,1,uvg_02_qp1_T12086,False,3,2,422,0.0009986195946112275,30.005999166025173,0.9762715697288513,0.14451366662979126,0.12074887752532959
uvg,HoneyBee,2,1,uvg_02_qp1_T12086,False,4,1,572,0.0009104933706112206,30.407232119969546,0.977211594581604,0.14096197485923767,0.12073338031768799
uvg,HoneyBee,2,1,uvg_02_qp1_T12086,False,5,2,178,0.0009459973662160337,30.241100727308027,0.9770359396934509,0.14139394462108612,0.12357175350189209
uvg,HoneyBee,2,1,uvg_02_qp1_T12086,False,6,1,148,0.0009000590653158724,30.457289895617258,0.9767239093780518,0.14279183745384216,0.12522226572036743
uvg,HoneyBee,2,1,uvg_02_qp1_T12086,False,7,2,80,0.0009635353344492614,30.16132354412827,0.9765012860298157,0.14280107617378235,0.1254044771194458
uvg,HoneyBee,2,1,uvg_02_qp1_T12086,False,8,1,43,0.0009060266893357038,30.42859008878928,0.9758018255233765,0.1445264369249344,0.1259167194366455
uvg,HoneyBee,2,1,uvg_02_qp1_T12086,False,9,3,77,0.001003691111691296,29.983999217807742,0.9756174087524414,0.14512217044830322,0.1291741132736206
uvg,HoneyBee,2,1,uvg_02_qp1_T12086,False,10,1,51,0.0009146700031124055,30.38735563504193,0.9750088453292847,0.14734381437301636,0.12845361232757568
uvg,HoneyBee,2,1,uvg_02_qp1_T12086,False,11,2,44,0.001055555185303092,29.765190564860212,0.9745188355445862,0.14791926741600037,0.13040971755981445
uvg,HoneyBee,2,1,uvg_02_qp1_T12086,False,12,1,59,0.0009586334344930947,30.183474280850643,0.9738022685050964,0.15057216584682465,0.12899625301361084
uvg,HoneyBee,2,1,uvg_02_qp1_T12086,False,13,2,61,0.0010776356793940067,29.67528038009445,0.9733649492263794,0.15088210999965668,0.13083958625793457
uvg,HoneyBee,2,1,uvg_02_qp1_T12086,False,14,1,64,0.0009935012785717845,30.02831569644943,0.972730278968811,0.15253765881061554,0.13109779357910156
uvg,HoneyBee,2,1,uvg_02_qp1_T12086,False,15,2,57,0.0011135813547298312,29.5327804929039,0.9720894694328308,0.1533363163471222,0.13189327716827393
uvg,HoneyBee,2,1,uvg_02_qp1_T12086,False,16,1,91,0.001033020205795765,29.8589118363064,0.9716330766677856,0.1549651324748993,0.13246369361877441
uvg,HoneyBee,2,1,uvg_02_qp1_T12086,False,17,3,166,0.0011668443912640214,29.329870569977828,0.9711529612541199,0.15619799494743347,0.1353086233139038
uvg,HoneyBee,2,1,uvg_02_qp1_T12086,False,18,1,60,0.0010582547402009368,29.75409777530541,0.9707814455032349,0.15915122628211975,0.13240104913711548
uvg,HoneyBee,2,1,uvg_02_qp1_T12086,False,19,2,55,0.0012124927015975118,29.16320866882785,0.9698230028152466,0.15929295122623444,0.13544154167175293
uvg,HoneyBee,2,1,uvg_02_qp1_T12086,False,20,1,343,0.0010633289348334074,29.733323681341403,0.9709611535072327,0.16023099422454834,0.1329559087753296
uvg,HoneyBee,2,1,uvg_02_qp1_T12086,False,21,2,101,0.001201415085233748,29.203069192567806,0.9701797366142273,0.16038069128990173,0.13488352298736572
uvg,HoneyBee,2,1,uvg_02_qp1_T12086,False,22,1,56,0.0011124404845759273,29.537232144249295,0.9695703983306885,0.1626788079738617,0.13154864311218262
uvg,HoneyBee,2,1,uvg_02_qp1_T12086,False,23,2,56,0.0012321750400587916,29.093275928762612,0.9686176180839539,0.16340775787830353,0.13360971212387085
uvg,HoneyBee,2,1,uvg_02_qp1_T12086,False,24,1,757,0.001051240717060864,29.782978261971635,0.971146821975708,0.1607007384300232,0.13052856922149658
uvg,HoneyBee,2,1,uvg_02_qp1_T12086,False,25,3,495,0.001184364897198975,29.265144729297337,0.9715544581413269,0.15907453000545502,0.13183176517486572
uvg,HoneyBee,2,1,uvg_02_qp1_T12086,False,26,1,45,0.0010540136136114597,29.771537797514096,0.9711437225341797,0.16114173829555511,0.1290072202682495
uvg,HoneyBee,2,1,uvg_02_qp1_T12086,False,27,2,44,0.0012120638275519013,29.16474509523114,0.9701401591300964,0.16218093037605286,0.13141226768493652
uvg,HoneyBee,2,1,uvg_02_qp1_T12086,False,28,1,1296,0.0009946802165359259,30.023165197728833,0.9735880494117737,0.1539955884218216,0.12394511699676514
uvg,HoneyBee,2,1,uvg_02_qp1_T12086,False,29,2,183,0.0011340562487021089,29.45365404089401,0.9732258915901184,0.1542009562253952,0.12926137447357178
uvg,HoneyBee,2,1,uvg_02_qp1_T12086,False,30,1,44,0.001021557254716754,29.907372876602885,0.9724384546279907,0.15657803416252136,0.12559723854064941
uvg,HoneyBee,2,1,uvg_02_qp1_T12086,False,31,2,51,0.0011149663478136063,29.527382404000434,0.9717459678649902,0.15783865749835968,0.12823331356048584
uvg,HoneyBee,2,1,uvg_02_qp1_T12086,False,32,1,1117,0.000969225715380162,30.135750717326857,0.9739267230033875,0.15191492438316345,0.12421631813049316
uvg,HoneyBee,2,1,uvg_02_qp1_T12086,False,33,3,388,0.0011184999020770192,29.51364049589177,0.9737634062767029,0.15194842219352722,0.12802594900131226
uvg,HoneyBee,2,1,uvg_02_qp1_T12086,False,34,1,40,0.0009776203660294414,30.098297596771395,0.9732220768928528,0.15335679054260254,0.12558883428573608
uvg,HoneyBee,2,1,uvg_02_qp1_T12086,False,35,2,44,0.0011139566777274013,29.53131698740192,0.9723872542381287,0.15419767796993256,0.12826430797576904
uvg,HoneyBee,2,1,uvg_02_qp1_T12086,False,36,1,1163,0.0009634987800382078,30.161488309026744,0.9744306802749634,0.14943569898605347,0.12513357400894165
uvg,HoneyBee,2,1,uvg_02_qp1_T12086,False,37,2,175,0.0011105815647169948,29.544495399469497,0.9740352630615234,0.14947587251663208,0.1287022829055786
uvg,HoneyBee,2,1,uvg_02_qp1_T12086,False,38,1,44,0.0009907098719850183,30.04053509433756,0.973231852054596,0.15173903107643127,0.12603098154067993
uvg,HoneyBee,2,1,uvg_02_qp1_T12086,False,39,2,50,0.001078193075954914,29.673034614929406,0.9727537035942078,0.15227776765823364,0.1294189691543579
uvg,HoneyBee,2,1,uvg_02_qp1_T12086,False,40,1,929,0.0009712294558994472,30.126781545836874,0.9741476774215698,0.14998497068881989,0.12548977136611938
uvg,HoneyBee,2,1,uvg_02_qp1_T12086,False,41,3,319,0.0011265816865488887,29.482373128338534,0.9737687706947327,0.15171030163764954,0.13053637742996216
uvg,HoneyBee,2,1,uvg_02_qp1_T12086,False,42,1,38,0.0009939844021573663,30.026204306028227,0.9731924533843994,0.1532100886106491,0.12762928009033203
uvg,HoneyBee,2,1,uvg_02_qp1_T12086,False,43,2,45,0.0011303714709356427,29.4677881203315,0.9723861217498779,0.1540515422821045,0.13005590438842773
uvg,HoneyBee,2,1,uvg_02_qp1_T12086,False,44,1,1116,0.0009689576108939946,30.136952216669883,0.974157989025116,0.14922815561294556,0.12301576137542725
uvg,HoneyBee,2,1,uvg_02_qp1_T12086,False,45,2,172,0.0011152462102472782,29.52629243873381,0.9736026525497437,0.15076039731502533,0.12883412837982178
uvg,HoneyBee,2,1,uvg_02_qp1_T12086,False,46,1,41,0.0009959954768419266,30.017426338524587,0.9728678464889526,0.1515725702047348,0.12639349699020386
uvg,HoneyBee,2,1,uvg_02_qp1_T12086,False,47,2,45,0.0010822511976584792,29.656719249084944,0.9722581505775452,0.1530759334564209,0.1292228102684021
uvg,HoneyBee,2,1,uvg_02_qp1_T12086,False,48,1,905,0.0009727361612021923,30.120049390451918,0.9736419916152954,0.15110304951667786,0.1247406005859375
uvg,HoneyBee,2,1,uvg_02_qp1_T12086,False,49,3,329,0.0011221077293157578,29.499654461088987,0.973471999168396,0.15164099633693695,0.12886101007461548
uvg,HoneyBee,2,1,uvg_02_qp1_T12086,False,50,1,38,0.0009881065925583243,30.05196203122003,0.9728537201881409,0.15365833044052124,0.12522029876708984
uvg,HoneyBee,2,1,uvg_02_qp1_T12086,False,51,2,47,0.0011157231638208032,29.524435503262897,0.9721470475196838,0.15453045070171356,0.12780046463012695
uvg,HoneyBee,2,1,uvg_02_qp1_T12086,False,52,1,1124,0.0009770635515451431,30.100771873684835,0.9739177823066711,0.15149717032909393,0.1222413182258606
uvg,HoneyBee,2,1,uvg_02_qp1_T12086,False,53,2,173,0.001127505674958229,29.478812635547985,0.9732800722122192,0.15227673947811127,0.12683463096618652
uvg,HoneyBee,2,1,uvg_02_qp1_T12086,False,54,1,46,0.0010138718644157052,29.940169287241304,0.972507894039154,0.15401048958301544,0.1257663369178772
uvg,HoneyBee,2,1,uvg_02_qp1_T12086,False,55,2,49,0.0011022548424080014,29.577179845620122,0.9718818664550781,0.1556115746498108,0.12780624628067017
uvg,HoneyBee,2,1,uvg_02_qp1_T12086,False,56,1,889,0.0009843080770224333,30.068689511516496,0.9732874631881714,0.15315666794776917,0.12405306100845337
uvg,HoneyBee,2,1,uvg_02_qp1_T12086,False,57,3,326,0.0011422091629356146,29.422543601960992,0.972902238368988,0.15483376383781433,0.12999331951141357
uvg,HoneyBee,2,1,uvg_02_qp1_T12086,False,58,1,38,0.0010051210410892963,29.977816354456472,0.9723372459411621,0.15673787891864777,0.12584465742111206
uvg,HoneyBee,2,1,uvg_02_qp1_T12086,False,59,2,47,0.0011343677761033177,29.4524611895516,0.971553385257721,0.15752503275871277,0.12893551588058472
uvg,HoneyBee,2,1,uvg_02_qp1_T12086,False,60,1,1158,0.0009750366443768144,30.10979062094708,0.9736169576644897,0.15224574506282806,0.12478446960449219
uvg,HoneyBee,2,1,uvg_02_qp1_T12086,False,61,2,145,0.0011244886554777622,29.490449216318705,0.9730719923973083,0.15345919132232666,0.13058114051818848
uvg,HoneyBee,2,1,uvg_02_qp1_T12086,False,62,1,38,0.0010133831528946757,29.942263199641317,0.9722579121589661,0.15545639395713806,0.12784796953201294
uvg,HoneyBee,2,1,uvg_02_qp1_T12086,False,63,2,46,0.0010992437601089478,29.58905990987258,0.9716529250144958,0.15657876431941986,0.130548357963562
uvg,HoneyBee,2,1,uvg_02_qp1_T12121,False,0,1,5032,0.0014437215868383646,28.405165498119093,0.9510519504547119,0.2127966582775116,0.13843679428100586
uvg,HoneyBee,2,1,uvg_02_qp1_T12121,False,1,3,5117,0.0009875062387436628,30.054601519613623,0.9737282395362854,0.1568792760372162,0.11995548009872437
uvg,HoneyBee,2,1,uvg_02_qp1_T12121,False,2,1,1215,0.0009908332722261548,30.03999418212965,0.9760605096817017,0.14477595686912537,0.11858361959457397
uvg,HoneyBee,2,1,uvg_02_qp1_T12121,False,3,2,422,0.0009986195946112275,30.005999166025173,0.9762715697288513,0.14451366662979126,0.12074887752532959
uvg,HoneyBee,2,1,uvg_02_qp1_T12121,False,4,1,572,0.0009104933706112206,30.407232119969546,0.977211594581604,0.14096197485923767,0.12073338031768799
uvg,HoneyBee,2,1,uvg_02_qp1_T12121,False,5,2,178,0.0009459973662160337,30.241100727308027,0.9770359396934509,0.14139394462108612,0.12357175350189209
uvg,HoneyBee,2,1,uvg_02_qp1_T12121,False,6,1,148,0.0009000590653158724,30.457289895617258,0.9767239093780518,0.14279183745384216,0.12522226572036743
uvg,HoneyBee,2,1,uvg_02_qp1_T12121,False,7,2,80,0.0009635353344492614,30.16132354412827,0.9765012860298157,0.14280107617378235,0.1254044771194458
uvg,HoneyBee,2,1,uvg_02_qp1_T12121,False,8,1,43,0.0009060266893357038,30.42859008878928,0.9758018255233765,0.1445264369249344,0.1259167194366455
uvg,HoneyBee,2,1,uvg_02_qp1_T12121,False,9,3,77,0.001003691111691296,29.983999217807742,0.9756174087524414,0.14512217044830322,0.1291741132736206
uvg,HoneyBee,2,1,uvg_02_qp1_T12121,False,10,1,51,0.0009146700031124055,30.38735563504193,0.9750088453292847,0.14734381437301636,0.12845361232757568
uvg,HoneyBee,2,1,uvg_02_qp1_T12121,False,11,2,44,0.001055555185303092,29.765190564860212,0.9745188355445862,0.14791926741600037,0.13040971755981445
uvg,HoneyBee,2,1,uvg_02_qp1_T12121,False,12,1,59,0.0009586334344930947,30.183474280850643,0.9738022685050964,0.15057216584682465,0.12899625301361084
uvg,HoneyBee,2,1,uvg_02_qp1_T12121,False,13,2,61,0.0010776356793940067,29.67528038009445,0.9733649492263794,0.15088210999965668,0.13083958625793457
uvg,HoneyBee,2,1,uvg_02_qp1_T12121,False,14,1,64,0.0009935012785717845,30.02831569644943,0.972730278968811,0.15253765881061554,0.13109779357910156
uvg,HoneyBee,2,1,uvg_02_qp1_T12121,False,15,2,57,0.0011135813547298312,29.5327804929039,0.9720894694328308,0.1533363163471222,0.13189327716827393
uvg,HoneyBee,2,1,uvg_02_qp1_T12121,False,16,1,91,0.001033020205795765,29.8589118363064,0.9716330766677856,0.1549651324748993,0.13246369361877441
uvg,HoneyBee,2,1,uvg_02_qp1_T12121,False,17,3,166,0.0011668443912640214,29.329870569977828,0.9711529612541199,0.15619799494743347,0.1353086233139038
uvg,HoneyBee,2,1,uvg_02_qp1_T12121,False,18,1,60,0.0010582547402009368,29.75409777530541,0.9707814455032349,0.15915122628211975,0.13240104913711548
uvg,HoneyBee,2,1,uvg_02_qp1_T12121,False,19,2,55,0.0012124927015975118,29.16320866882785,0.9698230028152466,0.15929295122623444,0.13544154167175293
uvg,HoneyBee,2,1,uvg_02_qp1_T12121,False,20,1,343,0.0010633289348334074,29.733323681341403,0.9709611535072327,0.16023099422454834,0.1329559087753296
uvg,HoneyBee,2,1,uvg_02_qp1_T12121,False,21,2,101,0.001201415085233748,29.203069192567806,0.9701797366142273,0.16038069128990173,0.13488352298736572
uvg,HoneyBee,2,1,uvg_02_qp1_T12121,False,22,1,56,0.0011124404845759273,29.537232144249295,0.9695703983306885,0.1626788079738617,0.13154864311218262
uvg,HoneyBee,2,1,uvg_02_qp1_T12121,False,23,2,56,0.0012321750400587916,29.093275928762612,0.9686176180839539,0.16340775787830353,0.13360971212387085
uvg,HoneyBee,2,1,uvg_02_qp1_T12121,False,24,1,757,0.001051240717060864,29.782978261971635,0.971146821975708,0.1607007384300232,0.13052856922149658
uvg,HoneyBee,2,1,uvg_02_qp1_T12121,False,25,3,495,0.001184364897198975,29.265144729297337,0.9715544581413269,0.15907453000545502,0.13183176517486572
uvg,HoneyBee,2,1,uvg_02_qp1_T12121,False,26,1,45,0.0010540136136114597,29.771537797514096,0.9711437225341797,0.16114173829555511,0.1290072202682495
uvg,HoneyBee,2,1,uvg_02_qp1_T12121,False,27,2,44,0.0012120638275519013,29.16474509523114,0.9701401591300964,0.16218093037605286,0.13141226768493652
uvg,HoneyBee,2,1,uvg_02_qp1_T12121,False,28,1,1296,0.0009946802165359259,30.023165197728833,0.9735880494117737,0.1539955884218216,0.12394511699676514
uvg,HoneyBee,2,1,uvg_02_qp1_T12121,False,29,2,183,0.0011340562487021089,29.45365404089401,0.9732258915901184,0.1542009562253952,0.12926137447357178
uvg,HoneyBee,2,1,uvg_02_qp1_T12121,False,30,1,44,0.001021557254716754,29.907372876602885,0.9724384546279907,0.15657803416252136,0.12559723854064941
uvg,HoneyBee,2,1,uvg_02_qp1_T12121,False,31,2,51,0.0011149663478136063,29.527382404000434,0.9717459678649902,0.15783865749835968,0.12823331356048584
uvg,HoneyBee,2,1,uvg_02_qp1_T12121,False,32,1,1117,0.000969225715380162,30.135750717326857,0.9739267230033875,0.15191492438316345,0.12421631813049316
uvg,HoneyBee,2,1,uvg_02_qp1_T12121,False,33,3,388,0.0011184999020770192,29.51364049589177,0.9737634062767029,0.15194842219352722,0.12802594900131226
uvg,HoneyBee,2,1,uvg_02_qp1_T12121,False,34,1,40,0.0009776203660294414,30.098297596771395,0.9732220768928528,0.15335679054260254,0.12558883428573608
uvg,HoneyBee,2,1,uvg_02_qp1_T12121,False,35,2,44,0.0011139566777274013,29.53131698740192,0.9723872542381287,0.15419767796993256,0.12826430797576904
uvg,HoneyBee,2,1,uvg_02_qp1_T12121,False,36,1,1163,0.0009634987800382078,30.161488309026744,0.9744306802749634,0.14943569898605347,0.12513357400894165
uvg,HoneyBee,2,1,uvg_02_qp1_T12121,False,37,2,175,0.0011105815647169948,29.544495399469497,0.9740352630615234,0.14947587251663208,0.1287022829055786
uvg,HoneyBee,2,1,uvg_02_qp1_T12121,False,38,1,44,0.0009907098719850183,30.04053509433756,0.973231852054596,0.15173903107643127,0.12603098154067993
uvg,HoneyBee,2,1,uvg_02_qp1_T12121,False,39,2,50,0.001078193075954914,29.673034614929406,0.9727537035942078,0.15227776765823364,0.1294189691543579
uvg,HoneyBee,2,1,uvg_02_qp1_T12121,False,40,1,929,0.0009712294558994472,30.126781545836874,0.9741476774215698,0.14998497068881989,0.12548977136611938
uvg,HoneyBee,2,1,uvg_02_qp1_T12121,False,41,3,319,0.0011265816865488887,29.482373128338534,0.9737687706947327,0.15171030163764954,0.13053637742996216
uvg,HoneyBee,2,1,uvg_02_qp1_T12121,False,42,1,38,0.0009939844021573663,30.026204306028227,0.9731924533843994,0.1532100886106491,0.12762928009033203
uvg,HoneyBee,2,1,uvg_02_qp1_T12121,False,43,2,45,0.0011303714709356427,29.4677881203315,0.9723861217498779,0.1540515422821045,0.13005590438842773
uvg,HoneyBee,2,1,uvg_02_qp1_T12121,False,44,1,1116,0.0009689576108939946,30.136952216669883,0.974157989025116,0.14922815561294556,0.12301576137542725
uvg,HoneyBee,2,1,uvg_02_qp1_T12121,False,45,2,172,0.0011152462102472782,29.52629243873381,0.9736026525497437,0.15076039731502533,0.12883412837982178
uvg,HoneyBee,2,1,uvg_02_qp1_T12121,False,46,1,41,0.0009959954768419266,30.017426338524587,0.9728678464889526,0.1515725702047348,0.12639349699020386
uvg,HoneyBee,2,1,uvg_02_qp1_T12121,False,47,2,45,0.0010822511976584792,29.656719249084944,0.9722581505775452,0.1530759334564209,0.1292228102684021
uvg,HoneyBee,2,1,uvg_02_qp1_T12121,False,48,1,905,0.0009727361612021923,30.120049390451918,0.9736419916152954,0.15110304951667786,0.1247406005859375
uvg,HoneyBee,2,1,uvg_02_qp1_T12121,False,49,3,329,0.0011221077293157578,29.499654461088987,0.973471999168396,0.15164099633693695,0.12886101007461548
uvg,HoneyBee,2,1,uvg_02_qp1_T12121,False,50,1,38,0.0009881065925583243,30.05196203122003,0.9728537201881409,0.15365833044052124,0.12522029876708984
uvg,HoneyBee,2,1,uvg_02_qp1_T12121,False,51,2,47,0.0011157231638208032,29.524435503262897,0.9721470475196838,0.15453045070171356,0.12780046463012695
uvg,HoneyBee,2,1,uvg_02_qp1_T12121,False,52,1,1124,0.0009770635515451431,30.100771873684835,0.9739177823066711,0.15149717032909393,0.1222413182258606
uvg,HoneyBee,2,1,uvg_02_qp1_T12121,False,53,2,173,0.001127505674958229,29.478812635547985,0.9732800722122192,0.15227673947811127,0.12683463096618652
uvg,HoneyBee,2,1,uvg_02_qp1_T12121,False,54,1,46,0.0010138718644157052,29.940169287241304,0.972507894039154,0.15401048958301544,0.1257663369178772
uvg,HoneyBee,2,1,uvg_02_qp1_T12121,False,55,2,49,0.0011022548424080014,29.577179845620122,0.9718818664550781,0.1556115746498108,0.12780624628067017
uvg,HoneyBee,2,1,uvg_02_qp1_T12121,False,56,1,889,0.0009843080770224333,30.068689511516496,0.9732874631881714,0.15315666794776917,0.12405306100845337
uvg,HoneyBee,2,1,uvg_02_qp1_T12121,False,57,3,326,0.0011422091629356146,29.422543601960992,0.972902238368988,0.15483376383781433,0.12999331951141357
uvg,HoneyBee,2,1,uvg_02_qp1_T12121,False,58,1,38,0.0010051210410892963,29.977816354456472,0.9723372459411621,0.15673787891864777,0.12584465742111206
uvg,HoneyBee,2,1,uvg_02_qp1_T12121,False,59,2,47,0.0011343677761033177,29.4524611895516,0.971553385257721,0.15752503275871277,0.12893551588058472
uvg,HoneyBee,2,1,uvg_02_qp1_T12121,False,60,1,1158,0.0009750366443768144,30.10979062094708,0.9736169576644897,0.15224574506282806,0.12478446960449219
uvg,HoneyBee,2,1,uvg_02_qp1_T12121,False,61,2,145,0.0011244886554777622,29.490449216318705,0.9730719923973083,0.15345919132232666,0.13058114051818848
uvg,HoneyBee,2,1,uvg_02_qp1_T12121,False,62,1,36,0.0010141540551558137,29.938960684521962,0.972253143787384,0.1554614156484604,0.12783128023147583
uvg,HoneyBee,2,1,uvg_02_qp1_T12121,False,63,2,47,0.0011003966210409999,29.584507518569648,0.9716607928276062,0.15656687319278717,0.1305326223373413
uvg,HoneyBee,2,1,uvg_02_qp1_T12158,False,0,1,5032,0.0014437215868383646,28.405165498119093,0.9510519504547119,0.2127966582775116,0.13843679428100586
uvg,HoneyBee,2,1,uvg_02_qp1_T12158,False,1,3,5117,0.0009875062387436628,30.054601519613623,0.9737282395362854,0.1568792760372162,0.11995548009872437
uvg,HoneyBee,2,1,uvg_02_qp1_T12158,False,2,1,1215,0.0009908332722261548,30.03999418212965,0.9760605096817017,0.14477595686912537,0.11858361959457397
uvg,HoneyBee,2,1,uvg_02_qp1_T12158,False,3,2,422,0.0009986195946112275,30.005999166025173,0.9762715697288513,0.14451366662979126,0.12074887752532959
uvg,HoneyBee,2,1,uvg_02_qp1_T12158,False,4,1,572,0.0009104933706112206,30.407232119969546,0.977211594581604,0.14096197485923767,0.12073338031768799
uvg,HoneyBee,2,1,uvg_02_qp1_T12158,False,5,2,178,0.0009459973662160337,30.241100727308027,0.9770359396934509,0.14139394462108612,0.12357175350189209
uvg,HoneyBee,2,1,uvg_02_qp1_T12158,False,6,1,148,0.0009000590653158724,30.457289895617258,0.9767239093780518,0.14279183745384216,0.12522226572036743
uvg,HoneyBee,2,1,uvg_02_qp1_T12158,False,7,2,80,0.0009635353344492614,30.16132354412827,0.9765012860298157,0.14280107617378235,0.1254044771194458
uvg,HoneyBee,2,1,uvg_02_qp1_T12158,False,8,1,43,0.0009060266893357038,30.42859008878928,0.9758018255233765,0.1445264369249344,0.1259167194366455
uvg,HoneyBee,2,1,uvg_02_qp1_T12158,False,9,3,77,0.001003691111691296,29.983999217807742,0.9756174087524414,0.14512217044830322,0.1291741132736206
uvg,HoneyBee,2,1,uvg_02_qp1_T12158,False,10,1,51,0.0009146700031124055,30.38735563504193,0.9750088453292847,0.14734381437301636,0.12845361232757568
uvg,HoneyBee,2,1,uvg_02_qp1_T12158,False,11,2,44,0.001055555185303092,29.765190564860212,0.9745188355445862,0.14791926741600037,0.13040971755981445
uvg,HoneyBee,2,1,uvg_02_qp1_T12158,False,12,1,59,0.0009586334344930947,30.183474280850643,0.9738022685050964,0.15057216584682465,0.12899625301361084
uvg,HoneyBee,2,1,uvg_02_qp1_T12158,False,13,2,61,0.0010776356793940067,29.67528038009445,0.9733649492263794,0.15088210999965668,0.13083958625793457
uvg,HoneyBee,2,1,uvg_02_qp1_T12158,False,14,1,64,0.0009935012785717845,30.02831569644943,0.972730278968811,0.15253765881061554,0.13109779357910156
uvg,HoneyBee,2,1,uvg_02_qp1_T12158,False,15,2,57,0.0011135813547298312,29.5327804929039,0.9720894694328308,0.1533363163471222,0.13189327716827393
uvg,HoneyBee,2,1,uvg_02_qp1_T12158,False,16,1,91,0.001033020205795765,29.8589118363064,0.9716330766677856,0.1549651324748993,0.13246369361877441
uvg,HoneyBee,2,1,uvg_02_qp1_T12158,False,17,3,166,0.0011668443912640214,29.329870569977828,0.9711529612541199,0.15619799494743347,0.1353086233139038
uvg,HoneyBee,2,1,uvg_02_qp1_T12158,False,18,1,60,0.0010582547402009368,29.75409777530541,0.9707814455032349,0.15915122628211975,0.13240104913711548
uvg,HoneyBee,2,1,uvg_02_qp1_T12158,False,19,2,55,0.0012124927015975118,29.16320866882785,0.9698230028152466,0.15929295122623444,0.13544154167175293
uvg,HoneyBee,2,1,uvg_02_qp1_T12158,False,20,1,343,0.0010633289348334074,29.733323681341403,0.9709611535072327,0.16023099422454834,0.1329559087753296
uvg,HoneyBee,2,1,uvg_02_qp1_T12158,False,21,2,101,0.001201415085233748,29.203069192567806,0.9701797366142273,0.16038069128990173,0.13488352298736572
uvg,HoneyBee,2,1,uvg_02_qp1_T12158,False,22,1,56,0.0011124404845759273,29.537232144249295,0.9695703983306885,0.1626788079738617,0.13154864311218262
uvg,HoneyBee,2,1,uvg_02_qp1_T12158,False,23,2,56,0.0012321750400587916,29.093275928762612,0.9686176180839539,0.16340775787830353,0.13360971212387085
uvg,HoneyBee,2,1,uvg_02_qp1_T12158,False,24,1,757,0.001051240717060864,29.782978261971635,0.971146821975708,0.1607007384300232,0.13052856922149658
uvg,HoneyBee,2,1,uvg_02_qp1_T12158,False,25,3,495,0.001184364897198975,29.265144729297337,0.9715544581413269,0.15907453000545502,0.13183176517486572
uvg,HoneyBee,2,1,uvg_02_qp1_T12158,False,26,1,45,0.0010540136136114597,29.771537797514096,0.9711437225341797,0.16114173829555511,0.1290072202682495
uvg,HoneyBee,2,1,uvg_02_qp1_T12158,False,27,2,44,0.0012120638275519013,29.16474509523114,0.9701401591300964,0.16218093037605286,0.13141226768493652
uvg,HoneyBee,2,1,uvg_02_qp1_T12158,False,28,1,1296,0.0009946802165359259,30.023165197728833,0.9735880494117737,0.1539955884218216,0.12394511699676514
uvg,HoneyBee,2,1,uvg_02_qp1_T12158,False,29,2,183,0.0011340562487021089,29.45365404089401,0.9732258915901184,0.1542009562253952,0.12926137447357178
uvg,HoneyBee,2,1,uvg_02_qp1_T12158,False,30,1,44,0.001021557254716754,29.907372876602885,0.9724384546279907,0.15657803416252136,0.12559723854064941
uvg,HoneyBee,2,1,uvg_02_qp1_T12158,False,31,2,51,0.0011149663478136063,29.527382404000434,0.9717459678649902,0.15783865749835968,0.12823331356048584
uvg,HoneyBee,2,1,uvg_02_qp1_T12158,False,32,1,1117,0.000969225715380162,30.135750717326857,0.9739267230033875,0.15191492438316345,0.12421631813049316
uvg,HoneyBee,2,1,uvg_02_qp1_T12158,False,33,3,388,0.0011184999020770192,29.51364049589177,0.9737634062767029,0.15194842219352722,0.12802594900131226
uvg,HoneyBee,2,1,uvg_02_qp1_T12158,False,34,1,40,0.0009776203660294414,30.098297596771395,0.9732220768928528,0.15335679054260254,0.12558883428573608
uvg,HoneyBee,2,1,uvg_02_qp1_T12158,False,35,2,44,0.0011139566777274013,29.53131698740192,0.9723872542381287,0.15419767796993256,0.12826430797576904
uvg,HoneyBee,2,1,uvg_02_qp1_T12158,False,36,1,1163,0.0009634987800382078,30.161488309026744,0.9744306802749634,0.14943569898605347,0.12513357400894165
uvg,HoneyBee,2,1,uvg_02_qp1_T12158,False,37,2,175,0.0011105815647169948,29.544495399469497,0.9740352630615234,0.14947587251663208,0.1287022829055786
uvg,HoneyBee,2,1,uvg_02_qp1_T12158,False,38,1,44,0.0009907098719850183,30.04053509433756,0.973231852054596,0.15173903107643127,0.12603098154067993
uvg,HoneyBee,2,1,uvg_02_qp1_T12158,False,39,2,50,0.001078193075954914,29.673034614929406,0.9727537035942078,0.15227776765823364,0.1294189691543579
uvg,HoneyBee,2,1,uvg_02_qp1_T12158,False,40,1,929,0.0009712294558994472,30.126781545836874,0.9741476774215698,0.14998497068881989,0.12548977136611938
uvg,HoneyBee,2,1,uvg_02_qp1_T12158,False,41,3,319,0.0011265816865488887,29.482373128338534,0.9737687706947327,0.15171030163764954,0.13053637742996216
uvg,HoneyBee,2,1,uvg_02_qp1_T12158,False,42,1,38,0.0009939844021573663,30.026204306028227,0.9731924533843994,0.1532100886106491,0.12762928009033203
uvg,HoneyBee,2,1,uvg_02_qp1_T12158,False,43,2,45,0.0011303714709356427,29.4677881203315,0.9723861217498779,0.1540515422821045,0.13005590438842773
uvg,HoneyBee,2,1,uvg_02_qp1_T12158,False,44,1,1116,0.0009689576108939946,30.136952216669883,0.974157989025116,0.14922815561294556,0.12301576137542725
uvg,HoneyBee,2,1,uvg_02_qp1_T12158,False,45,2,172,0.0011152462102472782,29.52629243873381,0.9736026525497437,0.15076039731502533,0.12883412837982178
uvg,HoneyBee,2,1,uvg_02_qp1_T12158,False,46,1,41,0.0009959954768419266,30.017426338524587,0.9728678464889526,0.1515725702047348,0.12639349699020386
uvg,HoneyBee,2,1,uvg_02_qp1_T12158,False,47,2,45,0.0010822511976584792,29.656719249084944,0.9722581505775452,0.1530759334564209,0.1292228102684021
uvg,HoneyBee,2,1,uvg_02_qp1_T12158,False,48,1,905,0.0009727361612021923,30.120049390451918,0.9736419916152954,0.15110304951667786,0.1247406005859375
uvg,HoneyBee,2,1,uvg_02_qp1_T12158,False,49,3,329,0.0011221077293157578,29.499654461088987,0.973471999168396,0.15164099633693695,0.12886101007461548
uvg,HoneyBee,2,1,uvg_02_qp1_T12158,False,50,1,38,0.0009881065925583243,30.05196203122003,0.9728537201881409,0.15365833044052124,0.12522029876708984
uvg,HoneyBee,2,1,uvg_02_qp1_T12158,False,51,2,47,0.0011157231638208032,29.524435503262897,0.9721470475196838,0.15453045070171356,0.12780046463012695
uvg,HoneyBee,2,1,uvg_02_qp1_T12158,False,52,1,1124,0.0009770635515451431,30.100771873684835,0.9739177823066711,0.15149717032909393,0.1222413182258606
uvg,HoneyBee,2,1,uvg_02_qp1_T12158,False,53,2,173,0.001127505674958229,29.478812635547985,0.9732800722122192,0.15227673947811127,0.12683463096618652
uvg,HoneyBee,2,1,uvg_02_qp1_T12158,False,54,1,46,0.0010138718644157052,29.940169287241304,0.972507894039154,0.15401048958301544,0.1257663369178772
uvg,HoneyBee,2,1,uvg_02_qp1_T12158,False,55,2,49,0.0011022548424080014,29.577179845620122,0.9718818664550781,0.1556115746498108,0.12780624628067017
uvg,HoneyBee,2,1,uvg_02_qp1_T12158,False,56,1,889,0.0009843080770224333,30.068689511516496,0.9732874631881714,0.15315666794776917,0.12405306100845337
uvg,HoneyBee,2,1,uvg_02_qp1_T12158,False,57,3,326,0.0011422091629356146,29.422543601960992,0.972902238368988,0.15483376383781433,0.12999331951141357
uvg,HoneyBee,2,1,uvg_02_qp1_T12158,False,58,1,38,0.0010051210410892963,29.977816354456472,0.9723372459411621,0.15673787891864777,0.12584465742111206
uvg,HoneyBee,2,1,uvg_02_qp1_T12158,False,59,2,47,0.0011343677761033177,29.4524611895516,0.971553385257721,0.15752503275871277,0.12893551588058472
uvg,HoneyBee,2,1,uvg_02_qp1_T12158,False,60,1,1158,0.0009750366443768144,30.10979062094708,0.9736169576644897,0.15224574506282806,0.12478446960449219
uvg,HoneyBee,2,1,uvg_02_qp1_T12158,False,61,2,145,0.0011244886554777622,29.490449216318705,0.9730719923973083,0.15345919132232666,0.13058114051818848
uvg,HoneyBee,2,1,uvg_02_qp1_T12158,False,62,1,36,0.0010141540551558137,29.938960684521962,0.972253143787384,0.1554614156484604,0.12783128023147583
uvg,HoneyBee,2,1,uvg_02_qp1_T12158,False,63,2,47,0.0011003966210409999,29.584507518569648,0.9716607928276062,0.15656687319278717,0.1305326223373413
uvg,HoneyBee,2,3,uvg_02_qp3_BASELINE,True,0,3,8074,0.0008912784396670759,30.49986599082945,0.971256673336029,0.1434057354927063,0.1141207218170166
uvg,HoneyBee,2,3,uvg_02_qp3_BASELINE,True,1,5,5640,0.0007744643953628838,31.109985433700615,0.980207622051239,0.11719700694084167,0.10841268301010132
uvg,HoneyBee,2,3,uvg_02_qp3_BASELINE,True,2,3,1507,0.0008196855778805912,30.863527061259923,0.9814682602882385,0.1113550141453743,0.10995650291442871
uvg,HoneyBee,2,3,uvg_02_qp3_BASELINE,True,3,4,684,0.0008127835462801158,30.9002509668427,0.9815986156463623,0.11108247935771942,0.11239004135131836
uvg,HoneyBee,2,3,uvg_02_qp3_BASELINE,True,4,3,760,0.0007791047682985663,31.08404137661793,0.9819619059562683,0.10891738533973694,0.11283367872238159
uvg,HoneyBee,2,3,uvg_02_qp3_BASELINE,True,5,4,403,0.0007981648668646812,30.97907392641456,0.9818433523178101,0.10940856486558914,0.1148674488067627
uvg,HoneyBee,2,3,uvg_02_qp3_BASELINE,True,6,3,382,0.000782600836828351,31.06459692047732,0.9817570447921753,0.11032386124134064,0.11581271886825562
uvg,HoneyBee,2,3,uvg_02_qp3_BASELINE,True,7,4,201,0.0008074389188550413,30.928903212662636,0.9817540645599365,0.11082103848457336,0.11741119623184204
uvg,HoneyBee,2,3,uvg_02_qp3_BASELINE,True,8,3,91,0.0007849809480831027,31.051408836914177,0.981204092502594,0.11256147921085358,0.11751443147659302
uvg,HoneyBee,2,3,uvg_02_qp3_BASELINE,True,9,5,208,0.0008390778093598783,30.761977643098227,0.9811519980430603,0.11382445693016052,0.1208694577217102
uvg,HoneyBee,2,3,uvg_02_qp3_BASELINE,True,10,3,63,0.0007894575828686357,31.026711994377898,0.9805113673210144,0.11630198359489441,0.1203376054763794
uvg,HoneyBee,2,3,uvg_02_qp3_BASELINE,True,11,4,63,0.0008891214965842664,30.510388895463,0.9800992012023926,0.11710354685783386,0.1232958436012268
uvg,HoneyBee,2,3,uvg_02_qp3_BASELINE,True,12,3,147,0.0008307610987685621,30.805238479406214,0.9796980619430542,0.11905184388160706,0.1208309531211853
uvg,HoneyBee,2,3,uvg_02_qp3_BASELINE,True,13,4,102,0.0009282221435569227,30.32348075315964,0.9793071746826172,0.1198740154504776,0.12295055389404297
uvg,HoneyBee,2,3,uvg_02_qp3_BASELINE,True,14,3,76,0.0008759653428569436,30.57513076142119,0.9786885380744934,0.12199065834283829,0.12201488018035889
uvg,HoneyBee,2,3,uvg_02_qp3_BASELINE,True,15,4,83,0.0009623982477933168,30.16645176373102,0.9781292676925659,0.12355904281139374,0.12467652559280396
uvg,HoneyBee,2,3,uvg_02_qp3_BASELINE,True,16,3,516,0.0008676334982737899,30.616636887525722,0.9785754680633545,0.12296162545681,0.1227455735206604
uvg,HoneyBee,2,3,uvg_02_qp3_BASELINE,True,17,5,665,0.0009255992481485009,30.335770068275796,0.9789717793464661,0.12332002818584442,0.12558162212371826
uvg,HoneyBee,2,3,uvg_02_qp3_BASELINE,True,18,3,64,0.0008578640408813953,30.665815361299913,0.9784194231033325,0.12647543847560883,0.12221837043762207
uvg,HoneyBee,2,3,uvg_02_qp3_BASELINE,True,19,4,64,0.0009774059290066361,30.0992503084186,0.9776781797409058,0.1273936927318573,0.12532562017440796
uvg,HoneyBee,2,3,uvg_02_qp3_BASELINE,True,20,3,1576,0.000836889143101871,30.773320661736268,0.9793235063552856,0.12165611982345581,0.1191176176071167
uvg,HoneyBee,2,3,uvg_02_qp3_BASELINE,True,21,4,335,0.0009420191636309028,30.259402622023465,0.9792917370796204,0.12166120111942291,0.12126672267913818
uvg,HoneyBee,2,3,uvg_02_qp3_BASELINE,True,22,3,64,0.0008859190274961293,30.52605970571911,0.9786050319671631,0.12393708527088165,0.11871582269668579
uvg,HoneyBee,2,3,uvg_02_qp3_BASELINE,True,23,4,72,0.0009668355924077332,30.146473701574877,0.9782451391220093,0.1251128613948822,0.12071007490158081
uvg,HoneyBee,2,3,uvg_02_qp3_BASELINE,True,24,3,1836,0.0008319509215652943,30.79902292846359,0.9797623157501221,0.11994951218366623,0.11493432521820068
uvg,HoneyBee,2,3,uvg_02_qp3_BASELINE,True,25,5,827,0.0009082421893253922,30.41798328282168,0.9802876114845276,0.11883488297462463,0.1182740330696106
uvg,HoneyBee,2,3,uvg_02_qp3_BASELINE,True,26,3,55,0.0008223237819038332,30.849571496043286,0.9796443581581116,0.12122123688459396,0.11603593826293945
uvg,HoneyBee,2,3,uvg_02_qp3_BASELINE,True,27,4,58,0.0009122043265961111,30.399078722262356,0.9792638421058655,0.12244178354740143,0.11730802059173584
uvg,HoneyBee,2,3,uvg_02_qp3_BASELINE,True,28,3,1895,0.0008023468544706702,30.956378456587718,0.9805670976638794,0.11565758287906647,0.11318206787109375
uvg,HoneyBee,2,3,uvg_02_qp3_BASELINE,True,29,4,354,0.0009036374394781888,30.44005783703488,0.9804335236549377,0.11669499427080154,0.11822330951690674
uvg,HoneyBee,2,3,uvg_02_qp3_BASELINE,True,30,3,64,0.0008382475352846086,30.766277148617043,0.9797296524047852,0.11873721331357956,0.11588895320892334
uvg,HoneyBee,2,3,uvg_02_qp3_BASELINE,True,31,4,79,0.0008959058905020356,30.477376079519637,0.9794932007789612,0.12014951556921005,0.1176193356513977
uvg,HoneyBee,2,3,uvg_02_qp3_BASELINE,True,32,3,1373,0.0008071988704614341,30.9301945449254,0.9802344441413879,0.11640553921461105,0.11288589239120483
uvg,HoneyBee,2,3,uvg_02_qp3_BASELINE,True,33,5,647,0.0009023205493576825,30.446391519407467,0.9804087281227112,0.11696592718362808,0.11676532030105591
uvg,HoneyBee,2,3,uvg_02_qp3_BASELINE,True,34,3,58,0.0008174839895218611,30.875207442706095,0.9797139763832092,0.11902152001857758,0.113930344581604
uvg,HoneyBee,2,3,uvg_02_qp3_BASELINE,True,35,4,61,0.0009193524019792676,30.36517984915558,0.9792492389678955,0.12011067569255829,0.117043137550354
uvg,HoneyBee,2,3,uvg_02_qp3_BASELINE,True,36,3,1671,0.0008137216791510582,30.895241133883644,0.9803550839424133,0.11647233366966248,0.11088323593139648
uvg,HoneyBee,2,3,uvg_02_qp3_BASELINE,True,37,4,325,0.0009208707488141954,30.358013220463015,0.9801387190818787,0.11773496866226196,0.11482346057891846
uvg,HoneyBee,2,3,uvg_02_qp3_BASELINE,True,38,3,64,0.000851229764521122,30.69953199027788,0.9793763160705566,0.11996646225452423,0.11139297485351562
uvg,HoneyBee,2,3,uvg_02_qp3_BASELINE,True,39,4,60,0.0009144549840129912,30.38837668728786,0.9790812134742737,0.12040918320417404,0.11438709497451782
uvg,HoneyBee,2,3,uvg_02_qp3_BASELINE,True,40,3,1528,0.000830409990157932,30.80707434731209,0.9799357652664185,0.11768779903650284,0.10969507694244385
uvg,HoneyBee,2,3,uvg_02_qp3_BASELINE,True,41,5,676,0.0009135862346738577,30.392504527171226,0.9802099466323853,0.11849230527877808,0.11329460144042969
uvg,HoneyBee,2,3,uvg_02_qp3_BASELINE,True,42,3,55,0.0008252098341472447,30.834356051166832,0.9795367121696472,0.12029295414686203,0.11133891344070435
uvg,HoneyBee,2,3,uvg_02_qp3_BASELINE,True,43,4,60,0.0009168211254291236,30.37715388230531,0.9791758060455322,0.12102390080690384,0.11360394954681396
uvg,HoneyBee,2,3,uvg_02_qp3_BASELINE,True,44,3,1808,0.0008103001164272428,30.913540986916704,0.9803324341773987,0.11637166142463684,0.107979416847229
uvg,HoneyBee,2,3,uvg_02_qp3_BASELINE,True,45,4,319,0.0009026771294884384,30.444675608224053,0.9801357388496399,0.11754241585731506,0.11260539293289185
uvg,HoneyBee,2,3,uvg_02_qp3_BASELINE,True,46,3,60,0.000844195019453764,30.735572144063532,0.979433536529541,0.11927711963653564,0.11026465892791748
uvg,HoneyBee,2,3,uvg_02_qp3_BASELINE,True,47,4,64,0.000905919645447284,30.429103222862008,0.9790239930152893,0.12067637592554092,0.1130172610282898
uvg,HoneyBee,2,3,uvg_02_qp3_BASELINE,True,48,3,1523,0.000821951893158257,30.85153599914078,0.9798357486724854,0.11749107390642166,0.10883337259292603
uvg,HoneyBee,2,3,uvg_02_qp3_BASELINE,True,49,5,701,0.0009122374467551708,30.398921042225307,0.9802060723304749,0.11773838847875595,0.11214929819107056
uvg,HoneyBee,2,3,uvg_02_qp3_BASELINE,True,50,3,61,0.0008206700440496206,30.858314188265233,0.9795891046524048,0.12026430666446686,0.10968738794326782
uvg,HoneyBee,2,3,uvg_02_qp3_BASELINE,True,51,4,63,0.0009058717405423522,30.42933288325264,0.9792587161064148,0.1211700364947319,0.11235862970352173
uvg,HoneyBee,2,3,uvg_02_qp3_BASELINE,True,52,3,1697,0.0008127284818328917,30.900545202568726,0.9801300168037415,0.11706928163766861,0.10714250802993774
uvg,HoneyBee,2,3,uvg_02_qp3_BASELINE,True,53,4,311,0.0009078430011868477,30.419892501722963,0.9800354838371277,0.11831095814704895,0.1132996678352356
uvg,HoneyBee,2,3,uvg_02_qp3_BASELINE,True,54,3,71,0.0008493707864545286,30.709026803594412,0.9793482422828674,0.12006118148565292,0.10970455408096313
uvg,HoneyBee,2,3,uvg_02_qp3_BASELINE,True,55,4,73,0.0009146166848950088,30.38760880265922,0.9790295958518982,0.12163671851158142,0.1121213436126709
uvg,HoneyBee,2,3,uvg_02_qp3_BASELINE,True,56,3,1453,0.0008202243479900062,30.860673430212742,0.9798823595046997,0.11870250105857849,0.10908973217010498
uvg,HoneyBee,2,3,uvg_02_qp3_BASELINE,True,57,5,612,0.0009153868304565549,30.383953399982865,0.9800382852554321,0.11936619877815247,0.11344784498214722
uvg,HoneyBee,2,3,uvg_02_qp3_BASELINE,True,58,3,57,0.0008266119402833283,30.826983256914883,0.9794318675994873,0.1220984235405922,0.10904037952423096
uvg,HoneyBee,2,3,uvg_02_qp3_BASELINE,True,59,4,59,0.0009209428098984063,30.357673384423688,0.9790722131729126,0.12301330268383026,0.11310410499572754
uvg,HoneyBee,2,3,uvg_02_qp3_BASELINE,True,60,3,1725,0.0008176745614036918,30.874195133324687,0.979967474937439,0.11882387846708298,0.10882914066314697
uvg,HoneyBee,2,3,uvg_02_qp3_BASELINE,True,61,4,315,0.0009260638616979122,30.333590631812555,0.979781985282898,0.1201944649219513,0.1130099892616272
uvg,HoneyBee,2,3,uvg_02_qp3_BASELINE,True,62,3,52,0.0008597063133493066,30.65649883960013,0.9790252447128296,0.12260834127664566,0.10977739095687866
uvg,HoneyBee,2,3,uvg_02_qp3_BASELINE,True,63,4,63,0.0009183374349959195,30.369977117945268,0.9788031578063965,0.1241823136806488,0.11243128776550293
uvg,HoneyBee,2,3,uvg_02_qp3_T11960,False,0,3,8074,0.0008912784396670759,30.49986599082945,0.971256673336029,0.1434057354927063,0.1141207218170166
uvg,HoneyBee,2,3,uvg_02_qp3_T11960,False,1,5,5640,0.000774335814639926,31.110706532499893,0.9802026152610779,0.11720678210258484,0.10842180252075195
uvg,HoneyBee,2,3,uvg_02_qp3_T11960,False,2,3,1507,0.0008167106425389647,30.87931785092493,0.9814656972885132,0.11131726205348969,0.10998141765594482
uvg,HoneyBee,2,3,uvg_02_qp3_T11960,False,3,4,684,0.000810550176538527,30.91220095288879,0.9816076755523682,0.11107055097818375,0.112415611743927
uvg,HoneyBee,2,3,uvg_02_qp3_T11960,False,4,3,759,0.0007771904347464442,31.094725531087974,0.9819867014884949,0.10881885886192322,0.11283868551254272
uvg,HoneyBee,2,3,uvg_02_qp3_T11960,False,5,4,416,0.0007963890093378723,30.988747421364046,0.9818813800811768,0.10925937443971634,0.11516785621643066
uvg,HoneyBee,2,3,uvg_02_qp3_T11960,False,6,3,386,0.0007825109059922397,31.06509600900692,0.9817960858345032,0.11014974117279053,0.11590790748596191
uvg,HoneyBee,2,3,uvg_02_qp3_T11960,False,7,4,203,0.0008085455046966672,30.922955331075606,0.9817885756492615,0.1107209324836731,0.11760586500167847
uvg,HoneyBee,2,3,uvg_02_qp3_T11960,False,8,3,91,0.0007782744360156357,31.088672345900076,0.9812667965888977,0.11239466071128845,0.1175805926322937
uvg,HoneyBee,2,3,uvg_02_qp3_T11960,False,9,5,205,0.0008366944966837764,30.774330875551364,0.9811979532241821,0.1135115846991539,0.1208234429359436
uvg,HoneyBee,2,3,uvg_02_qp3_T11960,False,10,3,65,0.0007839193567633629,31.057286116957258,0.9805821776390076,0.1159985214471817,0.12016397714614868
uvg,HoneyBee,2,3,uvg_02_qp3_T11960,False,11,4,65,0.0008839757647365332,30.535596415315773,0.9801762104034424,0.11684705317020416,0.123599112033844
uvg,HoneyBee,2,3,uvg_02_qp3_T11960,False,12,3,151,0.000820942863356322,30.856870682064553,0.9797776937484741,0.11867010593414307,0.12070035934448242
uvg,HoneyBee,2,3,uvg_02_qp3_T11960,False,13,4,111,0.0009204952511936426,30.35978447665905,0.9793810248374939,0.1196623146533966,0.12350553274154663
uvg,HoneyBee,2,3,uvg_02_qp3_T11960,False,14,3,74,0.0008678722660988569,30.615441898126488,0.9787695407867432,0.12178267538547516,0.12208253145217896
uvg,HoneyBee,2,3,uvg_02_qp3_T11960,False,15,4,83,0.0009503633482381701,30.221103210632727,0.9782288670539856,0.12325508147478104,0.12476909160614014
uvg,HoneyBee,2,3,uvg_02_qp3_T11960,False,16,3,534,0.0008515244699083269,30.698028673802252,0.9786893725395203,0.12290430068969727,0.1227715015411377
uvg,HoneyBee,2,3,uvg_02_qp3_T11960,False,17,5,656,0.0009328380692750216,30.301937385941685,0.9790096282958984,0.12328623235225677,0.12497234344482422
uvg,HoneyBee,2,3,uvg_02_qp3_T11960,False,18,3,66,0.0008585911709815264,30.662135817472375,0.9784137010574341,0.12649734318256378,0.12203836441040039
uvg,HoneyBee,2,3,uvg_02_qp3_T11960,False,19,4,67,0.0009801771957427263,30.086954057596316,0.9777243137359619,0.12735183537006378,0.12477618455886841
uvg,HoneyBee,2,3,uvg_02_qp3_T11960,False,20,3,1628,0.0008329942356795073,30.793580039008276,0.9795082211494446,0.12069427967071533,0.1175386905670166
uvg,HoneyBee,2,3,uvg_02_qp3_T11960,False,21,4,334,0.0009309789747931063,30.310601270040955,0.9795361161231995,0.12067070603370667,0.121143639087677
uvg,HoneyBee,2,3,uvg_02_qp3_T11960,False,22,3,60,0.0008718671160750091,30.59549702169577,0.9788292646408081,0.12320303171873093,0.11839723587036133
uvg,HoneyBee,2,3,uvg_02_qp3_T11960,False,23,4,74,0.0009439558489248157,30.2504831821966,0.9784665107727051,0.12445734441280365,0.12012219429016113
uvg,HoneyBee,2,3,uvg_02_qp3_T11960,False,24,3,1838,0.0008247155928984284,30.836957941530983,0.9799411296844482,0.11900617182254791,0.11503642797470093
uvg,HoneyBee,2,3,uvg_02_qp3_T11960,False,25,5,791,0.0009005045867525041,30.45514070744249,0.9803630113601685,0.11848829686641693,0.11770975589752197
uvg,HoneyBee,2,3,uvg_02_qp3_T11960,False,26,3,60,0.0008189445943571627,30.867454794104006,0.9797654747962952,0.120862677693367,0.11589473485946655
uvg,HoneyBee,2,3,uvg_02_qp3_T11960,False,27,4,59,0.0009081385796889663,30.418478741639436,0.979356050491333,0.1219417005777359,0.11643916368484497
uvg,HoneyBee,2,3,uvg_02_qp3_T11960,False,28,3,1846,0.0007990379235707223,30.97432607911732,0.9805970191955566,0.11607667058706284,0.11102861166000366
uvg,HoneyBee,2,3,uvg_02_qp3_T11960,False,29,4,343,0.0009080387535504997,30.41895616133118,0.9804317355155945,0.11699147522449493,0.11666953563690186
uvg,HoneyBee,2,3,uvg_02_qp3_T11960,False,30,3,62,0.0008460782119072974,30.725894886988648,0.9797117710113525,0.11903714388608932,0.11451148986816406
uvg,HoneyBee,2,3,uvg_02_qp3_T11960,False,31,4,71,0.0009131432161666453,30.39461102955172,0.979397714138031,0.12077062577009201,0.11638134717941284
uvg,HoneyBee,2,3,uvg_02_qp3_T11960,False,32,3,1420,0.0008271264960058033,30.824280668486015,0.9801031351089478,0.11733595281839371,0.11184149980545044
uvg,HoneyBee,2,3,uvg_02_qp3_T11960,False,33,5,671,0.0009140950278379023,30.390086533686095,0.9803608059883118,0.1174132227897644,0.11479896306991577
uvg,HoneyBee,2,3,uvg_02_qp3_T11960,False,34,3,55,0.000827954791020602,30.81993376435307,0.9796177744865417,0.11957336962223053,0.11236268281936646
uvg,HoneyBee,2,3,uvg_02_qp3_T11960,False,35,4,61,0.0009259898215532303,30.33393787041134,0.9791775345802307,0.1206069216132164,0.11455726623535156
uvg,HoneyBee,2,3,uvg_02_qp3_T11960,False,36,3,1747,0.0008200436132028699,30.861630494825548,0.9802753329277039,0.11620071530342102,0.11103981733322144
uvg,HoneyBee,2,3,uvg_02_qp3_T11960,False,37,4,328,0.0009168171091005206,30.37717290753414,0.9801850914955139,0.1174069344997406,0.11474609375
uvg,HoneyBee,2,3,uvg_02_qp3_T11960,False,38,3,61,0.0008440473466180265,30.736331910541857,0.97944575548172,0.12001834809780121,0.11133772134780884
uvg,HoneyBee,2,3,uvg_02_qp3_T11960,False,39,4,59,0.0009052501991391182,30.432313709737944,0.9792215824127197,0.12061820924282074,0.11412990093231201
uvg,HoneyBee,2,3,uvg_02_qp3_T11960,False,40,3,1517,0.0008177086128853261,30.874014278210005,0.9800772070884705,0.11709127575159073,0.11023914813995361
uvg,HoneyBee,2,3,uvg_02_qp3_T11960,False,41,5,643,0.000914433621801436,30.388478142243297,0.980266809463501,0.11773006618022919,0.11388522386550903
uvg,HoneyBee,2,3,uvg_02_qp3_T11960,False,42,3,59,0.0008306374656967819,30.805884840395112,0.9795786738395691,0.12001261115074158,0.11193954944610596
uvg,HoneyBee,2,3,uvg_02_qp3_T11960,False,43,4,62,0.0009213669691234827,30.35567361200483,0.9792444705963135,0.12061645090579987,0.11442375183105469
uvg,HoneyBee,2,3,uvg_02_qp3_T11960,False,44,3,1792,0.000813559687230736,30.896105793171152,0.9802830219268799,0.11599022150039673,0.1091727614402771
uvg,HoneyBee,2,3,uvg_02_qp3_T11960,False,45,4,324,0.0009099008748307824,30.410059174139,0.9802045822143555,0.11718899756669998,0.11354756355285645
uvg,HoneyBee,2,3,uvg_02_qp3_T11960,False,46,3,58,0.000845787872094661,30.7273854657163,0.9794964790344238,0.11869505792856216,0.11128520965576172
uvg,HoneyBee,2,3,uvg_02_qp3_T11960,False,47,4,66,0.0009079155279323459,30.419545561699035,0.9791470766067505,0.12005120515823364,0.11449384689331055
uvg,HoneyBee,2,3,uvg_02_qp3_T11960,False,48,3,1527,0.0008197385468520224,30.863246424520888,0.9800927639007568,0.11619746685028076,0.10969382524490356
uvg,HoneyBee,2,3,uvg_02_qp3_T11960,False,49,5,681,0.00090928771533072,30.41298676283352,0.9803371429443359,0.11678401380777359,0.11245697736740112
uvg,HoneyBee,2,3,uvg_02_qp3_T11960,False,50,3,62,0.000828637508675456,30.816354120441392,0.9796529412269592,0.11958139389753342,0.1105647087097168
uvg,HoneyBee,2,3,uvg_02_qp3_T11960,False,51,4,66,0.0009169676923193038,30.376459656327334,0.9793090224266052,0.12010644376277924,0.1128990650177002
uvg,HoneyBee,2,3,uvg_02_qp3_T11960,False,52,3,1657,0.000827749609015882,30.82101015713055,0.9800536036491394,0.11744821071624756,0.10809814929962158
uvg,HoneyBee,2,3,uvg_02_qp3_T11960,False,53,4,306,0.0009306531865149736,30.31212131310689,0.9797495603561401,0.11889215558767319,0.11461853981018066
uvg,HoneyBee,2,3,uvg_02_qp3_T11960,False,54,3,66,0.0008597015403211117,30.656522951387252,0.9790418744087219,0.12122906744480133,0.1115531325340271
uvg,HoneyBee,2,3,uvg_02_qp3_T11960,False,55,4,68,0.0009283036924898624,30.32309922061195,0.9786805510520935,0.12260869145393372,0.1137847900390625
uvg,HoneyBee,2,3,uvg_02_qp3_T11960,False,56,3,1508,0.0008265706710517406,30.82720008716015,0.9797821640968323,0.11875346302986145,0.1091274619102478
uvg,HoneyBee,2,3,uvg_02_qp3_T11960,False,57,5,644,0.000915078679099679,30.38541563387307,0.9800361394882202,0.11947910487651825,0.11394190788269043
uvg,HoneyBee,2,3,uvg_02_qp3_T11960,False,58,3,58,0.0008307057432830334,30.805527869255094,0.9794286489486694,0.12195420265197754,0.11048471927642822
uvg,HoneyBee,2,3,uvg_02_qp3_T11960,False,59,4,60,0.0009186275419779122,30.36860537853741,0.9790963530540466,0.12282026559114456,0.11274105310440063
uvg,HoneyBee,2,3,uvg_02_qp3_T11960,False,60,3,1738,0.0008109911577776074,30.909838808681624,0.9800854921340942,0.11796019226312637,0.1083255410194397
uvg,HoneyBee,2,3,uvg_02_qp3_T11960,False,61,4,296,0.0009154044091701508,30.383870000650937,0.9799596071243286,0.11919772624969482,0.11263781785964966
uvg,HoneyBee,2,3,uvg_02_qp3_T11960,False,62,3,56,0.0008529446204192936,30.69079165581693,0.9793014526367188,0.12118004262447357,0.1095724105834961
uvg,HoneyBee,2,3,uvg_02_qp3_T11960,False,63,4,65,0.0009107108344323933,30.406194967323657,0.979026198387146,0.12246626615524292,0.11229419708251953
uvg,HoneyBee,2,3,uvg_02_qp3_T12062,False,0,3,8074,0.0008912784396670759,30.49986599082945,0.971256673336029,0.1434057354927063,0.1141207218170166
uvg,HoneyBee,2,3,uvg_02_qp3_T12062,False,1,5,5640,0.000774335814639926,31.110706532499893,0.9802026152610779,0.11720678210258484,0.10842180252075195
uvg,HoneyBee,2,3,uvg_02_qp3_T12062,False,2,3,1507,0.0008167106425389647,30.87931785092493,0.9814656972885132,0.11131726205348969,0.10998141765594482
uvg,HoneyBee,2,3,uvg_02_qp3_T12062,False,3,4,684,0.000810550176538527,30.91220095288879,0.9816076755523682,0.11107055097818375,0.112415611743927
uvg,HoneyBee,2,3,uvg_02_qp3_T12062,False,4,3,759,0.0007771904347464442,31.094725531087974,0.9819867014884949,0.10881885886192322,0.11283868551254272
uvg,HoneyBee,2,3,uvg_02_qp3_T12062,False,5,4,416,0.0007963890093378723,30.988747421364046,0.9818813800811768,0.10925937443971634,0.11516785621643066
uvg,HoneyBee,2,3,uvg_02_qp3_T12062,False,6,3,386,0.0007825109059922397,31.06509600900692,0.9817960858345032,0.11014974117279053,0.11590790748596191
uvg,HoneyBee,2,3,uvg_02_qp3_T12062,False,7,4,203,0.0008085455046966672,30.922955331075606,0.9817885756492615,0.1107209324836731,0.11760586500167847
uvg,HoneyBee,2,3,uvg_02_qp3_T12062,False,8,3,91,0.0007782744360156357,31.088672345900076,0.9812667965888977,0.11239466071128845,0.1175805926322937
uvg,HoneyBee,2,3,uvg_02_qp3_T12062,False,9,5,205,0.0008366944966837764,30.774330875551364,0.9811979532241821,0.1135115846991539,0.1208234429359436
uvg,HoneyBee,2,3,uvg_02_qp3_T12062,False,10,3,65,0.0007839193567633629,31.057286116957258,0.9805821776390076,0.1159985214471817,0.12016397714614868
uvg,HoneyBee,2,3,uvg_02_qp3_T12062,False,11,4,65,0.0008839757647365332,30.535596415315773,0.9801762104034424,0.11684705317020416,0.123599112033844
uvg,HoneyBee,2,3,uvg_02_qp3_T12062,False,12,3,151,0.000820942863356322,30.856870682064553,0.9797776937484741,0.11867010593414307,0.12070035934448242
uvg,HoneyBee,2,3,uvg_02_qp3_T12062,False,13,4,111,0.0009204952511936426,30.35978447665905,0.9793810248374939,0.1196623146533966,0.12350553274154663
uvg,HoneyBee,2,3,uvg_02_qp3_T12062,False,14,3,74,0.0008678722660988569,30.615441898126488,0.9787695407867432,0.12178267538547516,0.12208253145217896
uvg,HoneyBee,2,3,uvg_02_qp3_T12062,False,15,4,83,0.0009503633482381701,30.221103210632727,0.9782288670539856,0.12325508147478104,0.12476909160614014
uvg,HoneyBee,2,3,uvg_02_qp3_T12062,False,16,3,534,0.0008515244699083269,30.698028673802252,0.9786893725395203,0.12290430068969727,0.1227715015411377
uvg,HoneyBee,2,3,uvg_02_qp3_T12062,False,17,5,656,0.0009328380692750216,30.301937385941685,0.9790096282958984,0.12328623235225677,0.12497234344482422
uvg,HoneyBee,2,3,uvg_02_qp3_T12062,False,18,3,66,0.0008585911709815264,30.662135817472375,0.9784137010574341,0.12649734318256378,0.12203836441040039
uvg,HoneyBee,2,3,uvg_02_qp3_T12062,False,19,4,67,0.0009801771957427263,30.086954057596316,0.9777243137359619,0.12735183537006378,0.12477618455886841
uvg,HoneyBee,2,3,uvg_02_qp3_T12062,False,20,3,1628,0.0008329942356795073,30.793580039008276,0.9795082211494446,0.12069427967071533,0.1175386905670166
uvg,HoneyBee,2,3,uvg_02_qp3_T12062,False,21,4,334,0.0009309789747931063,30.310601270040955,0.9795361161231995,0.12067070603370667,0.121143639087677
uvg,HoneyBee,2,3,uvg_02_qp3_T12062,False,22,3,60,0.0008718671160750091,30.59549702169577,0.9788292646408081,0.12320303171873093,0.11839723587036133
uvg,HoneyBee,2,3,uvg_02_qp3_T12062,False,23,4,74,0.0009439558489248157,30.2504831821966,0.9784665107727051,0.12445734441280365,0.12012219429016113
uvg,HoneyBee,2,3,uvg_02_qp3_T12062,False,24,3,1838,0.0008247155928984284,30.836957941530983,0.9799411296844482,0.11900617182254791,0.11503642797470093
uvg,HoneyBee,2,3,uvg_02_qp3_T12062,False,25,5,791,0.0009005045867525041,30.45514070744249,0.9803630113601685,0.11848829686641693,0.11770975589752197
uvg,HoneyBee,2,3,uvg_02_qp3_T12062,False,26,3,60,0.0008189445943571627,30.867454794104006,0.9797654747962952,0.120862677693367,0.11589473485946655
uvg,HoneyBee,2,3,uvg_02_qp3_T12062,False,27,4,59,0.0009081385796889663,30.418478741639436,0.979356050491333,0.1219417005777359,0.11643916368484497
uvg,HoneyBee,2,3,uvg_02_qp3_T12062,False,28,3,1846,0.0007990379235707223,30.97432607911732,0.9805970191955566,0.11607667058706284,0.11102861166000366
uvg,HoneyBee,2,3,uvg_02_qp3_T12062,False,29,4,343,0.0009080387535504997,30.41895616133118,0.9804317355155945,0.11699147522449493,0.11666953563690186
uvg,HoneyBee,2,3,uvg_02_qp3_T12062,False,30,3,62,0.0008460782119072974,30.725894886988648,0.9797117710113525,0.11903714388608932,0.11451148986816406
uvg,HoneyBee,2,3,uvg_02_qp3_T12062,False,31,4,71,0.0009131432161666453,30.39461102955172,0.979397714138031,0.12077062577009201,0.11638134717941284
uvg,HoneyBee,2,3,uvg_02_qp3_T12062,False,32,3,1420,0.0008271264960058033,30.824280668486015,0.9801031351089478,0.11733595281839371,0.11184149980545044
uvg,HoneyBee,2,3,uvg_02_qp3_T12062,False,33,5,671,0.0009140950278379023,30.390086533686095,0.9803608059883118,0.1174132227897644,0.11479896306991577
uvg,HoneyBee,2,3,uvg_02_qp3_T12062,False,34,3,55,0.000827954791020602,30.81993376435307,0.9796177744865417,0.11957336962223053,0.11236268281936646
uvg,HoneyBee,2,3,uvg_02_qp3_T12062,False,35,4,61,0.0009259898215532303,30.33393787041134,0.9791775345802307,0.1206069216132164,0.11455726623535156
uvg,HoneyBee,2,3,uvg_02_qp3_T12062,False,36,3,1747,0.0008200436132028699,30.861630494825548,0.9802753329277039,0.11620071530342102,0.11103981733322144
uvg,HoneyBee,2,3,uvg_02_qp3_T12062,False,37,4,328,0.0009168171091005206,30.37717290753414,0.9801850914955139,0.1174069344997406,0.11474609375
uvg,HoneyBee,2,3,uvg_02_qp3_T12062,False,38,3,61,0.0008440473466180265,30.736331910541857,0.97944575548172,0.12001834809780121,0.11133772134780884
uvg,HoneyBee,2,3,uvg_02_qp3_T12062,False,39,4,59,0.0009052501991391182,30.432313709737944,0.9792215824127197,0.12061820924282074,0.11412990093231201
uvg,HoneyBee,2,3,uvg_02_qp3_T12062,False,40,3,1517,0.0008177086128853261,30.874014278210005,0.9800772070884705,0.11709127575159073,0.11023914813995361
uvg,HoneyBee,2,3,uvg_02_qp3_T12062,False,41,5,643,0.000914433621801436,30.388478142243297,0.980266809463501,0.11773006618022919,0.11388522386550903
uvg,HoneyBee,2,3,uvg_02_qp3_T12062,False,42,3,59,0.0008306374656967819,30.805884840395112,0.9795786738395691,0.12001261115074158,0.11193954944610596
uvg,HoneyBee,2,3,uvg_02_qp3_T12062,False,43,4,62,0.0009213669691234827,30.35567361200483,0.9792444705963135,0.12061645090579987,0.11442375183105469
uvg,HoneyBee,2,3,uvg_02_qp3_T12062,False,44,3,1792,0.000813559687230736,30.896105793171152,0.9802830219268799,0.11599022150039673,0.1091727614402771
uvg,HoneyBee,2,3,uvg_02_qp3_T12062,False,45,4,324,0.0009099008748307824,30.410059174139,0.9802045822143555,0.11718899756669998,0.11354756355285645
uvg,HoneyBee,2,3,uvg_02_qp3_T12062,False,46,3,58,0.000845787872094661,30.7273854657163,0.9794964790344238,0.11869505792856216,0.11128520965576172
uvg,HoneyBee,2,3,uvg_02_qp3_T12062,False,47,4,66,0.0009079155279323459,30.419545561699035,0.9791470766067505,0.12005120515823364,0.11449384689331055
uvg,HoneyBee,2,3,uvg_02_qp3_T12062,False,48,3,1527,0.0008197385468520224,30.863246424520888,0.9800927639007568,0.11619746685028076,0.10969382524490356
uvg,HoneyBee,2,3,uvg_02_qp3_T12062,False,49,5,681,0.00090928771533072,30.41298676283352,0.9803371429443359,0.11678401380777359,0.11245697736740112
uvg,HoneyBee,2,3,uvg_02_qp3_T12062,False,50,3,62,0.000828637508675456,30.816354120441392,0.9796529412269592,0.11958139389753342,0.1105647087097168
uvg,HoneyBee,2,3,uvg_02_qp3_T12062,False,51,4,66,0.0009169676923193038,30.376459656327334,0.9793090224266052,0.12010644376277924,0.1128990650177002
uvg,HoneyBee,2,3,uvg_02_qp3_T12062,False,52,3,1657,0.000827749609015882,30.82101015713055,0.9800536036491394,0.11744821071624756,0.10809814929962158
uvg,HoneyBee,2,3,uvg_02_qp3_T12062,False,53,4,306,0.0009306531865149736,30.31212131310689,0.9797495603561401,0.11889215558767319,0.11461853981018066
uvg,HoneyBee,2,3,uvg_02_qp3_T12062,False,54,3,66,0.0008597015403211117,30.656522951387252,0.9790418744087219,0.12122906744480133,0.1115531325340271
uvg,HoneyBee,2,3,uvg_02_qp3_T12062,False,55,4,68,0.0009283036924898624,30.32309922061195,0.9786805510520935,0.12260869145393372,0.1137847900390625
uvg,HoneyBee,2,3,uvg_02_qp3_T12062,False,56,3,1508,0.0008265706710517406,30.82720008716015,0.9797821640968323,0.11875346302986145,0.1091274619102478
uvg,HoneyBee,2,3,uvg_02_qp3_T12062,False,57,5,644,0.000915078679099679,30.38541563387307,0.9800361394882202,0.11947910487651825,0.11394190788269043
uvg,HoneyBee,2,3,uvg_02_qp3_T12062,False,58,3,58,0.0008307057432830334,30.805527869255094,0.9794286489486694,0.12195420265197754,0.11048471927642822
uvg,HoneyBee,2,3,uvg_02_qp3_T12062,False,59,4,60,0.0009186275419779122,30.36860537853741,0.9790963530540466,0.12282026559114456,0.11274105310440063
uvg,HoneyBee,2,3,uvg_02_qp3_T12062,False,60,3,1738,0.0008109911577776074,30.909838808681624,0.9800854921340942,0.11796019226312637,0.1083255410194397
uvg,HoneyBee,2,3,uvg_02_qp3_T12062,False,61,4,296,0.0009154044091701508,30.383870000650937,0.9799596071243286,0.11919772624969482,0.11263781785964966
uvg,HoneyBee,2,3,uvg_02_qp3_T12062,False,62,3,56,0.0008529446204192936,30.69079165581693,0.9793014526367188,0.12118004262447357,0.1095724105834961
uvg,HoneyBee,2,3,uvg_02_qp3_T12062,False,63,4,65,0.0009107108344323933,30.406194967323657,0.979026198387146,0.12246626615524292,0.11229419708251953
uvg,HoneyBee,2,3,uvg_02_qp3_T12098,False,0,3,8074,0.0008912784396670759,30.49986599082945,0.971256673336029,0.1434057354927063,0.1141207218170166
uvg,HoneyBee,2,3,uvg_02_qp3_T12098,False,1,5,5640,0.000774335814639926,31.110706532499893,0.9802026152610779,0.11720678210258484,0.10842180252075195
uvg,HoneyBee,2,3,uvg_02_qp3_T12098,False,2,3,1507,0.0008167106425389647,30.87931785092493,0.9814656972885132,0.11131726205348969,0.10998141765594482
uvg,HoneyBee,2,3,uvg_02_qp3_T12098,False,3,4,684,0.000810550176538527,30.91220095288879,0.9816076755523682,0.11107055097818375,0.112415611743927
uvg,HoneyBee,2,3,uvg_02_qp3_T12098,False,4,3,759,0.0007771904347464442,31.094725531087974,0.9819867014884949,0.10881885886192322,0.11283868551254272
uvg,HoneyBee,2,3,uvg_02_qp3_T12098,False,5,4,416,0.0007963890093378723,30.988747421364046,0.9818813800811768,0.10925937443971634,0.11516785621643066
uvg,HoneyBee,2,3,uvg_02_qp3_T12098,False,6,3,386,0.0007825109059922397,31.06509600900692,0.9817960858345032,0.11014974117279053,0.11590790748596191
uvg,HoneyBee,2,3,uvg_02_qp3_T12098,False,7,4,203,0.0008085455046966672,30.922955331075606,0.9817885756492615,0.1107209324836731,0.11760586500167847
uvg,HoneyBee,2,3,uvg_02_qp3_T12098,False,8,3,91,0.0007782744360156357,31.088672345900076,0.9812667965888977,0.11239466071128845,0.1175805926322937
uvg,HoneyBee,2,3,uvg_02_qp3_T12098,False,9,5,205,0.0008366944966837764,30.774330875551364,0.9811979532241821,0.1135115846991539,0.1208234429359436
uvg,HoneyBee,2,3,uvg_02_qp3_T12098,False,10,3,65,0.0007839193567633629,31.057286116957258,0.9805821776390076,0.1159985214471817,0.12016397714614868
uvg,HoneyBee,2,3,uvg_02_qp3_T12098,False,11,4,65,0.0008839757647365332,30.535596415315773,0.9801762104034424,0.11684705317020416,0.123599112033844
uvg,HoneyBee,2,3,uvg_02_qp3_T12098,False,12,3,151,0.000820942863356322,30.856870682064553,0.9797776937484741,0.11867010593414307,0.12070035934448242
uvg,HoneyBee,2,3,uvg_02_qp3_T12098,False,13,4,111,0.0009204952511936426,30.35978447665905,0.9793810248374939,0.1196623146533966,0.12350553274154663
uvg,HoneyBee,2,3,uvg_02_qp3_T12098,False,14,3,74,0.0008678722660988569,30.615441898126488,0.9787695407867432,0.12178267538547516,0.12208253145217896
uvg,HoneyBee,2,3,uvg_02_qp3_T12098,False,15,4,83,0.0009503633482381701,30.221103210632727,0.9782288670539856,0.12325508147478104,0.12476909160614014
uvg,HoneyBee,2,3,uvg_02_qp3_T12098,False,16,3,534,0.0008515244699083269,30.698028673802252,0.9786893725395203,0.12290430068969727,0.1227715015411377
uvg,HoneyBee,2,3,uvg_02_qp3_T12098,False,17,5,656,0.0009328380692750216,30.301937385941685,0.9790096282958984,0.12328623235225677,0.12497234344482422
uvg,HoneyBee,2,3,uvg_02_qp3_T12098,False,18,3,66,0.0008585911709815264,30.662135817472375,0.9784137010574341,0.12649734318256378,0.12203836441040039
uvg,HoneyBee,2,3,uvg_02_qp3_T12098,False,19,4,67,0.0009801771957427263,30.086954057596316,0.9777243137359619,0.12735183537006378,0.12477618455886841
uvg,HoneyBee,2,3,uvg_02_qp3_T12098,False,20,3,1628,0.0008329942356795073,30.793580039008276,0.9795082211494446,0.12069427967071533,0.1175386905670166
uvg,HoneyBee,2,3,uvg_02_qp3_T12098,False,21,4,334,0.0009309789747931063,30.310601270040955,0.9795361161231995,0.12067070603370667,0.121143639087677
uvg,HoneyBee,2,3,uvg_02_qp3_T12098,False,22,3,60,0.0008718671160750091,30.59549702169577,0.9788292646408081,0.12320303171873093,0.11839723587036133
uvg,HoneyBee,2,3,uvg_02_qp3_T12098,False,23,4,74,0.0009439558489248157,30.2504831821966,0.9784665107727051,0.12445734441280365,0.12012219429016113
uvg,HoneyBee,2,3,uvg_02_qp3_T12098,False,24,3,1838,0.0008247155928984284,30.836957941530983,0.9799411296844482,0.11900617182254791,0.11503642797470093
uvg,HoneyBee,2,3,uvg_02_qp3_T12098,False,25,5,791,0.0009005045867525041,30.45514070744249,0.9803630113601685,0.11848829686641693,0.11770975589752197
uvg,HoneyBee,2,3,uvg_02_qp3_T12098,False,26,3,60,0.0008189445943571627,30.867454794104006,0.9797654747962952,0.120862677693367,0.11589473485946655
uvg,HoneyBee,2,3,uvg_02_qp3_T12098,False,27,4,59,0.0009081385796889663,30.418478741639436,0.979356050491333,0.1219417005777359,0.11643916368484497
uvg,HoneyBee,2,3,uvg_02_qp3_T12098,False,28,3,1846,0.0007990379235707223,30.97432607911732,0.9805970191955566,0.11607667058706284,0.11102861166000366
uvg,HoneyBee,2,3,uvg_02_qp3_T12098,False,29,4,343,0.0009080387535504997,30.41895616133118,0.9804317355155945,0.11699147522449493,0.11666953563690186
uvg,HoneyBee,2,3,uvg_02_qp3_T12098,False,30,3,62,0.0008460782119072974,30.725894886988648,0.9797117710113525,0.11903714388608932,0.11451148986816406
uvg,HoneyBee,2,3,uvg_02_qp3_T12098,False,31,4,71,0.0009131432161666453,30.39461102955172,0.979397714138031,0.12077062577009201,0.11638134717941284
uvg,HoneyBee,2,3,uvg_02_qp3_T12098,False,32,3,1420,0.0008271264960058033,30.824280668486015,0.9801031351089478,0.11733595281839371,0.11184149980545044
uvg,HoneyBee,2,3,uvg_02_qp3_T12098,False,33,5,671,0.0009140950278379023,30.390086533686095,0.9803608059883118,0.1174132227897644,0.11479896306991577
uvg,HoneyBee,2,3,uvg_02_qp3_T12098,False,34,3,55,0.000827954791020602,30.81993376435307,0.9796177744865417,0.11957336962223053,0.11236268281936646
uvg,HoneyBee,2,3,uvg_02_qp3_T12098,False,35,4,61,0.0009259898215532303,30.33393787041134,0.9791775345802307,0.1206069216132164,0.11455726623535156
uvg,HoneyBee,2,3,uvg_02_qp3_T12098,False,36,3,1747,0.0008200436132028699,30.861630494825548,0.9802753329277039,0.11620071530342102,0.11103981733322144
uvg,HoneyBee,2,3,uvg_02_qp3_T12098,False,37,4,328,0.0009168171091005206,30.37717290753414,0.9801850914955139,0.1174069344997406,0.11474609375
uvg,HoneyBee,2,3,uvg_02_qp3_T12098,False,38,3,61,0.0008440473466180265,30.736331910541857,0.97944575548172,0.12001834809780121,0.11133772134780884
uvg,HoneyBee,2,3,uvg_02_qp3_T12098,False,39,4,59,0.0009052501991391182,30.432313709737944,0.9792215824127197,0.12061820924282074,0.11412990093231201
uvg,HoneyBee,2,3,uvg_02_qp3_T12098,False,40,3,1517,0.0008177086128853261,30.874014278210005,0.9800772070884705,0.11709127575159073,0.11023914813995361
uvg,HoneyBee,2,3,uvg_02_qp3_T12098,False,41,5,643,0.000914433621801436,30.388478142243297,0.980266809463501,0.11773006618022919,0.11388522386550903
uvg,HoneyBee,2,3,uvg_02_qp3_T12098,False,42,3,59,0.0008306374656967819,30.805884840395112,0.9795786738395691,0.12001261115074158,0.11193954944610596
uvg,HoneyBee,2,3,uvg_02_qp3_T12098,False,43,4,62,0.0009213669691234827,30.35567361200483,0.9792444705963135,0.12061645090579987,0.11442375183105469
uvg,HoneyBee,2,3,uvg_02_qp3_T12098,False,44,3,1792,0.000813559687230736,30.896105793171152,0.9802830219268799,0.11599022150039673,0.1091727614402771
uvg,HoneyBee,2,3,uvg_02_qp3_T12098,False,45,4,324,0.0009099008748307824,30.410059174139,0.9802045822143555,0.11718899756669998,0.11354756355285645
uvg,HoneyBee,2,3,uvg_02_qp3_T12098,False,46,3,58,0.000845787872094661,30.7273854657163,0.9794964790344238,0.11869505792856216,0.11128520965576172
uvg,HoneyBee,2,3,uvg_02_qp3_T12098,False,47,4,66,0.0009079155279323459,30.419545561699035,0.9791470766067505,0.12005120515823364,0.11449384689331055
uvg,HoneyBee,2,3,uvg_02_qp3_T12098,False,48,3,1527,0.0008197385468520224,30.863246424520888,0.9800927639007568,0.11619746685028076,0.10969382524490356
uvg,HoneyBee,2,3,uvg_02_qp3_T12098,False,49,5,681,0.00090928771533072,30.41298676283352,0.9803371429443359,0.11678401380777359,0.11245697736740112
uvg,HoneyBee,2,3,uvg_02_qp3_T12098,False,50,3,62,0.000828637508675456,30.816354120441392,0.9796529412269592,0.11958139389753342,0.1105647087097168
uvg,HoneyBee,2,3,uvg_02_qp3_T12098,False,51,4,66,0.0009169676923193038,30.376459656327334,0.9793090224266052,0.12010644376277924,0.1128990650177002
uvg,HoneyBee,2,3,uvg_02_qp3_T12098,False,52,3,1657,0.000827749609015882,30.82101015713055,0.9800536036491394,0.11744821071624756,0.10809814929962158
uvg,HoneyBee,2,3,uvg_02_qp3_T12098,False,53,4,306,0.0009306531865149736,30.31212131310689,0.9797495603561401,0.11889215558767319,0.11461853981018066
uvg,HoneyBee,2,3,uvg_02_qp3_T12098,False,54,3,66,0.0008597015403211117,30.656522951387252,0.9790418744087219,0.12122906744480133,0.1115531325340271
uvg,HoneyBee,2,3,uvg_02_qp3_T12098,False,55,4,68,0.0009283036924898624,30.32309922061195,0.9786805510520935,0.12260869145393372,0.1137847900390625
uvg,HoneyBee,2,3,uvg_02_qp3_T12098,False,56,3,1508,0.0008265706710517406,30.82720008716015,0.9797821640968323,0.11875346302986145,0.1091274619102478
uvg,HoneyBee,2,3,uvg_02_qp3_T12098,False,57,5,644,0.000915078679099679,30.38541563387307,0.9800361394882202,0.11947910487651825,0.11394190788269043
uvg,HoneyBee,2,3,uvg_02_qp3_T12098,False,58,3,58,0.0008307057432830334,30.805527869255094,0.9794286489486694,0.12195420265197754,0.11048471927642822
uvg,HoneyBee,2,3,uvg_02_qp3_T12098,False,59,4,60,0.0009186275419779122,30.36860537853741,0.9790963530540466,0.12282026559114456,0.11274105310440063
uvg,HoneyBee,2,3,uvg_02_qp3_T12098,False,60,3,1738,0.0008109911577776074,30.909838808681624,0.9800854921340942,0.11796019226312637,0.1083255410194397
uvg,HoneyBee,2,3,uvg_02_qp3_T12098,False,61,4,296,0.0009154044091701508,30.383870000650937,0.9799596071243286,0.11919772624969482,0.11263781785964966
uvg,HoneyBee,2,3,uvg_02_qp3_T12098,False,62,3,56,0.0008529446204192936,30.69079165581693,0.9793014526367188,0.12118004262447357,0.1095724105834961
uvg,HoneyBee,2,3,uvg_02_qp3_T12098,False,63,4,65,0.0009107108344323933,30.406194967323657,0.979026198387146,0.12246626615524292,0.11229419708251953
uvg,HoneyBee,2,3,uvg_02_qp3_T12134,False,0,3,8074,0.0008912784396670759,30.49986599082945,0.971256673336029,0.1434057354927063,0.1141207218170166
uvg,HoneyBee,2,3,uvg_02_qp3_T12134,False,1,5,5640,0.000774335814639926,31.110706532499893,0.9802026152610779,0.11720678210258484,0.10842180252075195
uvg,HoneyBee,2,3,uvg_02_qp3_T12134,False,2,3,1507,0.0008167106425389647,30.87931785092493,0.9814656972885132,0.11131726205348969,0.10998141765594482
uvg,HoneyBee,2,3,uvg_02_qp3_T12134,False,3,4,684,0.000810550176538527,30.91220095288879,0.9816076755523682,0.11107055097818375,0.112415611743927
uvg,HoneyBee,2,3,uvg_02_qp3_T12134,False,4,3,759,0.0007771904347464442,31.094725531087974,0.9819867014884949,0.10881885886192322,0.11283868551254272
uvg,HoneyBee,2,3,uvg_02_qp3_T12134,False,5,4,416,0.0007963890093378723,30.988747421364046,0.9818813800811768,0.10925937443971634,0.11516785621643066
uvg,HoneyBee,2,3,uvg_02_qp3_T12134,False,6,3,386,0.0007825109059922397,31.06509600900692,0.9817960858345032,0.11014974117279053,0.11590790748596191
uvg,HoneyBee,2,3,uvg_02_qp3_T12134,False,7,4,203,0.0008085455046966672,30.922955331075606,0.9817885756492615,0.1107209324836731,0.11760586500167847
uvg,HoneyBee,2,3,uvg_02_qp3_T12134,False,8,3,91,0.0007782744360156357,31.088672345900076,0.9812667965888977,0.11239466071128845,0.1175805926322937
uvg,HoneyBee,2,3,uvg_02_qp3_T12134,False,9,5,205,0.0008366944966837764,30.774330875551364,0.9811979532241821,0.1135115846991539,0.1208234429359436
uvg,HoneyBee,2,3,uvg_02_qp3_T12134,False,10,3,65,0.0007839193567633629,31.057286116957258,0.9805821776390076,0.1159985214471817,0.12016397714614868
uvg,HoneyBee,2,3,uvg_02_qp3_T12134,False,11,4,65,0.0008839757647365332,30.535596415315773,0.9801762104034424,0.11684705317020416,0.123599112033844
uvg,HoneyBee,2,3,uvg_02_qp3_T12134,False,12,3,151,0.000820942863356322,30.856870682064553,0.9797776937484741,0.11867010593414307,0.12070035934448242
uvg,HoneyBee,2,3,uvg_02_qp3_T12134,False,13,4,111,0.0009204952511936426,30.35978447665905,0.9793810248374939,0.1196623146533966,0.12350553274154663
uvg,HoneyBee,2,3,uvg_02_qp3_T12134,False,14,3,74,0.0008678722660988569,30.615441898126488,0.9787695407867432,0.12178267538547516,0.12208253145217896
uvg,HoneyBee,2,3,uvg_02_qp3_T12134,False,15,4,83,0.0009503633482381701,30.221103210632727,0.9782288670539856,0.12325508147478104,0.12476909160614014
uvg,HoneyBee,2,3,uvg_02_qp3_T12134,False,16,3,534,0.0008515244699083269,30.698028673802252,0.9786893725395203,0.12290430068969727,0.1227715015411377
uvg,HoneyBee,2,3,uvg_02_qp3_T12134,False,17,5,656,0.0009328380692750216,30.301937385941685,0.9790096282958984,0.12328623235225677,0.12497234344482422
uvg,HoneyBee,2,3,uvg_02_qp3_T12134,False,18,3,66,0.0008585911709815264,30.662135817472375,0.9784137010574341,0.12649734318256378,0.12203836441040039
uvg,HoneyBee,2,3,uvg_02_qp3_T12134,False,19,4,67,0.0009801771957427263,30.086954057596316,0.9777243137359619,0.12735183537006378,0.12477618455886841
uvg,HoneyBee,2,3,uvg_02_qp3_T12134,False,20,3,1628,0.0008329942356795073,30.793580039008276,0.9795082211494446,0.12069427967071533,0.1175386905670166
uvg,HoneyBee,2,3,uvg_02_qp3_T12134,False,21,4,334,0.0009309789747931063,30.310601270040955,0.9795361161231995,0.12067070603370667,0.121143639087677
uvg,HoneyBee,2,3,uvg_02_qp3_T12134,False,22,3,60,0.0008718671160750091,30.59549702169577,0.9788292646408081,0.12320303171873093,0.11839723587036133
uvg,HoneyBee,2,3,uvg_02_qp3_T12134,False,23,4,74,0.0009439558489248157,30.2504831821966,0.9784665107727051,0.12445734441280365,0.12012219429016113
uvg,HoneyBee,2,3,uvg_02_qp3_T12134,False,24,3,1838,0.0008247155928984284,30.836957941530983,0.9799411296844482,0.11900617182254791,0.11503642797470093
uvg,HoneyBee,2,3,uvg_02_qp3_T12134,False,25,5,791,0.0009005045867525041,30.45514070744249,0.9803630113601685,0.11848829686641693,0.11770975589752197
uvg,HoneyBee,2,3,uvg_02_qp3_T12134,False,26,3,60,0.0008189445943571627,30.867454794104006,0.9797654747962952,0.120862677693367,0.11589473485946655
uvg,HoneyBee,2,3,uvg_02_qp3_T12134,False,27,4,59,0.0009081385796889663,30.418478741639436,0.979356050491333,0.1219417005777359,0.11643916368484497
uvg,HoneyBee,2,3,uvg_02_qp3_T12134,False,28,3,1846,0.0007990379235707223,30.97432607911732,0.9805970191955566,0.11607667058706284,0.11102861166000366
uvg,HoneyBee,2,3,uvg_02_qp3_T12134,False,29,4,343,0.0009080387535504997,30.41895616133118,0.9804317355155945,0.11699147522449493,0.11666953563690186
uvg,HoneyBee,2,3,uvg_02_qp3_T12134,False,30,3,62,0.0008460782119072974,30.725894886988648,0.9797117710113525,0.11903714388608932,0.11451148986816406
uvg,HoneyBee,2,3,uvg_02_qp3_T12134,False,31,4,71,0.0009131432161666453,30.39461102955172,0.979397714138031,0.12077062577009201,0.11638134717941284
uvg,HoneyBee,2,3,uvg_02_qp3_T12134,False,32,3,1420,0.0008271264960058033,30.824280668486015,0.9801031351089478,0.11733595281839371,0.11184149980545044
uvg,HoneyBee,2,3,uvg_02_qp3_T12134,False,33,5,671,0.0009140950278379023,30.390086533686095,0.9803608059883118,0.1174132227897644,0.11479896306991577
uvg,HoneyBee,2,3,uvg_02_qp3_T12134,False,34,3,55,0.000827954791020602,30.81993376435307,0.9796177744865417,0.11957336962223053,0.11236268281936646
uvg,HoneyBee,2,3,uvg_02_qp3_T12134,False,35,4,61,0.0009259898215532303,30.33393787041134,0.9791775345802307,0.1206069216132164,0.11455726623535156
uvg,HoneyBee,2,3,uvg_02_qp3_T12134,False,36,3,1747,0.0008200436132028699,30.861630494825548,0.9802753329277039,0.11620071530342102,0.11103981733322144
uvg,HoneyBee,2,3,uvg_02_qp3_T12134,False,37,4,328,0.0009168171091005206,30.37717290753414,0.9801850914955139,0.1174069344997406,0.11474609375
uvg,HoneyBee,2,3,uvg_02_qp3_T12134,False,38,3,61,0.0008440473466180265,30.736331910541857,0.97944575548172,0.12001834809780121,0.11133772134780884
uvg,HoneyBee,2,3,uvg_02_qp3_T12134,False,39,4,59,0.0009052501991391182,30.432313709737944,0.9792215824127197,0.12061820924282074,0.11412990093231201
uvg,HoneyBee,2,3,uvg_02_qp3_T12134,False,40,3,1517,0.0008177086128853261,30.874014278210005,0.9800772070884705,0.11709127575159073,0.11023914813995361
uvg,HoneyBee,2,3,uvg_02_qp3_T12134,False,41,5,643,0.000914433621801436,30.388478142243297,0.980266809463501,0.11773006618022919,0.11388522386550903
uvg,HoneyBee,2,3,uvg_02_qp3_T12134,False,42,3,59,0.0008306374656967819,30.805884840395112,0.9795786738395691,0.12001261115074158,0.11193954944610596
uvg,HoneyBee,2,3,uvg_02_qp3_T12134,False,43,4,62,0.0009213669691234827,30.35567361200483,0.9792444705963135,0.12061645090579987,0.11442375183105469
uvg,HoneyBee,2,3,uvg_02_qp3_T12134,False,44,3,1792,0.000813559687230736,30.896105793171152,0.9802830219268799,0.11599022150039673,0.1091727614402771
uvg,HoneyBee,2,3,uvg_02_qp3_T12134,False,45,4,324,0.0009099008748307824,30.410059174139,0.9802045822143555,0.11718899756669998,0.11354756355285645
uvg,HoneyBee,2,3,uvg_02_qp3_T12134,False,46,3,58,0.000845787872094661,30.7273854657163,0.9794964790344238,0.11869505792856216,0.11128520965576172
uvg,HoneyBee,2,3,uvg_02_qp3_T12134,False,47,4,66,0.0009079155279323459,30.419545561699035,0.9791470766067505,0.12005120515823364,0.11449384689331055
uvg,HoneyBee,2,3,uvg_02_qp3_T12134,False,48,3,1527,0.0008197385468520224,30.863246424520888,0.9800927639007568,0.11619746685028076,0.10969382524490356
uvg,HoneyBee,2,3,uvg_02_qp3_T12134,False,49,5,681,0.00090928771533072,30.41298676283352,0.9803371429443359,0.11678401380777359,0.11245697736740112
uvg,HoneyBee,2,3,uvg_02_qp3_T12134,False,50,3,62,0.000828637508675456,30.816354120441392,0.9796529412269592,0.11958139389753342,0.1105647087097168
uvg,HoneyBee,2,3,uvg_02_qp3_T12134,False,51,4,66,0.0009169676923193038,30.376459656327334,0.9793090224266052,0.12010644376277924,0.1128990650177002
uvg,HoneyBee,2,3,uvg_02_qp3_T12134,False,52,3,1657,0.000827749609015882,30.82101015713055,0.9800536036491394,0.11744821071624756,0.10809814929962158
uvg,HoneyBee,2,3,uvg_02_qp3_T12134,False,53,4,306,0.0009306531865149736,30.31212131310689,0.9797495603561401,0.11889215558767319,0.11461853981018066
uvg,HoneyBee,2,3,uvg_02_qp3_T12134,False,54,3,66,0.0008597015403211117,30.656522951387252,0.9790418744087219,0.12122906744480133,0.1115531325340271
uvg,HoneyBee,2,3,uvg_02_qp3_T12134,False,55,4,68,0.0009283036924898624,30.32309922061195,0.9786805510520935,0.12260869145393372,0.1137847900390625
uvg,HoneyBee,2,3,uvg_02_qp3_T12134,False,56,3,1508,0.0008265706710517406,30.82720008716015,0.9797821640968323,0.11875346302986145,0.1091274619102478
uvg,HoneyBee,2,3,uvg_02_qp3_T12134,False,57,5,644,0.000915078679099679,30.38541563387307,0.9800361394882202,0.11947910487651825,0.11394190788269043
uvg,HoneyBee,2,3,uvg_02_qp3_T12134,False,58,3,58,0.0008307057432830334,30.805527869255094,0.9794286489486694,0.12195420265197754,0.11048471927642822
uvg,HoneyBee,2,3,uvg_02_qp3_T12134,False,59,4,60,0.0009186275419779122,30.36860537853741,0.9790963530540466,0.12282026559114456,0.11274105310440063
uvg,HoneyBee,2,3,uvg_02_qp3_T12134,False,60,3,1738,0.0008109911577776074,30.909838808681624,0.9800854921340942,0.11796019226312637,0.1083255410194397
uvg,HoneyBee,2,3,uvg_02_qp3_T12134,False,61,4,296,0.0009154044091701508,30.383870000650937,0.9799596071243286,0.11919772624969482,0.11263781785964966
uvg,HoneyBee,2,3,uvg_02_qp3_T12134,False,62,3,56,0.0008529446204192936,30.69079165581693,0.9793014526367188,0.12118004262447357,0.1095724105834961
uvg,HoneyBee,2,3,uvg_02_qp3_T12134,False,63,4,65,0.0009107108344323933,30.406194967323657,0.979026198387146,0.12246626615524292,0.11229419708251953
